#logback.classic pattern: %date{ISO8601} | %-5level | %msg [%logger{40}<%thread>] %n%xEx
2026-08-19 13:27:45,295 | INFO  | Server version name:   Apache Tomcat/10.1.55 [o.a.c.startup.VersionLoggerListener<main>] 
2026-08-19 13:27:45,296 | INFO  | Server built:          May 5 2026 13:33:02 UTC [o.a.c.startup.VersionLoggerListener<main>] 
2026-08-19 13:27:45,296 | INFO  | Server version number: 10.1.55.0 [o.a.c.startup.VersionLoggerListener<main>] 
2026-08-19 13:27:45,297 | INFO  | OS Name:               Linux [o.a.c.startup.VersionLoggerListener<main>] 
2026-08-19 13:27:45,297 | INFO  | OS Version:            6.8.0-138-generic [o.a.c.startup.VersionLoggerListener<main>] 
2026-08-19 13:27:45,297 | INFO  | Architecture:          amd64 [o.a.c.startup.VersionLoggerListener<main>] 
2026-08-19 13:27:45,297 | INFO  | Java Home:             /usr/lib/jvm/zulu21-ca-amd64 [o.a.c.startup.VersionLoggerListener<main>] 
2026-08-19 13:27:45,297 | INFO  | JVM Version:           21.0.12+8-LTS [o.a.c.startup.VersionLoggerListener<main>] 
2026-08-19 13:27:45,297 | INFO  | JVM Vendor:            Azul Systems, Inc. [o.a.c.startup.VersionLoggerListener<main>] 
2026-08-19 13:27:45,297 | INFO  | CATALINA_BASE:         /opt/exo [o.a.c.startup.VersionLoggerListener<main>] 
2026-08-19 13:27:45,297 | INFO  | CATALINA_HOME:         /opt/exo [o.a.c.startup.VersionLoggerListener<main>] 
2026-08-19 13:27:45,299 | INFO  | Command line argument: --add-opens=java.base/java.io=ALL-UNNAMED [o.a.c.startup.VersionLoggerListener<main>] 
2026-08-19 13:27:45,300 | INFO  | Command line argument: --add-opens=java.base/java.lang=ALL-UNNAMED [o.a.c.startup.VersionLoggerListener<main>] 
2026-08-19 13:27:45,300 | INFO  | Command line argument: --add-opens=java.base/java.lang.invoke=ALL-UNNAMED [o.a.c.startup.VersionLoggerListener<main>] 
2026-08-19 13:27:45,300 | INFO  | Command line argument: --add-opens=java.base/java.lang.reflect=ALL-UNNAMED [o.a.c.startup.VersionLoggerListener<main>] 
2026-08-19 13:27:45,300 | INFO  | Command line argument: --add-opens=java.base/java.lang.module=ALL-UNNAMED [o.a.c.startup.VersionLoggerListener<main>] 
2026-08-19 13:27:45,300 | INFO  | Command line argument: --add-opens=java.base/jdk.internal.module=ALL-UNNAMED [o.a.c.startup.VersionLoggerListener<main>] 
2026-08-19 13:27:45,300 | INFO  | Command line argument: --add-opens=java.base/java.math=ALL-UNNAMED [o.a.c.startup.VersionLoggerListener<main>] 
2026-08-19 13:27:45,300 | INFO  | Command line argument: --add-opens=java.base/java.net=ALL-UNNAMED [o.a.c.startup.VersionLoggerListener<main>] 
2026-08-19 13:27:45,300 | INFO  | Command line argument: --add-opens=java.base/java.nio=ALL-UNNAMED [o.a.c.startup.VersionLoggerListener<main>] 
2026-08-19 13:27:45,300 | INFO  | Command line argument: --add-opens=java.base/java.text=ALL-UNNAMED [o.a.c.startup.VersionLoggerListener<main>] 
2026-08-19 13:27:45,300 | INFO  | Command line argument: --add-opens=java.base/java.util=ALL-UNNAMED [o.a.c.startup.VersionLoggerListener<main>] 
2026-08-19 13:27:45,301 | INFO  | Command line argument: --add-opens=java.base/java.util.concurrent=ALL-UNNAMED [o.a.c.startup.VersionLoggerListener<main>] 
2026-08-19 13:27:45,301 | INFO  | Command line argument: --add-opens=java.base/java.util.concurrent.atomic=ALL-UNNAMED [o.a.c.startup.VersionLoggerListener<main>] 
2026-08-19 13:27:45,301 | INFO  | Command line argument: --add-opens=java.base/sun.nio.ch=ALL-UNNAMED [o.a.c.startup.VersionLoggerListener<main>] 
2026-08-19 13:27:45,301 | INFO  | Command line argument: --add-opens=java.management/java.lang.management=ALL-UNNAMED [o.a.c.startup.VersionLoggerListener<main>] 
2026-08-19 13:27:45,301 | INFO  | Command line argument: --add-opens=java.desktop/java.awt.font=ALL-UNNAMED [o.a.c.startup.VersionLoggerListener<main>] 
2026-08-19 13:27:45,301 | INFO  | Command line argument: --add-opens=java.rmi/sun.rmi.transport=ALL-UNNAMED [o.a.c.startup.VersionLoggerListener<main>] 
2026-08-19 13:27:45,301 | INFO  | Command line argument: --add-opens=java.xml/com.sun.org.apache.xerces.internal.util=ALL-UNNAMED [o.a.c.startup.VersionLoggerListener<main>] 
2026-08-19 13:27:45,301 | INFO  | Command line argument: --add-opens=java.xml/com.sun.org.apache.xerces.internal.parsers=ALL-UNNAMED [o.a.c.startup.VersionLoggerListener<main>] 
2026-08-19 13:27:45,301 | INFO  | Command line argument: --add-opens=java.base/java.time=ALL-UNNAMED [o.a.c.startup.VersionLoggerListener<main>] 
2026-08-19 13:27:45,301 | INFO  | Command line argument: --add-opens=java.base/sun.security.util=ALL-UNNAMED [o.a.c.startup.VersionLoggerListener<main>] 
2026-08-19 13:27:45,302 | INFO  | Command line argument: --add-opens=java.base/sun.net.www.protocol.http=ALL-UNNAMED [o.a.c.startup.VersionLoggerListener<main>] 
2026-08-19 13:27:45,302 | INFO  | Command line argument: --add-opens=java.base/sun.net.www.protocol.https=ALL-UNNAMED [o.a.c.startup.VersionLoggerListener<main>] 
2026-08-19 13:27:45,302 | INFO  | Command line argument: --add-opens=java.base/sun.net.www.protocol.jar=ALL-UNNAMED [o.a.c.startup.VersionLoggerListener<main>] 
2026-08-19 13:27:45,302 | INFO  | Command line argument: --add-opens=java.base/javax.net.ssl=ALL-UNNAMED [o.a.c.startup.VersionLoggerListener<main>] 
2026-08-19 13:27:45,302 | INFO  | Command line argument: --add-opens=java.base/java.util.zip=ALL-UNNAMED [o.a.c.startup.VersionLoggerListener<main>] 
2026-08-19 13:27:45,302 | INFO  | Command line argument: --add-opens=java.base/java.util.jar=ALL-UNNAMED [o.a.c.startup.VersionLoggerListener<main>] 
2026-08-19 13:27:45,302 | INFO  | Command line argument: --add-opens=java.base/java.util.regex=ALL-UNNAMED [o.a.c.startup.VersionLoggerListener<main>] 
2026-08-19 13:27:45,302 | INFO  | Command line argument: --add-opens=java.base/java.security=ALL-UNNAMED [o.a.c.startup.VersionLoggerListener<main>] 
2026-08-19 13:27:45,302 | INFO  | Command line argument: --add-opens=java.base/java.nio.channels=ALL-UNNAMED [o.a.c.startup.VersionLoggerListener<main>] 
2026-08-19 13:27:45,303 | INFO  | Command line argument: --add-opens=java.base/java.nio.channels.spi=ALL-UNNAMED [o.a.c.startup.VersionLoggerListener<main>] 
2026-08-19 13:27:45,303 | INFO  | Command line argument: --add-opens=java.base/jdk.internal.reflect=ALL-UNNAMED [o.a.c.startup.VersionLoggerListener<main>] 
2026-08-19 13:27:45,303 | INFO  | Command line argument: --add-opens=java.xml/jdk.xml.internal=ALL-UNNAMED [o.a.c.startup.VersionLoggerListener<main>] 
2026-08-19 13:27:45,303 | INFO  | Command line argument: -Xverify:none [o.a.c.startup.VersionLoggerListener<main>] 
2026-08-19 13:27:45,303 | INFO  | Command line argument: -Djava.util.logging.config.file=/opt/exo/conf/logging.properties [o.a.c.startup.VersionLoggerListener<main>] 
2026-08-19 13:27:45,303 | INFO  | Command line argument: -Dnop [o.a.c.startup.VersionLoggerListener<main>] 
2026-08-19 13:27:45,303 | INFO  | Command line argument: -Donlyoffice.documentserver.host=192.168.1.59 [o.a.c.startup.VersionLoggerListener<main>] 
2026-08-19 13:27:45,303 | INFO  | Command line argument: -Donlyoffice.documentserver.schema=http [o.a.c.startup.VersionLoggerListener<main>] 
2026-08-19 13:27:45,303 | INFO  | Command line argument: -Donlyoffice.documentserver.allowedhosts=localhost,onlyoffice,192.168.1.59 [o.a.c.startup.VersionLoggerListener<main>] 
2026-08-19 13:27:45,303 | INFO  | Command line argument: -Donlyoffice.documentserver.accessOnly=false [o.a.c.startup.VersionLoggerListener<main>] 
2026-08-19 13:27:45,303 | INFO  | Command line argument: -Donlyoffice.documentserver.secret=34d5685886b554b5c3e1c185fb5f3a5700895b7f47421292fa45eb6f6ce10436 [o.a.c.startup.VersionLoggerListener<main>] 
2026-08-19 13:27:45,303 | INFO  | Command line argument: -DEXO_TOMCAT_UNPACK_WARS=true [o.a.c.startup.VersionLoggerListener<main>] 
2026-08-19 13:27:45,303 | INFO  | Command line argument: -DEXO_DEV=false [o.a.c.startup.VersionLoggerListener<main>] 
2026-08-19 13:27:45,304 | INFO  | Command line argument: -Djdk.tls.ephemeralDHKeySize=2048 [o.a.c.startup.VersionLoggerListener<main>] 
2026-08-19 13:27:45,304 | INFO  | Command line argument: -Djava.protocol.handler.pkgs=org.apache.catalina.webresources [o.a.c.startup.VersionLoggerListener<main>] 
2026-08-19 13:27:45,304 | INFO  | Command line argument: -Dsun.io.useCanonCaches=false [o.a.c.startup.VersionLoggerListener<main>] 
2026-08-19 13:27:45,304 | INFO  | Command line argument: -Dorg.apache.catalina.security.SecurityListener.UMASK=0022 [o.a.c.startup.VersionLoggerListener<main>] 
2026-08-19 13:27:45,304 | INFO  | Command line argument: --add-opens=java.base/java.lang=ALL-UNNAMED [o.a.c.startup.VersionLoggerListener<main>] 
2026-08-19 13:27:45,304 | INFO  | Command line argument: --add-opens=java.base/java.lang.reflect=ALL-UNNAMED [o.a.c.startup.VersionLoggerListener<main>] 
2026-08-19 13:27:45,304 | INFO  | Command line argument: --add-opens=java.base/java.io=ALL-UNNAMED [o.a.c.startup.VersionLoggerListener<main>] 
2026-08-19 13:27:45,305 | INFO  | Command line argument: --add-opens=java.base/java.util=ALL-UNNAMED [o.a.c.startup.VersionLoggerListener<main>] 
2026-08-19 13:27:45,305 | INFO  | Command line argument: --add-opens=java.base/java.util.concurrent=ALL-UNNAMED [o.a.c.startup.VersionLoggerListener<main>] 
2026-08-19 13:27:45,305 | INFO  | Command line argument: --add-opens=java.rmi/sun.rmi.transport=ALL-UNNAMED [o.a.c.startup.VersionLoggerListener<main>] 
2026-08-19 13:27:45,305 | INFO  | Command line argument: -Dlog4j2.formatMsgNoLookups=true [o.a.c.startup.VersionLoggerListener<main>] 
2026-08-19 13:27:45,305 | INFO  | Command line argument: -Dcom.sun.jndi.ldap.connect.pool.timeout=60000 [o.a.c.startup.VersionLoggerListener<main>] 
2026-08-19 13:27:45,305 | INFO  | Command line argument: -Dcom.sun.jndi.ldap.connect.pool.maxsize=100 [o.a.c.startup.VersionLoggerListener<main>] 
2026-08-19 13:27:45,305 | INFO  | Command line argument: -Dcom.sun.management.jmxremote=true [o.a.c.startup.VersionLoggerListener<main>] 
2026-08-19 13:27:45,306 | INFO  | Command line argument: -Dcom.sun.management.jmxremote.ssl=false [o.a.c.startup.VersionLoggerListener<main>] 
2026-08-19 13:27:45,306 | INFO  | Command line argument: -Djava.rmi.server.hostname=exo [o.a.c.startup.VersionLoggerListener<main>] 
2026-08-19 13:27:45,306 | INFO  | Command line argument: -Dcom.sun.management.jmxremote.port=10001 [o.a.c.startup.VersionLoggerListener<main>] 
2026-08-19 13:27:45,306 | INFO  | Command line argument: -Dcom.sun.management.jmxremote.rmi.port=10002 [o.a.c.startup.VersionLoggerListener<main>] 
2026-08-19 13:27:45,306 | INFO  | Command line argument: -Dcom.sun.management.jmxremote.authenticate=false [o.a.c.startup.VersionLoggerListener<main>] 
2026-08-19 13:27:45,306 | INFO  | Command line argument: -Xlog:gc=info:file=/var/log/exo/platform-gc.log:time [o.a.c.startup.VersionLoggerListener<main>] 
2026-08-19 13:27:45,306 | INFO  | Command line argument: -Djava.security.egd=file:/dev/./urandom [o.a.c.startup.VersionLoggerListener<main>] 
2026-08-19 13:27:45,306 | INFO  | Command line argument: -Dexo.es.index.server.url=http://es:9200 [o.a.c.startup.VersionLoggerListener<main>] 
2026-08-19 13:27:45,307 | INFO  | Command line argument: -Dexo.es.search.server.url=http://es:9200 [o.a.c.startup.VersionLoggerListener<main>] 
2026-08-19 13:27:45,307 | INFO  | Command line argument: -Dexo.cluster.node.name= [o.a.c.startup.VersionLoggerListener<main>] 
2026-08-19 13:27:45,307 | INFO  | Command line argument: -Dexo.jcr.session.tracking.active=false [o.a.c.startup.VersionLoggerListener<main>] 
2026-08-19 13:27:45,307 | INFO  | Command line argument: -Xms512m [o.a.c.startup.VersionLoggerListener<main>] 
2026-08-19 13:27:45,307 | INFO  | Command line argument: -Xmx2048m [o.a.c.startup.VersionLoggerListener<main>] 
2026-08-19 13:27:45,307 | INFO  | Command line argument: -XX:MaxMetaspaceSize=512m [o.a.c.startup.VersionLoggerListener<main>] 
2026-08-19 13:27:45,308 | INFO  | Command line argument: -Dsun.rmi.dgc.client.gcInterval=3600000 [o.a.c.startup.VersionLoggerListener<main>] 
2026-08-19 13:27:45,308 | INFO  | Command line argument: -Dsun.rmi.dgc.server.gcInterval=3600000 [o.a.c.startup.VersionLoggerListener<main>] 
2026-08-19 13:27:45,308 | INFO  | Command line argument: -Duser.language=pt [o.a.c.startup.VersionLoggerListener<main>] 
2026-08-19 13:27:45,309 | INFO  | Command line argument: -Duser.region=BR [o.a.c.startup.VersionLoggerListener<main>] 
2026-08-19 13:27:45,309 | INFO  | Command line argument: -Djava.net.preferIPv4Stack=true [o.a.c.startup.VersionLoggerListener<main>] 
2026-08-19 13:27:45,309 | INFO  | Command line argument: -Djava.awt.headless=true [o.a.c.startup.VersionLoggerListener<main>] 
2026-08-19 13:27:45,309 | INFO  | Command line argument: -Dexo.profiles=all [o.a.c.startup.VersionLoggerListener<main>] 
2026-08-19 13:27:45,309 | INFO  | Command line argument: -Dexo.conf.dir=/etc/exo [o.a.c.startup.VersionLoggerListener<main>] 
2026-08-19 13:27:45,309 | INFO  | Command line argument: -Dgatein.conf.dir=/etc/exo [o.a.c.startup.VersionLoggerListener<main>] 
2026-08-19 13:27:45,309 | INFO  | Command line argument: -Djava.security.auth.login.config=/opt/exo/conf/jaas.conf [o.a.c.startup.VersionLoggerListener<main>] 
2026-08-19 13:27:45,309 | INFO  | Command line argument: -Dexo.data.dir=/srv/exo [o.a.c.startup.VersionLoggerListener<main>] 
2026-08-19 13:27:45,309 | INFO  | Command line argument: -Dexo.jcr.data.dir=/srv/exo/jcr [o.a.c.startup.VersionLoggerListener<main>] 
2026-08-19 13:27:45,310 | INFO  | Command line argument: -Dexo.jcr.storage.data.dir=/srv/exo/jcr/values [o.a.c.startup.VersionLoggerListener<main>] 
2026-08-19 13:27:45,310 | INFO  | Command line argument: -Dexo.jcr.index.data.dir=/srv/exo/jcr/index [o.a.c.startup.VersionLoggerListener<main>] 
2026-08-19 13:27:45,310 | INFO  | Command line argument: -Dexo.files.storage.dir=/srv/exo/files [o.a.c.startup.VersionLoggerListener<main>] 
2026-08-19 13:27:45,310 | INFO  | Command line argument: -Dlogback.configurationFile=/opt/exo/conf/logback.xml [o.a.c.startup.VersionLoggerListener<main>] 
2026-08-19 13:27:45,310 | INFO  | Command line argument: -Dlogback.statusListenerClass=ch.qos.logback.core.status.NopStatusListener [o.a.c.startup.VersionLoggerListener<main>] 
2026-08-19 13:27:45,310 | INFO  | Command line argument: -Dliquibase.showBanner=false [o.a.c.startup.VersionLoggerListener<main>] 
2026-08-19 13:27:45,310 | INFO  | Command line argument: -Dliquibase.command.showSummary=OFF [o.a.c.startup.VersionLoggerListener<main>] 
2026-08-19 13:27:45,310 | INFO  | Command line argument: -Dliquibase.hub.mode=OFF [o.a.c.startup.VersionLoggerListener<main>] 
2026-08-19 13:27:45,311 | INFO  | Command line argument: -Dliquibase.logLevel=WARNING [o.a.c.startup.VersionLoggerListener<main>] 
2026-08-19 13:27:45,311 | INFO  | Command line argument: -Djavax.xml.stream.XMLOutputFactory=com.sun.xml.internal.stream.XMLOutputFactoryImpl [o.a.c.startup.VersionLoggerListener<main>] 
2026-08-19 13:27:45,311 | INFO  | Command line argument: -Djavax.xml.stream.XMLInputFactory=com.sun.xml.internal.stream.XMLInputFactoryImpl [o.a.c.startup.VersionLoggerListener<main>] 
2026-08-19 13:27:45,311 | INFO  | Command line argument: -Djavax.xml.stream.XMLEventFactory=com.sun.xml.internal.stream.events.XMLEventFactoryImpl [o.a.c.startup.VersionLoggerListener<main>] 
2026-08-19 13:27:45,311 | INFO  | Command line argument: -Djavax.xml.parsers.SAXParserFactory=com.sun.org.apache.xerces.internal.jaxp.SAXParserFactoryImpl [o.a.c.startup.VersionLoggerListener<main>] 
2026-08-19 13:27:45,311 | INFO  | Command line argument: -Djava.util.Arrays.useLegacyMergeSort=true [o.a.c.startup.VersionLoggerListener<main>] 
2026-08-19 13:27:45,311 | INFO  | Command line argument: -Djava.security.egd=file:/dev/./urandom [o.a.c.startup.VersionLoggerListener<main>] 
2026-08-19 13:27:45,311 | INFO  | Command line argument: -Dfile.encoding=UTF-8 [o.a.c.startup.VersionLoggerListener<main>] 
2026-08-19 13:27:45,312 | INFO  | Command line argument: -Dexo.cookie.samesite=Lax [o.a.c.startup.VersionLoggerListener<main>] 
2026-08-19 13:27:45,313 | INFO  | Command line argument: -Dcatalina.base=/opt/exo [o.a.c.startup.VersionLoggerListener<main>] 
2026-08-19 13:27:45,313 | INFO  | Command line argument: -Dcatalina.home=/opt/exo [o.a.c.startup.VersionLoggerListener<main>] 
2026-08-19 13:27:45,313 | INFO  | Command line argument: -Djava.io.tmpdir=/opt/exo/temp [o.a.c.startup.VersionLoggerListener<main>] 
2026-08-19 13:27:45,315 | INFO  | The Apache Tomcat Native library which allows using OpenSSL was not found on the java.library.path: [/usr/java/packages/lib:/usr/lib64:/lib64:/lib:/usr/lib] [o.a.catalina.core.AprLifecycleListener<main>] 
2026-08-19 13:27:45,543 | INFO  | The ["http-nio-0.0.0.0-8080"] connector has been configured to support HTTP upgrade to [h2c] [o.apache.coyote.http11.Http11NioProtocol<main>] 
2026-08-19 13:27:45,544 | INFO  | Initializing ProtocolHandler ["http-nio-0.0.0.0-8080"] [o.apache.coyote.http11.Http11NioProtocol<main>] 
2026-08-19 13:27:45,586 | INFO  | Server initialization in [2124] milliseconds [org.apache.catalina.startup.Catalina<main>] 
2026-08-19 13:27:46,258 | INFO  | Starting service [Catalina] [o.apache.catalina.core.StandardService<main>] 
2026-08-19 13:27:46,259 | INFO  | Starting Servlet engine: [Apache Tomcat/10.1.55] [org.apache.catalina.core.StandardEngine<main>] 
2026-08-19 13:27:46,324 | INFO  | Deploying web application archive [/opt/exo/webapps/mcp-server.war] [org.apache.catalina.startup.HostConfig<Catalina-utility-3>] 
2026-08-19 13:27:46,325 | INFO  | Deploying web application archive [/opt/exo/webapps/poll.war] [org.apache.catalina.startup.HostConfig<Catalina-utility-2>] 
2026-08-19 13:27:46,332 | INFO  | Deploying web application archive [/opt/exo/webapps/rest.war] [org.apache.catalina.startup.HostConfig<Catalina-utility-1>] 
2026-08-19 13:27:46,843 | INFO  | No Spring WebApplicationInitializer types detected on classpath [o.a.c.c.C.[Catalina].[localhost].[/rest]<Catalina-utility-1>] 
2026-08-19 13:27:46,941 | INFO  | 1 Spring WebApplicationInitializers detected on classpath [o.a.c.c.C.[Catalina].[localhost].[/poll]<Catalina-utility-2>] 
2026-08-19 13:27:46,942 | INFO  | 1 Spring WebApplicationInitializers detected on classpath [o.a.c.c.C.[.[localhost].[/mcp-server]<Catalina-utility-3>] 
2026-08-19 13:27:46,961 | INFO  | Building root container [exo.kernel.container.RootContainer<Catalina-utility-2>] 
2026-08-19 13:27:47,049 | INFO  | Override exo-conf directory '/opt/exo/exo-conf' with location '/etc/exo' [exo.kernel.container.J2EEServerInfo<Catalina-utility-2>] 
2026-08-19 13:27:47,052 | INFO  | Active profiles for Root container: [exo_community, all, tomcat] [exo.kernel.container.RootContainer<Catalina-utility-2>] 
2026-08-19 13:27:47,674 | INFO  | Including addon configuration file ar:/opt/exo/webapps/agenda.war!/META-INF/exo-conf/configuration.xml in portal container [exo.kernel.container.RootContainer<Catalina-utility-2>] 
2026-08-19 13:27:47,674 | INFO  | Including addon configuration file ar:/opt/exo/webapps/analytics.war!/META-INF/exo-conf/configuration.xml in portal container [exo.kernel.container.RootContainer<Catalina-utility-2>] 
2026-08-19 13:27:47,674 | INFO  | Including addon configuration file ar:/opt/exo/webapps/app-center.war!/META-INF/exo-conf/configuration.xml in portal container [exo.kernel.container.RootContainer<Catalina-utility-2>] 
2026-08-19 13:27:47,674 | INFO  | Including addon configuration file ar:/opt/exo/webapps/auth-server.war!/META-INF/exo-conf/configuration.xml in portal container [exo.kernel.container.RootContainer<Catalina-utility-2>] 
2026-08-19 13:27:47,674 | INFO  | Including addon configuration file ar:/opt/exo/webapps/commons-exo-extension.war!/META-INF/exo-conf/configuration.xml in portal container [exo.kernel.container.RootContainer<Catalina-utility-2>] 
2026-08-19 13:27:47,674 | INFO  | Including addon configuration file ar:/opt/exo/webapps/content.war!/META-INF/exo-conf/configuration.xml in portal container [exo.kernel.container.RootContainer<Catalina-utility-2>] 
2026-08-19 13:27:47,674 | INFO  | Including addon configuration file ar:/opt/exo/webapps/deeds-tenant.war!/META-INF/exo-conf/configuration.xml in portal container [exo.kernel.container.RootContainer<Catalina-utility-2>] 
2026-08-19 13:27:47,674 | INFO  | Including addon configuration file ar:/opt/exo/webapps/digital-workplace.war!/META-INF/exo-conf/configuration.xml in portal container [exo.kernel.container.RootContainer<Catalina-utility-2>] 
2026-08-19 13:27:47,675 | INFO  | Including addon configuration file ar:/opt/exo/webapps/documents-portlet.war!/META-INF/exo-conf/configuration.xml in portal container [exo.kernel.container.RootContainer<Catalina-utility-2>] 
2026-08-19 13:27:47,675 | INFO  | Including addon configuration file ar:/opt/exo/webapps/eXoResources.war!/META-INF/exo-conf/configuration.xml in portal container [exo.kernel.container.RootContainer<Catalina-utility-2>] 
2026-08-19 13:27:47,675 | INFO  | Including addon configuration file ar:/opt/exo/webapps/eXoSkin.war!/META-INF/exo-conf/configuration.xml in portal container [exo.kernel.container.RootContainer<Catalina-utility-2>] 
2026-08-19 13:27:47,675 | INFO  | Including addon configuration file ar:/opt/exo/webapps/external-visio.war!/META-INF/exo-conf/configuration.xml in portal container [exo.kernel.container.RootContainer<Catalina-utility-2>] 
2026-08-19 13:27:47,675 | INFO  | Including addon configuration file ar:/opt/exo/webapps/gamification-crowdin.war!/META-INF/exo-conf/configuration.xml in portal container [exo.kernel.container.RootContainer<Catalina-utility-2>] 
2026-08-19 13:27:47,675 | INFO  | Including addon configuration file ar:/opt/exo/webapps/gamification-evm.war!/META-INF/exo-conf/configuration.xml in portal container [exo.kernel.container.RootContainer<Catalina-utility-2>] 
2026-08-19 13:27:47,675 | INFO  | Including addon configuration file ar:/opt/exo/webapps/gamification-github.war!/META-INF/exo-conf/configuration.xml in portal container [exo.kernel.container.RootContainer<Catalina-utility-2>] 
2026-08-19 13:27:47,675 | INFO  | Including addon configuration file ar:/opt/exo/webapps/gamification-portlets.war!/META-INF/exo-conf/configuration.xml in portal container [exo.kernel.container.RootContainer<Catalina-utility-2>] 
2026-08-19 13:27:47,676 | INFO  | Including addon configuration file ar:/opt/exo/webapps/gamification-twitter.war!/META-INF/exo-conf/configuration.xml in portal container [exo.kernel.container.RootContainer<Catalina-utility-2>] 
2026-08-19 13:27:47,676 | INFO  | Including addon configuration file ar:/opt/exo/webapps/ide.war!/META-INF/exo-conf/configuration.xml in portal container [exo.kernel.container.RootContainer<Catalina-utility-2>] 
2026-08-19 13:27:47,676 | INFO  | Including addon configuration file ar:/opt/exo/webapps/kudos.war!/META-INF/exo-conf/configuration.xml in portal container [exo.kernel.container.RootContainer<Catalina-utility-2>] 
2026-08-19 13:27:47,676 | INFO  | Including addon configuration file ar:/opt/exo/webapps/layout.war!/META-INF/exo-conf/configuration.xml in portal container [exo.kernel.container.RootContainer<Catalina-utility-2>] 
2026-08-19 13:27:47,676 | INFO  | Including addon configuration file ar:/opt/exo/webapps/matrix.war!/META-INF/exo-conf/configuration.xml in portal container [exo.kernel.container.RootContainer<Catalina-utility-2>] 
2026-08-19 13:27:47,676 | INFO  | Including addon configuration file ar:/opt/exo/webapps/mcp-server.war!/META-INF/exo-conf/configuration.xml in portal container [exo.kernel.container.RootContainer<Catalina-utility-2>] 
2026-08-19 13:27:47,676 | INFO  | Including addon configuration file ar:/opt/exo/webapps/notes.war!/META-INF/exo-conf/configuration.xml in portal container [exo.kernel.container.RootContainer<Catalina-utility-2>] 
2026-08-19 13:27:47,676 | INFO  | Including addon configuration file ar:/opt/exo/webapps/onlyoffice.war!/META-INF/exo-conf/configuration.xml in portal container [exo.kernel.container.RootContainer<Catalina-utility-2>] 
2026-08-19 13:27:47,676 | INFO  | Including addon configuration file ar:/opt/exo/webapps/perk-store.war!/META-INF/exo-conf/configuration.xml in portal container [exo.kernel.container.RootContainer<Catalina-utility-2>] 
2026-08-19 13:27:47,676 | INFO  | Including addon configuration file ar:/opt/exo/webapps/platform-ui.war!/META-INF/exo-conf/configuration.xml in portal container [exo.kernel.container.RootContainer<Catalina-utility-2>] 
2026-08-19 13:27:47,677 | INFO  | Including addon configuration file ar:/opt/exo/webapps/plf-community.war!/META-INF/exo-conf/configuration.xml in portal container [exo.kernel.container.RootContainer<Catalina-utility-2>] 
2026-08-19 13:27:47,677 | INFO  | Including addon configuration file ar:/opt/exo/webapps/poll.war!/META-INF/exo-conf/configuration.xml in portal container [exo.kernel.container.RootContainer<Catalina-utility-2>] 
2026-08-19 13:27:47,677 | INFO  | Including addon configuration file ar:/opt/exo/webapps/processes.war!/META-INF/exo-conf/configuration.xml in portal container [exo.kernel.container.RootContainer<Catalina-utility-2>] 
2026-08-19 13:27:47,677 | INFO  | Including addon configuration file ar:/opt/exo/webapps/push-notifications.war!/META-INF/exo-conf/configuration.xml in portal container [exo.kernel.container.RootContainer<Catalina-utility-2>] 
2026-08-19 13:27:47,677 | INFO  | Including addon configuration file ar:/opt/exo/webapps/pwa.war!/META-INF/exo-conf/configuration.xml in portal container [exo.kernel.container.RootContainer<Catalina-utility-2>] 
2026-08-19 13:27:47,677 | INFO  | Including addon configuration file ar:/opt/exo/webapps/sites.war!/META-INF/exo-conf/configuration.xml in portal container [exo.kernel.container.RootContainer<Catalina-utility-2>] 
2026-08-19 13:27:47,677 | INFO  | Including addon configuration file ar:/opt/exo/webapps/task-management.war!/META-INF/exo-conf/configuration.xml in portal container [exo.kernel.container.RootContainer<Catalina-utility-2>] 
2026-08-19 13:27:47,677 | INFO  | Including addon configuration file ar:/opt/exo/webapps/wallet.war!/META-INF/exo-conf/configuration.xml in portal container [exo.kernel.container.RootContainer<Catalina-utility-2>] 
2026-08-19 13:27:47,677 | INFO  | Including addon configuration file ar:/opt/exo/webapps/webconferencing.war!/META-INF/exo-conf/configuration.xml in portal container [exo.kernel.container.RootContainer<Catalina-utility-2>] 
2026-08-19 13:27:47,677 | INFO  | Including addon configuration file ar:/opt/exo/webapps/webdav.war!/META-INF/exo-conf/configuration.xml in portal container [exo.kernel.container.RootContainer<Catalina-utility-2>] 
2026-08-19 13:27:47,850 | INFO  | Using property file file:/etc/exo/docker.properties to set configuration properties. [o.e.c.ExtendedPropertyConfigurator<Catalina-utility-2>] 
2026-08-19 13:27:47,852 | INFO  | Skipping configuration file file:/etc/exo/exo.properties. File doesn't exist. [o.e.c.ExtendedPropertyConfigurator<Catalina-utility-2>] 
2026-08-19 13:27:47,853 | INFO  | Using property file jar:file:/opt/exo/lib/plf-community-edition-service.jar!/conf/platform/configuration.properties to set configuration properties. [o.e.c.ExtendedPropertyConfigurator<Catalina-utility-2>] 
2026-08-19 13:27:47,863 | INFO  | Using property file jar:file:/opt/exo/lib/exo-jcr-services.jar!/conf/jcr-local.properties to set configuration properties. [o.e.c.ExtendedPropertyConfigurator<Catalina-utility-2>] 
2026-08-19 13:27:47,864 | INFO  | Using property file jar:file:/opt/exo/lib/exo-jcr-services.jar!/conf/jcr.properties to set configuration properties. [o.e.c.ExtendedPropertyConfigurator<Catalina-utility-2>] 
2026-08-19 13:27:47,870 | INFO  | LiquibaseDataInitializer created with : datasourceName=java:/comp/env/exo-jpa_portal, contexts=production [o.e.c.p.impl.LiquibaseDataInitializer<Catalina-utility-2>] 
2026-08-19 13:27:47,967 | INFO  | Starting data initialization with Liquibase with datasource java:/comp/env/exo-jpa_portal [o.e.c.p.impl.LiquibaseDataInitializer<Catalina-utility-2>] 
2026-08-19 13:27:47,971 | INFO  | Processing changelogs of SettingsChangeLogsPlugin [o.e.c.p.impl.LiquibaseDataInitializer<Catalina-utility-2>] 
2026-08-19 13:27:47,998 | INFO  |   * processing changelog db/changelog/settings.db.changelog-1.0.0.xml [o.e.c.p.impl.LiquibaseDataInitializer<Catalina-utility-2>] 
2026-08-19 13:27:51,055 | WARN  | NATIONAL/NCHAR/NVARCHAR implies the character set UTF8MB3, which will be replaced by UTF8MB4 in a future release. Please consider using CHAR(x) CHARACTER SET UTF8MB4 in order to be unambiguous. [liquibase.executor.jvm.JdbcExecutor<Catalina-utility-2>] 
2026-08-19 13:27:51,056 | WARN  | NATIONAL/NCHAR/NVARCHAR implies the character set UTF8MB3, which will be replaced by UTF8MB4 in a future release. Please consider using CHAR(x) CHARACTER SET UTF8MB4 in order to be unambiguous. [liquibase.executor.jvm.JdbcExecutor<Catalina-utility-2>] 
2026-08-19 13:27:51,056 | WARN  | 'utf8' is currently an alias for the character set UTF8MB3, but will be an alias for UTF8MB4 in a future release. Please consider using UTF8MB4 in order to be unambiguous. [liquibase.executor.jvm.JdbcExecutor<Catalina-utility-2>] 
2026-08-19 13:27:51,056 | WARN  | 'utf8mb3_general_ci' is a collation of the deprecated character set UTF8MB3. Please consider using UTF8MB4 with an appropriate collation instead. [liquibase.executor.jvm.JdbcExecutor<Catalina-utility-2>] 
2026-08-19 13:27:51,292 | WARN  | NATIONAL/NCHAR/NVARCHAR implies the character set UTF8MB3, which will be replaced by UTF8MB4 in a future release. Please consider using CHAR(x) CHARACTER SET UTF8MB4 in order to be unambiguous. [liquibase.executor.jvm.JdbcExecutor<Catalina-utility-2>] 
2026-08-19 13:27:51,292 | WARN  | NATIONAL/NCHAR/NVARCHAR implies the character set UTF8MB3, which will be replaced by UTF8MB4 in a future release. Please consider using CHAR(x) CHARACTER SET UTF8MB4 in order to be unambiguous. [liquibase.executor.jvm.JdbcExecutor<Catalina-utility-2>] 
2026-08-19 13:27:51,292 | WARN  | 'utf8' is currently an alias for the character set UTF8MB3, but will be an alias for UTF8MB4 in a future release. Please consider using UTF8MB4 in order to be unambiguous. [liquibase.executor.jvm.JdbcExecutor<Catalina-utility-2>] 
2026-08-19 13:27:51,292 | WARN  | 'utf8mb3_general_ci' is a collation of the deprecated character set UTF8MB3. Please consider using UTF8MB4 with an appropriate collation instead. [liquibase.executor.jvm.JdbcExecutor<Catalina-utility-2>] 
2026-08-19 13:27:51,495 | WARN  | NATIONAL/NCHAR/NVARCHAR implies the character set UTF8MB3, which will be replaced by UTF8MB4 in a future release. Please consider using CHAR(x) CHARACTER SET UTF8MB4 in order to be unambiguous. [liquibase.executor.jvm.JdbcExecutor<Catalina-utility-2>] 
2026-08-19 13:27:51,495 | WARN  | 'utf8' is currently an alias for the character set UTF8MB3, but will be an alias for UTF8MB4 in a future release. Please consider using UTF8MB4 in order to be unambiguous. [liquibase.executor.jvm.JdbcExecutor<Catalina-utility-2>] 
2026-08-19 13:27:51,495 | WARN  | 'utf8mb3_general_ci' is a collation of the deprecated character set UTF8MB3. Please consider using UTF8MB4 with an appropriate collation instead. [liquibase.executor.jvm.JdbcExecutor<Catalina-utility-2>] 
2026-08-19 13:27:55,872 | INFO  | Processing changelogs of PortalRDBMSChangeLogsPlugin [o.e.c.p.impl.LiquibaseDataInitializer<Catalina-utility-2>] 
2026-08-19 13:27:55,872 | INFO  |   * processing changelog db/changelog/portal-rdbms.db.changelog-1.0.0.xml [o.e.c.p.impl.LiquibaseDataInitializer<Catalina-utility-2>] 
2026-08-19 13:27:56,184 | WARN  | Due to mysql SQL limitations, modifyDataType will lose primary key/autoincrement/not null/comment settings explicitly redefined in the change. Use <sql> or <modifySql> to re-specify all configuration if this is the case [liquibase.changelog.DatabaseChangeLog<Catalina-utility-2>] 
2026-08-19 13:27:56,252 | WARN  | Due to mysql SQL limitations, modifyDataType will lose primary key/autoincrement/not null/comment settings explicitly redefined in the change. Use <sql> or <modifySql> to re-specify all configuration if this is the case [liquibase.changelog.DatabaseChangeLog<Catalina-utility-2>] 
2026-08-19 13:27:56,912 | WARN  | NATIONAL/NCHAR/NVARCHAR implies the character set UTF8MB3, which will be replaced by UTF8MB4 in a future release. Please consider using CHAR(x) CHARACTER SET UTF8MB4 in order to be unambiguous. [liquibase.executor.jvm.JdbcExecutor<Catalina-utility-2>] 
2026-08-19 13:27:56,913 | WARN  | NATIONAL/NCHAR/NVARCHAR implies the character set UTF8MB3, which will be replaced by UTF8MB4 in a future release. Please consider using CHAR(x) CHARACTER SET UTF8MB4 in order to be unambiguous. [liquibase.executor.jvm.JdbcExecutor<Catalina-utility-2>] 
2026-08-19 13:27:56,913 | WARN  | NATIONAL/NCHAR/NVARCHAR implies the character set UTF8MB3, which will be replaced by UTF8MB4 in a future release. Please consider using CHAR(x) CHARACTER SET UTF8MB4 in order to be unambiguous. [liquibase.executor.jvm.JdbcExecutor<Catalina-utility-2>] 
2026-08-19 13:27:56,913 | WARN  | 'utf8' is currently an alias for the character set UTF8MB3, but will be an alias for UTF8MB4 in a future release. Please consider using UTF8MB4 in order to be unambiguous. [liquibase.executor.jvm.JdbcExecutor<Catalina-utility-2>] 
2026-08-19 13:27:56,913 | WARN  | 'utf8mb3_general_ci' is a collation of the deprecated character set UTF8MB3. Please consider using UTF8MB4 with an appropriate collation instead. [liquibase.executor.jvm.JdbcExecutor<Catalina-utility-2>] 
2026-08-19 13:27:57,277 | WARN  | NATIONAL/NCHAR/NVARCHAR implies the character set UTF8MB3, which will be replaced by UTF8MB4 in a future release. Please consider using CHAR(x) CHARACTER SET UTF8MB4 in order to be unambiguous. [liquibase.executor.jvm.JdbcExecutor<Catalina-utility-2>] 
2026-08-19 13:27:57,277 | WARN  | NATIONAL/NCHAR/NVARCHAR implies the character set UTF8MB3, which will be replaced by UTF8MB4 in a future release. Please consider using CHAR(x) CHARACTER SET UTF8MB4 in order to be unambiguous. [liquibase.executor.jvm.JdbcExecutor<Catalina-utility-2>] 
2026-08-19 13:27:57,277 | WARN  | NATIONAL/NCHAR/NVARCHAR implies the character set UTF8MB3, which will be replaced by UTF8MB4 in a future release. Please consider using CHAR(x) CHARACTER SET UTF8MB4 in order to be unambiguous. [liquibase.executor.jvm.JdbcExecutor<Catalina-utility-2>] 
2026-08-19 13:27:57,278 | WARN  | 'utf8' is currently an alias for the character set UTF8MB3, but will be an alias for UTF8MB4 in a future release. Please consider using UTF8MB4 in order to be unambiguous. [liquibase.executor.jvm.JdbcExecutor<Catalina-utility-2>] 
2026-08-19 13:27:57,278 | WARN  | 'utf8mb3_general_ci' is a collation of the deprecated character set UTF8MB3. Please consider using UTF8MB4 with an appropriate collation instead. [liquibase.executor.jvm.JdbcExecutor<Catalina-utility-2>] 
2026-08-19 13:27:59,292 | WARN  | NATIONAL/NCHAR/NVARCHAR implies the character set UTF8MB3, which will be replaced by UTF8MB4 in a future release. Please consider using CHAR(x) CHARACTER SET UTF8MB4 in order to be unambiguous. [liquibase.executor.jvm.JdbcExecutor<Catalina-utility-2>] 
2026-08-19 13:27:59,292 | WARN  | NATIONAL/NCHAR/NVARCHAR implies the character set UTF8MB3, which will be replaced by UTF8MB4 in a future release. Please consider using CHAR(x) CHARACTER SET UTF8MB4 in order to be unambiguous. [liquibase.executor.jvm.JdbcExecutor<Catalina-utility-2>] 
2026-08-19 13:27:59,292 | WARN  | NATIONAL/NCHAR/NVARCHAR implies the character set UTF8MB3, which will be replaced by UTF8MB4 in a future release. Please consider using CHAR(x) CHARACTER SET UTF8MB4 in order to be unambiguous. [liquibase.executor.jvm.JdbcExecutor<Catalina-utility-2>] 
2026-08-19 13:27:59,292 | WARN  | 'utf8' is currently an alias for the character set UTF8MB3, but will be an alias for UTF8MB4 in a future release. Please consider using UTF8MB4 in order to be unambiguous. [liquibase.executor.jvm.JdbcExecutor<Catalina-utility-2>] 
2026-08-19 13:27:59,292 | WARN  | 'utf8mb3_general_ci' is a collation of the deprecated character set UTF8MB3. Please consider using UTF8MB4 with an appropriate collation instead. [liquibase.executor.jvm.JdbcExecutor<Catalina-utility-2>] 
2026-08-19 13:28:01,909 | WARN  | 'utf8' is currently an alias for the character set UTF8MB3, but will be an alias for UTF8MB4 in a future release. Please consider using UTF8MB4 in order to be unambiguous. [liquibase.executor.jvm.JdbcExecutor<Catalina-utility-2>] 
2026-08-19 13:28:01,909 | WARN  | 'utf8mb3_general_ci' is a collation of the deprecated character set UTF8MB3. Please consider using UTF8MB4 with an appropriate collation instead. [liquibase.executor.jvm.JdbcExecutor<Catalina-utility-2>] 
2026-08-19 13:28:03,481 | WARN  | NATIONAL/NCHAR/NVARCHAR implies the character set UTF8MB3, which will be replaced by UTF8MB4 in a future release. Please consider using CHAR(x) CHARACTER SET UTF8MB4 in order to be unambiguous. [liquibase.executor.jvm.JdbcExecutor<Catalina-utility-2>] 
2026-08-19 13:28:03,481 | WARN  | NATIONAL/NCHAR/NVARCHAR implies the character set UTF8MB3, which will be replaced by UTF8MB4 in a future release. Please consider using CHAR(x) CHARACTER SET UTF8MB4 in order to be unambiguous. [liquibase.executor.jvm.JdbcExecutor<Catalina-utility-2>] 
2026-08-19 13:28:03,481 | WARN  | 'utf8' is currently an alias for the character set UTF8MB3, but will be an alias for UTF8MB4 in a future release. Please consider using UTF8MB4 in order to be unambiguous. [liquibase.executor.jvm.JdbcExecutor<Catalina-utility-2>] 
2026-08-19 13:28:03,481 | WARN  | 'utf8mb3_general_ci' is a collation of the deprecated character set UTF8MB3. Please consider using UTF8MB4 with an appropriate collation instead. [liquibase.executor.jvm.JdbcExecutor<Catalina-utility-2>] 
2026-08-19 13:28:03,720 | WARN  | NATIONAL/NCHAR/NVARCHAR implies the character set UTF8MB3, which will be replaced by UTF8MB4 in a future release. Please consider using CHAR(x) CHARACTER SET UTF8MB4 in order to be unambiguous. [liquibase.executor.jvm.JdbcExecutor<Catalina-utility-2>] 
2026-08-19 13:28:03,721 | WARN  | NATIONAL/NCHAR/NVARCHAR implies the character set UTF8MB3, which will be replaced by UTF8MB4 in a future release. Please consider using CHAR(x) CHARACTER SET UTF8MB4 in order to be unambiguous. [liquibase.executor.jvm.JdbcExecutor<Catalina-utility-2>] 
2026-08-19 13:28:03,721 | WARN  | 'utf8' is currently an alias for the character set UTF8MB3, but will be an alias for UTF8MB4 in a future release. Please consider using UTF8MB4 in order to be unambiguous. [liquibase.executor.jvm.JdbcExecutor<Catalina-utility-2>] 
2026-08-19 13:28:03,721 | WARN  | 'utf8mb3_general_ci' is a collation of the deprecated character set UTF8MB3. Please consider using UTF8MB4 with an appropriate collation instead. [liquibase.executor.jvm.JdbcExecutor<Catalina-utility-2>] 
2026-08-19 13:28:04,858 | WARN  | NATIONAL/NCHAR/NVARCHAR implies the character set UTF8MB3, which will be replaced by UTF8MB4 in a future release. Please consider using CHAR(x) CHARACTER SET UTF8MB4 in order to be unambiguous. [liquibase.executor.jvm.JdbcExecutor<Catalina-utility-2>] 
2026-08-19 13:28:04,858 | WARN  | NATIONAL/NCHAR/NVARCHAR implies the character set UTF8MB3, which will be replaced by UTF8MB4 in a future release. Please consider using CHAR(x) CHARACTER SET UTF8MB4 in order to be unambiguous. [liquibase.executor.jvm.JdbcExecutor<Catalina-utility-2>] 
2026-08-19 13:28:04,858 | WARN  | NATIONAL/NCHAR/NVARCHAR implies the character set UTF8MB3, which will be replaced by UTF8MB4 in a future release. Please consider using CHAR(x) CHARACTER SET UTF8MB4 in order to be unambiguous. [liquibase.executor.jvm.JdbcExecutor<Catalina-utility-2>] 
2026-08-19 13:28:04,858 | WARN  | NATIONAL/NCHAR/NVARCHAR implies the character set UTF8MB3, which will be replaced by UTF8MB4 in a future release. Please consider using CHAR(x) CHARACTER SET UTF8MB4 in order to be unambiguous. [liquibase.executor.jvm.JdbcExecutor<Catalina-utility-2>] 
2026-08-19 13:28:04,858 | WARN  | NATIONAL/NCHAR/NVARCHAR implies the character set UTF8MB3, which will be replaced by UTF8MB4 in a future release. Please consider using CHAR(x) CHARACTER SET UTF8MB4 in order to be unambiguous. [liquibase.executor.jvm.JdbcExecutor<Catalina-utility-2>] 
2026-08-19 13:28:04,858 | WARN  | 'utf8' is currently an alias for the character set UTF8MB3, but will be an alias for UTF8MB4 in a future release. Please consider using UTF8MB4 in order to be unambiguous. [liquibase.executor.jvm.JdbcExecutor<Catalina-utility-2>] 
2026-08-19 13:28:04,858 | WARN  | 'utf8mb3_general_ci' is a collation of the deprecated character set UTF8MB3. Please consider using UTF8MB4 with an appropriate collation instead. [liquibase.executor.jvm.JdbcExecutor<Catalina-utility-2>] 
2026-08-19 13:28:05,396 | WARN  | NATIONAL/NCHAR/NVARCHAR implies the character set UTF8MB3, which will be replaced by UTF8MB4 in a future release. Please consider using CHAR(x) CHARACTER SET UTF8MB4 in order to be unambiguous. [liquibase.executor.jvm.JdbcExecutor<Catalina-utility-2>] 
2026-08-19 13:28:05,396 | WARN  | NATIONAL/NCHAR/NVARCHAR implies the character set UTF8MB3, which will be replaced by UTF8MB4 in a future release. Please consider using CHAR(x) CHARACTER SET UTF8MB4 in order to be unambiguous. [liquibase.executor.jvm.JdbcExecutor<Catalina-utility-2>] 
2026-08-19 13:28:05,396 | WARN  | NATIONAL/NCHAR/NVARCHAR implies the character set UTF8MB3, which will be replaced by UTF8MB4 in a future release. Please consider using CHAR(x) CHARACTER SET UTF8MB4 in order to be unambiguous. [liquibase.executor.jvm.JdbcExecutor<Catalina-utility-2>] 
2026-08-19 13:28:05,396 | WARN  | NATIONAL/NCHAR/NVARCHAR implies the character set UTF8MB3, which will be replaced by UTF8MB4 in a future release. Please consider using CHAR(x) CHARACTER SET UTF8MB4 in order to be unambiguous. [liquibase.executor.jvm.JdbcExecutor<Catalina-utility-2>] 
2026-08-19 13:28:05,396 | WARN  | 'utf8' is currently an alias for the character set UTF8MB3, but will be an alias for UTF8MB4 in a future release. Please consider using UTF8MB4 in order to be unambiguous. [liquibase.executor.jvm.JdbcExecutor<Catalina-utility-2>] 
2026-08-19 13:28:05,396 | WARN  | 'utf8mb3_general_ci' is a collation of the deprecated character set UTF8MB3. Please consider using UTF8MB4 with an appropriate collation instead. [liquibase.executor.jvm.JdbcExecutor<Catalina-utility-2>] 
2026-08-19 13:28:05,905 | WARN  | NATIONAL/NCHAR/NVARCHAR implies the character set UTF8MB3, which will be replaced by UTF8MB4 in a future release. Please consider using CHAR(x) CHARACTER SET UTF8MB4 in order to be unambiguous. [liquibase.executor.jvm.JdbcExecutor<Catalina-utility-2>] 
2026-08-19 13:28:05,905 | WARN  | 'utf8' is currently an alias for the character set UTF8MB3, but will be an alias for UTF8MB4 in a future release. Please consider using UTF8MB4 in order to be unambiguous. [liquibase.executor.jvm.JdbcExecutor<Catalina-utility-2>] 
2026-08-19 13:28:05,905 | WARN  | 'utf8mb3_general_ci' is a collation of the deprecated character set UTF8MB3. Please consider using UTF8MB4 with an appropriate collation instead. [liquibase.executor.jvm.JdbcExecutor<Catalina-utility-2>] 
2026-08-19 13:28:14,782 | WARN  | NATIONAL/NCHAR/NVARCHAR implies the character set UTF8MB3, which will be replaced by UTF8MB4 in a future release. Please consider using CHAR(x) CHARACTER SET UTF8MB4 in order to be unambiguous. [liquibase.executor.jvm.JdbcExecutor<Catalina-utility-2>] 
2026-08-19 13:28:16,458 | WARN  | NATIONAL/NCHAR/NVARCHAR implies the character set UTF8MB3, which will be replaced by UTF8MB4 in a future release. Please consider using CHAR(x) CHARACTER SET UTF8MB4 in order to be unambiguous. [liquibase.executor.jvm.JdbcExecutor<Catalina-utility-2>] 
2026-08-19 13:28:19,280 | INFO  | Processing changelogs of WikiChangeLogsPlugin [o.e.c.p.impl.LiquibaseDataInitializer<Catalina-utility-2>] 
2026-08-19 13:28:19,281 | INFO  |   * processing changelog db/changelog/wiki.db.changelog-1.0.0.xml [o.e.c.p.impl.LiquibaseDataInitializer<Catalina-utility-2>] 
2026-08-19 13:28:19,457 | WARN  | Due to mysql SQL limitations, setNullable will lose primary key/autoincrement/not null/comment settings explicitly redefined in the change. Use <sql> or <modifySql> to re-specify all configuration if this is the case [liquibase.changelog.DatabaseChangeLog<Catalina-utility-2>] 
2026-08-19 13:28:19,458 | WARN  | Due to mysql SQL limitations, modifyDataType will lose primary key/autoincrement/not null/comment settings explicitly redefined in the change. Use <sql> or <modifySql> to re-specify all configuration if this is the case [liquibase.changelog.DatabaseChangeLog<Catalina-utility-2>] 
2026-08-19 13:28:19,458 | WARN  | liquibase.statement.core.CreateSequenceStatement is not supported on mysql, but createSequence will still execute [liquibase.changelog.DatabaseChangeLog<Catalina-utility-2>] 
2026-08-19 13:28:19,491 | WARN  | Due to mysql SQL limitations, setNullable will lose primary key/autoincrement/not null/comment settings explicitly redefined in the change. Use <sql> or <modifySql> to re-specify all configuration if this is the case [liquibase.changelog.DatabaseChangeLog<Catalina-utility-2>] 
2026-08-19 13:28:19,491 | WARN  | Due to mysql SQL limitations, modifyDataType will lose primary key/autoincrement/not null/comment settings explicitly redefined in the change. Use <sql> or <modifySql> to re-specify all configuration if this is the case [liquibase.changelog.DatabaseChangeLog<Catalina-utility-2>] 
2026-08-19 13:28:19,492 | WARN  | liquibase.statement.core.CreateSequenceStatement is not supported on mysql, but createSequence will still execute [liquibase.changelog.DatabaseChangeLog<Catalina-utility-2>] 
2026-08-19 13:28:19,828 | WARN  | NATIONAL/NCHAR/NVARCHAR implies the character set UTF8MB3, which will be replaced by UTF8MB4 in a future release. Please consider using CHAR(x) CHARACTER SET UTF8MB4 in order to be unambiguous. [liquibase.executor.jvm.JdbcExecutor<Catalina-utility-2>] 
2026-08-19 13:28:19,828 | WARN  | NATIONAL/NCHAR/NVARCHAR implies the character set UTF8MB3, which will be replaced by UTF8MB4 in a future release. Please consider using CHAR(x) CHARACTER SET UTF8MB4 in order to be unambiguous. [liquibase.executor.jvm.JdbcExecutor<Catalina-utility-2>] 
2026-08-19 13:28:19,828 | WARN  | NATIONAL/NCHAR/NVARCHAR implies the character set UTF8MB3, which will be replaced by UTF8MB4 in a future release. Please consider using CHAR(x) CHARACTER SET UTF8MB4 in order to be unambiguous. [liquibase.executor.jvm.JdbcExecutor<Catalina-utility-2>] 
2026-08-19 13:28:19,828 | WARN  | NATIONAL/NCHAR/NVARCHAR implies the character set UTF8MB3, which will be replaced by UTF8MB4 in a future release. Please consider using CHAR(x) CHARACTER SET UTF8MB4 in order to be unambiguous. [liquibase.executor.jvm.JdbcExecutor<Catalina-utility-2>] 
2026-08-19 13:28:19,828 | WARN  | 'utf8' is currently an alias for the character set UTF8MB3, but will be an alias for UTF8MB4 in a future release. Please consider using UTF8MB4 in order to be unambiguous. [liquibase.executor.jvm.JdbcExecutor<Catalina-utility-2>] 
2026-08-19 13:28:19,828 | WARN  | 'utf8mb3_general_ci' is a collation of the deprecated character set UTF8MB3. Please consider using UTF8MB4 with an appropriate collation instead. [liquibase.executor.jvm.JdbcExecutor<Catalina-utility-2>] 
2026-08-19 13:28:20,086 | WARN  | NATIONAL/NCHAR/NVARCHAR implies the character set UTF8MB3, which will be replaced by UTF8MB4 in a future release. Please consider using CHAR(x) CHARACTER SET UTF8MB4 in order to be unambiguous. [liquibase.executor.jvm.JdbcExecutor<Catalina-utility-2>] 
2026-08-19 13:28:20,087 | WARN  | NATIONAL/NCHAR/NVARCHAR implies the character set UTF8MB3, which will be replaced by UTF8MB4 in a future release. Please consider using CHAR(x) CHARACTER SET UTF8MB4 in order to be unambiguous. [liquibase.executor.jvm.JdbcExecutor<Catalina-utility-2>] 
2026-08-19 13:28:20,087 | WARN  | NATIONAL/NCHAR/NVARCHAR implies the character set UTF8MB3, which will be replaced by UTF8MB4 in a future release. Please consider using CHAR(x) CHARACTER SET UTF8MB4 in order to be unambiguous. [liquibase.executor.jvm.JdbcExecutor<Catalina-utility-2>] 
2026-08-19 13:28:20,087 | WARN  | NATIONAL/NCHAR/NVARCHAR implies the character set UTF8MB3, which will be replaced by UTF8MB4 in a future release. Please consider using CHAR(x) CHARACTER SET UTF8MB4 in order to be unambiguous. [liquibase.executor.jvm.JdbcExecutor<Catalina-utility-2>] 
2026-08-19 13:28:20,087 | WARN  | NATIONAL/NCHAR/NVARCHAR implies the character set UTF8MB3, which will be replaced by UTF8MB4 in a future release. Please consider using CHAR(x) CHARACTER SET UTF8MB4 in order to be unambiguous. [liquibase.executor.jvm.JdbcExecutor<Catalina-utility-2>] 
2026-08-19 13:28:20,087 | WARN  | NATIONAL/NCHAR/NVARCHAR implies the character set UTF8MB3, which will be replaced by UTF8MB4 in a future release. Please consider using CHAR(x) CHARACTER SET UTF8MB4 in order to be unambiguous. [liquibase.executor.jvm.JdbcExecutor<Catalina-utility-2>] 
2026-08-19 13:28:20,087 | WARN  | NATIONAL/NCHAR/NVARCHAR implies the character set UTF8MB3, which will be replaced by UTF8MB4 in a future release. Please consider using CHAR(x) CHARACTER SET UTF8MB4 in order to be unambiguous. [liquibase.executor.jvm.JdbcExecutor<Catalina-utility-2>] 
2026-08-19 13:28:20,087 | WARN  | NATIONAL/NCHAR/NVARCHAR implies the character set UTF8MB3, which will be replaced by UTF8MB4 in a future release. Please consider using CHAR(x) CHARACTER SET UTF8MB4 in order to be unambiguous. [liquibase.executor.jvm.JdbcExecutor<Catalina-utility-2>] 
2026-08-19 13:28:20,087 | WARN  | 'utf8' is currently an alias for the character set UTF8MB3, but will be an alias for UTF8MB4 in a future release. Please consider using UTF8MB4 in order to be unambiguous. [liquibase.executor.jvm.JdbcExecutor<Catalina-utility-2>] 
2026-08-19 13:28:20,087 | WARN  | 'utf8mb3_general_ci' is a collation of the deprecated character set UTF8MB3. Please consider using UTF8MB4 with an appropriate collation instead. [liquibase.executor.jvm.JdbcExecutor<Catalina-utility-2>] 
2026-08-19 13:28:20,332 | WARN  | NATIONAL/NCHAR/NVARCHAR implies the character set UTF8MB3, which will be replaced by UTF8MB4 in a future release. Please consider using CHAR(x) CHARACTER SET UTF8MB4 in order to be unambiguous. [liquibase.executor.jvm.JdbcExecutor<Catalina-utility-2>] 
2026-08-19 13:28:20,333 | WARN  | NATIONAL/NCHAR/NVARCHAR implies the character set UTF8MB3, which will be replaced by UTF8MB4 in a future release. Please consider using CHAR(x) CHARACTER SET UTF8MB4 in order to be unambiguous. [liquibase.executor.jvm.JdbcExecutor<Catalina-utility-2>] 
2026-08-19 13:28:20,333 | WARN  | NATIONAL/NCHAR/NVARCHAR implies the character set UTF8MB3, which will be replaced by UTF8MB4 in a future release. Please consider using CHAR(x) CHARACTER SET UTF8MB4 in order to be unambiguous. [liquibase.executor.jvm.JdbcExecutor<Catalina-utility-2>] 
2026-08-19 13:28:20,333 | WARN  | NATIONAL/NCHAR/NVARCHAR implies the character set UTF8MB3, which will be replaced by UTF8MB4 in a future release. Please consider using CHAR(x) CHARACTER SET UTF8MB4 in order to be unambiguous. [liquibase.executor.jvm.JdbcExecutor<Catalina-utility-2>] 
2026-08-19 13:28:20,333 | WARN  | NATIONAL/NCHAR/NVARCHAR implies the character set UTF8MB3, which will be replaced by UTF8MB4 in a future release. Please consider using CHAR(x) CHARACTER SET UTF8MB4 in order to be unambiguous. [liquibase.executor.jvm.JdbcExecutor<Catalina-utility-2>] 
2026-08-19 13:28:20,333 | WARN  | 'utf8' is currently an alias for the character set UTF8MB3, but will be an alias for UTF8MB4 in a future release. Please consider using UTF8MB4 in order to be unambiguous. [liquibase.executor.jvm.JdbcExecutor<Catalina-utility-2>] 
2026-08-19 13:28:20,333 | WARN  | 'utf8mb3_general_ci' is a collation of the deprecated character set UTF8MB3. Please consider using UTF8MB4 with an appropriate collation instead. [liquibase.executor.jvm.JdbcExecutor<Catalina-utility-2>] 
2026-08-19 13:28:20,798 | WARN  | NATIONAL/NCHAR/NVARCHAR implies the character set UTF8MB3, which will be replaced by UTF8MB4 in a future release. Please consider using CHAR(x) CHARACTER SET UTF8MB4 in order to be unambiguous. [liquibase.executor.jvm.JdbcExecutor<Catalina-utility-2>] 
2026-08-19 13:28:20,798 | WARN  | NATIONAL/NCHAR/NVARCHAR implies the character set UTF8MB3, which will be replaced by UTF8MB4 in a future release. Please consider using CHAR(x) CHARACTER SET UTF8MB4 in order to be unambiguous. [liquibase.executor.jvm.JdbcExecutor<Catalina-utility-2>] 
2026-08-19 13:28:20,799 | WARN  | NATIONAL/NCHAR/NVARCHAR implies the character set UTF8MB3, which will be replaced by UTF8MB4 in a future release. Please consider using CHAR(x) CHARACTER SET UTF8MB4 in order to be unambiguous. [liquibase.executor.jvm.JdbcExecutor<Catalina-utility-2>] 
2026-08-19 13:28:20,799 | WARN  | 'utf8' is currently an alias for the character set UTF8MB3, but will be an alias for UTF8MB4 in a future release. Please consider using UTF8MB4 in order to be unambiguous. [liquibase.executor.jvm.JdbcExecutor<Catalina-utility-2>] 
2026-08-19 13:28:20,799 | WARN  | 'utf8mb3_general_ci' is a collation of the deprecated character set UTF8MB3. Please consider using UTF8MB4 with an appropriate collation instead. [liquibase.executor.jvm.JdbcExecutor<Catalina-utility-2>] 
2026-08-19 13:28:21,415 | WARN  | NATIONAL/NCHAR/NVARCHAR implies the character set UTF8MB3, which will be replaced by UTF8MB4 in a future release. Please consider using CHAR(x) CHARACTER SET UTF8MB4 in order to be unambiguous. [liquibase.executor.jvm.JdbcExecutor<Catalina-utility-2>] 
2026-08-19 13:28:21,415 | WARN  | 'utf8' is currently an alias for the character set UTF8MB3, but will be an alias for UTF8MB4 in a future release. Please consider using UTF8MB4 in order to be unambiguous. [liquibase.executor.jvm.JdbcExecutor<Catalina-utility-2>] 
2026-08-19 13:28:21,415 | WARN  | 'utf8mb3_general_ci' is a collation of the deprecated character set UTF8MB3. Please consider using UTF8MB4 with an appropriate collation instead. [liquibase.executor.jvm.JdbcExecutor<Catalina-utility-2>] 
2026-08-19 13:28:21,666 | WARN  | NATIONAL/NCHAR/NVARCHAR implies the character set UTF8MB3, which will be replaced by UTF8MB4 in a future release. Please consider using CHAR(x) CHARACTER SET UTF8MB4 in order to be unambiguous. [liquibase.executor.jvm.JdbcExecutor<Catalina-utility-2>] 
2026-08-19 13:28:21,666 | WARN  | 'utf8' is currently an alias for the character set UTF8MB3, but will be an alias for UTF8MB4 in a future release. Please consider using UTF8MB4 in order to be unambiguous. [liquibase.executor.jvm.JdbcExecutor<Catalina-utility-2>] 
2026-08-19 13:28:21,666 | WARN  | 'utf8mb3_general_ci' is a collation of the deprecated character set UTF8MB3. Please consider using UTF8MB4 with an appropriate collation instead. [liquibase.executor.jvm.JdbcExecutor<Catalina-utility-2>] 
2026-08-19 13:28:21,909 | WARN  | NATIONAL/NCHAR/NVARCHAR implies the character set UTF8MB3, which will be replaced by UTF8MB4 in a future release. Please consider using CHAR(x) CHARACTER SET UTF8MB4 in order to be unambiguous. [liquibase.executor.jvm.JdbcExecutor<Catalina-utility-2>] 
2026-08-19 13:28:21,909 | WARN  | NATIONAL/NCHAR/NVARCHAR implies the character set UTF8MB3, which will be replaced by UTF8MB4 in a future release. Please consider using CHAR(x) CHARACTER SET UTF8MB4 in order to be unambiguous. [liquibase.executor.jvm.JdbcExecutor<Catalina-utility-2>] 
2026-08-19 13:28:21,909 | WARN  | NATIONAL/NCHAR/NVARCHAR implies the character set UTF8MB3, which will be replaced by UTF8MB4 in a future release. Please consider using CHAR(x) CHARACTER SET UTF8MB4 in order to be unambiguous. [liquibase.executor.jvm.JdbcExecutor<Catalina-utility-2>] 
2026-08-19 13:28:21,909 | WARN  | NATIONAL/NCHAR/NVARCHAR implies the character set UTF8MB3, which will be replaced by UTF8MB4 in a future release. Please consider using CHAR(x) CHARACTER SET UTF8MB4 in order to be unambiguous. [liquibase.executor.jvm.JdbcExecutor<Catalina-utility-2>] 
2026-08-19 13:28:21,909 | WARN  | NATIONAL/NCHAR/NVARCHAR implies the character set UTF8MB3, which will be replaced by UTF8MB4 in a future release. Please consider using CHAR(x) CHARACTER SET UTF8MB4 in order to be unambiguous. [liquibase.executor.jvm.JdbcExecutor<Catalina-utility-2>] 
2026-08-19 13:28:21,909 | WARN  | 'utf8' is currently an alias for the character set UTF8MB3, but will be an alias for UTF8MB4 in a future release. Please consider using UTF8MB4 in order to be unambiguous. [liquibase.executor.jvm.JdbcExecutor<Catalina-utility-2>] 
2026-08-19 13:28:21,909 | WARN  | 'utf8mb3_general_ci' is a collation of the deprecated character set UTF8MB3. Please consider using UTF8MB4 with an appropriate collation instead. [liquibase.executor.jvm.JdbcExecutor<Catalina-utility-2>] 
2026-08-19 13:28:22,320 | WARN  | NATIONAL/NCHAR/NVARCHAR implies the character set UTF8MB3, which will be replaced by UTF8MB4 in a future release. Please consider using CHAR(x) CHARACTER SET UTF8MB4 in order to be unambiguous. [liquibase.executor.jvm.JdbcExecutor<Catalina-utility-2>] 
2026-08-19 13:28:22,321 | WARN  | NATIONAL/NCHAR/NVARCHAR implies the character set UTF8MB3, which will be replaced by UTF8MB4 in a future release. Please consider using CHAR(x) CHARACTER SET UTF8MB4 in order to be unambiguous. [liquibase.executor.jvm.JdbcExecutor<Catalina-utility-2>] 
2026-08-19 13:28:22,321 | WARN  | NATIONAL/NCHAR/NVARCHAR implies the character set UTF8MB3, which will be replaced by UTF8MB4 in a future release. Please consider using CHAR(x) CHARACTER SET UTF8MB4 in order to be unambiguous. [liquibase.executor.jvm.JdbcExecutor<Catalina-utility-2>] 
2026-08-19 13:28:22,321 | WARN  | NATIONAL/NCHAR/NVARCHAR implies the character set UTF8MB3, which will be replaced by UTF8MB4 in a future release. Please consider using CHAR(x) CHARACTER SET UTF8MB4 in order to be unambiguous. [liquibase.executor.jvm.JdbcExecutor<Catalina-utility-2>] 
2026-08-19 13:28:22,321 | WARN  | NATIONAL/NCHAR/NVARCHAR implies the character set UTF8MB3, which will be replaced by UTF8MB4 in a future release. Please consider using CHAR(x) CHARACTER SET UTF8MB4 in order to be unambiguous. [liquibase.executor.jvm.JdbcExecutor<Catalina-utility-2>] 
2026-08-19 13:28:22,321 | WARN  | 'utf8' is currently an alias for the character set UTF8MB3, but will be an alias for UTF8MB4 in a future release. Please consider using UTF8MB4 in order to be unambiguous. [liquibase.executor.jvm.JdbcExecutor<Catalina-utility-2>] 
2026-08-19 13:28:22,321 | WARN  | 'utf8mb3_general_ci' is a collation of the deprecated character set UTF8MB3. Please consider using UTF8MB4 with an appropriate collation instead. [liquibase.executor.jvm.JdbcExecutor<Catalina-utility-2>] 
2026-08-19 13:28:22,564 | WARN  | 'utf8' is currently an alias for the character set UTF8MB3, but will be an alias for UTF8MB4 in a future release. Please consider using UTF8MB4 in order to be unambiguous. [liquibase.executor.jvm.JdbcExecutor<Catalina-utility-2>] 
2026-08-19 13:28:22,564 | WARN  | 'utf8mb3_general_ci' is a collation of the deprecated character set UTF8MB3. Please consider using UTF8MB4 with an appropriate collation instead. [liquibase.executor.jvm.JdbcExecutor<Catalina-utility-2>] 
2026-08-19 13:28:42,696 | WARN  | NATIONAL/NCHAR/NVARCHAR implies the character set UTF8MB3, which will be replaced by UTF8MB4 in a future release. Please consider using CHAR(x) CHARACTER SET UTF8MB4 in order to be unambiguous. [liquibase.executor.jvm.JdbcExecutor<Catalina-utility-2>] 
2026-08-19 13:28:42,805 | WARN  | NATIONAL/NCHAR/NVARCHAR implies the character set UTF8MB3, which will be replaced by UTF8MB4 in a future release. Please consider using CHAR(x) CHARACTER SET UTF8MB4 in order to be unambiguous. [liquibase.executor.jvm.JdbcExecutor<Catalina-utility-2>] 
2026-08-19 13:28:43,324 | WARN  | NATIONAL/NCHAR/NVARCHAR implies the character set UTF8MB3, which will be replaced by UTF8MB4 in a future release. Please consider using CHAR(x) CHARACTER SET UTF8MB4 in order to be unambiguous. [liquibase.executor.jvm.JdbcExecutor<Catalina-utility-2>] 
2026-08-19 13:28:43,393 | WARN  | NATIONAL/NCHAR/NVARCHAR implies the character set UTF8MB3, which will be replaced by UTF8MB4 in a future release. Please consider using CHAR(x) CHARACTER SET UTF8MB4 in order to be unambiguous. [liquibase.executor.jvm.JdbcExecutor<Catalina-utility-2>] 
2026-08-19 13:28:44,016 | WARN  | NATIONAL/NCHAR/NVARCHAR implies the character set UTF8MB3, which will be replaced by UTF8MB4 in a future release. Please consider using CHAR(x) CHARACTER SET UTF8MB4 in order to be unambiguous. [liquibase.executor.jvm.JdbcExecutor<Catalina-utility-2>] 
2026-08-19 13:28:44,676 | WARN  | NATIONAL/NCHAR/NVARCHAR implies the character set UTF8MB3, which will be replaced by UTF8MB4 in a future release. Please consider using CHAR(x) CHARACTER SET UTF8MB4 in order to be unambiguous. [liquibase.executor.jvm.JdbcExecutor<Catalina-utility-2>] 
2026-08-19 13:28:44,738 | WARN  | NATIONAL/NCHAR/NVARCHAR implies the character set UTF8MB3, which will be replaced by UTF8MB4 in a future release. Please consider using CHAR(x) CHARACTER SET UTF8MB4 in order to be unambiguous. [liquibase.executor.jvm.JdbcExecutor<Catalina-utility-2>] 
2026-08-19 13:28:45,280 | WARN  | NATIONAL/NCHAR/NVARCHAR implies the character set UTF8MB3, which will be replaced by UTF8MB4 in a future release. Please consider using CHAR(x) CHARACTER SET UTF8MB4 in order to be unambiguous. [liquibase.executor.jvm.JdbcExecutor<Catalina-utility-2>] 
2026-08-19 13:28:45,388 | WARN  | NATIONAL/NCHAR/NVARCHAR implies the character set UTF8MB3, which will be replaced by UTF8MB4 in a future release. Please consider using CHAR(x) CHARACTER SET UTF8MB4 in order to be unambiguous. [liquibase.executor.jvm.JdbcExecutor<Catalina-utility-2>] 
2026-08-19 13:28:48,439 | WARN  | NATIONAL/NCHAR/NVARCHAR implies the character set UTF8MB3, which will be replaced by UTF8MB4 in a future release. Please consider using CHAR(x) CHARACTER SET UTF8MB4 in order to be unambiguous. [liquibase.executor.jvm.JdbcExecutor<Catalina-utility-2>] 
2026-08-19 13:28:48,929 | WARN  | NATIONAL/NCHAR/NVARCHAR implies the character set UTF8MB3, which will be replaced by UTF8MB4 in a future release. Please consider using CHAR(x) CHARACTER SET UTF8MB4 in order to be unambiguous. [liquibase.executor.jvm.JdbcExecutor<Catalina-utility-2>] 
2026-08-19 13:28:51,000 | INFO  | Processing changelogs of CommonsChangeLogsPlugin [o.e.c.p.impl.LiquibaseDataInitializer<Catalina-utility-2>] 
2026-08-19 13:28:51,000 | INFO  |   * processing changelog db/changelog/notifications.db.changelog-1.0.0.xml [o.e.c.p.impl.LiquibaseDataInitializer<Catalina-utility-2>] 
2026-08-19 13:28:51,122 | WARN  | Due to mysql SQL limitations, setNullable will lose primary key/autoincrement/not null/comment settings explicitly redefined in the change. Use <sql> or <modifySql> to re-specify all configuration if this is the case [liquibase.changelog.DatabaseChangeLog<Catalina-utility-2>] 
2026-08-19 13:28:51,140 | WARN  | Due to mysql SQL limitations, setNullable will lose primary key/autoincrement/not null/comment settings explicitly redefined in the change. Use <sql> or <modifySql> to re-specify all configuration if this is the case [liquibase.changelog.DatabaseChangeLog<Catalina-utility-2>] 
2026-08-19 13:28:51,895 | WARN  | NATIONAL/NCHAR/NVARCHAR implies the character set UTF8MB3, which will be replaced by UTF8MB4 in a future release. Please consider using CHAR(x) CHARACTER SET UTF8MB4 in order to be unambiguous. [liquibase.executor.jvm.JdbcExecutor<Catalina-utility-2>] 
2026-08-19 13:28:51,896 | WARN  | NATIONAL/NCHAR/NVARCHAR implies the character set UTF8MB3, which will be replaced by UTF8MB4 in a future release. Please consider using CHAR(x) CHARACTER SET UTF8MB4 in order to be unambiguous. [liquibase.executor.jvm.JdbcExecutor<Catalina-utility-2>] 
2026-08-19 13:28:51,896 | WARN  | 'utf8' is currently an alias for the character set UTF8MB3, but will be an alias for UTF8MB4 in a future release. Please consider using UTF8MB4 in order to be unambiguous. [liquibase.executor.jvm.JdbcExecutor<Catalina-utility-2>] 
2026-08-19 13:28:51,896 | WARN  | 'utf8mb3_general_ci' is a collation of the deprecated character set UTF8MB3. Please consider using UTF8MB4 with an appropriate collation instead. [liquibase.executor.jvm.JdbcExecutor<Catalina-utility-2>] 
2026-08-19 13:28:52,182 | WARN  | NATIONAL/NCHAR/NVARCHAR implies the character set UTF8MB3, which will be replaced by UTF8MB4 in a future release. Please consider using CHAR(x) CHARACTER SET UTF8MB4 in order to be unambiguous. [liquibase.executor.jvm.JdbcExecutor<Catalina-utility-2>] 
2026-08-19 13:28:52,182 | WARN  | 'utf8' is currently an alias for the character set UTF8MB3, but will be an alias for UTF8MB4 in a future release. Please consider using UTF8MB4 in order to be unambiguous. [liquibase.executor.jvm.JdbcExecutor<Catalina-utility-2>] 
2026-08-19 13:28:52,182 | WARN  | 'utf8mb3_general_ci' is a collation of the deprecated character set UTF8MB3. Please consider using UTF8MB4 with an appropriate collation instead. [liquibase.executor.jvm.JdbcExecutor<Catalina-utility-2>] 
2026-08-19 13:28:52,394 | WARN  | NATIONAL/NCHAR/NVARCHAR implies the character set UTF8MB3, which will be replaced by UTF8MB4 in a future release. Please consider using CHAR(x) CHARACTER SET UTF8MB4 in order to be unambiguous. [liquibase.executor.jvm.JdbcExecutor<Catalina-utility-2>] 
2026-08-19 13:28:52,394 | WARN  | 'utf8' is currently an alias for the character set UTF8MB3, but will be an alias for UTF8MB4 in a future release. Please consider using UTF8MB4 in order to be unambiguous. [liquibase.executor.jvm.JdbcExecutor<Catalina-utility-2>] 
2026-08-19 13:28:52,394 | WARN  | 'utf8mb3_general_ci' is a collation of the deprecated character set UTF8MB3. Please consider using UTF8MB4 with an appropriate collation instead. [liquibase.executor.jvm.JdbcExecutor<Catalina-utility-2>] 
2026-08-19 13:28:54,053 | WARN  | NATIONAL/NCHAR/NVARCHAR implies the character set UTF8MB3, which will be replaced by UTF8MB4 in a future release. Please consider using CHAR(x) CHARACTER SET UTF8MB4 in order to be unambiguous. [liquibase.executor.jvm.JdbcExecutor<Catalina-utility-2>] 
2026-08-19 13:28:54,054 | WARN  | NATIONAL/NCHAR/NVARCHAR implies the character set UTF8MB3, which will be replaced by UTF8MB4 in a future release. Please consider using CHAR(x) CHARACTER SET UTF8MB4 in order to be unambiguous. [liquibase.executor.jvm.JdbcExecutor<Catalina-utility-2>] 
2026-08-19 13:28:54,054 | WARN  | 'utf8' is currently an alias for the character set UTF8MB3, but will be an alias for UTF8MB4 in a future release. Please consider using UTF8MB4 in order to be unambiguous. [liquibase.executor.jvm.JdbcExecutor<Catalina-utility-2>] 
2026-08-19 13:28:54,054 | WARN  | 'utf8mb3_general_ci' is a collation of the deprecated character set UTF8MB3. Please consider using UTF8MB4 with an appropriate collation instead. [liquibase.executor.jvm.JdbcExecutor<Catalina-utility-2>] 
2026-08-19 13:28:54,325 | WARN  | NATIONAL/NCHAR/NVARCHAR implies the character set UTF8MB3, which will be replaced by UTF8MB4 in a future release. Please consider using CHAR(x) CHARACTER SET UTF8MB4 in order to be unambiguous. [liquibase.executor.jvm.JdbcExecutor<Catalina-utility-2>] 
2026-08-19 13:28:54,325 | WARN  | 'utf8' is currently an alias for the character set UTF8MB3, but will be an alias for UTF8MB4 in a future release. Please consider using UTF8MB4 in order to be unambiguous. [liquibase.executor.jvm.JdbcExecutor<Catalina-utility-2>] 
2026-08-19 13:28:54,326 | WARN  | 'utf8mb3_general_ci' is a collation of the deprecated character set UTF8MB3. Please consider using UTF8MB4 with an appropriate collation instead. [liquibase.executor.jvm.JdbcExecutor<Catalina-utility-2>] 
2026-08-19 13:28:54,580 | WARN  | NATIONAL/NCHAR/NVARCHAR implies the character set UTF8MB3, which will be replaced by UTF8MB4 in a future release. Please consider using CHAR(x) CHARACTER SET UTF8MB4 in order to be unambiguous. [liquibase.executor.jvm.JdbcExecutor<Catalina-utility-2>] 
2026-08-19 13:28:54,580 | WARN  | 'utf8' is currently an alias for the character set UTF8MB3, but will be an alias for UTF8MB4 in a future release. Please consider using UTF8MB4 in order to be unambiguous. [liquibase.executor.jvm.JdbcExecutor<Catalina-utility-2>] 
2026-08-19 13:28:54,580 | WARN  | 'utf8mb3_general_ci' is a collation of the deprecated character set UTF8MB3. Please consider using UTF8MB4 with an appropriate collation instead. [liquibase.executor.jvm.JdbcExecutor<Catalina-utility-2>] 
2026-08-19 13:28:56,020 | WARN  | NATIONAL/NCHAR/NVARCHAR implies the character set UTF8MB3, which will be replaced by UTF8MB4 in a future release. Please consider using CHAR(x) CHARACTER SET UTF8MB4 in order to be unambiguous. [liquibase.executor.jvm.JdbcExecutor<Catalina-utility-2>] 
2026-08-19 13:28:56,020 | WARN  | NATIONAL/NCHAR/NVARCHAR implies the character set UTF8MB3, which will be replaced by UTF8MB4 in a future release. Please consider using CHAR(x) CHARACTER SET UTF8MB4 in order to be unambiguous. [liquibase.executor.jvm.JdbcExecutor<Catalina-utility-2>] 
2026-08-19 13:28:56,020 | WARN  | NATIONAL/NCHAR/NVARCHAR implies the character set UTF8MB3, which will be replaced by UTF8MB4 in a future release. Please consider using CHAR(x) CHARACTER SET UTF8MB4 in order to be unambiguous. [liquibase.executor.jvm.JdbcExecutor<Catalina-utility-2>] 
2026-08-19 13:28:56,020 | WARN  | NATIONAL/NCHAR/NVARCHAR implies the character set UTF8MB3, which will be replaced by UTF8MB4 in a future release. Please consider using CHAR(x) CHARACTER SET UTF8MB4 in order to be unambiguous. [liquibase.executor.jvm.JdbcExecutor<Catalina-utility-2>] 
2026-08-19 13:28:56,020 | WARN  | NATIONAL/NCHAR/NVARCHAR implies the character set UTF8MB3, which will be replaced by UTF8MB4 in a future release. Please consider using CHAR(x) CHARACTER SET UTF8MB4 in order to be unambiguous. [liquibase.executor.jvm.JdbcExecutor<Catalina-utility-2>] 
2026-08-19 13:28:56,020 | WARN  | 'utf8' is currently an alias for the character set UTF8MB3, but will be an alias for UTF8MB4 in a future release. Please consider using UTF8MB4 in order to be unambiguous. [liquibase.executor.jvm.JdbcExecutor<Catalina-utility-2>] 
2026-08-19 13:28:56,020 | WARN  | 'utf8mb3_general_ci' is a collation of the deprecated character set UTF8MB3. Please consider using UTF8MB4 with an appropriate collation instead. [liquibase.executor.jvm.JdbcExecutor<Catalina-utility-2>] 
2026-08-19 13:28:57,148 | WARN  | NATIONAL/NCHAR/NVARCHAR implies the character set UTF8MB3, which will be replaced by UTF8MB4 in a future release. Please consider using CHAR(x) CHARACTER SET UTF8MB4 in order to be unambiguous. [liquibase.executor.jvm.JdbcExecutor<Catalina-utility-2>] 
2026-08-19 13:28:57,478 | INFO  | Processing changelogs of AgendaRDBMSChangeLogsPlugin [o.e.c.p.impl.LiquibaseDataInitializer<Catalina-utility-2>] 
2026-08-19 13:28:57,478 | INFO  |   * processing changelog db/changelog/agenda-rdbms.db.changelog.xml [o.e.c.p.impl.LiquibaseDataInitializer<Catalina-utility-2>] 
2026-08-19 13:28:58,012 | WARN  | NATIONAL/NCHAR/NVARCHAR implies the character set UTF8MB3, which will be replaced by UTF8MB4 in a future release. Please consider using CHAR(x) CHARACTER SET UTF8MB4 in order to be unambiguous. [liquibase.executor.jvm.JdbcExecutor<Catalina-utility-2>] 
2026-08-19 13:28:58,013 | WARN  | NATIONAL/NCHAR/NVARCHAR implies the character set UTF8MB3, which will be replaced by UTF8MB4 in a future release. Please consider using CHAR(x) CHARACTER SET UTF8MB4 in order to be unambiguous. [liquibase.executor.jvm.JdbcExecutor<Catalina-utility-2>] 
2026-08-19 13:28:58,013 | WARN  | 'utf8' is currently an alias for the character set UTF8MB3, but will be an alias for UTF8MB4 in a future release. Please consider using UTF8MB4 in order to be unambiguous. [liquibase.executor.jvm.JdbcExecutor<Catalina-utility-2>] 
2026-08-19 13:28:58,013 | WARN  | 'utf8mb3_general_ci' is a collation of the deprecated character set UTF8MB3. Please consider using UTF8MB4 with an appropriate collation instead. [liquibase.executor.jvm.JdbcExecutor<Catalina-utility-2>] 
2026-08-19 13:28:58,296 | WARN  | NATIONAL/NCHAR/NVARCHAR implies the character set UTF8MB3, which will be replaced by UTF8MB4 in a future release. Please consider using CHAR(x) CHARACTER SET UTF8MB4 in order to be unambiguous. [liquibase.executor.jvm.JdbcExecutor<Catalina-utility-2>] 
2026-08-19 13:28:58,296 | WARN  | 'utf8' is currently an alias for the character set UTF8MB3, but will be an alias for UTF8MB4 in a future release. Please consider using UTF8MB4 in order to be unambiguous. [liquibase.executor.jvm.JdbcExecutor<Catalina-utility-2>] 
2026-08-19 13:28:58,296 | WARN  | 'utf8mb3_general_ci' is a collation of the deprecated character set UTF8MB3. Please consider using UTF8MB4 with an appropriate collation instead. [liquibase.executor.jvm.JdbcExecutor<Catalina-utility-2>] 
2026-08-19 13:28:58,818 | WARN  | NATIONAL/NCHAR/NVARCHAR implies the character set UTF8MB3, which will be replaced by UTF8MB4 in a future release. Please consider using CHAR(x) CHARACTER SET UTF8MB4 in order to be unambiguous. [liquibase.executor.jvm.JdbcExecutor<Catalina-utility-2>] 
2026-08-19 13:28:58,819 | WARN  | NATIONAL/NCHAR/NVARCHAR implies the character set UTF8MB3, which will be replaced by UTF8MB4 in a future release. Please consider using CHAR(x) CHARACTER SET UTF8MB4 in order to be unambiguous. [liquibase.executor.jvm.JdbcExecutor<Catalina-utility-2>] 
2026-08-19 13:28:58,819 | WARN  | NATIONAL/NCHAR/NVARCHAR implies the character set UTF8MB3, which will be replaced by UTF8MB4 in a future release. Please consider using CHAR(x) CHARACTER SET UTF8MB4 in order to be unambiguous. [liquibase.executor.jvm.JdbcExecutor<Catalina-utility-2>] 
2026-08-19 13:28:58,819 | WARN  | 'utf8' is currently an alias for the character set UTF8MB3, but will be an alias for UTF8MB4 in a future release. Please consider using UTF8MB4 in order to be unambiguous. [liquibase.executor.jvm.JdbcExecutor<Catalina-utility-2>] 
2026-08-19 13:28:58,819 | WARN  | 'utf8mb3_general_ci' is a collation of the deprecated character set UTF8MB3. Please consider using UTF8MB4 with an appropriate collation instead. [liquibase.executor.jvm.JdbcExecutor<Catalina-utility-2>] 
2026-08-19 13:28:59,124 | WARN  | 'utf8' is currently an alias for the character set UTF8MB3, but will be an alias for UTF8MB4 in a future release. Please consider using UTF8MB4 in order to be unambiguous. [liquibase.executor.jvm.JdbcExecutor<Catalina-utility-2>] 
2026-08-19 13:28:59,124 | WARN  | 'utf8mb3_general_ci' is a collation of the deprecated character set UTF8MB3. Please consider using UTF8MB4 with an appropriate collation instead. [liquibase.executor.jvm.JdbcExecutor<Catalina-utility-2>] 
2026-08-19 13:28:59,545 | WARN  | 'utf8' is currently an alias for the character set UTF8MB3, but will be an alias for UTF8MB4 in a future release. Please consider using UTF8MB4 in order to be unambiguous. [liquibase.executor.jvm.JdbcExecutor<Catalina-utility-2>] 
2026-08-19 13:28:59,545 | WARN  | 'utf8mb3_general_ci' is a collation of the deprecated character set UTF8MB3. Please consider using UTF8MB4 with an appropriate collation instead. [liquibase.executor.jvm.JdbcExecutor<Catalina-utility-2>] 
2026-08-19 13:28:59,908 | WARN  | 'utf8' is currently an alias for the character set UTF8MB3, but will be an alias for UTF8MB4 in a future release. Please consider using UTF8MB4 in order to be unambiguous. [liquibase.executor.jvm.JdbcExecutor<Catalina-utility-2>] 
2026-08-19 13:28:59,908 | WARN  | 'utf8mb3_general_ci' is a collation of the deprecated character set UTF8MB3. Please consider using UTF8MB4 with an appropriate collation instead. [liquibase.executor.jvm.JdbcExecutor<Catalina-utility-2>] 
2026-08-19 13:29:00,321 | WARN  | 'utf8' is currently an alias for the character set UTF8MB3, but will be an alias for UTF8MB4 in a future release. Please consider using UTF8MB4 in order to be unambiguous. [liquibase.executor.jvm.JdbcExecutor<Catalina-utility-2>] 
2026-08-19 13:29:00,321 | WARN  | 'utf8mb3_general_ci' is a collation of the deprecated character set UTF8MB3. Please consider using UTF8MB4 with an appropriate collation instead. [liquibase.executor.jvm.JdbcExecutor<Catalina-utility-2>] 
2026-08-19 13:29:00,591 | WARN  | 'utf8' is currently an alias for the character set UTF8MB3, but will be an alias for UTF8MB4 in a future release. Please consider using UTF8MB4 in order to be unambiguous. [liquibase.executor.jvm.JdbcExecutor<Catalina-utility-2>] 
2026-08-19 13:29:00,591 | WARN  | 'utf8mb3_general_ci' is a collation of the deprecated character set UTF8MB3. Please consider using UTF8MB4 with an appropriate collation instead. [liquibase.executor.jvm.JdbcExecutor<Catalina-utility-2>] 
2026-08-19 13:29:06,624 | WARN  | NATIONAL/NCHAR/NVARCHAR implies the character set UTF8MB3, which will be replaced by UTF8MB4 in a future release. Please consider using CHAR(x) CHARACTER SET UTF8MB4 in order to be unambiguous. [liquibase.executor.jvm.JdbcExecutor<Catalina-utility-2>] 
2026-08-19 13:29:12,964 | WARN  | NATIONAL/NCHAR/NVARCHAR implies the character set UTF8MB3, which will be replaced by UTF8MB4 in a future release. Please consider using CHAR(x) CHARACTER SET UTF8MB4 in order to be unambiguous. [liquibase.executor.jvm.JdbcExecutor<Catalina-utility-2>] 
2026-08-19 13:29:12,965 | WARN  | 'utf8' is currently an alias for the character set UTF8MB3, but will be an alias for UTF8MB4 in a future release. Please consider using UTF8MB4 in order to be unambiguous. [liquibase.executor.jvm.JdbcExecutor<Catalina-utility-2>] 
2026-08-19 13:29:12,965 | WARN  | 'utf8mb3_general_ci' is a collation of the deprecated character set UTF8MB3. Please consider using UTF8MB4 with an appropriate collation instead. [liquibase.executor.jvm.JdbcExecutor<Catalina-utility-2>] 
2026-08-19 13:29:13,765 | WARN  | NATIONAL/NCHAR/NVARCHAR implies the character set UTF8MB3, which will be replaced by UTF8MB4 in a future release. Please consider using CHAR(x) CHARACTER SET UTF8MB4 in order to be unambiguous. [liquibase.executor.jvm.JdbcExecutor<Catalina-utility-2>] 
2026-08-19 13:29:14,350 | WARN  | NATIONAL/NCHAR/NVARCHAR implies the character set UTF8MB3, which will be replaced by UTF8MB4 in a future release. Please consider using CHAR(x) CHARACTER SET UTF8MB4 in order to be unambiguous. [liquibase.executor.jvm.JdbcExecutor<Catalina-utility-2>] 
2026-08-19 13:29:15,366 | INFO  | Processing changelogs of IDMChangeLogsPlugin [o.e.c.p.impl.LiquibaseDataInitializer<Catalina-utility-2>] 
2026-08-19 13:29:15,366 | INFO  |   * processing changelog db/changelog/idm.queue.db.changelog-1.0.0.xml [o.e.c.p.impl.LiquibaseDataInitializer<Catalina-utility-2>] 
2026-08-19 13:29:15,788 | WARN  | NATIONAL/NCHAR/NVARCHAR implies the character set UTF8MB3, which will be replaced by UTF8MB4 in a future release. Please consider using CHAR(x) CHARACTER SET UTF8MB4 in order to be unambiguous. [liquibase.executor.jvm.JdbcExecutor<Catalina-utility-2>] 
2026-08-19 13:29:15,789 | WARN  | 'utf8' is currently an alias for the character set UTF8MB3, but will be an alias for UTF8MB4 in a future release. Please consider using UTF8MB4 in order to be unambiguous. [liquibase.executor.jvm.JdbcExecutor<Catalina-utility-2>] 
2026-08-19 13:29:15,789 | WARN  | 'utf8mb3_general_ci' is a collation of the deprecated character set UTF8MB3. Please consider using UTF8MB4 with an appropriate collation instead. [liquibase.executor.jvm.JdbcExecutor<Catalina-utility-2>] 
2026-08-19 13:29:16,179 | INFO  | Processing changelogs of IDMChangeLogsPlugin [o.e.c.p.impl.LiquibaseDataInitializer<Catalina-utility-2>] 
2026-08-19 13:29:16,179 | INFO  |   * processing changelog db/changelog/idm.db.changelog-1.0.0.xml [o.e.c.p.impl.LiquibaseDataInitializer<Catalina-utility-2>] 
2026-08-19 13:29:16,300 | WARN  | Due to mysql SQL limitations, modifyDataType will lose primary key/autoincrement/not null/comment settings explicitly redefined in the change. Use <sql> or <modifySql> to re-specify all configuration if this is the case [liquibase.changelog.DatabaseChangeLog<Catalina-utility-2>] 
2026-08-19 13:29:16,344 | WARN  | Due to mysql SQL limitations, modifyDataType will lose primary key/autoincrement/not null/comment settings explicitly redefined in the change. Use <sql> or <modifySql> to re-specify all configuration if this is the case [liquibase.changelog.DatabaseChangeLog<Catalina-utility-2>] 
2026-08-19 13:29:44,173 | INFO  | Processing changelogs of EXoEsSearchChangeLogsPlugin [o.e.c.p.impl.LiquibaseDataInitializer<Catalina-utility-2>] 
2026-08-19 13:29:44,173 | INFO  |   * processing changelog db/changelog/exo-search.db.changelog-1.0.0.xml [o.e.c.p.impl.LiquibaseDataInitializer<Catalina-utility-2>] 
2026-08-19 13:29:44,593 | INFO  | Processing changelogs of PortalRDBMSChangeLogsPlugin [o.e.c.p.impl.LiquibaseDataInitializer<Catalina-utility-2>] 
2026-08-19 13:29:44,593 | INFO  |   * processing changelog db/changelog/gatein-token.db.changelog-1.0.0.xml [o.e.c.p.impl.LiquibaseDataInitializer<Catalina-utility-2>] 
2026-08-19 13:29:44,720 | WARN  | Due to mysql SQL limitations, modifyDataType will lose primary key/autoincrement/not null/comment settings explicitly redefined in the change. Use <sql> or <modifySql> to re-specify all configuration if this is the case [liquibase.changelog.DatabaseChangeLog<Catalina-utility-2>] 
2026-08-19 13:29:44,732 | WARN  | Due to mysql SQL limitations, modifyDataType will lose primary key/autoincrement/not null/comment settings explicitly redefined in the change. Use <sql> or <modifySql> to re-specify all configuration if this is the case [liquibase.changelog.DatabaseChangeLog<Catalina-utility-2>] 
2026-08-19 13:29:45,247 | WARN  | NATIONAL/NCHAR/NVARCHAR implies the character set UTF8MB3, which will be replaced by UTF8MB4 in a future release. Please consider using CHAR(x) CHARACTER SET UTF8MB4 in order to be unambiguous. [liquibase.executor.jvm.JdbcExecutor<Catalina-utility-2>] 
2026-08-19 13:29:45,247 | WARN  | NATIONAL/NCHAR/NVARCHAR implies the character set UTF8MB3, which will be replaced by UTF8MB4 in a future release. Please consider using CHAR(x) CHARACTER SET UTF8MB4 in order to be unambiguous. [liquibase.executor.jvm.JdbcExecutor<Catalina-utility-2>] 
2026-08-19 13:29:45,247 | WARN  | NATIONAL/NCHAR/NVARCHAR implies the character set UTF8MB3, which will be replaced by UTF8MB4 in a future release. Please consider using CHAR(x) CHARACTER SET UTF8MB4 in order to be unambiguous. [liquibase.executor.jvm.JdbcExecutor<Catalina-utility-2>] 
2026-08-19 13:29:45,247 | WARN  | NATIONAL/NCHAR/NVARCHAR implies the character set UTF8MB3, which will be replaced by UTF8MB4 in a future release. Please consider using CHAR(x) CHARACTER SET UTF8MB4 in order to be unambiguous. [liquibase.executor.jvm.JdbcExecutor<Catalina-utility-2>] 
2026-08-19 13:29:45,247 | WARN  | 'utf8' is currently an alias for the character set UTF8MB3, but will be an alias for UTF8MB4 in a future release. Please consider using UTF8MB4 in order to be unambiguous. [liquibase.executor.jvm.JdbcExecutor<Catalina-utility-2>] 
2026-08-19 13:29:45,247 | WARN  | 'utf8mb3_general_ci' is a collation of the deprecated character set UTF8MB3. Please consider using UTF8MB4 with an appropriate collation instead. [liquibase.executor.jvm.JdbcExecutor<Catalina-utility-2>] 
2026-08-19 13:29:45,909 | WARN  | NATIONAL/NCHAR/NVARCHAR implies the character set UTF8MB3, which will be replaced by UTF8MB4 in a future release. Please consider using CHAR(x) CHARACTER SET UTF8MB4 in order to be unambiguous. [liquibase.executor.jvm.JdbcExecutor<Catalina-utility-2>] 
2026-08-19 13:29:46,991 | WARN  | NATIONAL/NCHAR/NVARCHAR implies the character set UTF8MB3, which will be replaced by UTF8MB4 in a future release. Please consider using CHAR(x) CHARACTER SET UTF8MB4 in order to be unambiguous. [liquibase.executor.jvm.JdbcExecutor<Catalina-utility-2>] 
2026-08-19 13:29:46,991 | WARN  | NATIONAL/NCHAR/NVARCHAR implies the character set UTF8MB3, which will be replaced by UTF8MB4 in a future release. Please consider using CHAR(x) CHARACTER SET UTF8MB4 in order to be unambiguous. [liquibase.executor.jvm.JdbcExecutor<Catalina-utility-2>] 
2026-08-19 13:29:47,060 | INFO  | Processing changelogs of SocialRDBMSChangeLogsPlugin [o.e.c.p.impl.LiquibaseDataInitializer<Catalina-utility-2>] 
2026-08-19 13:29:47,060 | INFO  |   * processing changelog db/changelog/social-rdbms.db.changelog-1.0.0.xml [o.e.c.p.impl.LiquibaseDataInitializer<Catalina-utility-2>] 
2026-08-19 13:29:47,204 | WARN  | Due to mysql SQL limitations, modifyDataType will lose primary key/autoincrement/not null/comment settings explicitly redefined in the change. Use <sql> or <modifySql> to re-specify all configuration if this is the case [liquibase.changelog.DatabaseChangeLog<Catalina-utility-2>] 
2026-08-19 13:29:47,204 | WARN  | liquibase.statement.core.CreateSequenceStatement is not supported on mysql, but createSequence will still execute [liquibase.changelog.DatabaseChangeLog<Catalina-utility-2>] 
2026-08-19 13:29:47,240 | WARN  | Due to mysql SQL limitations, modifyDataType will lose primary key/autoincrement/not null/comment settings explicitly redefined in the change. Use <sql> or <modifySql> to re-specify all configuration if this is the case [liquibase.changelog.DatabaseChangeLog<Catalina-utility-2>] 
2026-08-19 13:29:47,240 | WARN  | liquibase.statement.core.CreateSequenceStatement is not supported on mysql, but createSequence will still execute [liquibase.changelog.DatabaseChangeLog<Catalina-utility-2>] 
2026-08-19 13:29:47,750 | WARN  | NATIONAL/NCHAR/NVARCHAR implies the character set UTF8MB3, which will be replaced by UTF8MB4 in a future release. Please consider using CHAR(x) CHARACTER SET UTF8MB4 in order to be unambiguous. [liquibase.executor.jvm.JdbcExecutor<Catalina-utility-2>] 
2026-08-19 13:29:47,751 | WARN  | NATIONAL/NCHAR/NVARCHAR implies the character set UTF8MB3, which will be replaced by UTF8MB4 in a future release. Please consider using CHAR(x) CHARACTER SET UTF8MB4 in order to be unambiguous. [liquibase.executor.jvm.JdbcExecutor<Catalina-utility-2>] 
2026-08-19 13:29:47,751 | WARN  | NATIONAL/NCHAR/NVARCHAR implies the character set UTF8MB3, which will be replaced by UTF8MB4 in a future release. Please consider using CHAR(x) CHARACTER SET UTF8MB4 in order to be unambiguous. [liquibase.executor.jvm.JdbcExecutor<Catalina-utility-2>] 
2026-08-19 13:29:47,751 | WARN  | NATIONAL/NCHAR/NVARCHAR implies the character set UTF8MB3, which will be replaced by UTF8MB4 in a future release. Please consider using CHAR(x) CHARACTER SET UTF8MB4 in order to be unambiguous. [liquibase.executor.jvm.JdbcExecutor<Catalina-utility-2>] 
2026-08-19 13:29:47,751 | WARN  | NATIONAL/NCHAR/NVARCHAR implies the character set UTF8MB3, which will be replaced by UTF8MB4 in a future release. Please consider using CHAR(x) CHARACTER SET UTF8MB4 in order to be unambiguous. [liquibase.executor.jvm.JdbcExecutor<Catalina-utility-2>] 
2026-08-19 13:29:47,751 | WARN  | NATIONAL/NCHAR/NVARCHAR implies the character set UTF8MB3, which will be replaced by UTF8MB4 in a future release. Please consider using CHAR(x) CHARACTER SET UTF8MB4 in order to be unambiguous. [liquibase.executor.jvm.JdbcExecutor<Catalina-utility-2>] 
2026-08-19 13:29:47,751 | WARN  | NATIONAL/NCHAR/NVARCHAR implies the character set UTF8MB3, which will be replaced by UTF8MB4 in a future release. Please consider using CHAR(x) CHARACTER SET UTF8MB4 in order to be unambiguous. [liquibase.executor.jvm.JdbcExecutor<Catalina-utility-2>] 
2026-08-19 13:29:47,751 | WARN  | NATIONAL/NCHAR/NVARCHAR implies the character set UTF8MB3, which will be replaced by UTF8MB4 in a future release. Please consider using CHAR(x) CHARACTER SET UTF8MB4 in order to be unambiguous. [liquibase.executor.jvm.JdbcExecutor<Catalina-utility-2>] 
2026-08-19 13:29:47,751 | WARN  | 'utf8' is currently an alias for the character set UTF8MB3, but will be an alias for UTF8MB4 in a future release. Please consider using UTF8MB4 in order to be unambiguous. [liquibase.executor.jvm.JdbcExecutor<Catalina-utility-2>] 
2026-08-19 13:29:47,751 | WARN  | 'utf8mb3_general_ci' is a collation of the deprecated character set UTF8MB3. Please consider using UTF8MB4 with an appropriate collation instead. [liquibase.executor.jvm.JdbcExecutor<Catalina-utility-2>] 
2026-08-19 13:29:49,140 | WARN  | NATIONAL/NCHAR/NVARCHAR implies the character set UTF8MB3, which will be replaced by UTF8MB4 in a future release. Please consider using CHAR(x) CHARACTER SET UTF8MB4 in order to be unambiguous. [liquibase.executor.jvm.JdbcExecutor<Catalina-utility-2>] 
2026-08-19 13:29:50,400 | WARN  | NATIONAL/NCHAR/NVARCHAR implies the character set UTF8MB3, which will be replaced by UTF8MB4 in a future release. Please consider using CHAR(x) CHARACTER SET UTF8MB4 in order to be unambiguous. [liquibase.executor.jvm.JdbcExecutor<Catalina-utility-2>] 
2026-08-19 13:29:50,902 | WARN  | NATIONAL/NCHAR/NVARCHAR implies the character set UTF8MB3, which will be replaced by UTF8MB4 in a future release. Please consider using CHAR(x) CHARACTER SET UTF8MB4 in order to be unambiguous. [liquibase.executor.jvm.JdbcExecutor<Catalina-utility-2>] 
2026-08-19 13:29:50,902 | WARN  | NATIONAL/NCHAR/NVARCHAR implies the character set UTF8MB3, which will be replaced by UTF8MB4 in a future release. Please consider using CHAR(x) CHARACTER SET UTF8MB4 in order to be unambiguous. [liquibase.executor.jvm.JdbcExecutor<Catalina-utility-2>] 
2026-08-19 13:29:50,902 | WARN  | 'utf8' is currently an alias for the character set UTF8MB3, but will be an alias for UTF8MB4 in a future release. Please consider using UTF8MB4 in order to be unambiguous. [liquibase.executor.jvm.JdbcExecutor<Catalina-utility-2>] 
2026-08-19 13:29:50,902 | WARN  | 'utf8mb3_general_ci' is a collation of the deprecated character set UTF8MB3. Please consider using UTF8MB4 with an appropriate collation instead. [liquibase.executor.jvm.JdbcExecutor<Catalina-utility-2>] 
2026-08-19 13:29:55,681 | WARN  | NATIONAL/NCHAR/NVARCHAR implies the character set UTF8MB3, which will be replaced by UTF8MB4 in a future release. Please consider using CHAR(x) CHARACTER SET UTF8MB4 in order to be unambiguous. [liquibase.executor.jvm.JdbcExecutor<Catalina-utility-2>] 
2026-08-19 13:29:55,681 | WARN  | NATIONAL/NCHAR/NVARCHAR implies the character set UTF8MB3, which will be replaced by UTF8MB4 in a future release. Please consider using CHAR(x) CHARACTER SET UTF8MB4 in order to be unambiguous. [liquibase.executor.jvm.JdbcExecutor<Catalina-utility-2>] 
2026-08-19 13:29:55,681 | WARN  | NATIONAL/NCHAR/NVARCHAR implies the character set UTF8MB3, which will be replaced by UTF8MB4 in a future release. Please consider using CHAR(x) CHARACTER SET UTF8MB4 in order to be unambiguous. [liquibase.executor.jvm.JdbcExecutor<Catalina-utility-2>] 
2026-08-19 13:29:55,681 | WARN  | NATIONAL/NCHAR/NVARCHAR implies the character set UTF8MB3, which will be replaced by UTF8MB4 in a future release. Please consider using CHAR(x) CHARACTER SET UTF8MB4 in order to be unambiguous. [liquibase.executor.jvm.JdbcExecutor<Catalina-utility-2>] 
2026-08-19 13:29:55,681 | WARN  | NATIONAL/NCHAR/NVARCHAR implies the character set UTF8MB3, which will be replaced by UTF8MB4 in a future release. Please consider using CHAR(x) CHARACTER SET UTF8MB4 in order to be unambiguous. [liquibase.executor.jvm.JdbcExecutor<Catalina-utility-2>] 
2026-08-19 13:29:55,681 | WARN  | 'utf8' is currently an alias for the character set UTF8MB3, but will be an alias for UTF8MB4 in a future release. Please consider using UTF8MB4 in order to be unambiguous. [liquibase.executor.jvm.JdbcExecutor<Catalina-utility-2>] 
2026-08-19 13:29:55,681 | WARN  | 'utf8mb3_general_ci' is a collation of the deprecated character set UTF8MB3. Please consider using UTF8MB4 with an appropriate collation instead. [liquibase.executor.jvm.JdbcExecutor<Catalina-utility-2>] 
2026-08-19 13:29:55,986 | WARN  | NATIONAL/NCHAR/NVARCHAR implies the character set UTF8MB3, which will be replaced by UTF8MB4 in a future release. Please consider using CHAR(x) CHARACTER SET UTF8MB4 in order to be unambiguous. [liquibase.executor.jvm.JdbcExecutor<Catalina-utility-2>] 
2026-08-19 13:29:55,986 | WARN  | NATIONAL/NCHAR/NVARCHAR implies the character set UTF8MB3, which will be replaced by UTF8MB4 in a future release. Please consider using CHAR(x) CHARACTER SET UTF8MB4 in order to be unambiguous. [liquibase.executor.jvm.JdbcExecutor<Catalina-utility-2>] 
2026-08-19 13:29:55,986 | WARN  | 'utf8' is currently an alias for the character set UTF8MB3, but will be an alias for UTF8MB4 in a future release. Please consider using UTF8MB4 in order to be unambiguous. [liquibase.executor.jvm.JdbcExecutor<Catalina-utility-2>] 
2026-08-19 13:29:55,986 | WARN  | 'utf8mb3_general_ci' is a collation of the deprecated character set UTF8MB3. Please consider using UTF8MB4 with an appropriate collation instead. [liquibase.executor.jvm.JdbcExecutor<Catalina-utility-2>] 
2026-08-19 13:29:56,297 | WARN  | NATIONAL/NCHAR/NVARCHAR implies the character set UTF8MB3, which will be replaced by UTF8MB4 in a future release. Please consider using CHAR(x) CHARACTER SET UTF8MB4 in order to be unambiguous. [liquibase.executor.jvm.JdbcExecutor<Catalina-utility-2>] 
2026-08-19 13:29:56,298 | WARN  | 'utf8' is currently an alias for the character set UTF8MB3, but will be an alias for UTF8MB4 in a future release. Please consider using UTF8MB4 in order to be unambiguous. [liquibase.executor.jvm.JdbcExecutor<Catalina-utility-2>] 
2026-08-19 13:29:56,298 | WARN  | 'utf8mb3_bin' is a collation of the deprecated character set UTF8MB3. Please consider using UTF8MB4 with an appropriate collation instead. [liquibase.executor.jvm.JdbcExecutor<Catalina-utility-2>] 
2026-08-19 13:29:56,610 | WARN  | NATIONAL/NCHAR/NVARCHAR implies the character set UTF8MB3, which will be replaced by UTF8MB4 in a future release. Please consider using CHAR(x) CHARACTER SET UTF8MB4 in order to be unambiguous. [liquibase.executor.jvm.JdbcExecutor<Catalina-utility-2>] 
2026-08-19 13:29:56,610 | WARN  | NATIONAL/NCHAR/NVARCHAR implies the character set UTF8MB3, which will be replaced by UTF8MB4 in a future release. Please consider using CHAR(x) CHARACTER SET UTF8MB4 in order to be unambiguous. [liquibase.executor.jvm.JdbcExecutor<Catalina-utility-2>] 
2026-08-19 13:29:56,611 | WARN  | 'utf8' is currently an alias for the character set UTF8MB3, but will be an alias for UTF8MB4 in a future release. Please consider using UTF8MB4 in order to be unambiguous. [liquibase.executor.jvm.JdbcExecutor<Catalina-utility-2>] 
2026-08-19 13:29:56,611 | WARN  | 'utf8mb3_general_ci' is a collation of the deprecated character set UTF8MB3. Please consider using UTF8MB4 with an appropriate collation instead. [liquibase.executor.jvm.JdbcExecutor<Catalina-utility-2>] 
2026-08-19 13:29:57,032 | WARN  | NATIONAL/NCHAR/NVARCHAR implies the character set UTF8MB3, which will be replaced by UTF8MB4 in a future release. Please consider using CHAR(x) CHARACTER SET UTF8MB4 in order to be unambiguous. [liquibase.executor.jvm.JdbcExecutor<Catalina-utility-2>] 
2026-08-19 13:29:57,032 | WARN  | NATIONAL/NCHAR/NVARCHAR implies the character set UTF8MB3, which will be replaced by UTF8MB4 in a future release. Please consider using CHAR(x) CHARACTER SET UTF8MB4 in order to be unambiguous. [liquibase.executor.jvm.JdbcExecutor<Catalina-utility-2>] 
2026-08-19 13:29:57,032 | WARN  | 'utf8' is currently an alias for the character set UTF8MB3, but will be an alias for UTF8MB4 in a future release. Please consider using UTF8MB4 in order to be unambiguous. [liquibase.executor.jvm.JdbcExecutor<Catalina-utility-2>] 
2026-08-19 13:29:57,032 | WARN  | 'utf8mb3_general_ci' is a collation of the deprecated character set UTF8MB3. Please consider using UTF8MB4 with an appropriate collation instead. [liquibase.executor.jvm.JdbcExecutor<Catalina-utility-2>] 
2026-08-19 13:29:57,354 | WARN  | NATIONAL/NCHAR/NVARCHAR implies the character set UTF8MB3, which will be replaced by UTF8MB4 in a future release. Please consider using CHAR(x) CHARACTER SET UTF8MB4 in order to be unambiguous. [liquibase.executor.jvm.JdbcExecutor<Catalina-utility-2>] 
2026-08-19 13:29:57,354 | WARN  | NATIONAL/NCHAR/NVARCHAR implies the character set UTF8MB3, which will be replaced by UTF8MB4 in a future release. Please consider using CHAR(x) CHARACTER SET UTF8MB4 in order to be unambiguous. [liquibase.executor.jvm.JdbcExecutor<Catalina-utility-2>] 
2026-08-19 13:29:57,354 | WARN  | NATIONAL/NCHAR/NVARCHAR implies the character set UTF8MB3, which will be replaced by UTF8MB4 in a future release. Please consider using CHAR(x) CHARACTER SET UTF8MB4 in order to be unambiguous. [liquibase.executor.jvm.JdbcExecutor<Catalina-utility-2>] 
2026-08-19 13:29:57,354 | WARN  | NATIONAL/NCHAR/NVARCHAR implies the character set UTF8MB3, which will be replaced by UTF8MB4 in a future release. Please consider using CHAR(x) CHARACTER SET UTF8MB4 in order to be unambiguous. [liquibase.executor.jvm.JdbcExecutor<Catalina-utility-2>] 
2026-08-19 13:29:57,354 | WARN  | NATIONAL/NCHAR/NVARCHAR implies the character set UTF8MB3, which will be replaced by UTF8MB4 in a future release. Please consider using CHAR(x) CHARACTER SET UTF8MB4 in order to be unambiguous. [liquibase.executor.jvm.JdbcExecutor<Catalina-utility-2>] 
2026-08-19 13:29:57,354 | WARN  | 'utf8' is currently an alias for the character set UTF8MB3, but will be an alias for UTF8MB4 in a future release. Please consider using UTF8MB4 in order to be unambiguous. [liquibase.executor.jvm.JdbcExecutor<Catalina-utility-2>] 
2026-08-19 13:29:57,354 | WARN  | 'utf8mb3_general_ci' is a collation of the deprecated character set UTF8MB3. Please consider using UTF8MB4 with an appropriate collation instead. [liquibase.executor.jvm.JdbcExecutor<Catalina-utility-2>] 
2026-08-19 13:29:58,996 | WARN  | 'utf8' is currently an alias for the character set UTF8MB3, but will be an alias for UTF8MB4 in a future release. Please consider using UTF8MB4 in order to be unambiguous. [liquibase.executor.jvm.JdbcExecutor<Catalina-utility-2>] 
2026-08-19 13:29:58,997 | WARN  | 'utf8mb3_bin' is a collation of the deprecated character set UTF8MB3. Please consider using UTF8MB4 with an appropriate collation instead. [liquibase.executor.jvm.JdbcExecutor<Catalina-utility-2>] 
2026-08-19 13:30:10,207 | WARN  | NATIONAL/NCHAR/NVARCHAR implies the character set UTF8MB3, which will be replaced by UTF8MB4 in a future release. Please consider using CHAR(x) CHARACTER SET UTF8MB4 in order to be unambiguous. [liquibase.executor.jvm.JdbcExecutor<Catalina-utility-2>] 
2026-08-19 13:30:13,809 | WARN  | NATIONAL/NCHAR/NVARCHAR implies the character set UTF8MB3, which will be replaced by UTF8MB4 in a future release. Please consider using CHAR(x) CHARACTER SET UTF8MB4 in order to be unambiguous. [liquibase.executor.jvm.JdbcExecutor<Catalina-utility-2>] 
2026-08-19 13:30:17,587 | WARN  | NATIONAL/NCHAR/NVARCHAR implies the character set UTF8MB3, which will be replaced by UTF8MB4 in a future release. Please consider using CHAR(x) CHARACTER SET UTF8MB4 in order to be unambiguous. [liquibase.executor.jvm.JdbcExecutor<Catalina-utility-2>] 
2026-08-19 13:30:20,485 | WARN  | NATIONAL/NCHAR/NVARCHAR implies the character set UTF8MB3, which will be replaced by UTF8MB4 in a future release. Please consider using CHAR(x) CHARACTER SET UTF8MB4 in order to be unambiguous. [liquibase.executor.jvm.JdbcExecutor<Catalina-utility-2>] 
2026-08-19 13:30:22,596 | WARN  | NATIONAL/NCHAR/NVARCHAR implies the character set UTF8MB3, which will be replaced by UTF8MB4 in a future release. Please consider using CHAR(x) CHARACTER SET UTF8MB4 in order to be unambiguous. [liquibase.executor.jvm.JdbcExecutor<Catalina-utility-2>] 
2026-08-19 13:30:30,016 | WARN  | NATIONAL/NCHAR/NVARCHAR implies the character set UTF8MB3, which will be replaced by UTF8MB4 in a future release. Please consider using CHAR(x) CHARACTER SET UTF8MB4 in order to be unambiguous. [liquibase.executor.jvm.JdbcExecutor<Catalina-utility-2>] 
2026-08-19 13:30:31,269 | WARN  | NATIONAL/NCHAR/NVARCHAR implies the character set UTF8MB3, which will be replaced by UTF8MB4 in a future release. Please consider using CHAR(x) CHARACTER SET UTF8MB4 in order to be unambiguous. [liquibase.executor.jvm.JdbcExecutor<Catalina-utility-2>] 
2026-08-19 13:30:31,269 | WARN  | NATIONAL/NCHAR/NVARCHAR implies the character set UTF8MB3, which will be replaced by UTF8MB4 in a future release. Please consider using CHAR(x) CHARACTER SET UTF8MB4 in order to be unambiguous. [liquibase.executor.jvm.JdbcExecutor<Catalina-utility-2>] 
2026-08-19 13:30:32,579 | WARN  | NATIONAL/NCHAR/NVARCHAR implies the character set UTF8MB3, which will be replaced by UTF8MB4 in a future release. Please consider using CHAR(x) CHARACTER SET UTF8MB4 in order to be unambiguous. [liquibase.executor.jvm.JdbcExecutor<Catalina-utility-2>] 
2026-08-19 13:30:32,579 | WARN  | NATIONAL/NCHAR/NVARCHAR implies the character set UTF8MB3, which will be replaced by UTF8MB4 in a future release. Please consider using CHAR(x) CHARACTER SET UTF8MB4 in order to be unambiguous. [liquibase.executor.jvm.JdbcExecutor<Catalina-utility-2>] 
2026-08-19 13:30:35,775 | WARN  | NATIONAL/NCHAR/NVARCHAR implies the character set UTF8MB3, which will be replaced by UTF8MB4 in a future release. Please consider using CHAR(x) CHARACTER SET UTF8MB4 in order to be unambiguous. [liquibase.executor.jvm.JdbcExecutor<Catalina-utility-2>] 
2026-08-19 13:30:35,775 | WARN  | NATIONAL/NCHAR/NVARCHAR implies the character set UTF8MB3, which will be replaced by UTF8MB4 in a future release. Please consider using CHAR(x) CHARACTER SET UTF8MB4 in order to be unambiguous. [liquibase.executor.jvm.JdbcExecutor<Catalina-utility-2>] 
2026-08-19 13:30:37,258 | WARN  | NATIONAL/NCHAR/NVARCHAR implies the character set UTF8MB3, which will be replaced by UTF8MB4 in a future release. Please consider using CHAR(x) CHARACTER SET UTF8MB4 in order to be unambiguous. [liquibase.executor.jvm.JdbcExecutor<Catalina-utility-2>] 
2026-08-19 13:30:38,096 | WARN  | 'utf8' is currently an alias for the character set UTF8MB3, but will be an alias for UTF8MB4 in a future release. Please consider using UTF8MB4 in order to be unambiguous. [liquibase.executor.jvm.JdbcExecutor<Catalina-utility-2>] 
2026-08-19 13:30:38,096 | WARN  | 'utf8mb3_general_ci' is a collation of the deprecated character set UTF8MB3. Please consider using UTF8MB4 with an appropriate collation instead. [liquibase.executor.jvm.JdbcExecutor<Catalina-utility-2>] 
2026-08-19 13:30:46,487 | WARN  | NATIONAL/NCHAR/NVARCHAR implies the character set UTF8MB3, which will be replaced by UTF8MB4 in a future release. Please consider using CHAR(x) CHARACTER SET UTF8MB4 in order to be unambiguous. [liquibase.executor.jvm.JdbcExecutor<Catalina-utility-2>] 
2026-08-19 13:30:46,487 | WARN  | 'utf8' is currently an alias for the character set UTF8MB3, but will be an alias for UTF8MB4 in a future release. Please consider using UTF8MB4 in order to be unambiguous. [liquibase.executor.jvm.JdbcExecutor<Catalina-utility-2>] 
2026-08-19 13:30:46,487 | WARN  | 'utf8mb3_general_ci' is a collation of the deprecated character set UTF8MB3. Please consider using UTF8MB4 with an appropriate collation instead. [liquibase.executor.jvm.JdbcExecutor<Catalina-utility-2>] 
2026-08-19 13:30:47,185 | WARN  | NATIONAL/NCHAR/NVARCHAR implies the character set UTF8MB3, which will be replaced by UTF8MB4 in a future release. Please consider using CHAR(x) CHARACTER SET UTF8MB4 in order to be unambiguous. [liquibase.executor.jvm.JdbcExecutor<Catalina-utility-2>] 
2026-08-19 13:30:47,185 | WARN  | NATIONAL/NCHAR/NVARCHAR implies the character set UTF8MB3, which will be replaced by UTF8MB4 in a future release. Please consider using CHAR(x) CHARACTER SET UTF8MB4 in order to be unambiguous. [liquibase.executor.jvm.JdbcExecutor<Catalina-utility-2>] 
2026-08-19 13:30:47,185 | WARN  | NATIONAL/NCHAR/NVARCHAR implies the character set UTF8MB3, which will be replaced by UTF8MB4 in a future release. Please consider using CHAR(x) CHARACTER SET UTF8MB4 in order to be unambiguous. [liquibase.executor.jvm.JdbcExecutor<Catalina-utility-2>] 
2026-08-19 13:30:47,185 | WARN  | NATIONAL/NCHAR/NVARCHAR implies the character set UTF8MB3, which will be replaced by UTF8MB4 in a future release. Please consider using CHAR(x) CHARACTER SET UTF8MB4 in order to be unambiguous. [liquibase.executor.jvm.JdbcExecutor<Catalina-utility-2>] 
2026-08-19 13:30:47,185 | WARN  | 'utf8' is currently an alias for the character set UTF8MB3, but will be an alias for UTF8MB4 in a future release. Please consider using UTF8MB4 in order to be unambiguous. [liquibase.executor.jvm.JdbcExecutor<Catalina-utility-2>] 
2026-08-19 13:30:47,185 | WARN  | 'utf8mb3_general_ci' is a collation of the deprecated character set UTF8MB3. Please consider using UTF8MB4 with an appropriate collation instead. [liquibase.executor.jvm.JdbcExecutor<Catalina-utility-2>] 
2026-08-19 13:30:50,467 | WARN  | 'BINARY as attribute of a type' is deprecated and will be removed in a future release. Please use a CHARACTER SET clause with _bin collation instead [liquibase.executor.jvm.JdbcExecutor<Catalina-utility-2>] 
2026-08-19 13:30:50,468 | WARN  | NATIONAL/NCHAR/NVARCHAR implies the character set UTF8MB3, which will be replaced by UTF8MB4 in a future release. Please consider using CHAR(x) CHARACTER SET UTF8MB4 in order to be unambiguous. [liquibase.executor.jvm.JdbcExecutor<Catalina-utility-2>] 
2026-08-19 13:30:53,328 | WARN  | NATIONAL/NCHAR/NVARCHAR implies the character set UTF8MB3, which will be replaced by UTF8MB4 in a future release. Please consider using CHAR(x) CHARACTER SET UTF8MB4 in order to be unambiguous. [liquibase.executor.jvm.JdbcExecutor<Catalina-utility-2>] 
2026-08-19 13:31:05,322 | WARN  | NATIONAL/NCHAR/NVARCHAR implies the character set UTF8MB3, which will be replaced by UTF8MB4 in a future release. Please consider using CHAR(x) CHARACTER SET UTF8MB4 in order to be unambiguous. [liquibase.executor.jvm.JdbcExecutor<Catalina-utility-2>] 
2026-08-19 13:31:05,322 | WARN  | NATIONAL/NCHAR/NVARCHAR implies the character set UTF8MB3, which will be replaced by UTF8MB4 in a future release. Please consider using CHAR(x) CHARACTER SET UTF8MB4 in order to be unambiguous. [liquibase.executor.jvm.JdbcExecutor<Catalina-utility-2>] 
2026-08-19 13:31:05,322 | WARN  | NATIONAL/NCHAR/NVARCHAR implies the character set UTF8MB3, which will be replaced by UTF8MB4 in a future release. Please consider using CHAR(x) CHARACTER SET UTF8MB4 in order to be unambiguous. [liquibase.executor.jvm.JdbcExecutor<Catalina-utility-2>] 
2026-08-19 13:31:05,322 | WARN  | NATIONAL/NCHAR/NVARCHAR implies the character set UTF8MB3, which will be replaced by UTF8MB4 in a future release. Please consider using CHAR(x) CHARACTER SET UTF8MB4 in order to be unambiguous. [liquibase.executor.jvm.JdbcExecutor<Catalina-utility-2>] 
2026-08-19 13:31:05,322 | WARN  | NATIONAL/NCHAR/NVARCHAR implies the character set UTF8MB3, which will be replaced by UTF8MB4 in a future release. Please consider using CHAR(x) CHARACTER SET UTF8MB4 in order to be unambiguous. [liquibase.executor.jvm.JdbcExecutor<Catalina-utility-2>] 
2026-08-19 13:31:05,322 | WARN  | NATIONAL/NCHAR/NVARCHAR implies the character set UTF8MB3, which will be replaced by UTF8MB4 in a future release. Please consider using CHAR(x) CHARACTER SET UTF8MB4 in order to be unambiguous. [liquibase.executor.jvm.JdbcExecutor<Catalina-utility-2>] 
2026-08-19 13:31:05,322 | WARN  | 'utf8' is currently an alias for the character set UTF8MB3, but will be an alias for UTF8MB4 in a future release. Please consider using UTF8MB4 in order to be unambiguous. [liquibase.executor.jvm.JdbcExecutor<Catalina-utility-2>] 
2026-08-19 13:31:05,322 | WARN  | 'utf8mb3_general_ci' is a collation of the deprecated character set UTF8MB3. Please consider using UTF8MB4 with an appropriate collation instead. [liquibase.executor.jvm.JdbcExecutor<Catalina-utility-2>] 
2026-08-19 13:31:21,697 | WARN  | NATIONAL/NCHAR/NVARCHAR implies the character set UTF8MB3, which will be replaced by UTF8MB4 in a future release. Please consider using CHAR(x) CHARACTER SET UTF8MB4 in order to be unambiguous. [liquibase.executor.jvm.JdbcExecutor<Catalina-utility-2>] 
2026-08-19 13:31:24,166 | WARN  | NATIONAL/NCHAR/NVARCHAR implies the character set UTF8MB3, which will be replaced by UTF8MB4 in a future release. Please consider using CHAR(x) CHARACTER SET UTF8MB4 in order to be unambiguous. [liquibase.executor.jvm.JdbcExecutor<Catalina-utility-2>] 
2026-08-19 13:31:24,442 | WARN  | NATIONAL/NCHAR/NVARCHAR implies the character set UTF8MB3, which will be replaced by UTF8MB4 in a future release. Please consider using CHAR(x) CHARACTER SET UTF8MB4 in order to be unambiguous. [liquibase.executor.jvm.JdbcExecutor<Catalina-utility-2>] 
2026-08-19 13:31:27,825 | WARN  | NATIONAL/NCHAR/NVARCHAR implies the character set UTF8MB3, which will be replaced by UTF8MB4 in a future release. Please consider using CHAR(x) CHARACTER SET UTF8MB4 in order to be unambiguous. [liquibase.executor.jvm.JdbcExecutor<Catalina-utility-2>] 
2026-08-19 13:31:28,566 | WARN  | NATIONAL/NCHAR/NVARCHAR implies the character set UTF8MB3, which will be replaced by UTF8MB4 in a future release. Please consider using CHAR(x) CHARACTER SET UTF8MB4 in order to be unambiguous. [liquibase.executor.jvm.JdbcExecutor<Catalina-utility-2>] 
2026-08-19 13:31:29,517 | WARN  | NATIONAL/NCHAR/NVARCHAR implies the character set UTF8MB3, which will be replaced by UTF8MB4 in a future release. Please consider using CHAR(x) CHARACTER SET UTF8MB4 in order to be unambiguous. [liquibase.executor.jvm.JdbcExecutor<Catalina-utility-2>] 
2026-08-19 13:31:32,245 | WARN  | NATIONAL/NCHAR/NVARCHAR implies the character set UTF8MB3, which will be replaced by UTF8MB4 in a future release. Please consider using CHAR(x) CHARACTER SET UTF8MB4 in order to be unambiguous. [liquibase.executor.jvm.JdbcExecutor<Catalina-utility-2>] 
2026-08-19 13:31:33,536 | WARN  | NATIONAL/NCHAR/NVARCHAR implies the character set UTF8MB3, which will be replaced by UTF8MB4 in a future release. Please consider using CHAR(x) CHARACTER SET UTF8MB4 in order to be unambiguous. [liquibase.executor.jvm.JdbcExecutor<Catalina-utility-2>] 
2026-08-19 13:31:33,536 | WARN  | 'utf8' is currently an alias for the character set UTF8MB3, but will be an alias for UTF8MB4 in a future release. Please consider using UTF8MB4 in order to be unambiguous. [liquibase.executor.jvm.JdbcExecutor<Catalina-utility-2>] 
2026-08-19 13:31:33,536 | WARN  | 'utf8mb3_general_ci' is a collation of the deprecated character set UTF8MB3. Please consider using UTF8MB4 with an appropriate collation instead. [liquibase.executor.jvm.JdbcExecutor<Catalina-utility-2>] 
2026-08-19 13:31:41,609 | WARN  | NATIONAL/NCHAR/NVARCHAR implies the character set UTF8MB3, which will be replaced by UTF8MB4 in a future release. Please consider using CHAR(x) CHARACTER SET UTF8MB4 in order to be unambiguous. [liquibase.executor.jvm.JdbcExecutor<Catalina-utility-2>] 
2026-08-19 13:31:43,499 | WARN  | NATIONAL/NCHAR/NVARCHAR implies the character set UTF8MB3, which will be replaced by UTF8MB4 in a future release. Please consider using CHAR(x) CHARACTER SET UTF8MB4 in order to be unambiguous. [liquibase.executor.jvm.JdbcExecutor<Catalina-utility-2>] 
2026-08-19 13:31:43,499 | WARN  | NATIONAL/NCHAR/NVARCHAR implies the character set UTF8MB3, which will be replaced by UTF8MB4 in a future release. Please consider using CHAR(x) CHARACTER SET UTF8MB4 in order to be unambiguous. [liquibase.executor.jvm.JdbcExecutor<Catalina-utility-2>] 
2026-08-19 13:31:43,499 | WARN  | 'utf8' is currently an alias for the character set UTF8MB3, but will be an alias for UTF8MB4 in a future release. Please consider using UTF8MB4 in order to be unambiguous. [liquibase.executor.jvm.JdbcExecutor<Catalina-utility-2>] 
2026-08-19 13:31:43,499 | WARN  | 'utf8mb3_general_ci' is a collation of the deprecated character set UTF8MB3. Please consider using UTF8MB4 with an appropriate collation instead. [liquibase.executor.jvm.JdbcExecutor<Catalina-utility-2>] 
2026-08-19 13:31:43,774 | WARN  | NATIONAL/NCHAR/NVARCHAR implies the character set UTF8MB3, which will be replaced by UTF8MB4 in a future release. Please consider using CHAR(x) CHARACTER SET UTF8MB4 in order to be unambiguous. [liquibase.executor.jvm.JdbcExecutor<Catalina-utility-2>] 
2026-08-19 13:31:43,774 | WARN  | NATIONAL/NCHAR/NVARCHAR implies the character set UTF8MB3, which will be replaced by UTF8MB4 in a future release. Please consider using CHAR(x) CHARACTER SET UTF8MB4 in order to be unambiguous. [liquibase.executor.jvm.JdbcExecutor<Catalina-utility-2>] 
2026-08-19 13:31:46,792 | INFO  |   * processing changelog db/changelog/metadata-rdbms.db.changelog-1.0.0.xml [o.e.c.p.impl.LiquibaseDataInitializer<Catalina-utility-2>] 
2026-08-19 13:31:47,378 | WARN  | NATIONAL/NCHAR/NVARCHAR implies the character set UTF8MB3, which will be replaced by UTF8MB4 in a future release. Please consider using CHAR(x) CHARACTER SET UTF8MB4 in order to be unambiguous. [liquibase.executor.jvm.JdbcExecutor<Catalina-utility-2>] 
2026-08-19 13:31:47,378 | WARN  | 'utf8' is currently an alias for the character set UTF8MB3, but will be an alias for UTF8MB4 in a future release. Please consider using UTF8MB4 in order to be unambiguous. [liquibase.executor.jvm.JdbcExecutor<Catalina-utility-2>] 
2026-08-19 13:31:47,378 | WARN  | 'utf8mb3_general_ci' is a collation of the deprecated character set UTF8MB3. Please consider using UTF8MB4 with an appropriate collation instead. [liquibase.executor.jvm.JdbcExecutor<Catalina-utility-2>] 
2026-08-19 13:31:47,681 | WARN  | NATIONAL/NCHAR/NVARCHAR implies the character set UTF8MB3, which will be replaced by UTF8MB4 in a future release. Please consider using CHAR(x) CHARACTER SET UTF8MB4 in order to be unambiguous. [liquibase.executor.jvm.JdbcExecutor<Catalina-utility-2>] 
2026-08-19 13:31:47,682 | WARN  | 'utf8' is currently an alias for the character set UTF8MB3, but will be an alias for UTF8MB4 in a future release. Please consider using UTF8MB4 in order to be unambiguous. [liquibase.executor.jvm.JdbcExecutor<Catalina-utility-2>] 
2026-08-19 13:31:47,682 | WARN  | 'utf8mb3_general_ci' is a collation of the deprecated character set UTF8MB3. Please consider using UTF8MB4 with an appropriate collation instead. [liquibase.executor.jvm.JdbcExecutor<Catalina-utility-2>] 
2026-08-19 13:31:48,125 | WARN  | NATIONAL/NCHAR/NVARCHAR implies the character set UTF8MB3, which will be replaced by UTF8MB4 in a future release. Please consider using CHAR(x) CHARACTER SET UTF8MB4 in order to be unambiguous. [liquibase.executor.jvm.JdbcExecutor<Catalina-utility-2>] 
2026-08-19 13:31:48,125 | WARN  | NATIONAL/NCHAR/NVARCHAR implies the character set UTF8MB3, which will be replaced by UTF8MB4 in a future release. Please consider using CHAR(x) CHARACTER SET UTF8MB4 in order to be unambiguous. [liquibase.executor.jvm.JdbcExecutor<Catalina-utility-2>] 
2026-08-19 13:31:48,125 | WARN  | NATIONAL/NCHAR/NVARCHAR implies the character set UTF8MB3, which will be replaced by UTF8MB4 in a future release. Please consider using CHAR(x) CHARACTER SET UTF8MB4 in order to be unambiguous. [liquibase.executor.jvm.JdbcExecutor<Catalina-utility-2>] 
2026-08-19 13:31:48,125 | WARN  | 'utf8' is currently an alias for the character set UTF8MB3, but will be an alias for UTF8MB4 in a future release. Please consider using UTF8MB4 in order to be unambiguous. [liquibase.executor.jvm.JdbcExecutor<Catalina-utility-2>] 
2026-08-19 13:31:48,125 | WARN  | 'utf8mb3_general_ci' is a collation of the deprecated character set UTF8MB3. Please consider using UTF8MB4 with an appropriate collation instead. [liquibase.executor.jvm.JdbcExecutor<Catalina-utility-2>] 
2026-08-19 13:31:49,353 | WARN  | NATIONAL/NCHAR/NVARCHAR implies the character set UTF8MB3, which will be replaced by UTF8MB4 in a future release. Please consider using CHAR(x) CHARACTER SET UTF8MB4 in order to be unambiguous. [liquibase.executor.jvm.JdbcExecutor<Catalina-utility-2>] 
2026-08-19 13:31:49,353 | WARN  | 'utf8' is currently an alias for the character set UTF8MB3, but will be an alias for UTF8MB4 in a future release. Please consider using UTF8MB4 in order to be unambiguous. [liquibase.executor.jvm.JdbcExecutor<Catalina-utility-2>] 
2026-08-19 13:31:49,353 | WARN  | 'utf8mb3_general_ci' is a collation of the deprecated character set UTF8MB3. Please consider using UTF8MB4 with an appropriate collation instead. [liquibase.executor.jvm.JdbcExecutor<Catalina-utility-2>] 
2026-08-19 13:31:55,561 | INFO  | Root container is built (build time 248596ms) [exo.kernel.container.RootContainer<Catalina-utility-2>] 
2026-08-19 13:31:55,561 | INFO  | Set the top container in its context [e.kernel.container.ExoContainerContext<Catalina-utility-2>] 
2026-08-19 13:31:55,561 | INFO  | Root container booted [exo.kernel.container.RootContainer<Catalina-utility-2>] 
2026-08-19 13:31:55,562 | INFO  | Installing ThreadLocalSessionProviderInitializedFilter into context '/rest' [e.j.f.c.InstallJCRServletContextListener<Catalina-utility-1>] 
2026-08-19 13:31:56,191 | INFO  | Deployment of web application archive [/opt/exo/webapps/rest.war] has finished in [249.859] ms [org.apache.catalina.startup.HostConfig<Catalina-utility-1>] 
2026-08-19 13:31:56,192 | INFO  | Deploying web application archive [/opt/exo/webapps/pwa.war] [org.apache.catalina.startup.HostConfig<Catalina-utility-1>] 
2026-08-19 13:31:56,711 | INFO  | 1 Spring WebApplicationInitializers detected on classpath [o.a.c.c.C.[Catalina].[localhost].[/pwa]<Catalina-utility-1>] 
2026-08-19 13:31:58,455 | INFO  | Starting McpServerApplication v7.2.1-exo using Java 21.0.12 with PID 7 (/opt/exo/webapps/mcp-server/WEB-INF/classes started by exo in /var/log/exo) [i.meeds.mcp.server.McpServerApplication<Catalina-utility-3>] 
2026-08-19 13:31:58,456 | INFO  | The following 35 profiles are active: "notes", "kudos", "tomcat", "documents", "push-notifications", "sites", "poll", "webdav", "deeds-tenant", "matrix", "digital-workplace", "content", "external-visio-connector", "analytics", "gamification-evm", "jcr", "exo_community", "all", "processes", "wallet", "webconferencing", "auth-server", "ecms", "ide", "mcp-server", "agenda", "gamification-twitter", "onlyoffice", "layout", "gamification", "app-center", "task", "gamification-crowdin", "perk-store", "pwa" [i.meeds.mcp.server.McpServerApplication<Catalina-utility-3>] 
2026-08-19 13:31:58,456 | INFO  | Starting PollApplication v7.2.1-exo using Java 21.0.12 with PID 7 (/opt/exo/webapps/poll/WEB-INF/classes started by exo in /var/log/exo) [io.meeds.poll.PollApplication<Catalina-utility-2>] 
2026-08-19 13:31:58,456 | INFO  | Starting PwaApplication v7.2.1-exo using Java 21.0.12 with PID 7 (/opt/exo/webapps/pwa/WEB-INF/classes started by exo in /var/log/exo) [io.meeds.pwa.PwaApplication<Catalina-utility-1>] 
2026-08-19 13:31:58,456 | INFO  | The following 35 profiles are active: "notes", "kudos", "tomcat", "documents", "push-notifications", "sites", "poll", "webdav", "deeds-tenant", "matrix", "digital-workplace", "content", "external-visio-connector", "analytics", "gamification-evm", "jcr", "exo_community", "all", "processes", "wallet", "webconferencing", "auth-server", "ecms", "ide", "mcp-server", "agenda", "gamification-twitter", "onlyoffice", "layout", "gamification", "app-center", "task", "gamification-crowdin", "perk-store", "pwa" [io.meeds.poll.PollApplication<Catalina-utility-2>] 
2026-08-19 13:31:58,456 | INFO  | The following 35 profiles are active: "notes", "kudos", "tomcat", "documents", "push-notifications", "sites", "poll", "webdav", "deeds-tenant", "matrix", "digital-workplace", "content", "external-visio-connector", "analytics", "gamification-evm", "jcr", "exo_community", "all", "processes", "wallet", "webconferencing", "auth-server", "ecms", "ide", "mcp-server", "agenda", "gamification-twitter", "onlyoffice", "layout", "gamification", "app-center", "task", "gamification-crowdin", "perk-store", "pwa" [io.meeds.pwa.PwaApplication<Catalina-utility-1>] 
2026-08-19 13:32:00,972 | INFO  | Multiple Spring Data modules found, entering strict repository configuration mode [o.s.d.r.c.RepositoryConfigurationDelegate<Catalina-utility-2>] 
2026-08-19 13:32:00,973 | INFO  | Bootstrapping Spring Data JPA repositories in DEFAULT mode. [o.s.d.r.c.RepositoryConfigurationDelegate<Catalina-utility-2>] 
2026-08-19 13:32:01,279 | INFO  | Finished Spring Data repository scanning in 273 ms. Found 3 JPA repository interfaces. [o.s.d.r.c.RepositoryConfigurationDelegate<Catalina-utility-2>] 
2026-08-19 13:32:01,637 | INFO  | Multiple Spring Data modules found, entering strict repository configuration mode [o.s.d.r.c.RepositoryConfigurationDelegate<Catalina-utility-3>] 
2026-08-19 13:32:01,638 | INFO  | Bootstrapping Spring Data Elasticsearch repositories in DEFAULT mode. [o.s.d.r.c.RepositoryConfigurationDelegate<Catalina-utility-3>] 
2026-08-19 13:32:01,665 | INFO  | Multiple Spring Data modules found, entering strict repository configuration mode [o.s.d.r.c.RepositoryConfigurationDelegate<Catalina-utility-1>] 
2026-08-19 13:32:01,665 | INFO  | Bootstrapping Spring Data Elasticsearch repositories in DEFAULT mode. [o.s.d.r.c.RepositoryConfigurationDelegate<Catalina-utility-1>] 
2026-08-19 13:32:01,689 | INFO  | Finished Spring Data repository scanning in 20 ms. Found 0 Elasticsearch repository interfaces. [o.s.d.r.c.RepositoryConfigurationDelegate<Catalina-utility-1>] 
2026-08-19 13:32:01,695 | INFO  | Finished Spring Data repository scanning in 51 ms. Found 0 Elasticsearch repository interfaces. [o.s.d.r.c.RepositoryConfigurationDelegate<Catalina-utility-3>] 
2026-08-19 13:32:01,700 | INFO  | Multiple Spring Data modules found, entering strict repository configuration mode [o.s.d.r.c.RepositoryConfigurationDelegate<Catalina-utility-1>] 
2026-08-19 13:32:01,700 | INFO  | Bootstrapping Spring Data Reactive Elasticsearch repositories in DEFAULT mode. [o.s.d.r.c.RepositoryConfigurationDelegate<Catalina-utility-1>] 
2026-08-19 13:32:01,700 | INFO  | Multiple Spring Data modules found, entering strict repository configuration mode [o.s.d.r.c.RepositoryConfigurationDelegate<Catalina-utility-2>] 
2026-08-19 13:32:01,702 | INFO  | Bootstrapping Spring Data Elasticsearch repositories in DEFAULT mode. [o.s.d.r.c.RepositoryConfigurationDelegate<Catalina-utility-2>] 
2026-08-19 13:32:01,700 | INFO  | Multiple Spring Data modules found, entering strict repository configuration mode [o.s.d.r.c.RepositoryConfigurationDelegate<Catalina-utility-3>] 
2026-08-19 13:32:01,704 | INFO  | Bootstrapping Spring Data Reactive Elasticsearch repositories in DEFAULT mode. [o.s.d.r.c.RepositoryConfigurationDelegate<Catalina-utility-3>] 
2026-08-19 13:32:01,705 | INFO  | Finished Spring Data repository scanning in 2 ms. Found 0 Reactive Elasticsearch repository interfaces. [o.s.d.r.c.RepositoryConfigurationDelegate<Catalina-utility-1>] 
2026-08-19 13:32:01,709 | INFO  | Finished Spring Data repository scanning in 3 ms. Found 0 Reactive Elasticsearch repository interfaces. [o.s.d.r.c.RepositoryConfigurationDelegate<Catalina-utility-3>] 
2026-08-19 13:32:01,716 | INFO  | Spring Data Elasticsearch - Could not safely identify store assignment for repository candidate interface io.meeds.poll.dao.PollDAO; If you want this repository to be a Elasticsearch repository, consider annotating your entities with one of these annotations: org.springframework.data.elasticsearch.annotations.Document (preferred), or consider extending one of the following types with your repository: org.springframework.data.elasticsearch.repository.ElasticsearchRepository [o.s.d.r.c.RepositoryConfigurationExtensionSupport<Catalina-utility-2>] 
2026-08-19 13:32:01,718 | INFO  | Spring Data Elasticsearch - Could not safely identify store assignment for repository candidate interface io.meeds.poll.dao.PollOptionDAO; If you want this repository to be a Elasticsearch repository, consider annotating your entities with one of these annotations: org.springframework.data.elasticsearch.annotations.Document (preferred), or consider extending one of the following types with your repository: org.springframework.data.elasticsearch.repository.ElasticsearchRepository [o.s.d.r.c.RepositoryConfigurationExtensionSupport<Catalina-utility-2>] 
2026-08-19 13:32:01,719 | INFO  | Spring Data Elasticsearch - Could not safely identify store assignment for repository candidate interface io.meeds.poll.dao.PollVoteDAO; If you want this repository to be a Elasticsearch repository, consider annotating your entities with one of these annotations: org.springframework.data.elasticsearch.annotations.Document (preferred), or consider extending one of the following types with your repository: org.springframework.data.elasticsearch.repository.ElasticsearchRepository [o.s.d.r.c.RepositoryConfigurationExtensionSupport<Catalina-utility-2>] 
2026-08-19 13:32:01,724 | INFO  | Finished Spring Data repository scanning in 21 ms. Found 0 Elasticsearch repository interfaces. [o.s.d.r.c.RepositoryConfigurationDelegate<Catalina-utility-2>] 
2026-08-19 13:32:01,731 | INFO  | Multiple Spring Data modules found, entering strict repository configuration mode [o.s.d.r.c.RepositoryConfigurationDelegate<Catalina-utility-2>] 
2026-08-19 13:32:01,732 | INFO  | Bootstrapping Spring Data Reactive Elasticsearch repositories in DEFAULT mode. [o.s.d.r.c.RepositoryConfigurationDelegate<Catalina-utility-2>] 
2026-08-19 13:32:01,736 | INFO  | Spring Data Reactive Elasticsearch - Could not safely identify store assignment for repository candidate interface io.meeds.poll.dao.PollDAO; If you want this repository to be a Reactive Elasticsearch repository, consider annotating your entities with one of these annotations: org.springframework.data.elasticsearch.annotations.Document (preferred), or consider extending one of the following types with your repository: org.springframework.data.elasticsearch.repository.ReactiveElasticsearchRepository [o.s.d.r.c.RepositoryConfigurationExtensionSupport<Catalina-utility-2>] 
2026-08-19 13:32:01,737 | INFO  | Spring Data Reactive Elasticsearch - Could not safely identify store assignment for repository candidate interface io.meeds.poll.dao.PollOptionDAO; If you want this repository to be a Reactive Elasticsearch repository, consider annotating your entities with one of these annotations: org.springframework.data.elasticsearch.annotations.Document (preferred), or consider extending one of the following types with your repository: org.springframework.data.elasticsearch.repository.ReactiveElasticsearchRepository [o.s.d.r.c.RepositoryConfigurationExtensionSupport<Catalina-utility-2>] 
2026-08-19 13:32:01,737 | INFO  | Spring Data Reactive Elasticsearch - Could not safely identify store assignment for repository candidate interface io.meeds.poll.dao.PollVoteDAO; If you want this repository to be a Reactive Elasticsearch repository, consider annotating your entities with one of these annotations: org.springframework.data.elasticsearch.annotations.Document (preferred), or consider extending one of the following types with your repository: org.springframework.data.elasticsearch.repository.ReactiveElasticsearchRepository [o.s.d.r.c.RepositoryConfigurationExtensionSupport<Catalina-utility-2>] 
2026-08-19 13:32:01,738 | INFO  | Finished Spring Data repository scanning in 4 ms. Found 0 Reactive Elasticsearch repository interfaces. [o.s.d.r.c.RepositoryConfigurationDelegate<Catalina-utility-2>] 
2026-08-19 13:32:02,784 | INFO  | Initializing Spring embedded WebApplicationContext [o.a.c.c.C.[.[localhost].[/mcp-server]<Catalina-utility-3>] 
2026-08-19 13:32:02,785 | INFO  | Root WebApplicationContext: initialization completed in 3784 ms [o.s.b.w.s.c.ServletWebServerApplicationContext<Catalina-utility-3>] 
2026-08-19 13:32:02,784 | INFO  | Initializing Spring embedded WebApplicationContext [o.a.c.c.C.[Catalina].[localhost].[/poll]<Catalina-utility-2>] 
2026-08-19 13:32:02,788 | INFO  | Root WebApplicationContext: initialization completed in 3787 ms [o.s.b.w.s.c.ServletWebServerApplicationContext<Catalina-utility-2>] 
2026-08-19 13:32:02,783 | INFO  | Initializing Spring embedded WebApplicationContext [o.a.c.c.C.[Catalina].[localhost].[/pwa]<Catalina-utility-1>] 
2026-08-19 13:32:02,794 | INFO  | Root WebApplicationContext: initialization completed in 3795 ms [o.s.b.w.s.c.ServletWebServerApplicationContext<Catalina-utility-1>] 
2026-08-19 13:32:03,224 | INFO  | Add Spring context 'mcp-server' to inject its Beans in Kernel as available components [i.m.s.k.KernelContainerLifecyclePlugin<Catalina-utility-3>] 
2026-08-19 13:32:03,225 | INFO  | Started McpServerApplication in 6.339 seconds (process running for 264.039) [i.meeds.mcp.server.McpServerApplication<Catalina-utility-3>] 
2026-08-19 13:32:03,222 | INFO  | Add Spring context 'pwa' to inject its Beans in Kernel as available components [i.m.s.k.KernelContainerLifecyclePlugin<Catalina-utility-1>] 
2026-08-19 13:32:03,221 | INFO  | Add Spring context 'poll' to inject its Beans in Kernel as available components [i.m.s.k.KernelContainerLifecyclePlugin<Catalina-utility-2>] 
2026-08-19 13:32:03,227 | INFO  | Started PwaApplication in 6.34 seconds (process running for 264.041) [io.meeds.pwa.PwaApplication<Catalina-utility-1>] 
2026-08-19 13:32:03,227 | INFO  | Started PollApplication in 6.341 seconds (process running for 264.041) [io.meeds.poll.PollApplication<Catalina-utility-2>] 
2026-08-19 13:32:03,257 | INFO  | Use maxAge "31536000" seconds for resource serving [o.e.p.application.ResourceRequestFilter<Catalina-utility-1>] 
2026-08-19 13:32:03,258 | INFO  | Use version "7.2.1-exo-20260730114738" for resource serving [o.e.p.application.ResourceRequestFilter<Catalina-utility-1>] 
2026-08-19 13:32:03,260 | INFO  | Deployment of web application archive [/opt/exo/webapps/poll.war] has finished in [256.935] ms [org.apache.catalina.startup.HostConfig<Catalina-utility-2>] 
2026-08-19 13:32:03,261 | INFO  | Deploying web application archive [/opt/exo/webapps/plf-community.war] [org.apache.catalina.startup.HostConfig<Catalina-utility-2>] 
2026-08-19 13:32:03,263 | INFO  | Deployment of web application archive [/opt/exo/webapps/pwa.war] has finished in [7.070] ms [org.apache.catalina.startup.HostConfig<Catalina-utility-1>] 
2026-08-19 13:32:03,263 | INFO  | Deploying web application archive [/opt/exo/webapps/layout.war] [org.apache.catalina.startup.HostConfig<Catalina-utility-1>] 
2026-08-19 13:32:03,272 | INFO  | At least one JAR was scanned for TLDs yet contained no TLDs. Enable debug logging for this logger for a complete list of JARs that were scanned but no TLDs were found in them. Skipping unneeded JARs during scanning can improve startup time and JSP compilation time. [org.apache.jasper.servlet.TldScanner<Catalina-utility-3>] 
2026-08-19 13:32:03,278 | INFO  | Deployment of web application archive [/opt/exo/webapps/mcp-server.war] has finished in [256.953] ms [org.apache.catalina.startup.HostConfig<Catalina-utility-3>] 
2026-08-19 13:32:03,280 | INFO  | Deploying web application archive [/opt/exo/webapps/gamification-crowdin.war] [org.apache.catalina.startup.HostConfig<Catalina-utility-3>] 
2026-08-19 13:32:03,302 | INFO  | No Spring WebApplicationInitializer types detected on classpath [o.a.c.c.C.[.[localhost].[/plf-community]<Catalina-utility-2>] 
2026-08-19 13:32:03,304 | INFO  | Deployment of web application archive [/opt/exo/webapps/plf-community.war] has finished in [43] ms [org.apache.catalina.startup.HostConfig<Catalina-utility-2>] 
2026-08-19 13:32:03,305 | INFO  | Deploying web application archive [/opt/exo/webapps/analytics.war] [org.apache.catalina.startup.HostConfig<Catalina-utility-2>] 
2026-08-19 13:32:03,422 | INFO  | 1 Spring WebApplicationInitializers detected on classpath [o.a.c.c.C.[.[.[/gamification-crowdin]<Catalina-utility-3>] 
2026-08-19 13:32:03,521 | INFO  | 1 Spring WebApplicationInitializers detected on classpath [o.a.c.c.C.[.[localhost].[/layout]<Catalina-utility-1>] 
2026-08-19 13:32:03,528 | INFO  | 1 Spring WebApplicationInitializers detected on classpath [o.a.c.c.C.[.[localhost].[/analytics]<Catalina-utility-2>] 
2026-08-19 13:32:03,612 | INFO  | Starting GamificationCrowdinApplication v7.2.1-exo using Java 21.0.12 with PID 7 (/opt/exo/webapps/gamification-crowdin/WEB-INF/classes started by exo in /var/log/exo) [i.m.c.g.GamificationCrowdinApplication<Catalina-utility-3>] 
2026-08-19 13:32:03,613 | INFO  | The following 35 profiles are active: "notes", "kudos", "tomcat", "documents", "push-notifications", "sites", "poll", "webdav", "deeds-tenant", "matrix", "digital-workplace", "content", "external-visio-connector", "analytics", "gamification-evm", "jcr", "exo_community", "all", "processes", "wallet", "webconferencing", "auth-server", "ecms", "ide", "mcp-server", "agenda", "gamification-twitter", "onlyoffice", "layout", "gamification", "app-center", "task", "gamification-crowdin", "perk-store", "pwa" [i.m.c.g.GamificationCrowdinApplication<Catalina-utility-3>] 
2026-08-19 13:32:03,752 | INFO  | Starting LayoutApplication v7.2.1-exo using Java 21.0.12 with PID 7 (/opt/exo/webapps/layout/WEB-INF/classes started by exo in /var/log/exo) [io.meeds.layout.LayoutApplication<Catalina-utility-1>] 
2026-08-19 13:32:03,752 | INFO  | The following 35 profiles are active: "notes", "kudos", "tomcat", "documents", "push-notifications", "sites", "poll", "webdav", "deeds-tenant", "matrix", "digital-workplace", "content", "external-visio-connector", "analytics", "gamification-evm", "jcr", "exo_community", "all", "processes", "wallet", "webconferencing", "auth-server", "ecms", "ide", "mcp-server", "agenda", "gamification-twitter", "onlyoffice", "layout", "gamification", "app-center", "task", "gamification-crowdin", "perk-store", "pwa" [io.meeds.layout.LayoutApplication<Catalina-utility-1>] 
2026-08-19 13:32:03,872 | INFO  | Starting AnalyticsApplication v7.2.1-exo using Java 21.0.12 with PID 7 (/opt/exo/webapps/analytics/WEB-INF/classes started by exo in /var/log/exo) [io.meeds.analytics.AnalyticsApplication<Catalina-utility-2>] 
2026-08-19 13:32:03,872 | INFO  | The following 35 profiles are active: "notes", "kudos", "tomcat", "documents", "push-notifications", "sites", "poll", "webdav", "deeds-tenant", "matrix", "digital-workplace", "content", "external-visio-connector", "analytics", "gamification-evm", "jcr", "exo_community", "all", "processes", "wallet", "webconferencing", "auth-server", "ecms", "ide", "mcp-server", "agenda", "gamification-twitter", "onlyoffice", "layout", "gamification", "app-center", "task", "gamification-crowdin", "perk-store", "pwa" [io.meeds.analytics.AnalyticsApplication<Catalina-utility-2>] 
2026-08-19 13:32:04,750 | INFO  | Multiple Spring Data modules found, entering strict repository configuration mode [o.s.d.r.c.RepositoryConfigurationDelegate<Catalina-utility-3>] 
2026-08-19 13:32:04,753 | INFO  | Bootstrapping Spring Data JPA repositories in DEFAULT mode. [o.s.d.r.c.RepositoryConfigurationDelegate<Catalina-utility-3>] 
2026-08-19 13:32:04,793 | INFO  | Finished Spring Data repository scanning in 35 ms. Found 1 JPA repository interface. [o.s.d.r.c.RepositoryConfigurationDelegate<Catalina-utility-3>] 
2026-08-19 13:32:04,949 | INFO  | Multiple Spring Data modules found, entering strict repository configuration mode [o.s.d.r.c.RepositoryConfigurationDelegate<Catalina-utility-3>] 
2026-08-19 13:32:04,950 | INFO  | Bootstrapping Spring Data Elasticsearch repositories in DEFAULT mode. [o.s.d.r.c.RepositoryConfigurationDelegate<Catalina-utility-3>] 
2026-08-19 13:32:04,954 | INFO  | Spring Data Elasticsearch - Could not safely identify store assignment for repository candidate interface io.meeds.crowdin.gamification.dao.WebHookDAO; If you want this repository to be a Elasticsearch repository, consider annotating your entities with one of these annotations: org.springframework.data.elasticsearch.annotations.Document (preferred), or consider extending one of the following types with your repository: org.springframework.data.elasticsearch.repository.ElasticsearchRepository [o.s.d.r.c.RepositoryConfigurationExtensionSupport<Catalina-utility-3>] 
2026-08-19 13:32:04,954 | INFO  | Finished Spring Data repository scanning in 2 ms. Found 0 Elasticsearch repository interfaces. [o.s.d.r.c.RepositoryConfigurationDelegate<Catalina-utility-3>] 
2026-08-19 13:32:04,957 | INFO  | Multiple Spring Data modules found, entering strict repository configuration mode [o.s.d.r.c.RepositoryConfigurationDelegate<Catalina-utility-3>] 
2026-08-19 13:32:04,957 | INFO  | Bootstrapping Spring Data Reactive Elasticsearch repositories in DEFAULT mode. [o.s.d.r.c.RepositoryConfigurationDelegate<Catalina-utility-3>] 
2026-08-19 13:32:04,964 | INFO  | Spring Data Reactive Elasticsearch - Could not safely identify store assignment for repository candidate interface io.meeds.crowdin.gamification.dao.WebHookDAO; If you want this repository to be a Reactive Elasticsearch repository, consider annotating your entities with one of these annotations: org.springframework.data.elasticsearch.annotations.Document (preferred), or consider extending one of the following types with your repository: org.springframework.data.elasticsearch.repository.ReactiveElasticsearchRepository [o.s.d.r.c.RepositoryConfigurationExtensionSupport<Catalina-utility-3>] 
2026-08-19 13:32:04,965 | INFO  | Finished Spring Data repository scanning in 3 ms. Found 0 Reactive Elasticsearch repository interfaces. [o.s.d.r.c.RepositoryConfigurationDelegate<Catalina-utility-3>] 
2026-08-19 13:32:04,994 | INFO  | Multiple Spring Data modules found, entering strict repository configuration mode [o.s.d.r.c.RepositoryConfigurationDelegate<Catalina-utility-1>] 
2026-08-19 13:32:04,996 | INFO  | Bootstrapping Spring Data JPA repositories in DEFAULT mode. [o.s.d.r.c.RepositoryConfigurationDelegate<Catalina-utility-1>] 
2026-08-19 13:32:05,040 | INFO  | Finished Spring Data repository scanning in 42 ms. Found 4 JPA repository interfaces. [o.s.d.r.c.RepositoryConfigurationDelegate<Catalina-utility-1>] 
2026-08-19 13:32:05,165 | INFO  | Multiple Spring Data modules found, entering strict repository configuration mode [o.s.d.r.c.RepositoryConfigurationDelegate<Catalina-utility-2>] 
2026-08-19 13:32:05,165 | INFO  | Bootstrapping Spring Data Elasticsearch repositories in DEFAULT mode. [o.s.d.r.c.RepositoryConfigurationDelegate<Catalina-utility-2>] 
2026-08-19 13:32:05,199 | INFO  | Finished Spring Data repository scanning in 28 ms. Found 0 Elasticsearch repository interfaces. [o.s.d.r.c.RepositoryConfigurationDelegate<Catalina-utility-2>] 
2026-08-19 13:32:05,203 | INFO  | Multiple Spring Data modules found, entering strict repository configuration mode [o.s.d.r.c.RepositoryConfigurationDelegate<Catalina-utility-2>] 
2026-08-19 13:32:05,204 | INFO  | Bootstrapping Spring Data Reactive Elasticsearch repositories in DEFAULT mode. [o.s.d.r.c.RepositoryConfigurationDelegate<Catalina-utility-2>] 
2026-08-19 13:32:05,211 | INFO  | Finished Spring Data repository scanning in 6 ms. Found 0 Reactive Elasticsearch repository interfaces. [o.s.d.r.c.RepositoryConfigurationDelegate<Catalina-utility-2>] 
2026-08-19 13:32:05,230 | INFO  | Multiple Spring Data modules found, entering strict repository configuration mode [o.s.d.r.c.RepositoryConfigurationDelegate<Catalina-utility-1>] 
2026-08-19 13:32:05,233 | INFO  | Bootstrapping Spring Data Elasticsearch repositories in DEFAULT mode. [o.s.d.r.c.RepositoryConfigurationDelegate<Catalina-utility-1>] 
2026-08-19 13:32:05,244 | INFO  | Spring Data Elasticsearch - Could not safely identify store assignment for repository candidate interface io.meeds.layout.dao.PageTemplateDAO; If you want this repository to be a Elasticsearch repository, consider annotating your entities with one of these annotations: org.springframework.data.elasticsearch.annotations.Document (preferred), or consider extending one of the following types with your repository: org.springframework.data.elasticsearch.repository.ElasticsearchRepository [o.s.d.r.c.RepositoryConfigurationExtensionSupport<Catalina-utility-1>] 
2026-08-19 13:32:05,244 | INFO  | Spring Data Elasticsearch - Could not safely identify store assignment for repository candidate interface io.meeds.layout.dao.PortletInstanceCategoryDAO; If you want this repository to be a Elasticsearch repository, consider annotating your entities with one of these annotations: org.springframework.data.elasticsearch.annotations.Document (preferred), or consider extending one of the following types with your repository: org.springframework.data.elasticsearch.repository.ElasticsearchRepository [o.s.d.r.c.RepositoryConfigurationExtensionSupport<Catalina-utility-1>] 
2026-08-19 13:32:05,245 | INFO  | Spring Data Elasticsearch - Could not safely identify store assignment for repository candidate interface io.meeds.layout.dao.PortletInstanceDAO; If you want this repository to be a Elasticsearch repository, consider annotating your entities with one of these annotations: org.springframework.data.elasticsearch.annotations.Document (preferred), or consider extending one of the following types with your repository: org.springframework.data.elasticsearch.repository.ElasticsearchRepository [o.s.d.r.c.RepositoryConfigurationExtensionSupport<Catalina-utility-1>] 
2026-08-19 13:32:05,246 | INFO  | Spring Data Elasticsearch - Could not safely identify store assignment for repository candidate interface io.meeds.layout.dao.SectionTemplateDAO; If you want this repository to be a Elasticsearch repository, consider annotating your entities with one of these annotations: org.springframework.data.elasticsearch.annotations.Document (preferred), or consider extending one of the following types with your repository: org.springframework.data.elasticsearch.repository.ElasticsearchRepository [o.s.d.r.c.RepositoryConfigurationExtensionSupport<Catalina-utility-1>] 
2026-08-19 13:32:05,246 | INFO  | Finished Spring Data repository scanning in 11 ms. Found 0 Elasticsearch repository interfaces. [o.s.d.r.c.RepositoryConfigurationDelegate<Catalina-utility-1>] 
2026-08-19 13:32:05,249 | INFO  | Multiple Spring Data modules found, entering strict repository configuration mode [o.s.d.r.c.RepositoryConfigurationDelegate<Catalina-utility-1>] 
2026-08-19 13:32:05,250 | INFO  | Bootstrapping Spring Data Reactive Elasticsearch repositories in DEFAULT mode. [o.s.d.r.c.RepositoryConfigurationDelegate<Catalina-utility-1>] 
2026-08-19 13:32:05,258 | INFO  | Spring Data Reactive Elasticsearch - Could not safely identify store assignment for repository candidate interface io.meeds.layout.dao.PageTemplateDAO; If you want this repository to be a Reactive Elasticsearch repository, consider annotating your entities with one of these annotations: org.springframework.data.elasticsearch.annotations.Document (preferred), or consider extending one of the following types with your repository: org.springframework.data.elasticsearch.repository.ReactiveElasticsearchRepository [o.s.d.r.c.RepositoryConfigurationExtensionSupport<Catalina-utility-1>] 
2026-08-19 13:32:05,258 | INFO  | Spring Data Reactive Elasticsearch - Could not safely identify store assignment for repository candidate interface io.meeds.layout.dao.PortletInstanceCategoryDAO; If you want this repository to be a Reactive Elasticsearch repository, consider annotating your entities with one of these annotations: org.springframework.data.elasticsearch.annotations.Document (preferred), or consider extending one of the following types with your repository: org.springframework.data.elasticsearch.repository.ReactiveElasticsearchRepository [o.s.d.r.c.RepositoryConfigurationExtensionSupport<Catalina-utility-1>] 
2026-08-19 13:32:05,259 | INFO  | Spring Data Reactive Elasticsearch - Could not safely identify store assignment for repository candidate interface io.meeds.layout.dao.PortletInstanceDAO; If you want this repository to be a Reactive Elasticsearch repository, consider annotating your entities with one of these annotations: org.springframework.data.elasticsearch.annotations.Document (preferred), or consider extending one of the following types with your repository: org.springframework.data.elasticsearch.repository.ReactiveElasticsearchRepository [o.s.d.r.c.RepositoryConfigurationExtensionSupport<Catalina-utility-1>] 
2026-08-19 13:32:05,259 | INFO  | Spring Data Reactive Elasticsearch - Could not safely identify store assignment for repository candidate interface io.meeds.layout.dao.SectionTemplateDAO; If you want this repository to be a Reactive Elasticsearch repository, consider annotating your entities with one of these annotations: org.springframework.data.elasticsearch.annotations.Document (preferred), or consider extending one of the following types with your repository: org.springframework.data.elasticsearch.repository.ReactiveElasticsearchRepository [o.s.d.r.c.RepositoryConfigurationExtensionSupport<Catalina-utility-1>] 
2026-08-19 13:32:05,259 | INFO  | Finished Spring Data repository scanning in 5 ms. Found 0 Reactive Elasticsearch repository interfaces. [o.s.d.r.c.RepositoryConfigurationDelegate<Catalina-utility-1>] 
2026-08-19 13:32:05,321 | INFO  | Initializing Spring embedded WebApplicationContext [o.a.c.c.C.[.[.[/gamification-crowdin]<Catalina-utility-3>] 
2026-08-19 13:32:05,321 | INFO  | Root WebApplicationContext: initialization completed in 1664 ms [o.s.b.w.s.c.ServletWebServerApplicationContext<Catalina-utility-3>] 
2026-08-19 13:32:05,462 | INFO  | Add Spring context 'gamification-crowdin' to inject its Beans in Kernel as available components [i.m.s.k.KernelContainerLifecyclePlugin<Catalina-utility-3>] 
2026-08-19 13:32:05,463 | INFO  | Started GamificationCrowdinApplication in 2.034 seconds (process running for 266.277) [i.m.c.g.GamificationCrowdinApplication<Catalina-utility-3>] 
2026-08-19 13:32:05,468 | INFO  | Deployment of web application archive [/opt/exo/webapps/gamification-crowdin.war] has finished in [2.188] ms [org.apache.catalina.startup.HostConfig<Catalina-utility-3>] 
2026-08-19 13:32:05,470 | INFO  | Deploying web application archive [/opt/exo/webapps/eXoSkin.war] [org.apache.catalina.startup.HostConfig<Catalina-utility-3>] 
2026-08-19 13:32:05,598 | INFO  | Initializing Spring embedded WebApplicationContext [o.a.c.c.C.[.[localhost].[/analytics]<Catalina-utility-2>] 
2026-08-19 13:32:05,599 | INFO  | Root WebApplicationContext: initialization completed in 1721 ms [o.s.b.w.s.c.ServletWebServerApplicationContext<Catalina-utility-2>] 
2026-08-19 13:32:05,628 | INFO  | Initializing Spring embedded WebApplicationContext [o.a.c.c.C.[.[localhost].[/layout]<Catalina-utility-1>] 
2026-08-19 13:32:05,628 | INFO  | Root WebApplicationContext: initialization completed in 1872 ms [o.s.b.w.s.c.ServletWebServerApplicationContext<Catalina-utility-1>] 
2026-08-19 13:32:05,744 | INFO  | Add Spring context 'analytics' to inject its Beans in Kernel as available components [i.m.s.k.KernelContainerLifecyclePlugin<Catalina-utility-2>] 
2026-08-19 13:32:05,745 | INFO  | Started AnalyticsApplication in 2.208 seconds (process running for 266.559) [io.meeds.analytics.AnalyticsApplication<Catalina-utility-2>] 
2026-08-19 13:32:05,761 | INFO  | Deployment of web application archive [/opt/exo/webapps/analytics.war] has finished in [2.456] ms [org.apache.catalina.startup.HostConfig<Catalina-utility-2>] 
2026-08-19 13:32:05,764 | INFO  | Deploying web application archive [/opt/exo/webapps/ide.war] [org.apache.catalina.startup.HostConfig<Catalina-utility-2>] 
2026-08-19 13:32:05,853 | INFO  | Add Spring context 'layout' to inject its Beans in Kernel as available components [i.m.s.k.KernelContainerLifecyclePlugin<Catalina-utility-1>] 
2026-08-19 13:32:05,854 | INFO  | Started LayoutApplication in 2.323 seconds (process running for 266.667) [io.meeds.layout.LayoutApplication<Catalina-utility-1>] 
2026-08-19 13:32:05,863 | INFO  | Deployment of web application archive [/opt/exo/webapps/layout.war] has finished in [2.599] ms [org.apache.catalina.startup.HostConfig<Catalina-utility-1>] 
2026-08-19 13:32:05,864 | INFO  | Deploying web application archive [/opt/exo/webapps/wallet.war] [org.apache.catalina.startup.HostConfig<Catalina-utility-1>] 
2026-08-19 13:32:06,132 | INFO  | No Spring WebApplicationInitializer types detected on classpath [o.a.c.c.C.[.[localhost].[/eXoSkin]<Catalina-utility-3>] 
2026-08-19 13:32:06,146 | INFO  | Deployment of web application archive [/opt/exo/webapps/eXoSkin.war] has finished in [676] ms [org.apache.catalina.startup.HostConfig<Catalina-utility-3>] 
2026-08-19 13:32:06,150 | INFO  | Deploying web application archive [/opt/exo/webapps/webdav.war] [org.apache.catalina.startup.HostConfig<Catalina-utility-3>] 
2026-08-19 13:32:06,180 | INFO  | 1 Spring WebApplicationInitializers detected on classpath [o.a.c.c.C.[.[localhost].[/wallet]<Catalina-utility-1>] 
2026-08-19 13:32:06,185 | INFO  | 1 Spring WebApplicationInitializers detected on classpath [o.a.c.c.C.[Catalina].[localhost].[/ide]<Catalina-utility-2>] 
2026-08-19 13:32:06,268 | INFO  | 1 Spring WebApplicationInitializers detected on classpath [o.a.c.c.C.[.[localhost].[/webdav]<Catalina-utility-3>] 
2026-08-19 13:32:06,350 | INFO  | Starting WalletApplication v7.2.1-exo using Java 21.0.12 with PID 7 (/opt/exo/webapps/wallet/WEB-INF/classes started by exo in /var/log/exo) [io.meeds.wallet.WalletApplication<Catalina-utility-1>] 
2026-08-19 13:32:06,351 | INFO  | The following 35 profiles are active: "notes", "kudos", "tomcat", "documents", "push-notifications", "sites", "poll", "webdav", "deeds-tenant", "matrix", "digital-workplace", "content", "external-visio-connector", "analytics", "gamification-evm", "jcr", "exo_community", "all", "processes", "wallet", "webconferencing", "auth-server", "ecms", "ide", "mcp-server", "agenda", "gamification-twitter", "onlyoffice", "layout", "gamification", "app-center", "task", "gamification-crowdin", "perk-store", "pwa" [io.meeds.wallet.WalletApplication<Catalina-utility-1>] 
2026-08-19 13:32:06,468 | INFO  | Starting IdeApplication v7.2.1-exo using Java 21.0.12 with PID 7 (/opt/exo/webapps/ide/WEB-INF/classes started by exo in /var/log/exo) [io.meeds.ide.IdeApplication<Catalina-utility-2>] 
2026-08-19 13:32:06,471 | INFO  | The following 35 profiles are active: "notes", "kudos", "tomcat", "documents", "push-notifications", "sites", "poll", "webdav", "deeds-tenant", "matrix", "digital-workplace", "content", "external-visio-connector", "analytics", "gamification-evm", "jcr", "exo_community", "all", "processes", "wallet", "webconferencing", "auth-server", "ecms", "ide", "mcp-server", "agenda", "gamification-twitter", "onlyoffice", "layout", "gamification", "app-center", "task", "gamification-crowdin", "perk-store", "pwa" [io.meeds.ide.IdeApplication<Catalina-utility-2>] 
2026-08-19 13:32:06,586 | INFO  | Starting WebdavApplication v7.2.1 using Java 21.0.12 with PID 7 (/opt/exo/webapps/webdav/WEB-INF/classes started by exo in /var/log/exo) [o.e.documents.webdav.WebdavApplication<Catalina-utility-3>] 
2026-08-19 13:32:06,586 | INFO  | The following 35 profiles are active: "notes", "kudos", "tomcat", "documents", "push-notifications", "sites", "poll", "webdav", "deeds-tenant", "matrix", "digital-workplace", "content", "external-visio-connector", "analytics", "gamification-evm", "jcr", "exo_community", "all", "processes", "wallet", "webconferencing", "auth-server", "ecms", "ide", "mcp-server", "agenda", "gamification-twitter", "onlyoffice", "layout", "gamification", "app-center", "task", "gamification-crowdin", "perk-store", "pwa" [o.e.documents.webdav.WebdavApplication<Catalina-utility-3>] 
2026-08-19 13:32:07,168 | INFO  | Multiple Spring Data modules found, entering strict repository configuration mode [o.s.d.r.c.RepositoryConfigurationDelegate<Catalina-utility-2>] 
2026-08-19 13:32:07,168 | INFO  | Bootstrapping Spring Data JPA repositories in DEFAULT mode. [o.s.d.r.c.RepositoryConfigurationDelegate<Catalina-utility-2>] 
2026-08-19 13:32:07,214 | INFO  | Finished Spring Data repository scanning in 44 ms. Found 1 JPA repository interface. [o.s.d.r.c.RepositoryConfigurationDelegate<Catalina-utility-2>] 
2026-08-19 13:32:07,292 | INFO  | Multiple Spring Data modules found, entering strict repository configuration mode [o.s.d.r.c.RepositoryConfigurationDelegate<Catalina-utility-1>] 
2026-08-19 13:32:07,292 | INFO  | Bootstrapping Spring Data JPA repositories in DEFAULT mode. [o.s.d.r.c.RepositoryConfigurationDelegate<Catalina-utility-1>] 
2026-08-19 13:32:07,300 | INFO  | Multiple Spring Data modules found, entering strict repository configuration mode [o.s.d.r.c.RepositoryConfigurationDelegate<Catalina-utility-2>] 
2026-08-19 13:32:07,300 | INFO  | Bootstrapping Spring Data Elasticsearch repositories in DEFAULT mode. [o.s.d.r.c.RepositoryConfigurationDelegate<Catalina-utility-2>] 
2026-08-19 13:32:07,305 | INFO  | Spring Data Elasticsearch - Could not safely identify store assignment for repository candidate interface io.meeds.ide.dao.WidgetDAO; If you want this repository to be a Elasticsearch repository, consider annotating your entities with one of these annotations: org.springframework.data.elasticsearch.annotations.Document (preferred), or consider extending one of the following types with your repository: org.springframework.data.elasticsearch.repository.ElasticsearchRepository [o.s.d.r.c.RepositoryConfigurationExtensionSupport<Catalina-utility-2>] 
2026-08-19 13:32:07,305 | INFO  | Finished Spring Data repository scanning in 3 ms. Found 0 Elasticsearch repository interfaces. [o.s.d.r.c.RepositoryConfigurationDelegate<Catalina-utility-2>] 
2026-08-19 13:32:07,306 | INFO  | Multiple Spring Data modules found, entering strict repository configuration mode [o.s.d.r.c.RepositoryConfigurationDelegate<Catalina-utility-2>] 
2026-08-19 13:32:07,308 | INFO  | Bootstrapping Spring Data Reactive Elasticsearch repositories in DEFAULT mode. [o.s.d.r.c.RepositoryConfigurationDelegate<Catalina-utility-2>] 
2026-08-19 13:32:07,313 | INFO  | Spring Data Reactive Elasticsearch - Could not safely identify store assignment for repository candidate interface io.meeds.ide.dao.WidgetDAO; If you want this repository to be a Reactive Elasticsearch repository, consider annotating your entities with one of these annotations: org.springframework.data.elasticsearch.annotations.Document (preferred), or consider extending one of the following types with your repository: org.springframework.data.elasticsearch.repository.ReactiveElasticsearchRepository [o.s.d.r.c.RepositoryConfigurationExtensionSupport<Catalina-utility-2>] 
2026-08-19 13:32:07,313 | INFO  | Finished Spring Data repository scanning in 3 ms. Found 0 Reactive Elasticsearch repository interfaces. [o.s.d.r.c.RepositoryConfigurationDelegate<Catalina-utility-2>] 
2026-08-19 13:32:07,363 | INFO  | Finished Spring Data repository scanning in 66 ms. Found 3 JPA repository interfaces. [o.s.d.r.c.RepositoryConfigurationDelegate<Catalina-utility-1>] 
2026-08-19 13:32:07,400 | INFO  | Multiple Spring Data modules found, entering strict repository configuration mode [o.s.d.r.c.RepositoryConfigurationDelegate<Catalina-utility-3>] 
2026-08-19 13:32:07,400 | INFO  | Bootstrapping Spring Data Elasticsearch repositories in DEFAULT mode. [o.s.d.r.c.RepositoryConfigurationDelegate<Catalina-utility-3>] 
2026-08-19 13:32:07,416 | INFO  | Finished Spring Data repository scanning in 14 ms. Found 0 Elasticsearch repository interfaces. [o.s.d.r.c.RepositoryConfigurationDelegate<Catalina-utility-3>] 
2026-08-19 13:32:07,417 | INFO  | Multiple Spring Data modules found, entering strict repository configuration mode [o.s.d.r.c.RepositoryConfigurationDelegate<Catalina-utility-3>] 
2026-08-19 13:32:07,417 | INFO  | Bootstrapping Spring Data Reactive Elasticsearch repositories in DEFAULT mode. [o.s.d.r.c.RepositoryConfigurationDelegate<Catalina-utility-3>] 
2026-08-19 13:32:07,425 | INFO  | Finished Spring Data repository scanning in 6 ms. Found 0 Reactive Elasticsearch repository interfaces. [o.s.d.r.c.RepositoryConfigurationDelegate<Catalina-utility-3>] 
2026-08-19 13:32:07,463 | INFO  | Multiple Spring Data modules found, entering strict repository configuration mode [o.s.d.r.c.RepositoryConfigurationDelegate<Catalina-utility-1>] 
2026-08-19 13:32:07,465 | INFO  | Bootstrapping Spring Data Elasticsearch repositories in DEFAULT mode. [o.s.d.r.c.RepositoryConfigurationDelegate<Catalina-utility-1>] 
2026-08-19 13:32:07,473 | INFO  | Spring Data Elasticsearch - Could not safely identify store assignment for repository candidate interface io.meeds.wallet.reward.dao.RewardDAO; If you want this repository to be a Elasticsearch repository, consider annotating your entities with one of these annotations: org.springframework.data.elasticsearch.annotations.Document (preferred), or consider extending one of the following types with your repository: org.springframework.data.elasticsearch.repository.ElasticsearchRepository [o.s.d.r.c.RepositoryConfigurationExtensionSupport<Catalina-utility-1>] 
2026-08-19 13:32:07,477 | INFO  | Spring Data Elasticsearch - Could not safely identify store assignment for repository candidate interface io.meeds.wallet.reward.dao.RewardPeriodDAO; If you want this repository to be a Elasticsearch repository, consider annotating your entities with one of these annotations: org.springframework.data.elasticsearch.annotations.Document (preferred), or consider extending one of the following types with your repository: org.springframework.data.elasticsearch.repository.ElasticsearchRepository [o.s.d.r.c.RepositoryConfigurationExtensionSupport<Catalina-utility-1>] 
2026-08-19 13:32:07,478 | INFO  | Spring Data Elasticsearch - Could not safely identify store assignment for repository candidate interface io.meeds.wallet.reward.dao.RewardPeriodSummaryDAO; If you want this repository to be a Elasticsearch repository, consider annotating your entities with one of these annotations: org.springframework.data.elasticsearch.annotations.Document (preferred), or consider extending one of the following types with your repository: org.springframework.data.elasticsearch.repository.ElasticsearchRepository [o.s.d.r.c.RepositoryConfigurationExtensionSupport<Catalina-utility-1>] 
2026-08-19 13:32:07,478 | INFO  | Finished Spring Data repository scanning in 11 ms. Found 0 Elasticsearch repository interfaces. [o.s.d.r.c.RepositoryConfigurationDelegate<Catalina-utility-1>] 
2026-08-19 13:32:07,479 | INFO  | Multiple Spring Data modules found, entering strict repository configuration mode [o.s.d.r.c.RepositoryConfigurationDelegate<Catalina-utility-1>] 
2026-08-19 13:32:07,480 | INFO  | Bootstrapping Spring Data Reactive Elasticsearch repositories in DEFAULT mode. [o.s.d.r.c.RepositoryConfigurationDelegate<Catalina-utility-1>] 
2026-08-19 13:32:07,484 | INFO  | Spring Data Reactive Elasticsearch - Could not safely identify store assignment for repository candidate interface io.meeds.wallet.reward.dao.RewardDAO; If you want this repository to be a Reactive Elasticsearch repository, consider annotating your entities with one of these annotations: org.springframework.data.elasticsearch.annotations.Document (preferred), or consider extending one of the following types with your repository: org.springframework.data.elasticsearch.repository.ReactiveElasticsearchRepository [o.s.d.r.c.RepositoryConfigurationExtensionSupport<Catalina-utility-1>] 
2026-08-19 13:32:07,484 | INFO  | Spring Data Reactive Elasticsearch - Could not safely identify store assignment for repository candidate interface io.meeds.wallet.reward.dao.RewardPeriodDAO; If you want this repository to be a Reactive Elasticsearch repository, consider annotating your entities with one of these annotations: org.springframework.data.elasticsearch.annotations.Document (preferred), or consider extending one of the following types with your repository: org.springframework.data.elasticsearch.repository.ReactiveElasticsearchRepository [o.s.d.r.c.RepositoryConfigurationExtensionSupport<Catalina-utility-1>] 
2026-08-19 13:32:07,485 | INFO  | Spring Data Reactive Elasticsearch - Could not safely identify store assignment for repository candidate interface io.meeds.wallet.reward.dao.RewardPeriodSummaryDAO; If you want this repository to be a Reactive Elasticsearch repository, consider annotating your entities with one of these annotations: org.springframework.data.elasticsearch.annotations.Document (preferred), or consider extending one of the following types with your repository: org.springframework.data.elasticsearch.repository.ReactiveElasticsearchRepository [o.s.d.r.c.RepositoryConfigurationExtensionSupport<Catalina-utility-1>] 
2026-08-19 13:32:07,485 | INFO  | Finished Spring Data repository scanning in 3 ms. Found 0 Reactive Elasticsearch repository interfaces. [o.s.d.r.c.RepositoryConfigurationDelegate<Catalina-utility-1>] 
2026-08-19 13:32:07,631 | INFO  | Initializing Spring embedded WebApplicationContext [o.a.c.c.C.[Catalina].[localhost].[/ide]<Catalina-utility-2>] 
2026-08-19 13:32:07,632 | INFO  | Root WebApplicationContext: initialization completed in 1159 ms [o.s.b.w.s.c.ServletWebServerApplicationContext<Catalina-utility-2>] 
2026-08-19 13:32:07,673 | INFO  | Initializing Spring embedded WebApplicationContext [o.a.c.c.C.[.[localhost].[/webdav]<Catalina-utility-3>] 
2026-08-19 13:32:07,674 | INFO  | Root WebApplicationContext: initialization completed in 1080 ms [o.s.b.w.s.c.ServletWebServerApplicationContext<Catalina-utility-3>] 
2026-08-19 13:32:07,794 | INFO  | Initializing Spring embedded WebApplicationContext [o.a.c.c.C.[.[localhost].[/wallet]<Catalina-utility-1>] 
2026-08-19 13:32:07,794 | INFO  | Root WebApplicationContext: initialization completed in 1433 ms [o.s.b.w.s.c.ServletWebServerApplicationContext<Catalina-utility-1>] 
2026-08-19 13:32:07,806 | INFO  | Add Spring context 'ide' to inject its Beans in Kernel as available components [i.m.s.k.KernelContainerLifecyclePlugin<Catalina-utility-2>] 
2026-08-19 13:32:07,809 | INFO  | Started IdeApplication in 1.614 seconds (process running for 268.623) [io.meeds.ide.IdeApplication<Catalina-utility-2>] 
2026-08-19 13:32:07,847 | INFO  | Add Spring context 'webdav' to inject its Beans in Kernel as available components [i.m.s.k.KernelContainerLifecyclePlugin<Catalina-utility-3>] 
2026-08-19 13:32:07,848 | INFO  | Started WebdavApplication in 1.568 seconds (process running for 268.661) [o.e.documents.webdav.WebdavApplication<Catalina-utility-3>] 
2026-08-19 13:32:07,855 | ERROR | For security constraints with URL pattern [/*] the HTTP methods [OPTIONS] are uncovered. [o.a.c.c.C.[.[localhost].[/webdav]<Catalina-utility-3>] 
2026-08-19 13:32:07,856 | INFO  | Deployment of web application archive [/opt/exo/webapps/webdav.war] has finished in [1.706] ms [org.apache.catalina.startup.HostConfig<Catalina-utility-3>] 
2026-08-19 13:32:07,857 | INFO  | Deploying web application archive [/opt/exo/webapps/webconferencing.war] [org.apache.catalina.startup.HostConfig<Catalina-utility-3>] 
2026-08-19 13:32:07,856 | INFO  | Deployment of web application archive [/opt/exo/webapps/ide.war] has finished in [2.092] ms [org.apache.catalina.startup.HostConfig<Catalina-utility-2>] 
2026-08-19 13:32:07,858 | INFO  | Deploying web application archive [/opt/exo/webapps/cometd.war] [org.apache.catalina.startup.HostConfig<Catalina-utility-2>] 
2026-08-19 13:32:07,892 | INFO  | No Spring WebApplicationInitializer types detected on classpath [o.a.c.c.C.[.[localhost].[/cometd]<Catalina-utility-2>] 
2026-08-19 13:32:07,902 | INFO  | Deployment of web application archive [/opt/exo/webapps/cometd.war] has finished in [45] ms [org.apache.catalina.startup.HostConfig<Catalina-utility-2>] 
2026-08-19 13:32:07,924 | INFO  | Deploying web application archive [/opt/exo/webapps/perk-store.war] [org.apache.catalina.startup.HostConfig<Catalina-utility-2>] 
2026-08-19 13:32:07,998 | INFO  | No Spring WebApplicationInitializer types detected on classpath [o.a.c.c.C.[.[.[/webconferencing]<Catalina-utility-3>] 
2026-08-19 13:32:08,002 | INFO  | Add Spring context 'wallet' to inject its Beans in Kernel as available components [i.m.s.k.KernelContainerLifecyclePlugin<Catalina-utility-1>] 
2026-08-19 13:32:08,002 | INFO  | Started WalletApplication in 1.817 seconds (process running for 268.816) [io.meeds.wallet.WalletApplication<Catalina-utility-1>] 
2026-08-19 13:32:08,005 | INFO  | Deployment of web application archive [/opt/exo/webapps/webconferencing.war] has finished in [148] ms [org.apache.catalina.startup.HostConfig<Catalina-utility-3>] 
2026-08-19 13:32:08,005 | INFO  | Deploying web application archive [/opt/exo/webapps/eXoWCMResources.war] [org.apache.catalina.startup.HostConfig<Catalina-utility-3>] 
2026-08-19 13:32:08,013 | INFO  | No Spring WebApplicationInitializer types detected on classpath [o.a.c.c.C.[.[localhost].[/perk-store]<Catalina-utility-2>] 
2026-08-19 13:32:08,016 | INFO  | Deployment of web application archive [/opt/exo/webapps/wallet.war] has finished in [2.152] ms [org.apache.catalina.startup.HostConfig<Catalina-utility-1>] 
2026-08-19 13:32:08,016 | INFO  | Deploying web application archive [/opt/exo/webapps/eXoResources.war] [org.apache.catalina.startup.HostConfig<Catalina-utility-1>] 
2026-08-19 13:32:08,016 | INFO  | Deployment of web application archive [/opt/exo/webapps/perk-store.war] has finished in [92] ms [org.apache.catalina.startup.HostConfig<Catalina-utility-2>] 
2026-08-19 13:32:08,018 | INFO  | Deploying web application archive [/opt/exo/webapps/content.war] [org.apache.catalina.startup.HostConfig<Catalina-utility-2>] 
2026-08-19 13:32:08,162 | INFO  | No Spring WebApplicationInitializer types detected on classpath [o.a.c.c.C.[.[localhost].[/eXoResources]<Catalina-utility-1>] 
2026-08-19 13:32:08,164 | INFO  | Deployment of web application archive [/opt/exo/webapps/eXoResources.war] has finished in [148] ms [org.apache.catalina.startup.HostConfig<Catalina-utility-1>] 
2026-08-19 13:32:08,166 | INFO  | Deploying web application archive [/opt/exo/webapps/notes.war] [org.apache.catalina.startup.HostConfig<Catalina-utility-1>] 
2026-08-19 13:32:08,181 | INFO  | No Spring WebApplicationInitializer types detected on classpath [o.a.c.c.C.[.[.[/eXoWCMResources]<Catalina-utility-3>] 
2026-08-19 13:32:08,183 | INFO  | Deployment of web application archive [/opt/exo/webapps/eXoWCMResources.war] has finished in [178] ms [org.apache.catalina.startup.HostConfig<Catalina-utility-3>] 
2026-08-19 13:32:08,186 | INFO  | Deploying web application archive [/opt/exo/webapps/app-center.war] [org.apache.catalina.startup.HostConfig<Catalina-utility-3>] 
2026-08-19 13:32:08,341 | INFO  | 1 Spring WebApplicationInitializers detected on classpath [o.a.c.c.C.[.[localhost].[/app-center]<Catalina-utility-3>] 
2026-08-19 13:32:08,366 | INFO  | 1 Spring WebApplicationInitializers detected on classpath [o.a.c.c.C.[.[localhost].[/content]<Catalina-utility-2>] 
2026-08-19 13:32:08,478 | INFO  | 1 Spring WebApplicationInitializers detected on classpath [o.a.c.c.C.[.[localhost].[/notes]<Catalina-utility-1>] 
2026-08-19 13:32:08,564 | INFO  | Starting AppCenterApplication v7.2.1-exo using Java 21.0.12 with PID 7 (/opt/exo/webapps/app-center/WEB-INF/classes started by exo in /var/log/exo) [io.meeds.appcenter.AppCenterApplication<Catalina-utility-3>] 
2026-08-19 13:32:08,565 | INFO  | The following 35 profiles are active: "notes", "kudos", "tomcat", "documents", "push-notifications", "sites", "poll", "webdav", "deeds-tenant", "matrix", "digital-workplace", "content", "external-visio-connector", "analytics", "gamification-evm", "jcr", "exo_community", "all", "processes", "wallet", "webconferencing", "auth-server", "ecms", "ide", "mcp-server", "agenda", "gamification-twitter", "onlyoffice", "layout", "gamification", "app-center", "task", "gamification-crowdin", "perk-store", "pwa" [io.meeds.appcenter.AppCenterApplication<Catalina-utility-3>] 
2026-08-19 13:32:08,608 | INFO  | Starting ContentApplication v7.2.1-exo using Java 21.0.12 with PID 7 (/opt/exo/webapps/content/WEB-INF/classes started by exo in /var/log/exo) [io.meeds.content.ContentApplication<Catalina-utility-2>] 
2026-08-19 13:32:08,609 | INFO  | The following 35 profiles are active: "notes", "kudos", "tomcat", "documents", "push-notifications", "sites", "poll", "webdav", "deeds-tenant", "matrix", "digital-workplace", "content", "external-visio-connector", "analytics", "gamification-evm", "jcr", "exo_community", "all", "processes", "wallet", "webconferencing", "auth-server", "ecms", "ide", "mcp-server", "agenda", "gamification-twitter", "onlyoffice", "layout", "gamification", "app-center", "task", "gamification-crowdin", "perk-store", "pwa" [io.meeds.content.ContentApplication<Catalina-utility-2>] 
2026-08-19 13:32:08,685 | INFO  | Starting NotesApplication v7.2.1-exo using Java 21.0.12 with PID 7 (/opt/exo/webapps/notes/WEB-INF/classes started by exo in /var/log/exo) [io.meeds.notes.NotesApplication<Catalina-utility-1>] 
2026-08-19 13:32:08,686 | INFO  | The following 35 profiles are active: "notes", "kudos", "tomcat", "documents", "push-notifications", "sites", "poll", "webdav", "deeds-tenant", "matrix", "digital-workplace", "content", "external-visio-connector", "analytics", "gamification-evm", "jcr", "exo_community", "all", "processes", "wallet", "webconferencing", "auth-server", "ecms", "ide", "mcp-server", "agenda", "gamification-twitter", "onlyoffice", "layout", "gamification", "app-center", "task", "gamification-crowdin", "perk-store", "pwa" [io.meeds.notes.NotesApplication<Catalina-utility-1>] 
2026-08-19 13:32:09,182 | INFO  | Multiple Spring Data modules found, entering strict repository configuration mode [o.s.d.r.c.RepositoryConfigurationDelegate<Catalina-utility-3>] 
2026-08-19 13:32:09,182 | INFO  | Bootstrapping Spring Data JPA repositories in DEFAULT mode. [o.s.d.r.c.RepositoryConfigurationDelegate<Catalina-utility-3>] 
2026-08-19 13:32:09,219 | INFO  | Finished Spring Data repository scanning in 35 ms. Found 2 JPA repository interfaces. [o.s.d.r.c.RepositoryConfigurationDelegate<Catalina-utility-3>] 
2026-08-19 13:32:09,238 | INFO  | Multiple Spring Data modules found, entering strict repository configuration mode [o.s.d.r.c.RepositoryConfigurationDelegate<Catalina-utility-2>] 
2026-08-19 13:32:09,239 | INFO  | Bootstrapping Spring Data JPA repositories in DEFAULT mode. [o.s.d.r.c.RepositoryConfigurationDelegate<Catalina-utility-2>] 
2026-08-19 13:32:09,283 | INFO  | Finished Spring Data repository scanning in 42 ms. Found 2 JPA repository interfaces. [o.s.d.r.c.RepositoryConfigurationDelegate<Catalina-utility-2>] 
2026-08-19 13:32:09,322 | INFO  | Multiple Spring Data modules found, entering strict repository configuration mode [o.s.d.r.c.RepositoryConfigurationDelegate<Catalina-utility-3>] 
2026-08-19 13:32:09,324 | INFO  | Bootstrapping Spring Data Elasticsearch repositories in DEFAULT mode. [o.s.d.r.c.RepositoryConfigurationDelegate<Catalina-utility-3>] 
2026-08-19 13:32:09,330 | INFO  | Spring Data Elasticsearch - Could not safely identify store assignment for repository candidate interface io.meeds.appcenter.dao.ApplicationDAO; If you want this repository to be a Elasticsearch repository, consider annotating your entities with one of these annotations: org.springframework.data.elasticsearch.annotations.Document (preferred), or consider extending one of the following types with your repository: org.springframework.data.elasticsearch.repository.ElasticsearchRepository [o.s.d.r.c.RepositoryConfigurationExtensionSupport<Catalina-utility-3>] 
2026-08-19 13:32:09,340 | INFO  | Spring Data Elasticsearch - Could not safely identify store assignment for repository candidate interface io.meeds.appcenter.dao.FavoriteApplicationDAO; If you want this repository to be a Elasticsearch repository, consider annotating your entities with one of these annotations: org.springframework.data.elasticsearch.annotations.Document (preferred), or consider extending one of the following types with your repository: org.springframework.data.elasticsearch.repository.ElasticsearchRepository [o.s.d.r.c.RepositoryConfigurationExtensionSupport<Catalina-utility-3>] 
2026-08-19 13:32:09,340 | INFO  | Finished Spring Data repository scanning in 11 ms. Found 0 Elasticsearch repository interfaces. [o.s.d.r.c.RepositoryConfigurationDelegate<Catalina-utility-3>] 
2026-08-19 13:32:09,341 | INFO  | Multiple Spring Data modules found, entering strict repository configuration mode [o.s.d.r.c.RepositoryConfigurationDelegate<Catalina-utility-3>] 
2026-08-19 13:32:09,342 | INFO  | Bootstrapping Spring Data Reactive Elasticsearch repositories in DEFAULT mode. [o.s.d.r.c.RepositoryConfigurationDelegate<Catalina-utility-3>] 
2026-08-19 13:32:09,347 | INFO  | Spring Data Reactive Elasticsearch - Could not safely identify store assignment for repository candidate interface io.meeds.appcenter.dao.ApplicationDAO; If you want this repository to be a Reactive Elasticsearch repository, consider annotating your entities with one of these annotations: org.springframework.data.elasticsearch.annotations.Document (preferred), or consider extending one of the following types with your repository: org.springframework.data.elasticsearch.repository.ReactiveElasticsearchRepository [o.s.d.r.c.RepositoryConfigurationExtensionSupport<Catalina-utility-3>] 
2026-08-19 13:32:09,348 | INFO  | Spring Data Reactive Elasticsearch - Could not safely identify store assignment for repository candidate interface io.meeds.appcenter.dao.FavoriteApplicationDAO; If you want this repository to be a Reactive Elasticsearch repository, consider annotating your entities with one of these annotations: org.springframework.data.elasticsearch.annotations.Document (preferred), or consider extending one of the following types with your repository: org.springframework.data.elasticsearch.repository.ReactiveElasticsearchRepository [o.s.d.r.c.RepositoryConfigurationExtensionSupport<Catalina-utility-3>] 
2026-08-19 13:32:09,348 | INFO  | Finished Spring Data repository scanning in 4 ms. Found 0 Reactive Elasticsearch repository interfaces. [o.s.d.r.c.RepositoryConfigurationDelegate<Catalina-utility-3>] 
2026-08-19 13:32:09,385 | INFO  | Multiple Spring Data modules found, entering strict repository configuration mode [o.s.d.r.c.RepositoryConfigurationDelegate<Catalina-utility-2>] 
2026-08-19 13:32:09,385 | INFO  | Bootstrapping Spring Data Elasticsearch repositories in DEFAULT mode. [o.s.d.r.c.RepositoryConfigurationDelegate<Catalina-utility-2>] 
2026-08-19 13:32:09,393 | INFO  | Spring Data Elasticsearch - Could not safely identify store assignment for repository candidate interface io.meeds.content.link.dao.LinkDAO; If you want this repository to be a Elasticsearch repository, consider annotating your entities with one of these annotations: org.springframework.data.elasticsearch.annotations.Document (preferred), or consider extending one of the following types with your repository: org.springframework.data.elasticsearch.repository.ElasticsearchRepository [o.s.d.r.c.RepositoryConfigurationExtensionSupport<Catalina-utility-2>] 
2026-08-19 13:32:09,395 | INFO  | Spring Data Elasticsearch - Could not safely identify store assignment for repository candidate interface io.meeds.content.link.dao.LinkSettingDAO; If you want this repository to be a Elasticsearch repository, consider annotating your entities with one of these annotations: org.springframework.data.elasticsearch.annotations.Document (preferred), or consider extending one of the following types with your repository: org.springframework.data.elasticsearch.repository.ElasticsearchRepository [o.s.d.r.c.RepositoryConfigurationExtensionSupport<Catalina-utility-2>] 
2026-08-19 13:32:09,395 | INFO  | Finished Spring Data repository scanning in 5 ms. Found 0 Elasticsearch repository interfaces. [o.s.d.r.c.RepositoryConfigurationDelegate<Catalina-utility-2>] 
2026-08-19 13:32:09,398 | INFO  | Multiple Spring Data modules found, entering strict repository configuration mode [o.s.d.r.c.RepositoryConfigurationDelegate<Catalina-utility-2>] 
2026-08-19 13:32:09,399 | INFO  | Bootstrapping Spring Data Reactive Elasticsearch repositories in DEFAULT mode. [o.s.d.r.c.RepositoryConfigurationDelegate<Catalina-utility-2>] 
2026-08-19 13:32:09,407 | INFO  | Spring Data Reactive Elasticsearch - Could not safely identify store assignment for repository candidate interface io.meeds.content.link.dao.LinkDAO; If you want this repository to be a Reactive Elasticsearch repository, consider annotating your entities with one of these annotations: org.springframework.data.elasticsearch.annotations.Document (preferred), or consider extending one of the following types with your repository: org.springframework.data.elasticsearch.repository.ReactiveElasticsearchRepository [o.s.d.r.c.RepositoryConfigurationExtensionSupport<Catalina-utility-2>] 
2026-08-19 13:32:09,410 | INFO  | Spring Data Reactive Elasticsearch - Could not safely identify store assignment for repository candidate interface io.meeds.content.link.dao.LinkSettingDAO; If you want this repository to be a Reactive Elasticsearch repository, consider annotating your entities with one of these annotations: org.springframework.data.elasticsearch.annotations.Document (preferred), or consider extending one of the following types with your repository: org.springframework.data.elasticsearch.repository.ReactiveElasticsearchRepository [o.s.d.r.c.RepositoryConfigurationExtensionSupport<Catalina-utility-2>] 
2026-08-19 13:32:09,411 | INFO  | Finished Spring Data repository scanning in 7 ms. Found 0 Reactive Elasticsearch repository interfaces. [o.s.d.r.c.RepositoryConfigurationDelegate<Catalina-utility-2>] 
2026-08-19 13:32:09,414 | INFO  | Multiple Spring Data modules found, entering strict repository configuration mode [o.s.d.r.c.RepositoryConfigurationDelegate<Catalina-utility-1>] 
2026-08-19 13:32:09,415 | INFO  | Bootstrapping Spring Data Elasticsearch repositories in DEFAULT mode. [o.s.d.r.c.RepositoryConfigurationDelegate<Catalina-utility-1>] 
2026-08-19 13:32:09,437 | INFO  | Finished Spring Data repository scanning in 18 ms. Found 0 Elasticsearch repository interfaces. [o.s.d.r.c.RepositoryConfigurationDelegate<Catalina-utility-1>] 
2026-08-19 13:32:09,439 | INFO  | Multiple Spring Data modules found, entering strict repository configuration mode [o.s.d.r.c.RepositoryConfigurationDelegate<Catalina-utility-1>] 
2026-08-19 13:32:09,442 | INFO  | Bootstrapping Spring Data Reactive Elasticsearch repositories in DEFAULT mode. [o.s.d.r.c.RepositoryConfigurationDelegate<Catalina-utility-1>] 
2026-08-19 13:32:09,445 | INFO  | Finished Spring Data repository scanning in 1 ms. Found 0 Reactive Elasticsearch repository interfaces. [o.s.d.r.c.RepositoryConfigurationDelegate<Catalina-utility-1>] 
2026-08-19 13:32:09,456 | INFO  | Multiple Spring Data modules found, entering strict repository configuration mode [o.s.d.r.c.RepositoryConfigurationDelegate<Catalina-utility-1>] 
2026-08-19 13:32:09,456 | INFO  | Bootstrapping Spring Data JPA repositories in DEFAULT mode. [o.s.d.r.c.RepositoryConfigurationDelegate<Catalina-utility-1>] 
2026-08-19 13:32:09,464 | INFO  | Finished Spring Data repository scanning in 6 ms. Found 0 JPA repository interfaces. [o.s.d.r.c.RepositoryConfigurationDelegate<Catalina-utility-1>] 
2026-08-19 13:32:09,649 | INFO  | Initializing Spring embedded WebApplicationContext [o.a.c.c.C.[.[localhost].[/app-center]<Catalina-utility-3>] 
2026-08-19 13:32:09,650 | INFO  | Root WebApplicationContext: initialization completed in 1078 ms [o.s.b.w.s.c.ServletWebServerApplicationContext<Catalina-utility-3>] 
2026-08-19 13:32:09,676 | INFO  | Initializing Spring embedded WebApplicationContext [o.a.c.c.C.[.[localhost].[/content]<Catalina-utility-2>] 
2026-08-19 13:32:09,676 | INFO  | Root WebApplicationContext: initialization completed in 1066 ms [o.s.b.w.s.c.ServletWebServerApplicationContext<Catalina-utility-2>] 
2026-08-19 13:32:09,686 | INFO  | Initializing Spring embedded WebApplicationContext [o.a.c.c.C.[.[localhost].[/notes]<Catalina-utility-1>] 
2026-08-19 13:32:09,686 | INFO  | Root WebApplicationContext: initialization completed in 999 ms [o.s.b.w.s.c.ServletWebServerApplicationContext<Catalina-utility-1>] 
2026-08-19 13:32:09,794 | INFO  | Add Spring context 'app-center' to inject its Beans in Kernel as available components [i.m.s.k.KernelContainerLifecyclePlugin<Catalina-utility-3>] 
2026-08-19 13:32:09,795 | INFO  | Started AppCenterApplication in 1.448 seconds (process running for 270.609) [io.meeds.appcenter.AppCenterApplication<Catalina-utility-3>] 
2026-08-19 13:32:09,801 | INFO  | Deployment of web application archive [/opt/exo/webapps/app-center.war] has finished in [1.615] ms [org.apache.catalina.startup.HostConfig<Catalina-utility-3>] 
2026-08-19 13:32:09,805 | INFO  | Deploying web application archive [/opt/exo/webapps/portal.war] [org.apache.catalina.startup.HostConfig<Catalina-utility-3>] 
2026-08-19 13:32:09,839 | INFO  | Add Spring context 'notes' to inject its Beans in Kernel as available components [i.m.s.k.KernelContainerLifecyclePlugin<Catalina-utility-1>] 
2026-08-19 13:32:09,839 | INFO  | Started NotesApplication in 1.356 seconds (process running for 270.653) [io.meeds.notes.NotesApplication<Catalina-utility-1>] 
2026-08-19 13:32:09,850 | INFO  | Add Spring context 'content' to inject its Beans in Kernel as available components [i.m.s.k.KernelContainerLifecyclePlugin<Catalina-utility-2>] 
2026-08-19 13:32:09,851 | INFO  | Started ContentApplication in 1.476 seconds (process running for 270.664) [io.meeds.content.ContentApplication<Catalina-utility-2>] 
2026-08-19 13:32:09,858 | INFO  | Deployment of web application archive [/opt/exo/webapps/notes.war] has finished in [1.692] ms [org.apache.catalina.startup.HostConfig<Catalina-utility-1>] 
2026-08-19 13:32:09,862 | INFO  | Deploying web application archive [/opt/exo/webapps/gamification-twitter.war] [org.apache.catalina.startup.HostConfig<Catalina-utility-1>] 
2026-08-19 13:32:09,880 | INFO  | Deployment of web application archive [/opt/exo/webapps/content.war] has finished in [1.862] ms [org.apache.catalina.startup.HostConfig<Catalina-utility-2>] 
2026-08-19 13:32:09,882 | INFO  | Deploying web application archive [/opt/exo/webapps/integration.war] [org.apache.catalina.startup.HostConfig<Catalina-utility-2>] 
2026-08-19 13:32:09,909 | INFO  | No Spring WebApplicationInitializer types detected on classpath [o.a.c.c.C.[.[localhost].[/integration]<Catalina-utility-2>] 
2026-08-19 13:32:09,940 | INFO  | No Spring WebApplicationInitializer types detected on classpath [o.a.c.c.C.[.[localhost].[/portal]<Catalina-utility-3>] 
2026-08-19 13:32:09,947 | INFO  | Deployment of web application archive [/opt/exo/webapps/integration.war] has finished in [65] ms [org.apache.catalina.startup.HostConfig<Catalina-utility-2>] 
2026-08-19 13:32:09,948 | INFO  | Deploying web application archive [/opt/exo/webapps/processes.war] [org.apache.catalina.startup.HostConfig<Catalina-utility-2>] 
2026-08-19 13:32:09,951 | INFO  | 1 Spring WebApplicationInitializers detected on classpath [o.a.c.c.C.[.[.[/gamification-twitter]<Catalina-utility-1>] 
2026-08-19 13:32:09,950 | INFO  | Installing ThreadLocalSessionProviderInitializedFilter into context '/portal' [e.j.f.c.InstallJCRServletContextListener<Catalina-utility-3>] 
2026-08-19 13:32:09,969 | INFO  | Deployment of web application archive [/opt/exo/webapps/portal.war] has finished in [164] ms [org.apache.catalina.startup.HostConfig<Catalina-utility-3>] 
2026-08-19 13:32:09,970 | INFO  | Deploying web application archive [/opt/exo/webapps/gamification-evm.war] [org.apache.catalina.startup.HostConfig<Catalina-utility-3>] 
2026-08-19 13:32:10,023 | INFO  | 1 Spring WebApplicationInitializers detected on classpath [o.a.c.c.C.[.[.[/gamification-evm]<Catalina-utility-3>] 
2026-08-19 13:32:10,077 | INFO  | No Spring WebApplicationInitializer types detected on classpath [o.a.c.c.C.[.[localhost].[/processes]<Catalina-utility-2>] 
2026-08-19 13:32:10,082 | INFO  | Deployment of web application archive [/opt/exo/webapps/processes.war] has finished in [133] ms [org.apache.catalina.startup.HostConfig<Catalina-utility-2>] 
2026-08-19 13:32:10,082 | INFO  | Deploying web application archive [/opt/exo/webapps/transfer-rules.war] [org.apache.catalina.startup.HostConfig<Catalina-utility-2>] 
2026-08-19 13:32:10,124 | INFO  | No Spring WebApplicationInitializer types detected on classpath [o.a.c.c.C.[.[.[/transfer-rules]<Catalina-utility-2>] 
2026-08-19 13:32:10,127 | INFO  | Deployment of web application archive [/opt/exo/webapps/transfer-rules.war] has finished in [45] ms [org.apache.catalina.startup.HostConfig<Catalina-utility-2>] 
2026-08-19 13:32:10,128 | INFO  | Deploying web application archive [/opt/exo/webapps/ecm-wcm-core.war] [org.apache.catalina.startup.HostConfig<Catalina-utility-2>] 
2026-08-19 13:32:10,140 | INFO  | Starting GamificationTwitterApplication v7.2.1-exo using Java 21.0.12 with PID 7 (/opt/exo/webapps/gamification-twitter/WEB-INF/classes started by exo in /var/log/exo) [i.m.t.g.GamificationTwitterApplication<Catalina-utility-1>] 
2026-08-19 13:32:10,140 | INFO  | The following 35 profiles are active: "notes", "kudos", "tomcat", "documents", "push-notifications", "sites", "poll", "webdav", "deeds-tenant", "matrix", "digital-workplace", "content", "external-visio-connector", "analytics", "gamification-evm", "jcr", "exo_community", "all", "processes", "wallet", "webconferencing", "auth-server", "ecms", "ide", "mcp-server", "agenda", "gamification-twitter", "onlyoffice", "layout", "gamification", "app-center", "task", "gamification-crowdin", "perk-store", "pwa" [i.m.t.g.GamificationTwitterApplication<Catalina-utility-1>] 
2026-08-19 13:32:10,161 | INFO  | No Spring WebApplicationInitializer types detected on classpath [o.a.c.c.C.[.[localhost].[/ecm-wcm-core]<Catalina-utility-2>] 
2026-08-19 13:32:10,165 | INFO  | Deployment of web application archive [/opt/exo/webapps/ecm-wcm-core.war] has finished in [36] ms [org.apache.catalina.startup.HostConfig<Catalina-utility-2>] 
2026-08-19 13:32:10,165 | INFO  | Deploying web application archive [/opt/exo/webapps/sites.war] [org.apache.catalina.startup.HostConfig<Catalina-utility-2>] 
2026-08-19 13:32:10,210 | INFO  | Starting GamificationEvmApplication v7.2.1-exo using Java 21.0.12 with PID 7 (/opt/exo/webapps/gamification-evm/WEB-INF/classes started by exo in /var/log/exo) [i.m.e.g.GamificationEvmApplication<Catalina-utility-3>] 
2026-08-19 13:32:10,210 | INFO  | The following 35 profiles are active: "notes", "kudos", "tomcat", "documents", "push-notifications", "sites", "poll", "webdav", "deeds-tenant", "matrix", "digital-workplace", "content", "external-visio-connector", "analytics", "gamification-evm", "jcr", "exo_community", "all", "processes", "wallet", "webconferencing", "auth-server", "ecms", "ide", "mcp-server", "agenda", "gamification-twitter", "onlyoffice", "layout", "gamification", "app-center", "task", "gamification-crowdin", "perk-store", "pwa" [i.m.e.g.GamificationEvmApplication<Catalina-utility-3>] 
2026-08-19 13:32:10,368 | INFO  | No Spring WebApplicationInitializer types detected on classpath [o.a.c.c.C.[.[localhost].[/sites]<Catalina-utility-2>] 
2026-08-19 13:32:10,374 | INFO  | Deployment of web application archive [/opt/exo/webapps/sites.war] has finished in [209] ms [org.apache.catalina.startup.HostConfig<Catalina-utility-2>] 
2026-08-19 13:32:10,375 | INFO  | Deploying web application archive [/opt/exo/webapps/commons-extension.war] [org.apache.catalina.startup.HostConfig<Catalina-utility-2>] 
2026-08-19 13:32:10,794 | INFO  | Multiple Spring Data modules found, entering strict repository configuration mode [o.s.d.r.c.RepositoryConfigurationDelegate<Catalina-utility-1>] 
2026-08-19 13:32:10,794 | INFO  | Bootstrapping Spring Data JPA repositories in DEFAULT mode. [o.s.d.r.c.RepositoryConfigurationDelegate<Catalina-utility-1>] 
2026-08-19 13:32:10,814 | INFO  | Finished Spring Data repository scanning in 19 ms. Found 2 JPA repository interfaces. [o.s.d.r.c.RepositoryConfigurationDelegate<Catalina-utility-1>] 
2026-08-19 13:32:10,851 | INFO  | Multiple Spring Data modules found, entering strict repository configuration mode [o.s.d.r.c.RepositoryConfigurationDelegate<Catalina-utility-3>] 
2026-08-19 13:32:10,851 | INFO  | Bootstrapping Spring Data JPA repositories in DEFAULT mode. [o.s.d.r.c.RepositoryConfigurationDelegate<Catalina-utility-3>] 
2026-08-19 13:32:10,865 | INFO  | Finished Spring Data repository scanning in 12 ms. Found 1 JPA repository interface. [o.s.d.r.c.RepositoryConfigurationDelegate<Catalina-utility-3>] 
2026-08-19 13:32:10,887 | INFO  | Multiple Spring Data modules found, entering strict repository configuration mode [o.s.d.r.c.RepositoryConfigurationDelegate<Catalina-utility-1>] 
2026-08-19 13:32:10,888 | INFO  | Bootstrapping Spring Data Elasticsearch repositories in DEFAULT mode. [o.s.d.r.c.RepositoryConfigurationDelegate<Catalina-utility-1>] 
2026-08-19 13:32:10,891 | INFO  | Spring Data Elasticsearch - Could not safely identify store assignment for repository candidate interface io.meeds.twitter.gamification.dao.TwitterAccountDAO; If you want this repository to be a Elasticsearch repository, consider annotating your entities with one of these annotations: org.springframework.data.elasticsearch.annotations.Document (preferred), or consider extending one of the following types with your repository: org.springframework.data.elasticsearch.repository.ElasticsearchRepository [o.s.d.r.c.RepositoryConfigurationExtensionSupport<Catalina-utility-1>] 
2026-08-19 13:32:10,892 | INFO  | Spring Data Elasticsearch - Could not safely identify store assignment for repository candidate interface io.meeds.twitter.gamification.dao.TwitterTweetDAO; If you want this repository to be a Elasticsearch repository, consider annotating your entities with one of these annotations: org.springframework.data.elasticsearch.annotations.Document (preferred), or consider extending one of the following types with your repository: org.springframework.data.elasticsearch.repository.ElasticsearchRepository [o.s.d.r.c.RepositoryConfigurationExtensionSupport<Catalina-utility-1>] 
2026-08-19 13:32:10,892 | INFO  | Finished Spring Data repository scanning in 2 ms. Found 0 Elasticsearch repository interfaces. [o.s.d.r.c.RepositoryConfigurationDelegate<Catalina-utility-1>] 
2026-08-19 13:32:10,893 | INFO  | Multiple Spring Data modules found, entering strict repository configuration mode [o.s.d.r.c.RepositoryConfigurationDelegate<Catalina-utility-1>] 
2026-08-19 13:32:10,893 | INFO  | Bootstrapping Spring Data Reactive Elasticsearch repositories in DEFAULT mode. [o.s.d.r.c.RepositoryConfigurationDelegate<Catalina-utility-1>] 
2026-08-19 13:32:10,896 | INFO  | Spring Data Reactive Elasticsearch - Could not safely identify store assignment for repository candidate interface io.meeds.twitter.gamification.dao.TwitterAccountDAO; If you want this repository to be a Reactive Elasticsearch repository, consider annotating your entities with one of these annotations: org.springframework.data.elasticsearch.annotations.Document (preferred), or consider extending one of the following types with your repository: org.springframework.data.elasticsearch.repository.ReactiveElasticsearchRepository [o.s.d.r.c.RepositoryConfigurationExtensionSupport<Catalina-utility-1>] 
2026-08-19 13:32:10,896 | INFO  | Spring Data Reactive Elasticsearch - Could not safely identify store assignment for repository candidate interface io.meeds.twitter.gamification.dao.TwitterTweetDAO; If you want this repository to be a Reactive Elasticsearch repository, consider annotating your entities with one of these annotations: org.springframework.data.elasticsearch.annotations.Document (preferred), or consider extending one of the following types with your repository: org.springframework.data.elasticsearch.repository.ReactiveElasticsearchRepository [o.s.d.r.c.RepositoryConfigurationExtensionSupport<Catalina-utility-1>] 
2026-08-19 13:32:10,896 | INFO  | Finished Spring Data repository scanning in 1 ms. Found 0 Reactive Elasticsearch repository interfaces. [o.s.d.r.c.RepositoryConfigurationDelegate<Catalina-utility-1>] 
2026-08-19 13:32:10,975 | INFO  | Multiple Spring Data modules found, entering strict repository configuration mode [o.s.d.r.c.RepositoryConfigurationDelegate<Catalina-utility-3>] 
2026-08-19 13:32:10,975 | INFO  | Bootstrapping Spring Data Elasticsearch repositories in DEFAULT mode. [o.s.d.r.c.RepositoryConfigurationDelegate<Catalina-utility-3>] 
2026-08-19 13:32:10,993 | INFO  | Spring Data Elasticsearch - Could not safely identify store assignment for repository candidate interface io.meeds.evm.gamification.dao.EvmTransactionDAO; If you want this repository to be a Elasticsearch repository, consider annotating your entities with one of these annotations: org.springframework.data.elasticsearch.annotations.Document (preferred), or consider extending one of the following types with your repository: org.springframework.data.elasticsearch.repository.ElasticsearchRepository [o.s.d.r.c.RepositoryConfigurationExtensionSupport<Catalina-utility-3>] 
2026-08-19 13:32:10,993 | INFO  | Finished Spring Data repository scanning in 2 ms. Found 0 Elasticsearch repository interfaces. [o.s.d.r.c.RepositoryConfigurationDelegate<Catalina-utility-3>] 
2026-08-19 13:32:11,011 | INFO  | Multiple Spring Data modules found, entering strict repository configuration mode [o.s.d.r.c.RepositoryConfigurationDelegate<Catalina-utility-3>] 
2026-08-19 13:32:11,011 | INFO  | Bootstrapping Spring Data Reactive Elasticsearch repositories in DEFAULT mode. [o.s.d.r.c.RepositoryConfigurationDelegate<Catalina-utility-3>] 
2026-08-19 13:32:11,032 | INFO  | Spring Data Reactive Elasticsearch - Could not safely identify store assignment for repository candidate interface io.meeds.evm.gamification.dao.EvmTransactionDAO; If you want this repository to be a Reactive Elasticsearch repository, consider annotating your entities with one of these annotations: org.springframework.data.elasticsearch.annotations.Document (preferred), or consider extending one of the following types with your repository: org.springframework.data.elasticsearch.repository.ReactiveElasticsearchRepository [o.s.d.r.c.RepositoryConfigurationExtensionSupport<Catalina-utility-3>] 
2026-08-19 13:32:11,032 | INFO  | Finished Spring Data repository scanning in 18 ms. Found 0 Reactive Elasticsearch repository interfaces. [o.s.d.r.c.RepositoryConfigurationDelegate<Catalina-utility-3>] 
2026-08-19 13:32:11,050 | INFO  | Initializing Spring embedded WebApplicationContext [o.a.c.c.C.[.[.[/gamification-twitter]<Catalina-utility-1>] 
2026-08-19 13:32:11,051 | INFO  | Root WebApplicationContext: initialization completed in 909 ms [o.s.b.w.s.c.ServletWebServerApplicationContext<Catalina-utility-1>] 
2026-08-19 13:32:11,144 | INFO  | Add Spring context 'gamification-twitter' to inject its Beans in Kernel as available components [i.m.s.k.KernelContainerLifecyclePlugin<Catalina-utility-1>] 
2026-08-19 13:32:11,145 | INFO  | Started GamificationTwitterApplication in 1.187 seconds (process running for 271.959) [i.m.t.g.GamificationTwitterApplication<Catalina-utility-1>] 
2026-08-19 13:32:11,153 | INFO  | Deployment of web application archive [/opt/exo/webapps/gamification-twitter.war] has finished in [1.290] ms [org.apache.catalina.startup.HostConfig<Catalina-utility-1>] 
2026-08-19 13:32:11,154 | INFO  | Deploying web application archive [/opt/exo/webapps/matrix.war] [org.apache.catalina.startup.HostConfig<Catalina-utility-1>] 
2026-08-19 13:32:11,258 | INFO  | Initializing Spring embedded WebApplicationContext [o.a.c.c.C.[.[.[/gamification-evm]<Catalina-utility-3>] 
2026-08-19 13:32:11,259 | INFO  | Root WebApplicationContext: initialization completed in 1045 ms [o.s.b.w.s.c.ServletWebServerApplicationContext<Catalina-utility-3>] 
2026-08-19 13:32:11,363 | INFO  | 1 Spring WebApplicationInitializers detected on classpath [o.a.c.c.C.[.[localhost].[/matrix]<Catalina-utility-1>] 
2026-08-19 13:32:11,429 | INFO  | Add Spring context 'gamification-evm' to inject its Beans in Kernel as available components [i.m.s.k.KernelContainerLifecyclePlugin<Catalina-utility-3>] 
2026-08-19 13:32:11,432 | INFO  | Started GamificationEvmApplication in 1.398 seconds (process running for 272.246) [i.m.e.g.GamificationEvmApplication<Catalina-utility-3>] 
2026-08-19 13:32:11,440 | INFO  | Deployment of web application archive [/opt/exo/webapps/gamification-evm.war] has finished in [1.470] ms [org.apache.catalina.startup.HostConfig<Catalina-utility-3>] 
2026-08-19 13:32:11,441 | INFO  | Deploying web application archive [/opt/exo/webapps/deeds-tenant.war] [org.apache.catalina.startup.HostConfig<Catalina-utility-3>] 
2026-08-19 13:32:11,464 | INFO  | Starting MatrixApplication v7.2.1-exo using Java 21.0.12 with PID 7 (/opt/exo/webapps/matrix/WEB-INF/classes started by exo in /var/log/exo) [io.meeds.chat.MatrixApplication<Catalina-utility-1>] 
2026-08-19 13:32:11,465 | INFO  | The following 35 profiles are active: "notes", "kudos", "tomcat", "documents", "push-notifications", "sites", "poll", "webdav", "deeds-tenant", "matrix", "digital-workplace", "content", "external-visio-connector", "analytics", "gamification-evm", "jcr", "exo_community", "all", "processes", "wallet", "webconferencing", "auth-server", "ecms", "ide", "mcp-server", "agenda", "gamification-twitter", "onlyoffice", "layout", "gamification", "app-center", "task", "gamification-crowdin", "perk-store", "pwa" [io.meeds.chat.MatrixApplication<Catalina-utility-1>] 
2026-08-19 13:32:11,693 | INFO  | No Spring WebApplicationInitializer types detected on classpath [o.a.c.c.C.[.[.[/commons-extension]<Catalina-utility-2>] 
2026-08-19 13:32:11,693 | INFO  | 1 Spring WebApplicationInitializers detected on classpath [o.a.c.c.C.[.[localhost].[/deeds-tenant]<Catalina-utility-3>] 
2026-08-19 13:32:11,698 | INFO  | Deployment of web application archive [/opt/exo/webapps/commons-extension.war] has finished in [1.323] ms [org.apache.catalina.startup.HostConfig<Catalina-utility-2>] 
2026-08-19 13:32:11,699 | INFO  | Deploying web application archive [/opt/exo/webapps/push-notifications.war] [org.apache.catalina.startup.HostConfig<Catalina-utility-2>] 
2026-08-19 13:32:11,748 | INFO  | No Spring WebApplicationInitializer types detected on classpath [o.a.c.c.C.[.[.[/push-notifications]<Catalina-utility-2>] 
2026-08-19 13:32:11,751 | INFO  | Deployment of web application archive [/opt/exo/webapps/push-notifications.war] has finished in [52] ms [org.apache.catalina.startup.HostConfig<Catalina-utility-2>] 
2026-08-19 13:32:11,751 | INFO  | Deploying web application archive [/opt/exo/webapps/ROOT.war] [org.apache.catalina.startup.HostConfig<Catalina-utility-2>] 
2026-08-19 13:32:11,778 | INFO  | No Spring WebApplicationInitializer types detected on classpath [o.a.c.c.C.[Catalina].[localhost].[/]<Catalina-utility-2>] 
2026-08-19 13:32:11,787 | INFO  | Deployment of web application archive [/opt/exo/webapps/ROOT.war] has finished in [36] ms [org.apache.catalina.startup.HostConfig<Catalina-utility-2>] 
2026-08-19 13:32:11,788 | INFO  | Deploying web application archive [/opt/exo/webapps/agenda.war] [org.apache.catalina.startup.HostConfig<Catalina-utility-2>] 
2026-08-19 13:32:11,892 | INFO  | Starting DeedTenantApplication v7.2.1-exo using Java 21.0.12 with PID 7 (/opt/exo/webapps/deeds-tenant/WEB-INF/classes started by exo in /var/log/exo) [io.meeds.tenant.DeedTenantApplication<Catalina-utility-3>] 
2026-08-19 13:32:11,896 | INFO  | The following 35 profiles are active: "notes", "kudos", "tomcat", "documents", "push-notifications", "sites", "poll", "webdav", "deeds-tenant", "matrix", "digital-workplace", "content", "external-visio-connector", "analytics", "gamification-evm", "jcr", "exo_community", "all", "processes", "wallet", "webconferencing", "auth-server", "ecms", "ide", "mcp-server", "agenda", "gamification-twitter", "onlyoffice", "layout", "gamification", "app-center", "task", "gamification-crowdin", "perk-store", "pwa" [io.meeds.tenant.DeedTenantApplication<Catalina-utility-3>] 
2026-08-19 13:32:11,996 | INFO  | 1 Spring WebApplicationInitializers detected on classpath [o.a.c.c.C.[.[localhost].[/agenda]<Catalina-utility-2>] 
2026-08-19 13:32:12,138 | INFO  | Multiple Spring Data modules found, entering strict repository configuration mode [o.s.d.r.c.RepositoryConfigurationDelegate<Catalina-utility-1>] 
2026-08-19 13:32:12,138 | INFO  | Bootstrapping Spring Data JPA repositories in DEFAULT mode. [o.s.d.r.c.RepositoryConfigurationDelegate<Catalina-utility-1>] 
2026-08-19 13:32:12,202 | INFO  | Finished Spring Data repository scanning in 58 ms. Found 1 JPA repository interface. [o.s.d.r.c.RepositoryConfigurationDelegate<Catalina-utility-1>] 
2026-08-19 13:32:12,219 | INFO  | Starting AgendaApplication v7.2.1 using Java 21.0.12 with PID 7 (/opt/exo/webapps/agenda/WEB-INF/classes started by exo in /var/log/exo) [o.exoplatform.agenda.AgendaApplication<Catalina-utility-2>] 
2026-08-19 13:32:12,220 | INFO  | The following 35 profiles are active: "notes", "kudos", "tomcat", "documents", "push-notifications", "sites", "poll", "webdav", "deeds-tenant", "matrix", "digital-workplace", "content", "external-visio-connector", "analytics", "gamification-evm", "jcr", "exo_community", "all", "processes", "wallet", "webconferencing", "auth-server", "ecms", "ide", "mcp-server", "agenda", "gamification-twitter", "onlyoffice", "layout", "gamification", "app-center", "task", "gamification-crowdin", "perk-store", "pwa" [o.exoplatform.agenda.AgendaApplication<Catalina-utility-2>] 
2026-08-19 13:32:12,270 | INFO  | Multiple Spring Data modules found, entering strict repository configuration mode [o.s.d.r.c.RepositoryConfigurationDelegate<Catalina-utility-1>] 
2026-08-19 13:32:12,270 | INFO  | Bootstrapping Spring Data Elasticsearch repositories in DEFAULT mode. [o.s.d.r.c.RepositoryConfigurationDelegate<Catalina-utility-1>] 
2026-08-19 13:32:12,274 | INFO  | Spring Data Elasticsearch - Could not safely identify store assignment for repository candidate interface io.meeds.chat.dao.MatrixRoomDAO; If you want this repository to be a Elasticsearch repository, consider annotating your entities with one of these annotations: org.springframework.data.elasticsearch.annotations.Document (preferred), or consider extending one of the following types with your repository: org.springframework.data.elasticsearch.repository.ElasticsearchRepository [o.s.d.r.c.RepositoryConfigurationExtensionSupport<Catalina-utility-1>] 
2026-08-19 13:32:12,274 | INFO  | Finished Spring Data repository scanning in 2 ms. Found 0 Elasticsearch repository interfaces. [o.s.d.r.c.RepositoryConfigurationDelegate<Catalina-utility-1>] 
2026-08-19 13:32:12,275 | INFO  | Multiple Spring Data modules found, entering strict repository configuration mode [o.s.d.r.c.RepositoryConfigurationDelegate<Catalina-utility-1>] 
2026-08-19 13:32:12,275 | INFO  | Bootstrapping Spring Data Reactive Elasticsearch repositories in DEFAULT mode. [o.s.d.r.c.RepositoryConfigurationDelegate<Catalina-utility-1>] 
2026-08-19 13:32:12,278 | INFO  | Spring Data Reactive Elasticsearch - Could not safely identify store assignment for repository candidate interface io.meeds.chat.dao.MatrixRoomDAO; If you want this repository to be a Reactive Elasticsearch repository, consider annotating your entities with one of these annotations: org.springframework.data.elasticsearch.annotations.Document (preferred), or consider extending one of the following types with your repository: org.springframework.data.elasticsearch.repository.ReactiveElasticsearchRepository [o.s.d.r.c.RepositoryConfigurationExtensionSupport<Catalina-utility-1>] 
2026-08-19 13:32:12,278 | INFO  | Finished Spring Data repository scanning in 1 ms. Found 0 Reactive Elasticsearch repository interfaces. [o.s.d.r.c.RepositoryConfigurationDelegate<Catalina-utility-1>] 
2026-08-19 13:32:12,532 | INFO  | Initializing Spring embedded WebApplicationContext [o.a.c.c.C.[.[localhost].[/matrix]<Catalina-utility-1>] 
2026-08-19 13:32:12,533 | INFO  | Root WebApplicationContext: initialization completed in 1066 ms [o.s.b.w.s.c.ServletWebServerApplicationContext<Catalina-utility-1>] 
2026-08-19 13:32:12,611 | INFO  | Add Spring context 'matrix' to inject its Beans in Kernel as available components [i.m.s.k.KernelContainerLifecyclePlugin<Catalina-utility-1>] 
2026-08-19 13:32:12,612 | INFO  | Started MatrixApplication in 1.243 seconds (process running for 273.425) [io.meeds.chat.MatrixApplication<Catalina-utility-1>] 
2026-08-19 13:32:12,614 | WARN  | Failed to process TLD with path [/tld/portlet_2_0.tld] and URI [http://java.sun.com/portlet_2_0]. The specified path does not exist. [org.apache.jasper.servlet.TldScanner<Catalina-utility-1>] 
2026-08-19 13:32:12,617 | INFO  | Deployment of web application archive [/opt/exo/webapps/matrix.war] has finished in [1.463] ms [org.apache.catalina.startup.HostConfig<Catalina-utility-1>] 
2026-08-19 13:32:12,619 | INFO  | Deploying web application archive [/opt/exo/webapps/gamification-portlets.war] [org.apache.catalina.startup.HostConfig<Catalina-utility-1>] 
2026-08-19 13:32:12,677 | INFO  | Multiple Spring Data modules found, entering strict repository configuration mode [o.s.d.r.c.RepositoryConfigurationDelegate<Catalina-utility-3>] 
2026-08-19 13:32:12,678 | INFO  | Bootstrapping Spring Data Elasticsearch repositories in DEFAULT mode. [o.s.d.r.c.RepositoryConfigurationDelegate<Catalina-utility-3>] 
2026-08-19 13:32:12,728 | INFO  | Finished Spring Data repository scanning in 46 ms. Found 0 Elasticsearch repository interfaces. [o.s.d.r.c.RepositoryConfigurationDelegate<Catalina-utility-3>] 
2026-08-19 13:32:12,730 | INFO  | Multiple Spring Data modules found, entering strict repository configuration mode [o.s.d.r.c.RepositoryConfigurationDelegate<Catalina-utility-3>] 
2026-08-19 13:32:12,730 | INFO  | Bootstrapping Spring Data Reactive Elasticsearch repositories in DEFAULT mode. [o.s.d.r.c.RepositoryConfigurationDelegate<Catalina-utility-3>] 
2026-08-19 13:32:12,735 | INFO  | Finished Spring Data repository scanning in 3 ms. Found 0 Reactive Elasticsearch repository interfaces. [o.s.d.r.c.RepositoryConfigurationDelegate<Catalina-utility-3>] 
2026-08-19 13:32:12,808 | INFO  | 1 Spring WebApplicationInitializers detected on classpath [o.a.c.c.C.[.[.[/gamification-portlets]<Catalina-utility-1>] 
2026-08-19 13:32:12,815 | INFO  | Multiple Spring Data modules found, entering strict repository configuration mode [o.s.d.r.c.RepositoryConfigurationDelegate<Catalina-utility-2>] 
2026-08-19 13:32:12,815 | INFO  | Bootstrapping Spring Data JPA repositories in DEFAULT mode. [o.s.d.r.c.RepositoryConfigurationDelegate<Catalina-utility-2>] 
2026-08-19 13:32:12,836 | INFO  | Finished Spring Data repository scanning in 19 ms. Found 0 JPA repository interfaces. [o.s.d.r.c.RepositoryConfigurationDelegate<Catalina-utility-2>] 
2026-08-19 13:32:12,912 | INFO  | Multiple Spring Data modules found, entering strict repository configuration mode [o.s.d.r.c.RepositoryConfigurationDelegate<Catalina-utility-2>] 
2026-08-19 13:32:12,912 | INFO  | Bootstrapping Spring Data Elasticsearch repositories in DEFAULT mode. [o.s.d.r.c.RepositoryConfigurationDelegate<Catalina-utility-2>] 
2026-08-19 13:32:12,921 | INFO  | Finished Spring Data repository scanning in 4 ms. Found 0 Elasticsearch repository interfaces. [o.s.d.r.c.RepositoryConfigurationDelegate<Catalina-utility-2>] 
2026-08-19 13:32:12,926 | INFO  | Multiple Spring Data modules found, entering strict repository configuration mode [o.s.d.r.c.RepositoryConfigurationDelegate<Catalina-utility-2>] 
2026-08-19 13:32:12,926 | INFO  | Bootstrapping Spring Data Reactive Elasticsearch repositories in DEFAULT mode. [o.s.d.r.c.RepositoryConfigurationDelegate<Catalina-utility-2>] 
2026-08-19 13:32:12,933 | INFO  | Finished Spring Data repository scanning in 2 ms. Found 0 Reactive Elasticsearch repository interfaces. [o.s.d.r.c.RepositoryConfigurationDelegate<Catalina-utility-2>] 
2026-08-19 13:32:12,934 | INFO  | Starting GamificationApplication v7.2.1-exo using Java 21.0.12 with PID 7 (/opt/exo/webapps/gamification-portlets/WEB-INF/classes started by exo in /var/log/exo) [i.m.gamification.GamificationApplication<Catalina-utility-1>] 
2026-08-19 13:32:12,935 | INFO  | The following 35 profiles are active: "notes", "kudos", "tomcat", "documents", "push-notifications", "sites", "poll", "webdav", "deeds-tenant", "matrix", "digital-workplace", "content", "external-visio-connector", "analytics", "gamification-evm", "jcr", "exo_community", "all", "processes", "wallet", "webconferencing", "auth-server", "ecms", "ide", "mcp-server", "agenda", "gamification-twitter", "onlyoffice", "layout", "gamification", "app-center", "task", "gamification-crowdin", "perk-store", "pwa" [i.m.gamification.GamificationApplication<Catalina-utility-1>] 
2026-08-19 13:32:12,948 | INFO  | Initializing Spring embedded WebApplicationContext [o.a.c.c.C.[.[localhost].[/deeds-tenant]<Catalina-utility-3>] 
2026-08-19 13:32:12,948 | INFO  | Root WebApplicationContext: initialization completed in 1048 ms [o.s.b.w.s.c.ServletWebServerApplicationContext<Catalina-utility-3>] 
2026-08-19 13:32:13,113 | INFO  | Add Spring context 'deeds-tenant' to inject its Beans in Kernel as available components [i.m.s.k.KernelContainerLifecyclePlugin<Catalina-utility-3>] 
2026-08-19 13:32:13,116 | INFO  | Started DeedTenantApplication in 1.416 seconds (process running for 273.93) [io.meeds.tenant.DeedTenantApplication<Catalina-utility-3>] 
2026-08-19 13:32:13,121 | INFO  | Deployment of web application archive [/opt/exo/webapps/deeds-tenant.war] has finished in [1.679] ms [org.apache.catalina.startup.HostConfig<Catalina-utility-3>] 
2026-08-19 13:32:13,123 | INFO  | Deploying web application archive [/opt/exo/webapps/social.war] [org.apache.catalina.startup.HostConfig<Catalina-utility-3>] 
2026-08-19 13:32:13,141 | INFO  | Initializing Spring embedded WebApplicationContext [o.a.c.c.C.[.[localhost].[/agenda]<Catalina-utility-2>] 
2026-08-19 13:32:13,142 | INFO  | Root WebApplicationContext: initialization completed in 920 ms [o.s.b.w.s.c.ServletWebServerApplicationContext<Catalina-utility-2>] 
2026-08-19 13:32:13,231 | INFO  | Add Spring context 'agenda' to inject its Beans in Kernel as available components [i.m.s.k.KernelContainerLifecyclePlugin<Catalina-utility-2>] 
2026-08-19 13:32:13,232 | INFO  | Started AgendaApplication in 1.23 seconds (process running for 274.045) [o.exoplatform.agenda.AgendaApplication<Catalina-utility-2>] 
2026-08-19 13:32:13,241 | INFO  | Deployment of web application archive [/opt/exo/webapps/agenda.war] has finished in [1.453] ms [org.apache.catalina.startup.HostConfig<Catalina-utility-2>] 
2026-08-19 13:32:13,241 | INFO  | Deploying web application archive [/opt/exo/webapps/kudos.war] [org.apache.catalina.startup.HostConfig<Catalina-utility-2>] 
2026-08-19 13:32:13,372 | INFO  | 1 Spring WebApplicationInitializers detected on classpath [o.a.c.c.C.[.[localhost].[/kudos]<Catalina-utility-2>] 
2026-08-19 13:32:13,619 | INFO  | Starting KudosApplication v7.2.1-exo using Java 21.0.12 with PID 7 (/opt/exo/webapps/kudos/WEB-INF/classes started by exo in /var/log/exo) [io.meeds.kudos.KudosApplication<Catalina-utility-2>] 
2026-08-19 13:32:13,620 | INFO  | The following 35 profiles are active: "notes", "kudos", "tomcat", "documents", "push-notifications", "sites", "poll", "webdav", "deeds-tenant", "matrix", "digital-workplace", "content", "external-visio-connector", "analytics", "gamification-evm", "jcr", "exo_community", "all", "processes", "wallet", "webconferencing", "auth-server", "ecms", "ide", "mcp-server", "agenda", "gamification-twitter", "onlyoffice", "layout", "gamification", "app-center", "task", "gamification-crowdin", "perk-store", "pwa" [io.meeds.kudos.KudosApplication<Catalina-utility-2>] 
2026-08-19 13:32:13,661 | INFO  | Multiple Spring Data modules found, entering strict repository configuration mode [o.s.d.r.c.RepositoryConfigurationDelegate<Catalina-utility-1>] 
2026-08-19 13:32:13,661 | INFO  | Bootstrapping Spring Data Elasticsearch repositories in DEFAULT mode. [o.s.d.r.c.RepositoryConfigurationDelegate<Catalina-utility-1>] 
2026-08-19 13:32:13,699 | INFO  | Finished Spring Data repository scanning in 36 ms. Found 0 Elasticsearch repository interfaces. [o.s.d.r.c.RepositoryConfigurationDelegate<Catalina-utility-1>] 
2026-08-19 13:32:13,700 | INFO  | Multiple Spring Data modules found, entering strict repository configuration mode [o.s.d.r.c.RepositoryConfigurationDelegate<Catalina-utility-1>] 
2026-08-19 13:32:13,700 | INFO  | Bootstrapping Spring Data Reactive Elasticsearch repositories in DEFAULT mode. [o.s.d.r.c.RepositoryConfigurationDelegate<Catalina-utility-1>] 
2026-08-19 13:32:13,705 | INFO  | Finished Spring Data repository scanning in 3 ms. Found 0 Reactive Elasticsearch repository interfaces. [o.s.d.r.c.RepositoryConfigurationDelegate<Catalina-utility-1>] 
2026-08-19 13:32:13,708 | INFO  | Multiple Spring Data modules found, entering strict repository configuration mode [o.s.d.r.c.RepositoryConfigurationDelegate<Catalina-utility-1>] 
2026-08-19 13:32:13,709 | INFO  | Bootstrapping Spring Data JPA repositories in DEFAULT mode. [o.s.d.r.c.RepositoryConfigurationDelegate<Catalina-utility-1>] 
2026-08-19 13:32:13,712 | INFO  | Finished Spring Data repository scanning in 2 ms. Found 0 JPA repository interfaces. [o.s.d.r.c.RepositoryConfigurationDelegate<Catalina-utility-1>] 
2026-08-19 13:32:13,807 | INFO  | 1 Spring WebApplicationInitializers detected on classpath [o.a.c.c.C.[.[localhost].[/social]<Catalina-utility-3>] 
2026-08-19 13:32:13,859 | INFO  | Initializing Spring embedded WebApplicationContext [o.a.c.c.C.[.[.[/gamification-portlets]<Catalina-utility-1>] 
2026-08-19 13:32:13,859 | INFO  | Root WebApplicationContext: initialization completed in 923 ms [o.s.b.w.s.c.ServletWebServerApplicationContext<Catalina-utility-1>] 
2026-08-19 13:32:13,984 | INFO  | Starting SocialApplication v7.2.1-exo using Java 21.0.12 with PID 7 (/opt/exo/webapps/social/WEB-INF/classes started by exo in /var/log/exo) [io.meeds.social.SocialApplication<Catalina-utility-3>] 
2026-08-19 13:32:13,984 | INFO  | The following 35 profiles are active: "notes", "kudos", "tomcat", "documents", "push-notifications", "sites", "poll", "webdav", "deeds-tenant", "matrix", "digital-workplace", "content", "external-visio-connector", "analytics", "gamification-evm", "jcr", "exo_community", "all", "processes", "wallet", "webconferencing", "auth-server", "ecms", "ide", "mcp-server", "agenda", "gamification-twitter", "onlyoffice", "layout", "gamification", "app-center", "task", "gamification-crowdin", "perk-store", "pwa" [io.meeds.social.SocialApplication<Catalina-utility-3>] 
2026-08-19 13:32:13,987 | INFO  | Add Spring context 'gamification-portlets' to inject its Beans in Kernel as available components [i.m.s.k.KernelContainerLifecyclePlugin<Catalina-utility-1>] 
2026-08-19 13:32:13,987 | INFO  | Started GamificationApplication in 1.175 seconds (process running for 274.801) [i.m.gamification.GamificationApplication<Catalina-utility-1>] 
2026-08-19 13:32:14,004 | INFO  | Deployment of web application archive [/opt/exo/webapps/gamification-portlets.war] has finished in [1.384] ms [org.apache.catalina.startup.HostConfig<Catalina-utility-1>] 
2026-08-19 13:32:14,004 | INFO  | Deploying web application archive [/opt/exo/webapps/commons-exo-extension.war] [org.apache.catalina.startup.HostConfig<Catalina-utility-1>] 
2026-08-19 13:32:14,046 | INFO  | No Spring WebApplicationInitializer types detected on classpath [o.a.c.c.C.[.[.[/commons-exo-extension]<Catalina-utility-1>] 
2026-08-19 13:32:14,048 | INFO  | Deployment of web application archive [/opt/exo/webapps/commons-exo-extension.war] has finished in [44] ms [org.apache.catalina.startup.HostConfig<Catalina-utility-1>] 
2026-08-19 13:32:14,051 | INFO  | Deploying web application archive [/opt/exo/webapps/external-visio.war] [org.apache.catalina.startup.HostConfig<Catalina-utility-1>] 
2026-08-19 13:32:14,099 | INFO  | No Spring WebApplicationInitializer types detected on classpath [o.a.c.c.C.[.[.[/external-visio]<Catalina-utility-1>] 
2026-08-19 13:32:14,103 | INFO  | Deployment of web application archive [/opt/exo/webapps/external-visio.war] has finished in [51] ms [org.apache.catalina.startup.HostConfig<Catalina-utility-1>] 
2026-08-19 13:32:14,103 | INFO  | Deploying web application archive [/opt/exo/webapps/editors.war] [org.apache.catalina.startup.HostConfig<Catalina-utility-1>] 
2026-08-19 13:32:14,151 | INFO  | No Spring WebApplicationInitializer types detected on classpath [o.a.c.c.C.[.[localhost].[/editors]<Catalina-utility-1>] 
2026-08-19 13:32:14,154 | INFO  | Deployment of web application archive [/opt/exo/webapps/editors.war] has finished in [50] ms [org.apache.catalina.startup.HostConfig<Catalina-utility-1>] 
2026-08-19 13:32:14,155 | INFO  | Deploying web application archive [/opt/exo/webapps/documents-portlet.war] [org.apache.catalina.startup.HostConfig<Catalina-utility-1>] 
2026-08-19 13:32:14,169 | INFO  | Multiple Spring Data modules found, entering strict repository configuration mode [o.s.d.r.c.RepositoryConfigurationDelegate<Catalina-utility-2>] 
2026-08-19 13:32:14,170 | INFO  | Bootstrapping Spring Data JPA repositories in DEFAULT mode. [o.s.d.r.c.RepositoryConfigurationDelegate<Catalina-utility-2>] 
2026-08-19 13:32:14,184 | INFO  | Finished Spring Data repository scanning in 11 ms. Found 1 JPA repository interface. [o.s.d.r.c.RepositoryConfigurationDelegate<Catalina-utility-2>] 
2026-08-19 13:32:14,282 | INFO  | Multiple Spring Data modules found, entering strict repository configuration mode [o.s.d.r.c.RepositoryConfigurationDelegate<Catalina-utility-2>] 
2026-08-19 13:32:14,282 | INFO  | Bootstrapping Spring Data Elasticsearch repositories in DEFAULT mode. [o.s.d.r.c.RepositoryConfigurationDelegate<Catalina-utility-2>] 
2026-08-19 13:32:14,284 | INFO  | Spring Data Elasticsearch - Could not safely identify store assignment for repository candidate interface io.meeds.kudos.dao.KudosDAO; If you want this repository to be a Elasticsearch repository, consider annotating your entities with one of these annotations: org.springframework.data.elasticsearch.annotations.Document (preferred), or consider extending one of the following types with your repository: org.springframework.data.elasticsearch.repository.ElasticsearchRepository [o.s.d.r.c.RepositoryConfigurationExtensionSupport<Catalina-utility-2>] 
2026-08-19 13:32:14,284 | INFO  | Finished Spring Data repository scanning in 1 ms. Found 0 Elasticsearch repository interfaces. [o.s.d.r.c.RepositoryConfigurationDelegate<Catalina-utility-2>] 
2026-08-19 13:32:14,286 | INFO  | Multiple Spring Data modules found, entering strict repository configuration mode [o.s.d.r.c.RepositoryConfigurationDelegate<Catalina-utility-2>] 
2026-08-19 13:32:14,286 | INFO  | Bootstrapping Spring Data Reactive Elasticsearch repositories in DEFAULT mode. [o.s.d.r.c.RepositoryConfigurationDelegate<Catalina-utility-2>] 
2026-08-19 13:32:14,288 | INFO  | Spring Data Reactive Elasticsearch - Could not safely identify store assignment for repository candidate interface io.meeds.kudos.dao.KudosDAO; If you want this repository to be a Reactive Elasticsearch repository, consider annotating your entities with one of these annotations: org.springframework.data.elasticsearch.annotations.Document (preferred), or consider extending one of the following types with your repository: org.springframework.data.elasticsearch.repository.ReactiveElasticsearchRepository [o.s.d.r.c.RepositoryConfigurationExtensionSupport<Catalina-utility-2>] 
2026-08-19 13:32:14,288 | INFO  | Finished Spring Data repository scanning in 1 ms. Found 0 Reactive Elasticsearch repository interfaces. [o.s.d.r.c.RepositoryConfigurationDelegate<Catalina-utility-2>] 
2026-08-19 13:32:14,477 | INFO  | Initializing Spring embedded WebApplicationContext [o.a.c.c.C.[.[localhost].[/kudos]<Catalina-utility-2>] 
2026-08-19 13:32:14,478 | INFO  | Root WebApplicationContext: initialization completed in 856 ms [o.s.b.w.s.c.ServletWebServerApplicationContext<Catalina-utility-2>] 
2026-08-19 13:32:14,482 | INFO  | 1 Spring WebApplicationInitializers detected on classpath [o.a.c.c.C.[.[.[/documents-portlet]<Catalina-utility-1>] 
2026-08-19 13:32:14,613 | INFO  | Add Spring context 'kudos' to inject its Beans in Kernel as available components [i.m.s.k.KernelContainerLifecyclePlugin<Catalina-utility-2>] 
2026-08-19 13:32:14,614 | INFO  | Started KudosApplication in 1.237 seconds (process running for 275.427) [io.meeds.kudos.KudosApplication<Catalina-utility-2>] 
2026-08-19 13:32:14,622 | INFO  | Deployment of web application archive [/opt/exo/webapps/kudos.war] has finished in [1.381] ms [org.apache.catalina.startup.HostConfig<Catalina-utility-2>] 
2026-08-19 13:32:14,622 | INFO  | Deploying web application archive [/opt/exo/webapps/platform-ui.war] [org.apache.catalina.startup.HostConfig<Catalina-utility-2>] 
2026-08-19 13:32:14,626 | INFO  | Starting DocumentApplication v7.2.1 using Java 21.0.12 with PID 7 (/opt/exo/webapps/documents-portlet/WEB-INF/classes started by exo in /var/log/exo) [o.e.documents.DocumentApplication<Catalina-utility-1>] 
2026-08-19 13:32:14,626 | INFO  | The following 35 profiles are active: "notes", "kudos", "tomcat", "documents", "push-notifications", "sites", "poll", "webdav", "deeds-tenant", "matrix", "digital-workplace", "content", "external-visio-connector", "analytics", "gamification-evm", "jcr", "exo_community", "all", "processes", "wallet", "webconferencing", "auth-server", "ecms", "ide", "mcp-server", "agenda", "gamification-twitter", "onlyoffice", "layout", "gamification", "app-center", "task", "gamification-crowdin", "perk-store", "pwa" [o.e.documents.DocumentApplication<Catalina-utility-1>] 
2026-08-19 13:32:14,630 | INFO  | Multiple Spring Data modules found, entering strict repository configuration mode [o.s.d.r.c.RepositoryConfigurationDelegate<Catalina-utility-3>] 
2026-08-19 13:32:14,630 | INFO  | Bootstrapping Spring Data JPA repositories in DEFAULT mode. [o.s.d.r.c.RepositoryConfigurationDelegate<Catalina-utility-3>] 
2026-08-19 13:32:14,737 | INFO  | Finished Spring Data repository scanning in 106 ms. Found 3 JPA repository interfaces. [o.s.d.r.c.RepositoryConfigurationDelegate<Catalina-utility-3>] 
2026-08-19 13:32:14,784 | INFO  | No Spring WebApplicationInitializer types detected on classpath [o.a.c.c.C.[.[localhost].[/platform-ui]<Catalina-utility-2>] 
2026-08-19 13:32:14,787 | INFO  | Deployment of web application archive [/opt/exo/webapps/platform-ui.war] has finished in [165] ms [org.apache.catalina.startup.HostConfig<Catalina-utility-2>] 
2026-08-19 13:32:14,788 | INFO  | Deploying web application archive [/opt/exo/webapps/digital-workplace.war] [org.apache.catalina.startup.HostConfig<Catalina-utility-2>] 
2026-08-19 13:32:14,853 | INFO  | Multiple Spring Data modules found, entering strict repository configuration mode [o.s.d.r.c.RepositoryConfigurationDelegate<Catalina-utility-3>] 
2026-08-19 13:32:14,853 | INFO  | Bootstrapping Spring Data Elasticsearch repositories in DEFAULT mode. [o.s.d.r.c.RepositoryConfigurationDelegate<Catalina-utility-3>] 
2026-08-19 13:32:14,859 | INFO  | Spring Data Elasticsearch - Could not safely identify store assignment for repository candidate interface io.meeds.social.space.invitation.dao.SpaceInvitationLinkDAO; If you want this repository to be a Elasticsearch repository, consider annotating your entities with one of these annotations: org.springframework.data.elasticsearch.annotations.Document (preferred), or consider extending one of the following types with your repository: org.springframework.data.elasticsearch.repository.ElasticsearchRepository [o.s.d.r.c.RepositoryConfigurationExtensionSupport<Catalina-utility-3>] 
2026-08-19 13:32:14,859 | INFO  | Spring Data Elasticsearch - Could not safely identify store assignment for repository candidate interface io.meeds.social.space.template.dao.SpaceTemplateDAO; If you want this repository to be a Elasticsearch repository, consider annotating your entities with one of these annotations: org.springframework.data.elasticsearch.annotations.Document (preferred), or consider extending one of the following types with your repository: org.springframework.data.elasticsearch.repository.ElasticsearchRepository [o.s.d.r.c.RepositoryConfigurationExtensionSupport<Catalina-utility-3>] 
2026-08-19 13:32:14,859 | INFO  | Finished Spring Data repository scanning in 5 ms. Found 0 Elasticsearch repository interfaces. [o.s.d.r.c.RepositoryConfigurationDelegate<Catalina-utility-3>] 
2026-08-19 13:32:14,861 | INFO  | Multiple Spring Data modules found, entering strict repository configuration mode [o.s.d.r.c.RepositoryConfigurationDelegate<Catalina-utility-3>] 
2026-08-19 13:32:14,864 | INFO  | Bootstrapping Spring Data Reactive Elasticsearch repositories in DEFAULT mode. [o.s.d.r.c.RepositoryConfigurationDelegate<Catalina-utility-3>] 
2026-08-19 13:32:14,872 | INFO  | Spring Data Reactive Elasticsearch - Could not safely identify store assignment for repository candidate interface io.meeds.social.space.invitation.dao.SpaceInvitationLinkDAO; If you want this repository to be a Reactive Elasticsearch repository, consider annotating your entities with one of these annotations: org.springframework.data.elasticsearch.annotations.Document (preferred), or consider extending one of the following types with your repository: org.springframework.data.elasticsearch.repository.ReactiveElasticsearchRepository [o.s.d.r.c.RepositoryConfigurationExtensionSupport<Catalina-utility-3>] 
2026-08-19 13:32:14,872 | INFO  | Spring Data Reactive Elasticsearch - Could not safely identify store assignment for repository candidate interface io.meeds.social.space.template.dao.SpaceTemplateDAO; If you want this repository to be a Reactive Elasticsearch repository, consider annotating your entities with one of these annotations: org.springframework.data.elasticsearch.annotations.Document (preferred), or consider extending one of the following types with your repository: org.springframework.data.elasticsearch.repository.ReactiveElasticsearchRepository [o.s.d.r.c.RepositoryConfigurationExtensionSupport<Catalina-utility-3>] 
2026-08-19 13:32:14,872 | INFO  | Finished Spring Data repository scanning in 7 ms. Found 0 Reactive Elasticsearch repository interfaces. [o.s.d.r.c.RepositoryConfigurationDelegate<Catalina-utility-3>] 
2026-08-19 13:32:14,935 | INFO  | No Spring WebApplicationInitializer types detected on classpath [o.a.c.c.C.[.[.[/digital-workplace]<Catalina-utility-2>] 
2026-08-19 13:32:14,943 | INFO  | Deployment of web application archive [/opt/exo/webapps/digital-workplace.war] has finished in [155] ms [org.apache.catalina.startup.HostConfig<Catalina-utility-2>] 
2026-08-19 13:32:14,947 | INFO  | Deploying web application archive [/opt/exo/webapps/gamification-github.war] [org.apache.catalina.startup.HostConfig<Catalina-utility-2>] 
2026-08-19 13:32:14,995 | INFO  | 1 Spring WebApplicationInitializers detected on classpath [o.a.c.c.C.[.[.[/gamification-github]<Catalina-utility-2>] 
2026-08-19 13:32:15,181 | INFO  | Initializing Spring embedded WebApplicationContext [o.a.c.c.C.[.[localhost].[/social]<Catalina-utility-3>] 
2026-08-19 13:32:15,181 | INFO  | Root WebApplicationContext: initialization completed in 1195 ms [o.s.b.w.s.c.ServletWebServerApplicationContext<Catalina-utility-3>] 
2026-08-19 13:32:15,289 | INFO  | Add Spring context 'social' to inject its Beans in Kernel as available components [i.m.s.k.KernelContainerLifecyclePlugin<Catalina-utility-3>] 
2026-08-19 13:32:15,290 | INFO  | Started SocialApplication in 1.476 seconds (process running for 276.103) [io.meeds.social.SocialApplication<Catalina-utility-3>] 
2026-08-19 13:32:15,299 | INFO  | Starting GamificationGithubApplication v7.2.1-exo using Java 21.0.12 with PID 7 (/opt/exo/webapps/gamification-github/WEB-INF/classes started by exo in /var/log/exo) [i.m.g.g.GamificationGithubApplication<Catalina-utility-2>] 
2026-08-19 13:32:15,305 | INFO  | The following 35 profiles are active: "notes", "kudos", "tomcat", "documents", "push-notifications", "sites", "poll", "webdav", "deeds-tenant", "matrix", "digital-workplace", "content", "external-visio-connector", "analytics", "gamification-evm", "jcr", "exo_community", "all", "processes", "wallet", "webconferencing", "auth-server", "ecms", "ide", "mcp-server", "agenda", "gamification-twitter", "onlyoffice", "layout", "gamification", "app-center", "task", "gamification-crowdin", "perk-store", "pwa" [i.m.g.g.GamificationGithubApplication<Catalina-utility-2>] 
2026-08-19 13:32:15,308 | INFO  | Deployment of web application archive [/opt/exo/webapps/social.war] has finished in [2.185] ms [org.apache.catalina.startup.HostConfig<Catalina-utility-3>] 
2026-08-19 13:32:15,309 | INFO  | Deploying web application archive [/opt/exo/webapps/onlyoffice.war] [org.apache.catalina.startup.HostConfig<Catalina-utility-3>] 
2026-08-19 13:32:15,431 | INFO  | Multiple Spring Data modules found, entering strict repository configuration mode [o.s.d.r.c.RepositoryConfigurationDelegate<Catalina-utility-1>] 
2026-08-19 13:32:15,432 | INFO  | Bootstrapping Spring Data JPA repositories in DEFAULT mode. [o.s.d.r.c.RepositoryConfigurationDelegate<Catalina-utility-1>] 
2026-08-19 13:32:15,435 | INFO  | No Spring WebApplicationInitializer types detected on classpath [o.a.c.c.C.[.[localhost].[/onlyoffice]<Catalina-utility-3>] 
2026-08-19 13:32:15,442 | INFO  | Deployment of web application archive [/opt/exo/webapps/onlyoffice.war] has finished in [132] ms [org.apache.catalina.startup.HostConfig<Catalina-utility-3>] 
2026-08-19 13:32:15,442 | INFO  | Deploying web application archive [/opt/exo/webapps/ecm-wcm-extension.war] [org.apache.catalina.startup.HostConfig<Catalina-utility-3>] 
2026-08-19 13:32:15,520 | INFO  | No Spring WebApplicationInitializer types detected on classpath [o.a.c.c.C.[.[.[/ecm-wcm-extension]<Catalina-utility-3>] 
2026-08-19 13:32:15,528 | INFO  | Deployment of web application archive [/opt/exo/webapps/ecm-wcm-extension.war] has finished in [86] ms [org.apache.catalina.startup.HostConfig<Catalina-utility-3>] 
2026-08-19 13:32:15,529 | INFO  | Deploying web application archive [/opt/exo/webapps/auth-server.war] [org.apache.catalina.startup.HostConfig<Catalina-utility-3>] 
2026-08-19 13:32:15,535 | INFO  | Spring Data JPA - Could not safely identify store assignment for repository candidate interface org.exoplatform.documents.storage.jcr.webdav.cache.elasticsearch.dao.WebDavItemDao; If you want this repository to be a JPA repository, consider annotating your entities with one of these annotations: jakarta.persistence.Entity, jakarta.persistence.MappedSuperclass (preferred), or consider extending one of the following types with your repository: org.springframework.data.jpa.repository.JpaRepository [o.s.d.r.c.RepositoryConfigurationExtensionSupport<Catalina-utility-1>] 
2026-08-19 13:32:15,543 | INFO  | Spring Data JPA - Could not safely identify store assignment for repository candidate interface org.exoplatform.documents.storage.jcr.webdav.dao.WebDavPathMappingDao; If you want this repository to be a JPA repository, consider annotating your entities with one of these annotations: jakarta.persistence.Entity, jakarta.persistence.MappedSuperclass (preferred), or consider extending one of the following types with your repository: org.springframework.data.jpa.repository.JpaRepository [o.s.d.r.c.RepositoryConfigurationExtensionSupport<Catalina-utility-1>] 
2026-08-19 13:32:15,545 | INFO  | Finished Spring Data repository scanning in 110 ms. Found 0 JPA repository interfaces. [o.s.d.r.c.RepositoryConfigurationDelegate<Catalina-utility-1>] 
2026-08-19 13:32:15,545 | INFO  | Multiple Spring Data modules found, entering strict repository configuration mode [o.s.d.r.c.RepositoryConfigurationDelegate<Catalina-utility-1>] 
2026-08-19 13:32:15,546 | INFO  | Bootstrapping Spring Data Elasticsearch repositories in DEFAULT mode. [o.s.d.r.c.RepositoryConfigurationDelegate<Catalina-utility-1>] 
2026-08-19 13:32:15,572 | INFO  | Finished Spring Data repository scanning in 25 ms. Found 2 Elasticsearch repository interfaces. [o.s.d.r.c.RepositoryConfigurationDelegate<Catalina-utility-1>] 
2026-08-19 13:32:15,669 | INFO  | 1 Spring WebApplicationInitializers detected on classpath [o.a.c.c.C.[.[localhost].[/auth-server]<Catalina-utility-3>] 
2026-08-19 13:32:15,699 | INFO  | Multiple Spring Data modules found, entering strict repository configuration mode [o.s.d.r.c.RepositoryConfigurationDelegate<Catalina-utility-1>] 
2026-08-19 13:32:15,700 | INFO  | Bootstrapping Spring Data Reactive Elasticsearch repositories in DEFAULT mode. [o.s.d.r.c.RepositoryConfigurationDelegate<Catalina-utility-1>] 
2026-08-19 13:32:15,706 | INFO  | Finished Spring Data repository scanning in 4 ms. Found 0 Reactive Elasticsearch repository interfaces. [o.s.d.r.c.RepositoryConfigurationDelegate<Catalina-utility-1>] 
2026-08-19 13:32:15,850 | INFO  | Starting OauthServerApplication v7.2.1-exo using Java 21.0.12 with PID 7 (/opt/exo/webapps/auth-server/WEB-INF/classes started by exo in /var/log/exo) [i.m.oauth2.server.OauthServerApplication<Catalina-utility-3>] 
2026-08-19 13:32:15,852 | INFO  | The following 35 profiles are active: "notes", "kudos", "tomcat", "documents", "push-notifications", "sites", "poll", "webdav", "deeds-tenant", "matrix", "digital-workplace", "content", "external-visio-connector", "analytics", "gamification-evm", "jcr", "exo_community", "all", "processes", "wallet", "webconferencing", "auth-server", "ecms", "ide", "mcp-server", "agenda", "gamification-twitter", "onlyoffice", "layout", "gamification", "app-center", "task", "gamification-crowdin", "perk-store", "pwa" [i.m.oauth2.server.OauthServerApplication<Catalina-utility-3>] 
2026-08-19 13:32:15,890 | INFO  | Multiple Spring Data modules found, entering strict repository configuration mode [o.s.d.r.c.RepositoryConfigurationDelegate<Catalina-utility-2>] 
2026-08-19 13:32:15,890 | INFO  | Bootstrapping Spring Data JPA repositories in DEFAULT mode. [o.s.d.r.c.RepositoryConfigurationDelegate<Catalina-utility-2>] 
2026-08-19 13:32:15,908 | INFO  | Finished Spring Data repository scanning in 13 ms. Found 1 JPA repository interface. [o.s.d.r.c.RepositoryConfigurationDelegate<Catalina-utility-2>] 
2026-08-19 13:32:15,934 | INFO  | Initializing Spring embedded WebApplicationContext [o.a.c.c.C.[.[.[/documents-portlet]<Catalina-utility-1>] 
2026-08-19 13:32:15,935 | INFO  | Root WebApplicationContext: initialization completed in 1307 ms [o.s.b.w.s.c.ServletWebServerApplicationContext<Catalina-utility-1>] 
2026-08-19 13:32:15,971 | INFO  | Multiple Spring Data modules found, entering strict repository configuration mode [o.s.d.r.c.RepositoryConfigurationDelegate<Catalina-utility-2>] 
2026-08-19 13:32:15,971 | INFO  | Bootstrapping Spring Data Elasticsearch repositories in DEFAULT mode. [o.s.d.r.c.RepositoryConfigurationDelegate<Catalina-utility-2>] 
2026-08-19 13:32:15,979 | INFO  | Spring Data Elasticsearch - Could not safely identify store assignment for repository candidate interface io.meeds.github.gamification.dao.WebHookDAO; If you want this repository to be a Elasticsearch repository, consider annotating your entities with one of these annotations: org.springframework.data.elasticsearch.annotations.Document (preferred), or consider extending one of the following types with your repository: org.springframework.data.elasticsearch.repository.ElasticsearchRepository [o.s.d.r.c.RepositoryConfigurationExtensionSupport<Catalina-utility-2>] 
2026-08-19 13:32:15,979 | INFO  | Finished Spring Data repository scanning in 5 ms. Found 0 Elasticsearch repository interfaces. [o.s.d.r.c.RepositoryConfigurationDelegate<Catalina-utility-2>] 
2026-08-19 13:32:15,983 | INFO  | Multiple Spring Data modules found, entering strict repository configuration mode [o.s.d.r.c.RepositoryConfigurationDelegate<Catalina-utility-2>] 
2026-08-19 13:32:15,983 | INFO  | Bootstrapping Spring Data Reactive Elasticsearch repositories in DEFAULT mode. [o.s.d.r.c.RepositoryConfigurationDelegate<Catalina-utility-2>] 
2026-08-19 13:32:15,987 | INFO  | Spring Data Reactive Elasticsearch - Could not safely identify store assignment for repository candidate interface io.meeds.github.gamification.dao.WebHookDAO; If you want this repository to be a Reactive Elasticsearch repository, consider annotating your entities with one of these annotations: org.springframework.data.elasticsearch.annotations.Document (preferred), or consider extending one of the following types with your repository: org.springframework.data.elasticsearch.repository.ReactiveElasticsearchRepository [o.s.d.r.c.RepositoryConfigurationExtensionSupport<Catalina-utility-2>] 
2026-08-19 13:32:15,987 | INFO  | Finished Spring Data repository scanning in 2 ms. Found 0 Reactive Elasticsearch repository interfaces. [o.s.d.r.c.RepositoryConfigurationDelegate<Catalina-utility-2>] 
2026-08-19 13:32:16,073 | INFO  | Add Spring context 'documents-portlet' to inject its Beans in Kernel as available components [i.m.s.k.KernelContainerLifecyclePlugin<Catalina-utility-1>] 
2026-08-19 13:32:16,074 | INFO  | Started DocumentApplication in 1.584 seconds (process running for 276.888) [o.e.documents.DocumentApplication<Catalina-utility-1>] 
2026-08-19 13:32:16,086 | INFO  | Deployment of web application archive [/opt/exo/webapps/documents-portlet.war] has finished in [1.931] ms [org.apache.catalina.startup.HostConfig<Catalina-utility-1>] 
2026-08-19 13:32:16,089 | INFO  | Deploying web application archive [/opt/exo/webapps/task-management.war] [org.apache.catalina.startup.HostConfig<Catalina-utility-1>] 
2026-08-19 13:32:16,209 | INFO  | Initializing Spring embedded WebApplicationContext [o.a.c.c.C.[.[.[/gamification-github]<Catalina-utility-2>] 
2026-08-19 13:32:16,209 | INFO  | Root WebApplicationContext: initialization completed in 897 ms [o.s.b.w.s.c.ServletWebServerApplicationContext<Catalina-utility-2>] 
2026-08-19 13:32:16,279 | INFO  | Add Spring context 'gamification-github' to inject its Beans in Kernel as available components [i.m.s.k.KernelContainerLifecyclePlugin<Catalina-utility-2>] 
2026-08-19 13:32:16,280 | INFO  | Started GamificationGithubApplication in 1.219 seconds (process running for 277.094) [i.m.g.g.GamificationGithubApplication<Catalina-utility-2>] 
2026-08-19 13:32:16,284 | INFO  | Deployment of web application archive [/opt/exo/webapps/gamification-github.war] has finished in [1.337] ms [org.apache.catalina.startup.HostConfig<Catalina-utility-2>] 
2026-08-19 13:32:16,394 | INFO  | Multiple Spring Data modules found, entering strict repository configuration mode [o.s.d.r.c.RepositoryConfigurationDelegate<Catalina-utility-3>] 
2026-08-19 13:32:16,394 | INFO  | Bootstrapping Spring Data JPA repositories in DEFAULT mode. [o.s.d.r.c.RepositoryConfigurationDelegate<Catalina-utility-3>] 
2026-08-19 13:32:16,406 | INFO  | 1 Spring WebApplicationInitializers detected on classpath [o.a.c.c.C.[.[.[/task-management]<Catalina-utility-1>] 
2026-08-19 13:32:16,428 | INFO  | Finished Spring Data repository scanning in 31 ms. Found 3 JPA repository interfaces. [o.s.d.r.c.RepositoryConfigurationDelegate<Catalina-utility-3>] 
2026-08-19 13:32:16,544 | INFO  | Multiple Spring Data modules found, entering strict repository configuration mode [o.s.d.r.c.RepositoryConfigurationDelegate<Catalina-utility-3>] 
2026-08-19 13:32:16,544 | INFO  | Bootstrapping Spring Data Elasticsearch repositories in DEFAULT mode. [o.s.d.r.c.RepositoryConfigurationDelegate<Catalina-utility-3>] 
2026-08-19 13:32:16,546 | INFO  | Starting TaskApplication v7.2.1-exo using Java 21.0.12 with PID 7 (/opt/exo/webapps/task-management/WEB-INF/classes started by exo in /var/log/exo) [io.meeds.task.TaskApplication<Catalina-utility-1>] 
2026-08-19 13:32:16,548 | INFO  | Spring Data Elasticsearch - Could not safely identify store assignment for repository candidate interface io.meeds.oauth2.server.dao.OAuthClientAppDao; If you want this repository to be a Elasticsearch repository, consider annotating your entities with one of these annotations: org.springframework.data.elasticsearch.annotations.Document (preferred), or consider extending one of the following types with your repository: org.springframework.data.elasticsearch.repository.ElasticsearchRepository [o.s.d.r.c.RepositoryConfigurationExtensionSupport<Catalina-utility-3>] 
2026-08-19 13:32:16,548 | INFO  | Spring Data Elasticsearch - Could not safely identify store assignment for repository candidate interface io.meeds.oauth2.server.dao.OAuthConsentDao; If you want this repository to be a Elasticsearch repository, consider annotating your entities with one of these annotations: org.springframework.data.elasticsearch.annotations.Document (preferred), or consider extending one of the following types with your repository: org.springframework.data.elasticsearch.repository.ElasticsearchRepository [o.s.d.r.c.RepositoryConfigurationExtensionSupport<Catalina-utility-3>] 
2026-08-19 13:32:16,548 | INFO  | Spring Data Elasticsearch - Could not safely identify store assignment for repository candidate interface io.meeds.oauth2.server.dao.OAuthTokenDao; If you want this repository to be a Elasticsearch repository, consider annotating your entities with one of these annotations: org.springframework.data.elasticsearch.annotations.Document (preferred), or consider extending one of the following types with your repository: org.springframework.data.elasticsearch.repository.ElasticsearchRepository [o.s.d.r.c.RepositoryConfigurationExtensionSupport<Catalina-utility-3>] 
2026-08-19 13:32:16,549 | INFO  | Finished Spring Data repository scanning in 2 ms. Found 0 Elasticsearch repository interfaces. [o.s.d.r.c.RepositoryConfigurationDelegate<Catalina-utility-3>] 
2026-08-19 13:32:16,548 | INFO  | The following 35 profiles are active: "notes", "kudos", "tomcat", "documents", "push-notifications", "sites", "poll", "webdav", "deeds-tenant", "matrix", "digital-workplace", "content", "external-visio-connector", "analytics", "gamification-evm", "jcr", "exo_community", "all", "processes", "wallet", "webconferencing", "auth-server", "ecms", "ide", "mcp-server", "agenda", "gamification-twitter", "onlyoffice", "layout", "gamification", "app-center", "task", "gamification-crowdin", "perk-store", "pwa" [io.meeds.task.TaskApplication<Catalina-utility-1>] 
2026-08-19 13:32:16,554 | INFO  | Multiple Spring Data modules found, entering strict repository configuration mode [o.s.d.r.c.RepositoryConfigurationDelegate<Catalina-utility-3>] 
2026-08-19 13:32:16,554 | INFO  | Bootstrapping Spring Data Reactive Elasticsearch repositories in DEFAULT mode. [o.s.d.r.c.RepositoryConfigurationDelegate<Catalina-utility-3>] 
2026-08-19 13:32:16,559 | INFO  | Spring Data Reactive Elasticsearch - Could not safely identify store assignment for repository candidate interface io.meeds.oauth2.server.dao.OAuthClientAppDao; If you want this repository to be a Reactive Elasticsearch repository, consider annotating your entities with one of these annotations: org.springframework.data.elasticsearch.annotations.Document (preferred), or consider extending one of the following types with your repository: org.springframework.data.elasticsearch.repository.ReactiveElasticsearchRepository [o.s.d.r.c.RepositoryConfigurationExtensionSupport<Catalina-utility-3>] 
2026-08-19 13:32:16,559 | INFO  | Spring Data Reactive Elasticsearch - Could not safely identify store assignment for repository candidate interface io.meeds.oauth2.server.dao.OAuthConsentDao; If you want this repository to be a Reactive Elasticsearch repository, consider annotating your entities with one of these annotations: org.springframework.data.elasticsearch.annotations.Document (preferred), or consider extending one of the following types with your repository: org.springframework.data.elasticsearch.repository.ReactiveElasticsearchRepository [o.s.d.r.c.RepositoryConfigurationExtensionSupport<Catalina-utility-3>] 
2026-08-19 13:32:16,559 | INFO  | Spring Data Reactive Elasticsearch - Could not safely identify store assignment for repository candidate interface io.meeds.oauth2.server.dao.OAuthTokenDao; If you want this repository to be a Reactive Elasticsearch repository, consider annotating your entities with one of these annotations: org.springframework.data.elasticsearch.annotations.Document (preferred), or consider extending one of the following types with your repository: org.springframework.data.elasticsearch.repository.ReactiveElasticsearchRepository [o.s.d.r.c.RepositoryConfigurationExtensionSupport<Catalina-utility-3>] 
2026-08-19 13:32:16,560 | INFO  | Finished Spring Data repository scanning in 4 ms. Found 0 Reactive Elasticsearch repository interfaces. [o.s.d.r.c.RepositoryConfigurationDelegate<Catalina-utility-3>] 
2026-08-19 13:32:16,763 | INFO  | Initializing Spring embedded WebApplicationContext [o.a.c.c.C.[.[localhost].[/auth-server]<Catalina-utility-3>] 
2026-08-19 13:32:16,763 | INFO  | Root WebApplicationContext: initialization completed in 905 ms [o.s.b.w.s.c.ServletWebServerApplicationContext<Catalina-utility-3>] 
2026-08-19 13:32:16,908 | INFO  | Add Spring context 'auth-server' to inject its Beans in Kernel as available components [i.m.s.k.KernelContainerLifecyclePlugin<Catalina-utility-3>] 
2026-08-19 13:32:16,908 | INFO  | Started OauthServerApplication in 1.217 seconds (process running for 277.722) [i.m.oauth2.server.OauthServerApplication<Catalina-utility-3>] 
2026-08-19 13:32:16,916 | INFO  | Deployment of web application archive [/opt/exo/webapps/auth-server.war] has finished in [1.387] ms [org.apache.catalina.startup.HostConfig<Catalina-utility-3>] 
2026-08-19 13:32:16,952 | INFO  | Multiple Spring Data modules found, entering strict repository configuration mode [o.s.d.r.c.RepositoryConfigurationDelegate<Catalina-utility-1>] 
2026-08-19 13:32:16,952 | INFO  | Bootstrapping Spring Data Elasticsearch repositories in DEFAULT mode. [o.s.d.r.c.RepositoryConfigurationDelegate<Catalina-utility-1>] 
2026-08-19 13:32:16,957 | INFO  | Finished Spring Data repository scanning in 4 ms. Found 0 Elasticsearch repository interfaces. [o.s.d.r.c.RepositoryConfigurationDelegate<Catalina-utility-1>] 
2026-08-19 13:32:16,958 | INFO  | Multiple Spring Data modules found, entering strict repository configuration mode [o.s.d.r.c.RepositoryConfigurationDelegate<Catalina-utility-1>] 
2026-08-19 13:32:16,958 | INFO  | Bootstrapping Spring Data Reactive Elasticsearch repositories in DEFAULT mode. [o.s.d.r.c.RepositoryConfigurationDelegate<Catalina-utility-1>] 
2026-08-19 13:32:16,961 | INFO  | Finished Spring Data repository scanning in 1 ms. Found 0 Reactive Elasticsearch repository interfaces. [o.s.d.r.c.RepositoryConfigurationDelegate<Catalina-utility-1>] 
2026-08-19 13:32:17,055 | INFO  | Initializing Spring embedded WebApplicationContext [o.a.c.c.C.[.[.[/task-management]<Catalina-utility-1>] 
2026-08-19 13:32:17,055 | INFO  | Root WebApplicationContext: initialization completed in 503 ms [o.s.b.w.s.c.ServletWebServerApplicationContext<Catalina-utility-1>] 
2026-08-19 13:32:17,125 | INFO  | Add Spring context 'task-management' to inject its Beans in Kernel as available components [i.m.s.k.KernelContainerLifecyclePlugin<Catalina-utility-1>] 
2026-08-19 13:32:17,127 | INFO  | Started TaskApplication in 0.715 seconds (process running for 277.94) [io.meeds.task.TaskApplication<Catalina-utility-1>] 
2026-08-19 13:32:17,135 | INFO  | Deployment of web application archive [/opt/exo/webapps/task-management.war] has finished in [1.045] ms [org.apache.catalina.startup.HostConfig<Catalina-utility-1>] 
2026-08-19 13:32:17,135 | INFO  | Trying to create the portal container 'portal' [exo.kernel.container.RootContainer<main>] 
2026-08-19 13:32:17,142 | INFO  | Active profiles for Portal container 'portal': [notes, kudos, tomcat, documents, push-notifications, sites, poll, webdav, deeds-tenant, matrix, digital-workplace, content, external-visio-connector, analytics, gamification-evm, jcr, exo_community, all, processes, wallet, webconferencing, auth-server, ecms, ide, mcp-server, agenda, gamification-twitter, onlyoffice, layout, gamification, app-center, task, gamification-crowdin, perk-store, pwa] [exo.kernel.container.RootContainer<main>] 
2026-08-19 13:32:18,326 | WARN  | Couldn't process the URL for war:/conf/plf-public/homepage-deployment-configuration.xml configuration file ignored  [e.k.container.ConfigurationManagerImpl<main>] 
2026-08-19 13:32:19,068 | INFO  | Start Spring Bean definitions of contexts [notes,kudos,gamification-github,poll,webdav,matrix,deeds-tenant,content,gamification-portlets,analytics,gamification-evm,documents-portlet,wallet,social,auth-server,ide,mcp-server,agenda,gamification-twitter,layout,task-management,app-center,gamification-crowdin,pwa] integration with Kernel Container [i.m.s.k.KernelContainerLifecyclePlugin<main>] 
2026-08-19 13:32:20,559 | INFO  | 1. Add Kernel Services in all Spring contexts [i.m.s.k.KernelContainerLifecyclePlugin<main>] 
2026-08-19 13:32:20,594 | INFO  | 2. Add Spring Beans of all contexts into Kernel [i.m.s.k.KernelContainerLifecyclePlugin<main>] 
2026-08-19 13:32:20,627 | INFO  | 3. Add Spring Beans into each other context [i.m.s.k.KernelContainerLifecyclePlugin<main>] 
2026-08-19 13:32:20,652 | INFO  | End spring integration with Kernel Container within 1584ms [i.m.s.k.KernelContainerLifecyclePlugin<main>] 
2026-08-19 13:32:20,655 | INFO  | LiquibaseDataInitializer created with : datasourceName=java:/comp/env/exo-jpa_portal, contexts=production [o.e.c.p.impl.LiquibaseDataInitializer<main>] 
2026-08-19 13:32:20,760 | INFO  | Starting data initialization with Liquibase with datasource java:/comp/env/exo-jpa_portal [o.e.c.p.impl.LiquibaseDataInitializer<main>] 
2026-08-19 13:32:20,801 | INFO  | Processing changelogs of TaskManagementChangeLogsPlugin [o.e.c.p.impl.LiquibaseDataInitializer<main>] 
2026-08-19 13:32:20,802 | INFO  |   * processing changelog db/changelog/task.db.changelog-1.0.0.xml [o.e.c.p.impl.LiquibaseDataInitializer<main>] 
2026-08-19 13:32:21,086 | WARN  | Due to mysql SQL limitations, modifyDataType will lose primary key/autoincrement/not null/comment settings explicitly redefined in the change. Use <sql> or <modifySql> to re-specify all configuration if this is the case [liquibase.changelog.DatabaseChangeLog<main>] 
2026-08-19 13:32:21,111 | WARN  | Due to mysql SQL limitations, modifyDataType will lose primary key/autoincrement/not null/comment settings explicitly redefined in the change. Use <sql> or <modifySql> to re-specify all configuration if this is the case [liquibase.changelog.DatabaseChangeLog<main>] 
2026-08-19 13:32:23,536 | WARN  | NATIONAL/NCHAR/NVARCHAR implies the character set UTF8MB3, which will be replaced by UTF8MB4 in a future release. Please consider using CHAR(x) CHARACTER SET UTF8MB4 in order to be unambiguous. [liquibase.executor.jvm.JdbcExecutor<main>] 
2026-08-19 13:32:23,536 | WARN  | NATIONAL/NCHAR/NVARCHAR implies the character set UTF8MB3, which will be replaced by UTF8MB4 in a future release. Please consider using CHAR(x) CHARACTER SET UTF8MB4 in order to be unambiguous. [liquibase.executor.jvm.JdbcExecutor<main>] 
2026-08-19 13:32:23,536 | WARN  | NATIONAL/NCHAR/NVARCHAR implies the character set UTF8MB3, which will be replaced by UTF8MB4 in a future release. Please consider using CHAR(x) CHARACTER SET UTF8MB4 in order to be unambiguous. [liquibase.executor.jvm.JdbcExecutor<main>] 
2026-08-19 13:32:23,536 | WARN  | 'utf8' is currently an alias for the character set UTF8MB3, but will be an alias for UTF8MB4 in a future release. Please consider using UTF8MB4 in order to be unambiguous. [liquibase.executor.jvm.JdbcExecutor<main>] 
2026-08-19 13:32:23,536 | WARN  | 'utf8mb3_general_ci' is a collation of the deprecated character set UTF8MB3. Please consider using UTF8MB4 with an appropriate collation instead. [liquibase.executor.jvm.JdbcExecutor<main>] 
2026-08-19 13:32:24,349 | WARN  | NATIONAL/NCHAR/NVARCHAR implies the character set UTF8MB3, which will be replaced by UTF8MB4 in a future release. Please consider using CHAR(x) CHARACTER SET UTF8MB4 in order to be unambiguous. [liquibase.executor.jvm.JdbcExecutor<main>] 
2026-08-19 13:32:24,349 | WARN  | 'utf8' is currently an alias for the character set UTF8MB3, but will be an alias for UTF8MB4 in a future release. Please consider using UTF8MB4 in order to be unambiguous. [liquibase.executor.jvm.JdbcExecutor<main>] 
2026-08-19 13:32:24,349 | WARN  | 'utf8mb3_general_ci' is a collation of the deprecated character set UTF8MB3. Please consider using UTF8MB4 with an appropriate collation instead. [liquibase.executor.jvm.JdbcExecutor<main>] 
2026-08-19 13:32:24,905 | WARN  | NATIONAL/NCHAR/NVARCHAR implies the character set UTF8MB3, which will be replaced by UTF8MB4 in a future release. Please consider using CHAR(x) CHARACTER SET UTF8MB4 in order to be unambiguous. [liquibase.executor.jvm.JdbcExecutor<main>] 
2026-08-19 13:32:24,906 | WARN  | 'utf8' is currently an alias for the character set UTF8MB3, but will be an alias for UTF8MB4 in a future release. Please consider using UTF8MB4 in order to be unambiguous. [liquibase.executor.jvm.JdbcExecutor<main>] 
2026-08-19 13:32:24,906 | WARN  | 'utf8mb3_general_ci' is a collation of the deprecated character set UTF8MB3. Please consider using UTF8MB4 with an appropriate collation instead. [liquibase.executor.jvm.JdbcExecutor<main>] 
2026-08-19 13:32:25,481 | WARN  | NATIONAL/NCHAR/NVARCHAR implies the character set UTF8MB3, which will be replaced by UTF8MB4 in a future release. Please consider using CHAR(x) CHARACTER SET UTF8MB4 in order to be unambiguous. [liquibase.executor.jvm.JdbcExecutor<main>] 
2026-08-19 13:32:25,481 | WARN  | 'utf8' is currently an alias for the character set UTF8MB3, but will be an alias for UTF8MB4 in a future release. Please consider using UTF8MB4 in order to be unambiguous. [liquibase.executor.jvm.JdbcExecutor<main>] 
2026-08-19 13:32:25,481 | WARN  | 'utf8mb3_general_ci' is a collation of the deprecated character set UTF8MB3. Please consider using UTF8MB4 with an appropriate collation instead. [liquibase.executor.jvm.JdbcExecutor<main>] 
2026-08-19 13:32:26,311 | WARN  | NATIONAL/NCHAR/NVARCHAR implies the character set UTF8MB3, which will be replaced by UTF8MB4 in a future release. Please consider using CHAR(x) CHARACTER SET UTF8MB4 in order to be unambiguous. [liquibase.executor.jvm.JdbcExecutor<main>] 
2026-08-19 13:32:26,311 | WARN  | NATIONAL/NCHAR/NVARCHAR implies the character set UTF8MB3, which will be replaced by UTF8MB4 in a future release. Please consider using CHAR(x) CHARACTER SET UTF8MB4 in order to be unambiguous. [liquibase.executor.jvm.JdbcExecutor<main>] 
2026-08-19 13:32:26,311 | WARN  | NATIONAL/NCHAR/NVARCHAR implies the character set UTF8MB3, which will be replaced by UTF8MB4 in a future release. Please consider using CHAR(x) CHARACTER SET UTF8MB4 in order to be unambiguous. [liquibase.executor.jvm.JdbcExecutor<main>] 
2026-08-19 13:32:26,311 | WARN  | NATIONAL/NCHAR/NVARCHAR implies the character set UTF8MB3, which will be replaced by UTF8MB4 in a future release. Please consider using CHAR(x) CHARACTER SET UTF8MB4 in order to be unambiguous. [liquibase.executor.jvm.JdbcExecutor<main>] 
2026-08-19 13:32:26,311 | WARN  | NATIONAL/NCHAR/NVARCHAR implies the character set UTF8MB3, which will be replaced by UTF8MB4 in a future release. Please consider using CHAR(x) CHARACTER SET UTF8MB4 in order to be unambiguous. [liquibase.executor.jvm.JdbcExecutor<main>] 
2026-08-19 13:32:26,311 | WARN  | 'utf8' is currently an alias for the character set UTF8MB3, but will be an alias for UTF8MB4 in a future release. Please consider using UTF8MB4 in order to be unambiguous. [liquibase.executor.jvm.JdbcExecutor<main>] 
2026-08-19 13:32:26,311 | WARN  | 'utf8mb3_general_ci' is a collation of the deprecated character set UTF8MB3. Please consider using UTF8MB4 with an appropriate collation instead. [liquibase.executor.jvm.JdbcExecutor<main>] 
2026-08-19 13:32:27,810 | WARN  | NATIONAL/NCHAR/NVARCHAR implies the character set UTF8MB3, which will be replaced by UTF8MB4 in a future release. Please consider using CHAR(x) CHARACTER SET UTF8MB4 in order to be unambiguous. [liquibase.executor.jvm.JdbcExecutor<main>] 
2026-08-19 13:32:27,810 | WARN  | 'utf8' is currently an alias for the character set UTF8MB3, but will be an alias for UTF8MB4 in a future release. Please consider using UTF8MB4 in order to be unambiguous. [liquibase.executor.jvm.JdbcExecutor<main>] 
2026-08-19 13:32:27,810 | WARN  | 'utf8mb3_general_ci' is a collation of the deprecated character set UTF8MB3. Please consider using UTF8MB4 with an appropriate collation instead. [liquibase.executor.jvm.JdbcExecutor<main>] 
2026-08-19 13:32:28,598 | WARN  | NATIONAL/NCHAR/NVARCHAR implies the character set UTF8MB3, which will be replaced by UTF8MB4 in a future release. Please consider using CHAR(x) CHARACTER SET UTF8MB4 in order to be unambiguous. [liquibase.executor.jvm.JdbcExecutor<main>] 
2026-08-19 13:32:28,598 | WARN  | 'utf8' is currently an alias for the character set UTF8MB3, but will be an alias for UTF8MB4 in a future release. Please consider using UTF8MB4 in order to be unambiguous. [liquibase.executor.jvm.JdbcExecutor<main>] 
2026-08-19 13:32:28,598 | WARN  | 'utf8mb3_general_ci' is a collation of the deprecated character set UTF8MB3. Please consider using UTF8MB4 with an appropriate collation instead. [liquibase.executor.jvm.JdbcExecutor<main>] 
2026-08-19 13:32:29,341 | WARN  | NATIONAL/NCHAR/NVARCHAR implies the character set UTF8MB3, which will be replaced by UTF8MB4 in a future release. Please consider using CHAR(x) CHARACTER SET UTF8MB4 in order to be unambiguous. [liquibase.executor.jvm.JdbcExecutor<main>] 
2026-08-19 13:32:29,341 | WARN  | NATIONAL/NCHAR/NVARCHAR implies the character set UTF8MB3, which will be replaced by UTF8MB4 in a future release. Please consider using CHAR(x) CHARACTER SET UTF8MB4 in order to be unambiguous. [liquibase.executor.jvm.JdbcExecutor<main>] 
2026-08-19 13:32:29,341 | WARN  | 'utf8' is currently an alias for the character set UTF8MB3, but will be an alias for UTF8MB4 in a future release. Please consider using UTF8MB4 in order to be unambiguous. [liquibase.executor.jvm.JdbcExecutor<main>] 
2026-08-19 13:32:29,341 | WARN  | 'utf8mb3_general_ci' is a collation of the deprecated character set UTF8MB3. Please consider using UTF8MB4 with an appropriate collation instead. [liquibase.executor.jvm.JdbcExecutor<main>] 
2026-08-19 13:32:29,951 | WARN  | NATIONAL/NCHAR/NVARCHAR implies the character set UTF8MB3, which will be replaced by UTF8MB4 in a future release. Please consider using CHAR(x) CHARACTER SET UTF8MB4 in order to be unambiguous. [liquibase.executor.jvm.JdbcExecutor<main>] 
2026-08-19 13:32:29,951 | WARN  | 'utf8' is currently an alias for the character set UTF8MB3, but will be an alias for UTF8MB4 in a future release. Please consider using UTF8MB4 in order to be unambiguous. [liquibase.executor.jvm.JdbcExecutor<main>] 
2026-08-19 13:32:29,951 | WARN  | 'utf8mb3_general_ci' is a collation of the deprecated character set UTF8MB3. Please consider using UTF8MB4 with an appropriate collation instead. [liquibase.executor.jvm.JdbcExecutor<main>] 
2026-08-19 13:32:30,694 | WARN  | NATIONAL/NCHAR/NVARCHAR implies the character set UTF8MB3, which will be replaced by UTF8MB4 in a future release. Please consider using CHAR(x) CHARACTER SET UTF8MB4 in order to be unambiguous. [liquibase.executor.jvm.JdbcExecutor<main>] 
2026-08-19 13:32:30,694 | WARN  | 'utf8' is currently an alias for the character set UTF8MB3, but will be an alias for UTF8MB4 in a future release. Please consider using UTF8MB4 in order to be unambiguous. [liquibase.executor.jvm.JdbcExecutor<main>] 
2026-08-19 13:32:30,694 | WARN  | 'utf8mb3_general_ci' is a collation of the deprecated character set UTF8MB3. Please consider using UTF8MB4 with an appropriate collation instead. [liquibase.executor.jvm.JdbcExecutor<main>] 
2026-08-19 13:32:32,111 | WARN  | NATIONAL/NCHAR/NVARCHAR implies the character set UTF8MB3, which will be replaced by UTF8MB4 in a future release. Please consider using CHAR(x) CHARACTER SET UTF8MB4 in order to be unambiguous. [liquibase.executor.jvm.JdbcExecutor<main>] 
2026-08-19 13:32:32,111 | WARN  | NATIONAL/NCHAR/NVARCHAR implies the character set UTF8MB3, which will be replaced by UTF8MB4 in a future release. Please consider using CHAR(x) CHARACTER SET UTF8MB4 in order to be unambiguous. [liquibase.executor.jvm.JdbcExecutor<main>] 
2026-08-19 13:32:32,111 | WARN  | NATIONAL/NCHAR/NVARCHAR implies the character set UTF8MB3, which will be replaced by UTF8MB4 in a future release. Please consider using CHAR(x) CHARACTER SET UTF8MB4 in order to be unambiguous. [liquibase.executor.jvm.JdbcExecutor<main>] 
2026-08-19 13:32:32,111 | WARN  | 'utf8' is currently an alias for the character set UTF8MB3, but will be an alias for UTF8MB4 in a future release. Please consider using UTF8MB4 in order to be unambiguous. [liquibase.executor.jvm.JdbcExecutor<main>] 
2026-08-19 13:32:32,111 | WARN  | 'utf8mb3_general_ci' is a collation of the deprecated character set UTF8MB3. Please consider using UTF8MB4 with an appropriate collation instead. [liquibase.executor.jvm.JdbcExecutor<main>] 
2026-08-19 13:32:39,783 | WARN  | NATIONAL/NCHAR/NVARCHAR implies the character set UTF8MB3, which will be replaced by UTF8MB4 in a future release. Please consider using CHAR(x) CHARACTER SET UTF8MB4 in order to be unambiguous. [liquibase.executor.jvm.JdbcExecutor<main>] 
2026-08-19 13:32:40,467 | WARN  | NATIONAL/NCHAR/NVARCHAR implies the character set UTF8MB3, which will be replaced by UTF8MB4 in a future release. Please consider using CHAR(x) CHARACTER SET UTF8MB4 in order to be unambiguous. [liquibase.executor.jvm.JdbcExecutor<main>] 
2026-08-19 13:32:40,467 | WARN  | NATIONAL/NCHAR/NVARCHAR implies the character set UTF8MB3, which will be replaced by UTF8MB4 in a future release. Please consider using CHAR(x) CHARACTER SET UTF8MB4 in order to be unambiguous. [liquibase.executor.jvm.JdbcExecutor<main>] 
2026-08-19 13:32:40,467 | WARN  | NATIONAL/NCHAR/NVARCHAR implies the character set UTF8MB3, which will be replaced by UTF8MB4 in a future release. Please consider using CHAR(x) CHARACTER SET UTF8MB4 in order to be unambiguous. [liquibase.executor.jvm.JdbcExecutor<main>] 
2026-08-19 13:32:40,467 | WARN  | 'utf8' is currently an alias for the character set UTF8MB3, but will be an alias for UTF8MB4 in a future release. Please consider using UTF8MB4 in order to be unambiguous. [liquibase.executor.jvm.JdbcExecutor<main>] 
2026-08-19 13:32:40,467 | WARN  | 'utf8mb3_general_ci' is a collation of the deprecated character set UTF8MB3. Please consider using UTF8MB4 with an appropriate collation instead. [liquibase.executor.jvm.JdbcExecutor<main>] 
2026-08-19 13:32:41,288 | WARN  | 'utf8' is currently an alias for the character set UTF8MB3, but will be an alias for UTF8MB4 in a future release. Please consider using UTF8MB4 in order to be unambiguous. [liquibase.executor.jvm.JdbcExecutor<main>] 
2026-08-19 13:32:41,288 | WARN  | 'utf8mb3_general_ci' is a collation of the deprecated character set UTF8MB3. Please consider using UTF8MB4 with an appropriate collation instead. [liquibase.executor.jvm.JdbcExecutor<main>] 
2026-08-19 13:32:48,493 | WARN  | NATIONAL/NCHAR/NVARCHAR implies the character set UTF8MB3, which will be replaced by UTF8MB4 in a future release. Please consider using CHAR(x) CHARACTER SET UTF8MB4 in order to be unambiguous. [liquibase.executor.jvm.JdbcExecutor<main>] 
2026-08-19 13:32:49,832 | WARN  | NATIONAL/NCHAR/NVARCHAR implies the character set UTF8MB3, which will be replaced by UTF8MB4 in a future release. Please consider using CHAR(x) CHARACTER SET UTF8MB4 in order to be unambiguous. [liquibase.executor.jvm.JdbcExecutor<main>] 
2026-08-19 13:32:51,179 | WARN  | NATIONAL/NCHAR/NVARCHAR implies the character set UTF8MB3, which will be replaced by UTF8MB4 in a future release. Please consider using CHAR(x) CHARACTER SET UTF8MB4 in order to be unambiguous. [liquibase.executor.jvm.JdbcExecutor<main>] 
2026-08-19 13:32:51,641 | WARN  | NATIONAL/NCHAR/NVARCHAR implies the character set UTF8MB3, which will be replaced by UTF8MB4 in a future release. Please consider using CHAR(x) CHARACTER SET UTF8MB4 in order to be unambiguous. [liquibase.executor.jvm.JdbcExecutor<main>] 
2026-08-19 13:32:51,641 | WARN  | 'utf8' is currently an alias for the character set UTF8MB3, but will be an alias for UTF8MB4 in a future release. Please consider using UTF8MB4 in order to be unambiguous. [liquibase.executor.jvm.JdbcExecutor<main>] 
2026-08-19 13:32:51,641 | WARN  | 'utf8mb3_general_ci' is a collation of the deprecated character set UTF8MB3. Please consider using UTF8MB4 with an appropriate collation instead. [liquibase.executor.jvm.JdbcExecutor<main>] 
2026-08-19 13:32:56,289 | WARN  | NATIONAL/NCHAR/NVARCHAR implies the character set UTF8MB3, which will be replaced by UTF8MB4 in a future release. Please consider using CHAR(x) CHARACTER SET UTF8MB4 in order to be unambiguous. [liquibase.executor.jvm.JdbcExecutor<main>] 
2026-08-19 13:32:59,326 | INFO  |   * processing changelog db/changelog/task.db.changelog-1.1.0.xml [o.e.c.p.impl.LiquibaseDataInitializer<main>] 
2026-08-19 13:33:00,079 | INFO  |   * processing changelog db/changelog/task.db.changelog-1.3.0.xml [o.e.c.p.impl.LiquibaseDataInitializer<main>] 
2026-08-19 13:33:03,698 | INFO  |   * processing changelog db/changelog/task.db.changelog-2.1.0.xml [o.e.c.p.impl.LiquibaseDataInitializer<main>] 
2026-08-19 13:33:04,936 | WARN  | NATIONAL/NCHAR/NVARCHAR implies the character set UTF8MB3, which will be replaced by UTF8MB4 in a future release. Please consider using CHAR(x) CHARACTER SET UTF8MB4 in order to be unambiguous. [liquibase.executor.jvm.JdbcExecutor<main>] 
2026-08-19 13:33:04,936 | WARN  | 'utf8' is currently an alias for the character set UTF8MB3, but will be an alias for UTF8MB4 in a future release. Please consider using UTF8MB4 in order to be unambiguous. [liquibase.executor.jvm.JdbcExecutor<main>] 
2026-08-19 13:33:04,936 | WARN  | 'utf8mb3_general_ci' is a collation of the deprecated character set UTF8MB3. Please consider using UTF8MB4 with an appropriate collation instead. [liquibase.executor.jvm.JdbcExecutor<main>] 
2026-08-19 13:33:05,570 | INFO  |   * processing changelog db/changelog/task.db.changelog-3.0.0.xml [o.e.c.p.impl.LiquibaseDataInitializer<main>] 
2026-08-19 13:33:07,482 | INFO  |   * processing changelog db/changelog/task.db.changelog-3.1.0.xml [o.e.c.p.impl.LiquibaseDataInitializer<main>] 
2026-08-19 13:33:08,547 | INFO  |   * processing changelog db/changelog/task.db.changelog-3.2.0.xml [o.e.c.p.impl.LiquibaseDataInitializer<main>] 
2026-08-19 13:33:10,093 | INFO  |   * processing changelog db/changelog/task.db.changelog-7.2.0.xml [o.e.c.p.impl.LiquibaseDataInitializer<main>] 
2026-08-19 13:33:11,840 | INFO  | Processing changelogs of PushNotificationsManagementChangeLogsPlugin [o.e.c.p.impl.LiquibaseDataInitializer<main>] 
2026-08-19 13:33:11,840 | INFO  |   * processing changelog db/changelog/push-notifications.db.changelog-1.0.0.xml [o.e.c.p.impl.LiquibaseDataInitializer<main>] 
2026-08-19 13:33:13,237 | WARN  | NATIONAL/NCHAR/NVARCHAR implies the character set UTF8MB3, which will be replaced by UTF8MB4 in a future release. Please consider using CHAR(x) CHARACTER SET UTF8MB4 in order to be unambiguous. [liquibase.executor.jvm.JdbcExecutor<main>] 
2026-08-19 13:33:13,237 | WARN  | NATIONAL/NCHAR/NVARCHAR implies the character set UTF8MB3, which will be replaced by UTF8MB4 in a future release. Please consider using CHAR(x) CHARACTER SET UTF8MB4 in order to be unambiguous. [liquibase.executor.jvm.JdbcExecutor<main>] 
2026-08-19 13:33:13,237 | WARN  | NATIONAL/NCHAR/NVARCHAR implies the character set UTF8MB3, which will be replaced by UTF8MB4 in a future release. Please consider using CHAR(x) CHARACTER SET UTF8MB4 in order to be unambiguous. [liquibase.executor.jvm.JdbcExecutor<main>] 
2026-08-19 13:33:13,237 | WARN  | 'utf8' is currently an alias for the character set UTF8MB3, but will be an alias for UTF8MB4 in a future release. Please consider using UTF8MB4 in order to be unambiguous. [liquibase.executor.jvm.JdbcExecutor<main>] 
2026-08-19 13:33:13,237 | WARN  | 'utf8mb3_general_ci' is a collation of the deprecated character set UTF8MB3. Please consider using UTF8MB4 with an appropriate collation instead. [liquibase.executor.jvm.JdbcExecutor<main>] 
2026-08-19 13:33:13,988 | INFO  | Processing changelogs of ProcessesRDBMSChangeLogsPlugin [o.e.c.p.impl.LiquibaseDataInitializer<main>] 
2026-08-19 13:33:13,988 | INFO  |   * processing changelog db/changelog/processes-rdbms.db.changelog-master.xml [o.e.c.p.impl.LiquibaseDataInitializer<main>] 
2026-08-19 13:33:14,103 | WARN  | Due to mysql SQL limitations, modifyDataType will lose primary key/autoincrement/not null/comment settings explicitly redefined in the change. Use <sql> or <modifySql> to re-specify all configuration if this is the case [liquibase.changelog.DatabaseChangeLog<main>] 
2026-08-19 13:33:14,122 | WARN  | Due to mysql SQL limitations, modifyDataType will lose primary key/autoincrement/not null/comment settings explicitly redefined in the change. Use <sql> or <modifySql> to re-specify all configuration if this is the case [liquibase.changelog.DatabaseChangeLog<main>] 
2026-08-19 13:33:14,932 | WARN  | NATIONAL/NCHAR/NVARCHAR implies the character set UTF8MB3, which will be replaced by UTF8MB4 in a future release. Please consider using CHAR(x) CHARACTER SET UTF8MB4 in order to be unambiguous. [liquibase.executor.jvm.JdbcExecutor<main>] 
2026-08-19 13:33:14,932 | WARN  | NATIONAL/NCHAR/NVARCHAR implies the character set UTF8MB3, which will be replaced by UTF8MB4 in a future release. Please consider using CHAR(x) CHARACTER SET UTF8MB4 in order to be unambiguous. [liquibase.executor.jvm.JdbcExecutor<main>] 
2026-08-19 13:33:14,932 | WARN  | NATIONAL/NCHAR/NVARCHAR implies the character set UTF8MB3, which will be replaced by UTF8MB4 in a future release. Please consider using CHAR(x) CHARACTER SET UTF8MB4 in order to be unambiguous. [liquibase.executor.jvm.JdbcExecutor<main>] 
2026-08-19 13:33:14,932 | WARN  | NATIONAL/NCHAR/NVARCHAR implies the character set UTF8MB3, which will be replaced by UTF8MB4 in a future release. Please consider using CHAR(x) CHARACTER SET UTF8MB4 in order to be unambiguous. [liquibase.executor.jvm.JdbcExecutor<main>] 
2026-08-19 13:33:14,932 | WARN  | NATIONAL/NCHAR/NVARCHAR implies the character set UTF8MB3, which will be replaced by UTF8MB4 in a future release. Please consider using CHAR(x) CHARACTER SET UTF8MB4 in order to be unambiguous. [liquibase.executor.jvm.JdbcExecutor<main>] 
2026-08-19 13:33:14,932 | WARN  | 'utf8' is currently an alias for the character set UTF8MB3, but will be an alias for UTF8MB4 in a future release. Please consider using UTF8MB4 in order to be unambiguous. [liquibase.executor.jvm.JdbcExecutor<main>] 
2026-08-19 13:33:14,932 | WARN  | 'utf8mb3_general_ci' is a collation of the deprecated character set UTF8MB3. Please consider using UTF8MB4 with an appropriate collation instead. [liquibase.executor.jvm.JdbcExecutor<main>] 
2026-08-19 13:33:15,604 | WARN  | NATIONAL/NCHAR/NVARCHAR implies the character set UTF8MB3, which will be replaced by UTF8MB4 in a future release. Please consider using CHAR(x) CHARACTER SET UTF8MB4 in order to be unambiguous. [liquibase.executor.jvm.JdbcExecutor<main>] 
2026-08-19 13:33:15,605 | WARN  | NATIONAL/NCHAR/NVARCHAR implies the character set UTF8MB3, which will be replaced by UTF8MB4 in a future release. Please consider using CHAR(x) CHARACTER SET UTF8MB4 in order to be unambiguous. [liquibase.executor.jvm.JdbcExecutor<main>] 
2026-08-19 13:33:15,605 | WARN  | 'utf8' is currently an alias for the character set UTF8MB3, but will be an alias for UTF8MB4 in a future release. Please consider using UTF8MB4 in order to be unambiguous. [liquibase.executor.jvm.JdbcExecutor<main>] 
2026-08-19 13:33:15,605 | WARN  | 'utf8mb3_general_ci' is a collation of the deprecated character set UTF8MB3. Please consider using UTF8MB4 with an appropriate collation instead. [liquibase.executor.jvm.JdbcExecutor<main>] 
2026-08-19 13:33:17,205 | WARN  | NATIONAL/NCHAR/NVARCHAR implies the character set UTF8MB3, which will be replaced by UTF8MB4 in a future release. Please consider using CHAR(x) CHARACTER SET UTF8MB4 in order to be unambiguous. [liquibase.executor.jvm.JdbcExecutor<main>] 
2026-08-19 13:33:17,205 | WARN  | 'utf8' is currently an alias for the character set UTF8MB3, but will be an alias for UTF8MB4 in a future release. Please consider using UTF8MB4 in order to be unambiguous. [liquibase.executor.jvm.JdbcExecutor<main>] 
2026-08-19 13:33:17,205 | WARN  | 'utf8mb3_general_ci' is a collation of the deprecated character set UTF8MB3. Please consider using UTF8MB4 with an appropriate collation instead. [liquibase.executor.jvm.JdbcExecutor<main>] 
2026-08-19 13:33:18,210 | WARN  | NATIONAL/NCHAR/NVARCHAR implies the character set UTF8MB3, which will be replaced by UTF8MB4 in a future release. Please consider using CHAR(x) CHARACTER SET UTF8MB4 in order to be unambiguous. [liquibase.executor.jvm.JdbcExecutor<main>] 
2026-08-19 13:33:18,210 | WARN  | 'utf8' is currently an alias for the character set UTF8MB3, but will be an alias for UTF8MB4 in a future release. Please consider using UTF8MB4 in order to be unambiguous. [liquibase.executor.jvm.JdbcExecutor<main>] 
2026-08-19 13:33:18,210 | WARN  | 'utf8mb3_general_ci' is a collation of the deprecated character set UTF8MB3. Please consider using UTF8MB4 with an appropriate collation instead. [liquibase.executor.jvm.JdbcExecutor<main>] 
2026-08-19 13:33:19,030 | WARN  | NATIONAL/NCHAR/NVARCHAR implies the character set UTF8MB3, which will be replaced by UTF8MB4 in a future release. Please consider using CHAR(x) CHARACTER SET UTF8MB4 in order to be unambiguous. [liquibase.executor.jvm.JdbcExecutor<main>] 
2026-08-19 13:33:21,072 | WARN  | NATIONAL/NCHAR/NVARCHAR implies the character set UTF8MB3, which will be replaced by UTF8MB4 in a future release. Please consider using CHAR(x) CHARACTER SET UTF8MB4 in order to be unambiguous. [liquibase.executor.jvm.JdbcExecutor<main>] 
2026-08-19 13:33:21,331 | INFO  | Processing changelogs of DocumentsAppRDBMSChangeLogsPlugin [o.e.c.p.impl.LiquibaseDataInitializer<main>] 
2026-08-19 13:33:21,331 | INFO  |   * processing changelog db/changelog/documents-rdbms.db.changelog-master.xml [o.e.c.p.impl.LiquibaseDataInitializer<main>] 
2026-08-19 13:33:21,889 | WARN  | NATIONAL/NCHAR/NVARCHAR implies the character set UTF8MB3, which will be replaced by UTF8MB4 in a future release. Please consider using CHAR(x) CHARACTER SET UTF8MB4 in order to be unambiguous. [liquibase.executor.jvm.JdbcExecutor<main>] 
2026-08-19 13:33:21,889 | WARN  | NATIONAL/NCHAR/NVARCHAR implies the character set UTF8MB3, which will be replaced by UTF8MB4 in a future release. Please consider using CHAR(x) CHARACTER SET UTF8MB4 in order to be unambiguous. [liquibase.executor.jvm.JdbcExecutor<main>] 
2026-08-19 13:33:21,889 | WARN  | NATIONAL/NCHAR/NVARCHAR implies the character set UTF8MB3, which will be replaced by UTF8MB4 in a future release. Please consider using CHAR(x) CHARACTER SET UTF8MB4 in order to be unambiguous. [liquibase.executor.jvm.JdbcExecutor<main>] 
2026-08-19 13:33:21,889 | WARN  | 'utf8' is currently an alias for the character set UTF8MB3, but will be an alias for UTF8MB4 in a future release. Please consider using UTF8MB4 in order to be unambiguous. [liquibase.executor.jvm.JdbcExecutor<main>] 
2026-08-19 13:33:21,889 | WARN  | 'utf8mb3_general_ci' is a collation of the deprecated character set UTF8MB3. Please consider using UTF8MB4 with an appropriate collation instead. [liquibase.executor.jvm.JdbcExecutor<main>] 
2026-08-19 13:33:21,942 | INFO  | Processing changelogs of AttachmentsContextRDBMSChangeLogsPlugin [o.e.c.p.impl.LiquibaseDataInitializer<main>] 
2026-08-19 13:33:21,942 | INFO  |   * processing changelog changelog/attachments-context-rdbms.db.changelog.xml [o.e.c.p.impl.LiquibaseDataInitializer<main>] 
2026-08-19 13:33:22,031 | WARN  | Due to mysql SQL limitations, setNullable will lose primary key/autoincrement/not null/comment settings explicitly redefined in the change. Use <sql> or <modifySql> to re-specify all configuration if this is the case [liquibase.changelog.DatabaseChangeLog<main>] 
2026-08-19 13:33:22,049 | WARN  | Due to mysql SQL limitations, setNullable will lose primary key/autoincrement/not null/comment settings explicitly redefined in the change. Use <sql> or <modifySql> to re-specify all configuration if this is the case [liquibase.changelog.DatabaseChangeLog<main>] 
2026-08-19 13:33:23,482 | WARN  | NATIONAL/NCHAR/NVARCHAR implies the character set UTF8MB3, which will be replaced by UTF8MB4 in a future release. Please consider using CHAR(x) CHARACTER SET UTF8MB4 in order to be unambiguous. [liquibase.executor.jvm.JdbcExecutor<main>] 
2026-08-19 13:33:23,482 | WARN  | NATIONAL/NCHAR/NVARCHAR implies the character set UTF8MB3, which will be replaced by UTF8MB4 in a future release. Please consider using CHAR(x) CHARACTER SET UTF8MB4 in order to be unambiguous. [liquibase.executor.jvm.JdbcExecutor<main>] 
2026-08-19 13:33:23,482 | WARN  | 'utf8' is currently an alias for the character set UTF8MB3, but will be an alias for UTF8MB4 in a future release. Please consider using UTF8MB4 in order to be unambiguous. [liquibase.executor.jvm.JdbcExecutor<main>] 
2026-08-19 13:33:23,482 | WARN  | 'utf8mb3_general_ci' is a collation of the deprecated character set UTF8MB3. Please consider using UTF8MB4 with an appropriate collation instead. [liquibase.executor.jvm.JdbcExecutor<main>] 
2026-08-19 13:33:24,400 | WARN  | NATIONAL/NCHAR/NVARCHAR implies the character set UTF8MB3, which will be replaced by UTF8MB4 in a future release. Please consider using CHAR(x) CHARACTER SET UTF8MB4 in order to be unambiguous. [liquibase.executor.jvm.JdbcExecutor<main>] 
2026-08-19 13:33:25,167 | INFO  | Processing changelogs of Only Office ChangeLogsPlugin [o.e.c.p.impl.LiquibaseDataInitializer<main>] 
2026-08-19 13:33:25,167 | INFO  |   * processing changelog db.changelogs/onlyoffice-changelog-1.0.0.xml [o.e.c.p.impl.LiquibaseDataInitializer<main>] 
2026-08-19 13:33:25,353 | WARN  | Due to mysql SQL limitations, modifyDataType will lose primary key/autoincrement/not null/comment settings explicitly redefined in the change. Use <sql> or <modifySql> to re-specify all configuration if this is the case [liquibase.changelog.DatabaseChangeLog<main>] 
2026-08-19 13:33:25,377 | WARN  | Due to mysql SQL limitations, modifyDataType will lose primary key/autoincrement/not null/comment settings explicitly redefined in the change. Use <sql> or <modifySql> to re-specify all configuration if this is the case [liquibase.changelog.DatabaseChangeLog<main>] 
2026-08-19 13:33:26,736 | WARN  | NATIONAL/NCHAR/NVARCHAR implies the character set UTF8MB3, which will be replaced by UTF8MB4 in a future release. Please consider using CHAR(x) CHARACTER SET UTF8MB4 in order to be unambiguous. [liquibase.executor.jvm.JdbcExecutor<main>] 
2026-08-19 13:33:27,516 | WARN  | NATIONAL/NCHAR/NVARCHAR implies the character set UTF8MB3, which will be replaced by UTF8MB4 in a future release. Please consider using CHAR(x) CHARACTER SET UTF8MB4 in order to be unambiguous. [liquibase.executor.jvm.JdbcExecutor<main>] 
2026-08-19 13:33:28,380 | INFO  | Processing changelogs of ExternalVisioConnectorRDBMSChangeLogsPlugin [o.e.c.p.impl.LiquibaseDataInitializer<main>] 
2026-08-19 13:33:28,380 | INFO  |   * processing changelog db/changelog/externalVisioConnector-rdbms.db.changelog.xml [o.e.c.p.impl.LiquibaseDataInitializer<main>] 
2026-08-19 13:33:29,019 | WARN  | NATIONAL/NCHAR/NVARCHAR implies the character set UTF8MB3, which will be replaced by UTF8MB4 in a future release. Please consider using CHAR(x) CHARACTER SET UTF8MB4 in order to be unambiguous. [liquibase.executor.jvm.JdbcExecutor<main>] 
2026-08-19 13:33:29,020 | WARN  | 'utf8' is currently an alias for the character set UTF8MB3, but will be an alias for UTF8MB4 in a future release. Please consider using UTF8MB4 in order to be unambiguous. [liquibase.executor.jvm.JdbcExecutor<main>] 
2026-08-19 13:33:29,020 | WARN  | 'utf8mb3_general_ci' is a collation of the deprecated character set UTF8MB3. Please consider using UTF8MB4 with an appropriate collation instead. [liquibase.executor.jvm.JdbcExecutor<main>] 
2026-08-19 13:33:30,980 | INFO  | Processing changelogs of PerkStoreRDBMSChangeLogsPlugin [o.e.c.p.impl.LiquibaseDataInitializer<main>] 
2026-08-19 13:33:30,981 | INFO  |   * processing changelog db/changelog/perkstore-rdbms.db.changelog-master.xml [o.e.c.p.impl.LiquibaseDataInitializer<main>] 
2026-08-19 13:33:31,540 | WARN  | NATIONAL/NCHAR/NVARCHAR implies the character set UTF8MB3, which will be replaced by UTF8MB4 in a future release. Please consider using CHAR(x) CHARACTER SET UTF8MB4 in order to be unambiguous. [liquibase.executor.jvm.JdbcExecutor<main>] 
2026-08-19 13:33:31,540 | WARN  | NATIONAL/NCHAR/NVARCHAR implies the character set UTF8MB3, which will be replaced by UTF8MB4 in a future release. Please consider using CHAR(x) CHARACTER SET UTF8MB4 in order to be unambiguous. [liquibase.executor.jvm.JdbcExecutor<main>] 
2026-08-19 13:33:31,540 | WARN  | NATIONAL/NCHAR/NVARCHAR implies the character set UTF8MB3, which will be replaced by UTF8MB4 in a future release. Please consider using CHAR(x) CHARACTER SET UTF8MB4 in order to be unambiguous. [liquibase.executor.jvm.JdbcExecutor<main>] 
2026-08-19 13:33:31,540 | WARN  | 'utf8' is currently an alias for the character set UTF8MB3, but will be an alias for UTF8MB4 in a future release. Please consider using UTF8MB4 in order to be unambiguous. [liquibase.executor.jvm.JdbcExecutor<main>] 
2026-08-19 13:33:31,540 | WARN  | 'utf8mb3_general_ci' is a collation of the deprecated character set UTF8MB3. Please consider using UTF8MB4 with an appropriate collation instead. [liquibase.executor.jvm.JdbcExecutor<main>] 
2026-08-19 13:33:31,895 | WARN  | NATIONAL/NCHAR/NVARCHAR implies the character set UTF8MB3, which will be replaced by UTF8MB4 in a future release. Please consider using CHAR(x) CHARACTER SET UTF8MB4 in order to be unambiguous. [liquibase.executor.jvm.JdbcExecutor<main>] 
2026-08-19 13:33:31,895 | WARN  | NATIONAL/NCHAR/NVARCHAR implies the character set UTF8MB3, which will be replaced by UTF8MB4 in a future release. Please consider using CHAR(x) CHARACTER SET UTF8MB4 in order to be unambiguous. [liquibase.executor.jvm.JdbcExecutor<main>] 
2026-08-19 13:33:31,895 | WARN  | 'utf8' is currently an alias for the character set UTF8MB3, but will be an alias for UTF8MB4 in a future release. Please consider using UTF8MB4 in order to be unambiguous. [liquibase.executor.jvm.JdbcExecutor<main>] 
2026-08-19 13:33:31,895 | WARN  | 'utf8mb3_general_ci' is a collation of the deprecated character set UTF8MB3. Please consider using UTF8MB4 with an appropriate collation instead. [liquibase.executor.jvm.JdbcExecutor<main>] 
2026-08-19 13:33:32,298 | WARN  | 'utf8' is currently an alias for the character set UTF8MB3, but will be an alias for UTF8MB4 in a future release. Please consider using UTF8MB4 in order to be unambiguous. [liquibase.executor.jvm.JdbcExecutor<main>] 
2026-08-19 13:33:32,298 | WARN  | 'utf8mb3_general_ci' is a collation of the deprecated character set UTF8MB3. Please consider using UTF8MB4 with an appropriate collation instead. [liquibase.executor.jvm.JdbcExecutor<main>] 
2026-08-19 13:33:32,611 | WARN  | 'utf8' is currently an alias for the character set UTF8MB3, but will be an alias for UTF8MB4 in a future release. Please consider using UTF8MB4 in order to be unambiguous. [liquibase.executor.jvm.JdbcExecutor<main>] 
2026-08-19 13:33:32,611 | WARN  | 'utf8mb3_general_ci' is a collation of the deprecated character set UTF8MB3. Please consider using UTF8MB4 with an appropriate collation instead. [liquibase.executor.jvm.JdbcExecutor<main>] 
2026-08-19 13:33:36,217 | WARN  | 'utf8' is currently an alias for the character set UTF8MB3, but will be an alias for UTF8MB4 in a future release. Please consider using UTF8MB4 in order to be unambiguous. [liquibase.executor.jvm.JdbcExecutor<main>] 
2026-08-19 13:33:36,217 | WARN  | 'utf8mb3_general_ci' is a collation of the deprecated character set UTF8MB3. Please consider using UTF8MB4 with an appropriate collation instead. [liquibase.executor.jvm.JdbcExecutor<main>] 
2026-08-19 13:33:39,211 | INFO  | Processing changelogs of CommonsChangeLogsPlugin [o.e.c.p.impl.LiquibaseDataInitializer<main>] 
2026-08-19 13:33:39,212 | INFO  |   * processing changelog db/changelog/idm.queue.db.changelog-1.0.0.xml [o.e.c.p.impl.LiquibaseDataInitializer<main>] 
2026-08-19 13:33:39,417 | INFO  | Processing changelogs of FilesChangeLogsPlugin [o.e.c.p.impl.LiquibaseDataInitializer<main>] 
2026-08-19 13:33:39,417 | INFO  |   * processing changelog db/changelog/file.db.changelog-1.0.0.xml [o.e.c.p.impl.LiquibaseDataInitializer<main>] 
2026-08-19 13:33:39,515 | WARN  | Due to mysql SQL limitations, modifyDataType will lose primary key/autoincrement/not null/comment settings explicitly redefined in the change. Use <sql> or <modifySql> to re-specify all configuration if this is the case [liquibase.changelog.DatabaseChangeLog<main>] 
2026-08-19 13:33:39,535 | WARN  | Due to mysql SQL limitations, modifyDataType will lose primary key/autoincrement/not null/comment settings explicitly redefined in the change. Use <sql> or <modifySql> to re-specify all configuration if this is the case [liquibase.changelog.DatabaseChangeLog<main>] 
2026-08-19 13:33:40,364 | WARN  | NATIONAL/NCHAR/NVARCHAR implies the character set UTF8MB3, which will be replaced by UTF8MB4 in a future release. Please consider using CHAR(x) CHARACTER SET UTF8MB4 in order to be unambiguous. [liquibase.executor.jvm.JdbcExecutor<main>] 
2026-08-19 13:33:40,364 | WARN  | NATIONAL/NCHAR/NVARCHAR implies the character set UTF8MB3, which will be replaced by UTF8MB4 in a future release. Please consider using CHAR(x) CHARACTER SET UTF8MB4 in order to be unambiguous. [liquibase.executor.jvm.JdbcExecutor<main>] 
2026-08-19 13:33:40,364 | WARN  | 'utf8' is currently an alias for the character set UTF8MB3, but will be an alias for UTF8MB4 in a future release. Please consider using UTF8MB4 in order to be unambiguous. [liquibase.executor.jvm.JdbcExecutor<main>] 
2026-08-19 13:33:40,364 | WARN  | 'utf8mb3_general_ci' is a collation of the deprecated character set UTF8MB3. Please consider using UTF8MB4 with an appropriate collation instead. [liquibase.executor.jvm.JdbcExecutor<main>] 
2026-08-19 13:33:41,024 | WARN  | NATIONAL/NCHAR/NVARCHAR implies the character set UTF8MB3, which will be replaced by UTF8MB4 in a future release. Please consider using CHAR(x) CHARACTER SET UTF8MB4 in order to be unambiguous. [liquibase.executor.jvm.JdbcExecutor<main>] 
2026-08-19 13:33:41,024 | WARN  | NATIONAL/NCHAR/NVARCHAR implies the character set UTF8MB3, which will be replaced by UTF8MB4 in a future release. Please consider using CHAR(x) CHARACTER SET UTF8MB4 in order to be unambiguous. [liquibase.executor.jvm.JdbcExecutor<main>] 
2026-08-19 13:33:41,024 | WARN  | NATIONAL/NCHAR/NVARCHAR implies the character set UTF8MB3, which will be replaced by UTF8MB4 in a future release. Please consider using CHAR(x) CHARACTER SET UTF8MB4 in order to be unambiguous. [liquibase.executor.jvm.JdbcExecutor<main>] 
2026-08-19 13:33:41,024 | WARN  | NATIONAL/NCHAR/NVARCHAR implies the character set UTF8MB3, which will be replaced by UTF8MB4 in a future release. Please consider using CHAR(x) CHARACTER SET UTF8MB4 in order to be unambiguous. [liquibase.executor.jvm.JdbcExecutor<main>] 
2026-08-19 13:33:41,024 | WARN  | 'utf8' is currently an alias for the character set UTF8MB3, but will be an alias for UTF8MB4 in a future release. Please consider using UTF8MB4 in order to be unambiguous. [liquibase.executor.jvm.JdbcExecutor<main>] 
2026-08-19 13:33:41,024 | WARN  | 'utf8mb3_general_ci' is a collation of the deprecated character set UTF8MB3. Please consider using UTF8MB4 with an appropriate collation instead. [liquibase.executor.jvm.JdbcExecutor<main>] 
2026-08-19 13:33:41,506 | WARN  | NATIONAL/NCHAR/NVARCHAR implies the character set UTF8MB3, which will be replaced by UTF8MB4 in a future release. Please consider using CHAR(x) CHARACTER SET UTF8MB4 in order to be unambiguous. [liquibase.executor.jvm.JdbcExecutor<main>] 
2026-08-19 13:33:41,506 | WARN  | 'utf8' is currently an alias for the character set UTF8MB3, but will be an alias for UTF8MB4 in a future release. Please consider using UTF8MB4 in order to be unambiguous. [liquibase.executor.jvm.JdbcExecutor<main>] 
2026-08-19 13:33:41,506 | WARN  | 'utf8mb3_general_ci' is a collation of the deprecated character set UTF8MB3. Please consider using UTF8MB4 with an appropriate collation instead. [liquibase.executor.jvm.JdbcExecutor<main>] 
2026-08-19 13:33:42,507 | WARN  | NATIONAL/NCHAR/NVARCHAR implies the character set UTF8MB3, which will be replaced by UTF8MB4 in a future release. Please consider using CHAR(x) CHARACTER SET UTF8MB4 in order to be unambiguous. [liquibase.executor.jvm.JdbcExecutor<main>] 
2026-08-19 13:33:42,632 | INFO  | Processing changelogs of GamificationChangeLogsPlugin [o.e.c.p.impl.LiquibaseDataInitializer<main>] 
2026-08-19 13:33:42,633 | INFO  |   * processing changelog db/changelog/gamification.db.changelog-1.0.0.xml [o.e.c.p.impl.LiquibaseDataInitializer<main>] 
2026-08-19 13:33:42,781 | WARN  | Due to mysql SQL limitations, modifyDataType will lose primary key/autoincrement/not null/comment settings explicitly redefined in the change. Use <sql> or <modifySql> to re-specify all configuration if this is the case [liquibase.changelog.DatabaseChangeLog<main>] 
2026-08-19 13:33:42,781 | WARN  | Due to mysql SQL limitations, setNullable will lose primary key/autoincrement/not null/comment settings explicitly redefined in the change. Use <sql> or <modifySql> to re-specify all configuration if this is the case [liquibase.changelog.DatabaseChangeLog<main>] 
2026-08-19 13:33:42,781 | WARN  | liquibase.statement.core.CreateSequenceStatement is not supported on mysql, but createSequence will still execute [liquibase.changelog.DatabaseChangeLog<main>] 
2026-08-19 13:33:42,816 | WARN  | Due to mysql SQL limitations, modifyDataType will lose primary key/autoincrement/not null/comment settings explicitly redefined in the change. Use <sql> or <modifySql> to re-specify all configuration if this is the case [liquibase.changelog.DatabaseChangeLog<main>] 
2026-08-19 13:33:42,817 | WARN  | Due to mysql SQL limitations, setNullable will lose primary key/autoincrement/not null/comment settings explicitly redefined in the change. Use <sql> or <modifySql> to re-specify all configuration if this is the case [liquibase.changelog.DatabaseChangeLog<main>] 
2026-08-19 13:33:42,817 | WARN  | liquibase.statement.core.CreateSequenceStatement is not supported on mysql, but createSequence will still execute [liquibase.changelog.DatabaseChangeLog<main>] 
2026-08-19 13:33:43,912 | WARN  | NATIONAL/NCHAR/NVARCHAR implies the character set UTF8MB3, which will be replaced by UTF8MB4 in a future release. Please consider using CHAR(x) CHARACTER SET UTF8MB4 in order to be unambiguous. [liquibase.executor.jvm.JdbcExecutor<main>] 
2026-08-19 13:33:43,912 | WARN  | NATIONAL/NCHAR/NVARCHAR implies the character set UTF8MB3, which will be replaced by UTF8MB4 in a future release. Please consider using CHAR(x) CHARACTER SET UTF8MB4 in order to be unambiguous. [liquibase.executor.jvm.JdbcExecutor<main>] 
2026-08-19 13:33:43,912 | WARN  | 'utf8' is currently an alias for the character set UTF8MB3, but will be an alias for UTF8MB4 in a future release. Please consider using UTF8MB4 in order to be unambiguous. [liquibase.executor.jvm.JdbcExecutor<main>] 
2026-08-19 13:33:43,912 | WARN  | 'utf8mb3_general_ci' is a collation of the deprecated character set UTF8MB3. Please consider using UTF8MB4 with an appropriate collation instead. [liquibase.executor.jvm.JdbcExecutor<main>] 
2026-08-19 13:33:44,375 | WARN  | NATIONAL/NCHAR/NVARCHAR implies the character set UTF8MB3, which will be replaced by UTF8MB4 in a future release. Please consider using CHAR(x) CHARACTER SET UTF8MB4 in order to be unambiguous. [liquibase.executor.jvm.JdbcExecutor<main>] 
2026-08-19 13:33:44,375 | WARN  | NATIONAL/NCHAR/NVARCHAR implies the character set UTF8MB3, which will be replaced by UTF8MB4 in a future release. Please consider using CHAR(x) CHARACTER SET UTF8MB4 in order to be unambiguous. [liquibase.executor.jvm.JdbcExecutor<main>] 
2026-08-19 13:33:44,375 | WARN  | NATIONAL/NCHAR/NVARCHAR implies the character set UTF8MB3, which will be replaced by UTF8MB4 in a future release. Please consider using CHAR(x) CHARACTER SET UTF8MB4 in order to be unambiguous. [liquibase.executor.jvm.JdbcExecutor<main>] 
2026-08-19 13:33:44,375 | WARN  | 'utf8' is currently an alias for the character set UTF8MB3, but will be an alias for UTF8MB4 in a future release. Please consider using UTF8MB4 in order to be unambiguous. [liquibase.executor.jvm.JdbcExecutor<main>] 
2026-08-19 13:33:44,375 | WARN  | 'utf8mb3_general_ci' is a collation of the deprecated character set UTF8MB3. Please consider using UTF8MB4 with an appropriate collation instead. [liquibase.executor.jvm.JdbcExecutor<main>] 
2026-08-19 13:33:44,977 | WARN  | 'utf8' is currently an alias for the character set UTF8MB3, but will be an alias for UTF8MB4 in a future release. Please consider using UTF8MB4 in order to be unambiguous. [liquibase.executor.jvm.JdbcExecutor<main>] 
2026-08-19 13:33:44,977 | WARN  | 'utf8mb3_general_ci' is a collation of the deprecated character set UTF8MB3. Please consider using UTF8MB4 with an appropriate collation instead. [liquibase.executor.jvm.JdbcExecutor<main>] 
2026-08-19 13:33:45,403 | WARN  | 'utf8' is currently an alias for the character set UTF8MB3, but will be an alias for UTF8MB4 in a future release. Please consider using UTF8MB4 in order to be unambiguous. [liquibase.executor.jvm.JdbcExecutor<main>] 
2026-08-19 13:33:45,403 | WARN  | 'utf8mb3_general_ci' is a collation of the deprecated character set UTF8MB3. Please consider using UTF8MB4 with an appropriate collation instead. [liquibase.executor.jvm.JdbcExecutor<main>] 
2026-08-19 13:33:47,245 | WARN  | NATIONAL/NCHAR/NVARCHAR implies the character set UTF8MB3, which will be replaced by UTF8MB4 in a future release. Please consider using CHAR(x) CHARACTER SET UTF8MB4 in order to be unambiguous. [liquibase.executor.jvm.JdbcExecutor<main>] 
2026-08-19 13:33:47,245 | WARN  | NATIONAL/NCHAR/NVARCHAR implies the character set UTF8MB3, which will be replaced by UTF8MB4 in a future release. Please consider using CHAR(x) CHARACTER SET UTF8MB4 in order to be unambiguous. [liquibase.executor.jvm.JdbcExecutor<main>] 
2026-08-19 13:33:47,245 | WARN  | NATIONAL/NCHAR/NVARCHAR implies the character set UTF8MB3, which will be replaced by UTF8MB4 in a future release. Please consider using CHAR(x) CHARACTER SET UTF8MB4 in order to be unambiguous. [liquibase.executor.jvm.JdbcExecutor<main>] 
2026-08-19 13:33:47,245 | WARN  | NATIONAL/NCHAR/NVARCHAR implies the character set UTF8MB3, which will be replaced by UTF8MB4 in a future release. Please consider using CHAR(x) CHARACTER SET UTF8MB4 in order to be unambiguous. [liquibase.executor.jvm.JdbcExecutor<main>] 
2026-08-19 13:33:47,245 | WARN  | NATIONAL/NCHAR/NVARCHAR implies the character set UTF8MB3, which will be replaced by UTF8MB4 in a future release. Please consider using CHAR(x) CHARACTER SET UTF8MB4 in order to be unambiguous. [liquibase.executor.jvm.JdbcExecutor<main>] 
2026-08-19 13:33:47,245 | WARN  | 'utf8' is currently an alias for the character set UTF8MB3, but will be an alias for UTF8MB4 in a future release. Please consider using UTF8MB4 in order to be unambiguous. [liquibase.executor.jvm.JdbcExecutor<main>] 
2026-08-19 13:33:47,245 | WARN  | 'utf8mb3_general_ci' is a collation of the deprecated character set UTF8MB3. Please consider using UTF8MB4 with an appropriate collation instead. [liquibase.executor.jvm.JdbcExecutor<main>] 
2026-08-19 13:33:49,036 | WARN  | NATIONAL/NCHAR/NVARCHAR implies the character set UTF8MB3, which will be replaced by UTF8MB4 in a future release. Please consider using CHAR(x) CHARACTER SET UTF8MB4 in order to be unambiguous. [liquibase.executor.jvm.JdbcExecutor<main>] 
2026-08-19 13:33:49,036 | WARN  | NATIONAL/NCHAR/NVARCHAR implies the character set UTF8MB3, which will be replaced by UTF8MB4 in a future release. Please consider using CHAR(x) CHARACTER SET UTF8MB4 in order to be unambiguous. [liquibase.executor.jvm.JdbcExecutor<main>] 
2026-08-19 13:33:49,387 | WARN  | 'utf8' is currently an alias for the character set UTF8MB3, but will be an alias for UTF8MB4 in a future release. Please consider using UTF8MB4 in order to be unambiguous. [liquibase.executor.jvm.JdbcExecutor<main>] 
2026-08-19 13:33:49,387 | WARN  | 'utf8mb3_general_ci' is a collation of the deprecated character set UTF8MB3. Please consider using UTF8MB4 with an appropriate collation instead. [liquibase.executor.jvm.JdbcExecutor<main>] 
2026-08-19 13:33:54,330 | WARN  | NATIONAL/NCHAR/NVARCHAR implies the character set UTF8MB3, which will be replaced by UTF8MB4 in a future release. Please consider using CHAR(x) CHARACTER SET UTF8MB4 in order to be unambiguous. [liquibase.executor.jvm.JdbcExecutor<main>] 
2026-08-19 13:33:57,782 | WARN  | NATIONAL/NCHAR/NVARCHAR implies the character set UTF8MB3, which will be replaced by UTF8MB4 in a future release. Please consider using CHAR(x) CHARACTER SET UTF8MB4 in order to be unambiguous. [liquibase.executor.jvm.JdbcExecutor<main>] 
2026-08-19 13:34:04,555 | WARN  | 'utf8' is currently an alias for the character set UTF8MB3, but will be an alias for UTF8MB4 in a future release. Please consider using UTF8MB4 in order to be unambiguous. [liquibase.executor.jvm.JdbcExecutor<main>] 
2026-08-19 13:34:04,555 | WARN  | 'utf8mb3_general_ci' is a collation of the deprecated character set UTF8MB3. Please consider using UTF8MB4 with an appropriate collation instead. [liquibase.executor.jvm.JdbcExecutor<main>] 
2026-08-19 13:34:05,240 | WARN  | NATIONAL/NCHAR/NVARCHAR implies the character set UTF8MB3, which will be replaced by UTF8MB4 in a future release. Please consider using CHAR(x) CHARACTER SET UTF8MB4 in order to be unambiguous. [liquibase.executor.jvm.JdbcExecutor<main>] 
2026-08-19 13:34:06,543 | WARN  | NATIONAL/NCHAR/NVARCHAR implies the character set UTF8MB3, which will be replaced by UTF8MB4 in a future release. Please consider using CHAR(x) CHARACTER SET UTF8MB4 in order to be unambiguous. [liquibase.executor.jvm.JdbcExecutor<main>] 
2026-08-19 13:34:07,158 | WARN  | NATIONAL/NCHAR/NVARCHAR implies the character set UTF8MB3, which will be replaced by UTF8MB4 in a future release. Please consider using CHAR(x) CHARACTER SET UTF8MB4 in order to be unambiguous. [liquibase.executor.jvm.JdbcExecutor<main>] 
2026-08-19 13:34:08,285 | WARN  | NATIONAL/NCHAR/NVARCHAR implies the character set UTF8MB3, which will be replaced by UTF8MB4 in a future release. Please consider using CHAR(x) CHARACTER SET UTF8MB4 in order to be unambiguous. [liquibase.executor.jvm.JdbcExecutor<main>] 
2026-08-19 13:34:09,412 | WARN  | NATIONAL/NCHAR/NVARCHAR implies the character set UTF8MB3, which will be replaced by UTF8MB4 in a future release. Please consider using CHAR(x) CHARACTER SET UTF8MB4 in order to be unambiguous. [liquibase.executor.jvm.JdbcExecutor<main>] 
2026-08-19 13:34:10,072 | WARN  | NATIONAL/NCHAR/NVARCHAR implies the character set UTF8MB3, which will be replaced by UTF8MB4 in a future release. Please consider using CHAR(x) CHARACTER SET UTF8MB4 in order to be unambiguous. [liquibase.executor.jvm.JdbcExecutor<main>] 
2026-08-19 13:34:11,389 | WARN  | NATIONAL/NCHAR/NVARCHAR implies the character set UTF8MB3, which will be replaced by UTF8MB4 in a future release. Please consider using CHAR(x) CHARACTER SET UTF8MB4 in order to be unambiguous. [liquibase.executor.jvm.JdbcExecutor<main>] 
2026-08-19 13:34:14,976 | WARN  | 'utf8' is currently an alias for the character set UTF8MB3, but will be an alias for UTF8MB4 in a future release. Please consider using UTF8MB4 in order to be unambiguous. [liquibase.executor.jvm.JdbcExecutor<main>] 
2026-08-19 13:34:14,976 | WARN  | 'utf8mb3_general_ci' is a collation of the deprecated character set UTF8MB3. Please consider using UTF8MB4 with an appropriate collation instead. [liquibase.executor.jvm.JdbcExecutor<main>] 
2026-08-19 13:34:26,322 | WARN  | NATIONAL/NCHAR/NVARCHAR implies the character set UTF8MB3, which will be replaced by UTF8MB4 in a future release. Please consider using CHAR(x) CHARACTER SET UTF8MB4 in order to be unambiguous. [liquibase.executor.jvm.JdbcExecutor<main>] 
2026-08-19 13:34:27,266 | WARN  | 'utf8' is currently an alias for the character set UTF8MB3, but will be an alias for UTF8MB4 in a future release. Please consider using UTF8MB4 in order to be unambiguous. [liquibase.executor.jvm.JdbcExecutor<main>] 
2026-08-19 13:34:27,266 | WARN  | 'utf8mb3_general_ci' is a collation of the deprecated character set UTF8MB3. Please consider using UTF8MB4 with an appropriate collation instead. [liquibase.executor.jvm.JdbcExecutor<main>] 
2026-08-19 13:34:29,995 | WARN  | NATIONAL/NCHAR/NVARCHAR implies the character set UTF8MB3, which will be replaced by UTF8MB4 in a future release. Please consider using CHAR(x) CHARACTER SET UTF8MB4 in order to be unambiguous. [liquibase.executor.jvm.JdbcExecutor<main>] 
2026-08-19 13:34:29,995 | WARN  | NATIONAL/NCHAR/NVARCHAR implies the character set UTF8MB3, which will be replaced by UTF8MB4 in a future release. Please consider using CHAR(x) CHARACTER SET UTF8MB4 in order to be unambiguous. [liquibase.executor.jvm.JdbcExecutor<main>] 
2026-08-19 13:34:30,376 | WARN  | NATIONAL/NCHAR/NVARCHAR implies the character set UTF8MB3, which will be replaced by UTF8MB4 in a future release. Please consider using CHAR(x) CHARACTER SET UTF8MB4 in order to be unambiguous. [liquibase.executor.jvm.JdbcExecutor<main>] 
2026-08-19 13:34:30,376 | WARN  | NATIONAL/NCHAR/NVARCHAR implies the character set UTF8MB3, which will be replaced by UTF8MB4 in a future release. Please consider using CHAR(x) CHARACTER SET UTF8MB4 in order to be unambiguous. [liquibase.executor.jvm.JdbcExecutor<main>] 
2026-08-19 13:34:30,376 | WARN  | NATIONAL/NCHAR/NVARCHAR implies the character set UTF8MB3, which will be replaced by UTF8MB4 in a future release. Please consider using CHAR(x) CHARACTER SET UTF8MB4 in order to be unambiguous. [liquibase.executor.jvm.JdbcExecutor<main>] 
2026-08-19 13:34:30,376 | WARN  | NATIONAL/NCHAR/NVARCHAR implies the character set UTF8MB3, which will be replaced by UTF8MB4 in a future release. Please consider using CHAR(x) CHARACTER SET UTF8MB4 in order to be unambiguous. [liquibase.executor.jvm.JdbcExecutor<main>] 
2026-08-19 13:34:30,654 | WARN  | NATIONAL/NCHAR/NVARCHAR implies the character set UTF8MB3, which will be replaced by UTF8MB4 in a future release. Please consider using CHAR(x) CHARACTER SET UTF8MB4 in order to be unambiguous. [liquibase.executor.jvm.JdbcExecutor<main>] 
2026-08-19 13:34:30,655 | WARN  | 'utf8' is currently an alias for the character set UTF8MB3, but will be an alias for UTF8MB4 in a future release. Please consider using UTF8MB4 in order to be unambiguous. [liquibase.executor.jvm.JdbcExecutor<main>] 
2026-08-19 13:34:30,655 | WARN  | 'utf8mb3_general_ci' is a collation of the deprecated character set UTF8MB3. Please consider using UTF8MB4 with an appropriate collation instead. [liquibase.executor.jvm.JdbcExecutor<main>] 
2026-08-19 13:34:36,532 | INFO  | Processing changelogs of WalletRDBMSChangeLogsPlugin [o.e.c.p.impl.LiquibaseDataInitializer<main>] 
2026-08-19 13:34:36,532 | INFO  |   * processing changelog db/changelog/wallet-rdbms.db.changelog-master.xml [o.e.c.p.impl.LiquibaseDataInitializer<main>] 
2026-08-19 13:34:37,223 | WARN  | 'utf8' is currently an alias for the character set UTF8MB3, but will be an alias for UTF8MB4 in a future release. Please consider using UTF8MB4 in order to be unambiguous. [liquibase.executor.jvm.JdbcExecutor<main>] 
2026-08-19 13:34:37,223 | WARN  | 'utf8mb3_general_ci' is a collation of the deprecated character set UTF8MB3. Please consider using UTF8MB4 with an appropriate collation instead. [liquibase.executor.jvm.JdbcExecutor<main>] 
2026-08-19 13:34:37,470 | WARN  | 'utf8' is currently an alias for the character set UTF8MB3, but will be an alias for UTF8MB4 in a future release. Please consider using UTF8MB4 in order to be unambiguous. [liquibase.executor.jvm.JdbcExecutor<main>] 
2026-08-19 13:34:37,470 | WARN  | 'utf8mb3_general_ci' is a collation of the deprecated character set UTF8MB3. Please consider using UTF8MB4 with an appropriate collation instead. [liquibase.executor.jvm.JdbcExecutor<main>] 
2026-08-19 13:34:38,199 | WARN  | 'utf8' is currently an alias for the character set UTF8MB3, but will be an alias for UTF8MB4 in a future release. Please consider using UTF8MB4 in order to be unambiguous. [liquibase.executor.jvm.JdbcExecutor<main>] 
2026-08-19 13:34:38,199 | WARN  | 'utf8mb3_general_ci' is a collation of the deprecated character set UTF8MB3. Please consider using UTF8MB4 with an appropriate collation instead. [liquibase.executor.jvm.JdbcExecutor<main>] 
2026-08-19 13:34:38,461 | WARN  | 'utf8' is currently an alias for the character set UTF8MB3, but will be an alias for UTF8MB4 in a future release. Please consider using UTF8MB4 in order to be unambiguous. [liquibase.executor.jvm.JdbcExecutor<main>] 
2026-08-19 13:34:38,461 | WARN  | 'utf8mb3_general_ci' is a collation of the deprecated character set UTF8MB3. Please consider using UTF8MB4 with an appropriate collation instead. [liquibase.executor.jvm.JdbcExecutor<main>] 
2026-08-19 13:34:41,172 | WARN  | 'utf8' is currently an alias for the character set UTF8MB3, but will be an alias for UTF8MB4 in a future release. Please consider using UTF8MB4 in order to be unambiguous. [liquibase.executor.jvm.JdbcExecutor<main>] 
2026-08-19 13:34:41,172 | WARN  | 'utf8mb3_general_ci' is a collation of the deprecated character set UTF8MB3. Please consider using UTF8MB4 with an appropriate collation instead. [liquibase.executor.jvm.JdbcExecutor<main>] 
2026-08-19 13:34:50,365 | WARN  | 'utf8' is currently an alias for the character set UTF8MB3, but will be an alias for UTF8MB4 in a future release. Please consider using UTF8MB4 in order to be unambiguous. [liquibase.executor.jvm.JdbcExecutor<main>] 
2026-08-19 13:34:50,365 | WARN  | 'utf8mb3_general_ci' is a collation of the deprecated character set UTF8MB3. Please consider using UTF8MB4 with an appropriate collation instead. [liquibase.executor.jvm.JdbcExecutor<main>] 
2026-08-19 13:34:51,264 | INFO  | Processing changelogs of WalletRDBMSChangeLogsPlugin [o.e.c.p.impl.LiquibaseDataInitializer<main>] 
2026-08-19 13:34:51,264 | INFO  |   * processing changelog db/changelog/reward-rdbms.db.changelog-master.xml [o.e.c.p.impl.LiquibaseDataInitializer<main>] 
2026-08-19 13:34:51,973 | WARN  | NATIONAL/NCHAR/NVARCHAR implies the character set UTF8MB3, which will be replaced by UTF8MB4 in a future release. Please consider using CHAR(x) CHARACTER SET UTF8MB4 in order to be unambiguous. [liquibase.executor.jvm.JdbcExecutor<main>] 
2026-08-19 13:34:51,973 | WARN  | NATIONAL/NCHAR/NVARCHAR implies the character set UTF8MB3, which will be replaced by UTF8MB4 in a future release. Please consider using CHAR(x) CHARACTER SET UTF8MB4 in order to be unambiguous. [liquibase.executor.jvm.JdbcExecutor<main>] 
2026-08-19 13:34:51,973 | WARN  | 'utf8' is currently an alias for the character set UTF8MB3, but will be an alias for UTF8MB4 in a future release. Please consider using UTF8MB4 in order to be unambiguous. [liquibase.executor.jvm.JdbcExecutor<main>] 
2026-08-19 13:34:51,973 | WARN  | 'utf8mb3_general_ci' is a collation of the deprecated character set UTF8MB3. Please consider using UTF8MB4 with an appropriate collation instead. [liquibase.executor.jvm.JdbcExecutor<main>] 
2026-08-19 13:34:52,402 | WARN  | 'utf8' is currently an alias for the character set UTF8MB3, but will be an alias for UTF8MB4 in a future release. Please consider using UTF8MB4 in order to be unambiguous. [liquibase.executor.jvm.JdbcExecutor<main>] 
2026-08-19 13:34:52,402 | WARN  | 'utf8mb3_general_ci' is a collation of the deprecated character set UTF8MB3. Please consider using UTF8MB4 with an appropriate collation instead. [liquibase.executor.jvm.JdbcExecutor<main>] 
2026-08-19 13:34:52,588 | WARN  | 'utf8' is currently an alias for the character set UTF8MB3, but will be an alias for UTF8MB4 in a future release. Please consider using UTF8MB4 in order to be unambiguous. [liquibase.executor.jvm.JdbcExecutor<main>] 
2026-08-19 13:34:52,588 | WARN  | 'utf8mb3_general_ci' is a collation of the deprecated character set UTF8MB3. Please consider using UTF8MB4 with an appropriate collation instead. [liquibase.executor.jvm.JdbcExecutor<main>] 
2026-08-19 13:34:53,047 | WARN  | 'utf8' is currently an alias for the character set UTF8MB3, but will be an alias for UTF8MB4 in a future release. Please consider using UTF8MB4 in order to be unambiguous. [liquibase.executor.jvm.JdbcExecutor<main>] 
2026-08-19 13:34:53,047 | WARN  | 'utf8mb3_general_ci' is a collation of the deprecated character set UTF8MB3. Please consider using UTF8MB4 with an appropriate collation instead. [liquibase.executor.jvm.JdbcExecutor<main>] 
2026-08-19 13:34:53,326 | WARN  | 'utf8' is currently an alias for the character set UTF8MB3, but will be an alias for UTF8MB4 in a future release. Please consider using UTF8MB4 in order to be unambiguous. [liquibase.executor.jvm.JdbcExecutor<main>] 
2026-08-19 13:34:53,326 | WARN  | 'utf8mb3_general_ci' is a collation of the deprecated character set UTF8MB3. Please consider using UTF8MB4 with an appropriate collation instead. [liquibase.executor.jvm.JdbcExecutor<main>] 
2026-08-19 13:34:57,626 | INFO  | Processing changelogs of WebConferencingChangeLogsPlugin [o.e.c.p.impl.LiquibaseDataInitializer<main>] 
2026-08-19 13:34:57,626 | INFO  |   * processing changelog db/changelog/webconferencing.db.changelog-1.0.0.xml [o.e.c.p.impl.LiquibaseDataInitializer<main>] 
2026-08-19 13:34:57,728 | WARN  | Due to mysql SQL limitations, modifyDataType will lose primary key/autoincrement/not null/comment settings explicitly redefined in the change. Use <sql> or <modifySql> to re-specify all configuration if this is the case [liquibase.changelog.DatabaseChangeLog<main>] 
2026-08-19 13:34:57,753 | WARN  | Due to mysql SQL limitations, modifyDataType will lose primary key/autoincrement/not null/comment settings explicitly redefined in the change. Use <sql> or <modifySql> to re-specify all configuration if this is the case [liquibase.changelog.DatabaseChangeLog<main>] 
2026-08-19 13:34:58,207 | WARN  | NATIONAL/NCHAR/NVARCHAR implies the character set UTF8MB3, which will be replaced by UTF8MB4 in a future release. Please consider using CHAR(x) CHARACTER SET UTF8MB4 in order to be unambiguous. [liquibase.executor.jvm.JdbcExecutor<main>] 
2026-08-19 13:34:58,207 | WARN  | NATIONAL/NCHAR/NVARCHAR implies the character set UTF8MB3, which will be replaced by UTF8MB4 in a future release. Please consider using CHAR(x) CHARACTER SET UTF8MB4 in order to be unambiguous. [liquibase.executor.jvm.JdbcExecutor<main>] 
2026-08-19 13:34:58,207 | WARN  | NATIONAL/NCHAR/NVARCHAR implies the character set UTF8MB3, which will be replaced by UTF8MB4 in a future release. Please consider using CHAR(x) CHARACTER SET UTF8MB4 in order to be unambiguous. [liquibase.executor.jvm.JdbcExecutor<main>] 
2026-08-19 13:34:58,207 | WARN  | NATIONAL/NCHAR/NVARCHAR implies the character set UTF8MB3, which will be replaced by UTF8MB4 in a future release. Please consider using CHAR(x) CHARACTER SET UTF8MB4 in order to be unambiguous. [liquibase.executor.jvm.JdbcExecutor<main>] 
2026-08-19 13:34:58,207 | WARN  | NATIONAL/NCHAR/NVARCHAR implies the character set UTF8MB3, which will be replaced by UTF8MB4 in a future release. Please consider using CHAR(x) CHARACTER SET UTF8MB4 in order to be unambiguous. [liquibase.executor.jvm.JdbcExecutor<main>] 
2026-08-19 13:34:58,207 | WARN  | NATIONAL/NCHAR/NVARCHAR implies the character set UTF8MB3, which will be replaced by UTF8MB4 in a future release. Please consider using CHAR(x) CHARACTER SET UTF8MB4 in order to be unambiguous. [liquibase.executor.jvm.JdbcExecutor<main>] 
2026-08-19 13:34:58,207 | WARN  | NATIONAL/NCHAR/NVARCHAR implies the character set UTF8MB3, which will be replaced by UTF8MB4 in a future release. Please consider using CHAR(x) CHARACTER SET UTF8MB4 in order to be unambiguous. [liquibase.executor.jvm.JdbcExecutor<main>] 
2026-08-19 13:34:58,207 | WARN  | 'utf8' is currently an alias for the character set UTF8MB3, but will be an alias for UTF8MB4 in a future release. Please consider using UTF8MB4 in order to be unambiguous. [liquibase.executor.jvm.JdbcExecutor<main>] 
2026-08-19 13:34:58,207 | WARN  | 'utf8mb3_general_ci' is a collation of the deprecated character set UTF8MB3. Please consider using UTF8MB4 with an appropriate collation instead. [liquibase.executor.jvm.JdbcExecutor<main>] 
2026-08-19 13:34:58,580 | WARN  | NATIONAL/NCHAR/NVARCHAR implies the character set UTF8MB3, which will be replaced by UTF8MB4 in a future release. Please consider using CHAR(x) CHARACTER SET UTF8MB4 in order to be unambiguous. [liquibase.executor.jvm.JdbcExecutor<main>] 
2026-08-19 13:34:58,580 | WARN  | NATIONAL/NCHAR/NVARCHAR implies the character set UTF8MB3, which will be replaced by UTF8MB4 in a future release. Please consider using CHAR(x) CHARACTER SET UTF8MB4 in order to be unambiguous. [liquibase.executor.jvm.JdbcExecutor<main>] 
2026-08-19 13:34:58,580 | WARN  | NATIONAL/NCHAR/NVARCHAR implies the character set UTF8MB3, which will be replaced by UTF8MB4 in a future release. Please consider using CHAR(x) CHARACTER SET UTF8MB4 in order to be unambiguous. [liquibase.executor.jvm.JdbcExecutor<main>] 
2026-08-19 13:34:58,580 | WARN  | NATIONAL/NCHAR/NVARCHAR implies the character set UTF8MB3, which will be replaced by UTF8MB4 in a future release. Please consider using CHAR(x) CHARACTER SET UTF8MB4 in order to be unambiguous. [liquibase.executor.jvm.JdbcExecutor<main>] 
2026-08-19 13:34:58,580 | WARN  | NATIONAL/NCHAR/NVARCHAR implies the character set UTF8MB3, which will be replaced by UTF8MB4 in a future release. Please consider using CHAR(x) CHARACTER SET UTF8MB4 in order to be unambiguous. [liquibase.executor.jvm.JdbcExecutor<main>] 
2026-08-19 13:34:58,580 | WARN  | 'utf8' is currently an alias for the character set UTF8MB3, but will be an alias for UTF8MB4 in a future release. Please consider using UTF8MB4 in order to be unambiguous. [liquibase.executor.jvm.JdbcExecutor<main>] 
2026-08-19 13:34:58,580 | WARN  | 'utf8mb3_general_ci' is a collation of the deprecated character set UTF8MB3. Please consider using UTF8MB4 with an appropriate collation instead. [liquibase.executor.jvm.JdbcExecutor<main>] 
2026-08-19 13:34:59,820 | WARN  | NATIONAL/NCHAR/NVARCHAR implies the character set UTF8MB3, which will be replaced by UTF8MB4 in a future release. Please consider using CHAR(x) CHARACTER SET UTF8MB4 in order to be unambiguous. [liquibase.executor.jvm.JdbcExecutor<main>] 
2026-08-19 13:34:59,820 | WARN  | NATIONAL/NCHAR/NVARCHAR implies the character set UTF8MB3, which will be replaced by UTF8MB4 in a future release. Please consider using CHAR(x) CHARACTER SET UTF8MB4 in order to be unambiguous. [liquibase.executor.jvm.JdbcExecutor<main>] 
2026-08-19 13:34:59,820 | WARN  | NATIONAL/NCHAR/NVARCHAR implies the character set UTF8MB3, which will be replaced by UTF8MB4 in a future release. Please consider using CHAR(x) CHARACTER SET UTF8MB4 in order to be unambiguous. [liquibase.executor.jvm.JdbcExecutor<main>] 
2026-08-19 13:34:59,820 | WARN  | NATIONAL/NCHAR/NVARCHAR implies the character set UTF8MB3, which will be replaced by UTF8MB4 in a future release. Please consider using CHAR(x) CHARACTER SET UTF8MB4 in order to be unambiguous. [liquibase.executor.jvm.JdbcExecutor<main>] 
2026-08-19 13:34:59,820 | WARN  | 'utf8' is currently an alias for the character set UTF8MB3, but will be an alias for UTF8MB4 in a future release. Please consider using UTF8MB4 in order to be unambiguous. [liquibase.executor.jvm.JdbcExecutor<main>] 
2026-08-19 13:34:59,820 | WARN  | 'utf8mb3_general_ci' is a collation of the deprecated character set UTF8MB3. Please consider using UTF8MB4 with an appropriate collation instead. [liquibase.executor.jvm.JdbcExecutor<main>] 
2026-08-19 13:35:01,258 | WARN  | NATIONAL/NCHAR/NVARCHAR implies the character set UTF8MB3, which will be replaced by UTF8MB4 in a future release. Please consider using CHAR(x) CHARACTER SET UTF8MB4 in order to be unambiguous. [liquibase.executor.jvm.JdbcExecutor<main>] 
2026-08-19 13:35:01,258 | WARN  | NATIONAL/NCHAR/NVARCHAR implies the character set UTF8MB3, which will be replaced by UTF8MB4 in a future release. Please consider using CHAR(x) CHARACTER SET UTF8MB4 in order to be unambiguous. [liquibase.executor.jvm.JdbcExecutor<main>] 
2026-08-19 13:35:01,258 | WARN  | NATIONAL/NCHAR/NVARCHAR implies the character set UTF8MB3, which will be replaced by UTF8MB4 in a future release. Please consider using CHAR(x) CHARACTER SET UTF8MB4 in order to be unambiguous. [liquibase.executor.jvm.JdbcExecutor<main>] 
2026-08-19 13:35:01,258 | WARN  | NATIONAL/NCHAR/NVARCHAR implies the character set UTF8MB3, which will be replaced by UTF8MB4 in a future release. Please consider using CHAR(x) CHARACTER SET UTF8MB4 in order to be unambiguous. [liquibase.executor.jvm.JdbcExecutor<main>] 
2026-08-19 13:35:01,258 | WARN  | 'utf8' is currently an alias for the character set UTF8MB3, but will be an alias for UTF8MB4 in a future release. Please consider using UTF8MB4 in order to be unambiguous. [liquibase.executor.jvm.JdbcExecutor<main>] 
2026-08-19 13:35:01,258 | WARN  | 'utf8mb3_general_ci' is a collation of the deprecated character set UTF8MB3. Please consider using UTF8MB4 with an appropriate collation instead. [liquibase.executor.jvm.JdbcExecutor<main>] 
2026-08-19 13:35:03,004 | WARN  | NATIONAL/NCHAR/NVARCHAR implies the character set UTF8MB3, which will be replaced by UTF8MB4 in a future release. Please consider using CHAR(x) CHARACTER SET UTF8MB4 in order to be unambiguous. [liquibase.executor.jvm.JdbcExecutor<main>] 
2026-08-19 13:35:03,106 | INFO  | Loading router configuration /etc/exo/controller.xml [org.exoplatform.web.WebAppController<main>] 
2026-08-19 13:35:03,106 | INFO  | Loading router configuration file:/etc/exo/controller.xml [org.exoplatform.web.WebAppController<main>] 
2026-08-19 13:35:08,522 | INFO  | ISPN000128: Infinispan version: Infinispan 'Chakra' 8.2.6.Final [o.i.factories.GlobalComponentRegistry<main>] 
2026-08-19 13:35:08,805 | INFO  | Using http://es:9200 as Searching URL [o.e.c.s.es.client.ElasticSearchingClient<main>] 
2026-08-19 13:35:08,924 | INFO  | Using default HTTP max connections for property exo.es.search.http.connections.max=100. [o.e.c.s.es.client.ElasticSearchingClient<main>] 
2026-08-19 13:35:09,161 | INFO  | Activity Type key:  files:spaces.ADD_PROPERTY,  registration status: disabled [o.e.s.core.manager.ActivityManagerImpl<main>] 
2026-08-19 13:35:09,161 | INFO  | Activity Type key:  files:spaces.CREATION_COMMENT,  registration status: disabled [o.e.s.core.manager.ActivityManagerImpl<main>] 
2026-08-19 13:35:09,161 | INFO  | Activity Type key:  files:spaces.REMOVE_PROPERTY,  registration status: disabled [o.e.s.core.manager.ActivityManagerImpl<main>] 
2026-08-19 13:35:09,161 | INFO  | Activity Type key:  files:spaces.MOVE_COMMENT,  registration status: disabled [o.e.s.core.manager.ActivityManagerImpl<main>] 
2026-08-19 13:35:09,161 | INFO  | Activity Type key:  contents:spaces,  registration status: disabled [o.e.s.core.manager.ActivityManagerImpl<main>] 
2026-08-19 13:35:09,161 | INFO  | Activity Type key:  files:spaces,  registration status: enabled [o.e.s.core.manager.ActivityManagerImpl<main>] 
2026-08-19 13:35:09,161 | INFO  | Activity Type key:  USER_ACTIVITIES_FOR_RELATIONSHIP,  registration status: disabled [o.e.s.core.manager.ActivityManagerImpl<main>] 
2026-08-19 13:35:09,161 | INFO  | Activity Type key:  files:spaces.UPDATE_COMMENT,  registration status: disabled [o.e.s.core.manager.ActivityManagerImpl<main>] 
2026-08-19 13:35:09,161 | INFO  | Activity Type key:  files:spaces.TAG_ACTION_COMMENT,  registration status: disabled [o.e.s.core.manager.ActivityManagerImpl<main>] 
2026-08-19 13:35:09,161 | INFO  | Activity Type key:  USER_PROFILE_ACTIVITY,  registration status: disabled [o.e.s.core.manager.ActivityManagerImpl<main>] 
2026-08-19 13:35:09,235 | INFO  | DAOHandlerJPAImpl is creating... [DAOHandlerJPAImpl<main>] 
2026-08-19 13:35:09,246 | INFO  | DAOHandlerJPAImpl is created [DAOHandlerJPAImpl<main>] 
2026-08-19 13:35:09,325 | INFO  | EntityManagerFactory [meeds-jpa] - Creating with datasource java:/comp/env/exo-jpa_portal. [o.e.c.p.impl.EntityManagerService<main>] 
2026-08-19 13:35:14,187 | INFO  | EntityManagerFactory [meeds-jpa] - Created. [o.e.c.p.impl.EntityManagerService<main>] 
2026-08-19 13:35:14,192 | INFO  | Activity Type key:  files:spaces.ADD_PROPERTY,  registration status: disabled [o.e.s.core.manager.ActivityManagerImpl<main>] 
2026-08-19 13:35:14,192 | INFO  | Activity Type key:  files:spaces.CREATION_COMMENT,  registration status: disabled [o.e.s.core.manager.ActivityManagerImpl<main>] 
2026-08-19 13:35:14,192 | INFO  | Activity Type key:  files:spaces.REMOVE_PROPERTY,  registration status: disabled [o.e.s.core.manager.ActivityManagerImpl<main>] 
2026-08-19 13:35:14,192 | INFO  | Activity Type key:  files:spaces.MOVE_COMMENT,  registration status: disabled [o.e.s.core.manager.ActivityManagerImpl<main>] 
2026-08-19 13:35:14,192 | INFO  | Activity Type key:  contents:spaces,  registration status: disabled [o.e.s.core.manager.ActivityManagerImpl<main>] 
2026-08-19 13:35:14,192 | INFO  | Activity Type key:  files:spaces,  registration status: enabled [o.e.s.core.manager.ActivityManagerImpl<main>] 
2026-08-19 13:35:14,192 | INFO  | Activity Type key:  USER_ACTIVITIES_FOR_RELATIONSHIP,  registration status: disabled [o.e.s.core.manager.ActivityManagerImpl<main>] 
2026-08-19 13:35:14,192 | INFO  | Activity Type key:  files:spaces.UPDATE_COMMENT,  registration status: disabled [o.e.s.core.manager.ActivityManagerImpl<main>] 
2026-08-19 13:35:14,192 | INFO  | Activity Type key:  files:spaces.TAG_ACTION_COMMENT,  registration status: disabled [o.e.s.core.manager.ActivityManagerImpl<main>] 
2026-08-19 13:35:14,192 | INFO  | Activity Type key:  USER_PROFILE_ACTIVITY,  registration status: disabled [o.e.s.core.manager.ActivityManagerImpl<main>] 
2026-08-19 13:35:14,563 | INFO  | Loading Firebase configuration for Push Notifications from file /etc/exo/fcm.json [o.e.push.service.fcm.FCMMessagePublisher<main>] 
2026-08-19 13:35:14,564 | WARN  | Push notifications - Firebase Cloud Messaging service account config file does not exist, meaning Push Notifications will not work. Add the file at /etc/exo/fcm.json to make it work. [o.e.push.service.fcm.FCMMessagePublisher<main>] 
2026-08-19 13:35:15,127 | INFO  | Activity Type key:  files:spaces.ADD_PROPERTY,  registration status: disabled [o.e.s.core.manager.ActivityManagerImpl<main>] 
2026-08-19 13:35:15,127 | INFO  | Activity Type key:  files:spaces.CREATION_COMMENT,  registration status: disabled [o.e.s.core.manager.ActivityManagerImpl<main>] 
2026-08-19 13:35:15,127 | INFO  | Activity Type key:  files:spaces.REMOVE_PROPERTY,  registration status: disabled [o.e.s.core.manager.ActivityManagerImpl<main>] 
2026-08-19 13:35:15,127 | INFO  | Activity Type key:  files:spaces.MOVE_COMMENT,  registration status: disabled [o.e.s.core.manager.ActivityManagerImpl<main>] 
2026-08-19 13:35:15,127 | INFO  | Activity Type key:  contents:spaces,  registration status: disabled [o.e.s.core.manager.ActivityManagerImpl<main>] 
2026-08-19 13:35:15,127 | INFO  | Activity Type key:  files:spaces,  registration status: enabled [o.e.s.core.manager.ActivityManagerImpl<main>] 
2026-08-19 13:35:15,127 | INFO  | Activity Type key:  USER_ACTIVITIES_FOR_RELATIONSHIP,  registration status: disabled [o.e.s.core.manager.ActivityManagerImpl<main>] 
2026-08-19 13:35:15,127 | INFO  | Activity Type key:  files:spaces.UPDATE_COMMENT,  registration status: disabled [o.e.s.core.manager.ActivityManagerImpl<main>] 
2026-08-19 13:35:15,127 | INFO  | Activity Type key:  files:spaces.TAG_ACTION_COMMENT,  registration status: disabled [o.e.s.core.manager.ActivityManagerImpl<main>] 
2026-08-19 13:35:15,127 | INFO  | Activity Type key:  USER_PROFILE_ACTIVITY,  registration status: disabled [o.e.s.core.manager.ActivityManagerImpl<main>] 
2026-08-19 13:35:15,967 | INFO  | Index Template analytics_template created. [i.m.a.e.s.ElasticsearchAnalyticsStorage<main>] 
2026-08-19 13:35:15,968 | INFO  | Analytics Indices rollover process start [i.m.a.e.s.ElasticsearchAnalyticsStorage<ForkJoinPool.commonPool-worker-2>] 
2026-08-19 13:35:16,006 | INFO  | Analytics Indices rollover process finished successfully. [i.m.a.e.s.ElasticsearchAnalyticsStorage<ForkJoinPool.commonPool-worker-2>] 
2026-08-19 13:35:16,100 | INFO  | Adding DocumentMetadataPlugin [org.exoplatform.services.cms.documents.impl.ApachePOIMetadataPlugin@3fb2bc5e] [o.e.s.c.d.impl.DocumentServiceImpl<main>] 
2026-08-19 13:35:16,102 | INFO  | Setting CommonEditorPlugin [org.exoplatform.services.cms.documents.impl.CommonEditorPluginImpl@1e9a3989] [o.e.s.c.d.impl.DocumentServiceImpl<main>] 
2026-08-19 13:35:16,130 | INFO  | Use DocumentTypePlugin application/vnd.openxmlformats-officedocument.presentationml.presentation,application/vnd.openxmlformats-officedocument.spreadsheetml.sheet,application/vnd.openxmlformats-officedocument.wordprocessingml.document,application/vnd.openxmlformats-officedocument.wordprocessingml.document.form,application/pdf [o.e.o.OnlyofficeEditorServiceImpl<main>] 
2026-08-19 13:35:16,411 | INFO  | Initialized codec using builder org.exoplatform.web.security.codec.JCASymmetricCodecBuilder [o.e.web.security.codec.CodecInitializer<main>] 
2026-08-19 13:35:18,221 | WARN  | J2KImageReader not loaded. JPEG2000 files will not be processed.
See https://pdfbox.apache.org/2.0/dependencies.html#jai-image-io
for optional dependencies.
 [org.apache.tika.parsers.PDFParser<main>] 
2026-08-19 13:35:18,333 | INFO  | Initializing command executor for max 200 threads, queue size 400 [o.e.s.cms.clouddrives.ThreadExecutor<main>] 
2026-08-19 13:35:18,339 | INFO  | Using http://es:9200 as Indexing URL [o.e.c.s.es.client.ElasticIndexingClient<main>] 
2026-08-19 13:35:18,340 | INFO  | Using default HTTP max connections for property exo.es.index.http.connections.max=100. [o.e.c.s.es.client.ElasticIndexingClient<main>] 
2026-08-19 13:35:18,341 | INFO  | Use ES Version 8.18 [o.e.c.s.i.i.ElasticIndexingOperationProcessor<main>] 
2026-08-19 13:35:18,344 | INFO  | An Indexing Connector has been added: wiki-page [o.e.c.s.i.i.ElasticIndexingOperationProcessor<main>] 
2026-08-19 13:35:18,345 | INFO  | An Indexing Connector has been added: note-version [o.e.c.s.i.i.ElasticIndexingOperationProcessor<main>] 
2026-08-19 13:35:18,347 | INFO  | An Indexing Connector has been added: event [o.e.c.s.i.i.ElasticIndexingOperationProcessor<main>] 
2026-08-19 13:35:18,350 | INFO  | An Indexing Connector has been added: profile [o.e.c.s.i.i.ElasticIndexingOperationProcessor<main>] 
2026-08-19 13:35:18,352 | INFO  | An Indexing Connector has been added: space [o.e.c.s.i.i.ElasticIndexingOperationProcessor<main>] 
2026-08-19 13:35:18,358 | INFO  | An Indexing Connector has been added: activity [o.e.c.s.i.i.ElasticIndexingOperationProcessor<main>] 
2026-08-19 13:35:18,359 | INFO  | An Indexing Connector has been added: category [o.e.c.s.i.i.ElasticIndexingOperationProcessor<main>] 
2026-08-19 13:35:18,362 | INFO  | An Indexing Connector has been added: rules [o.e.c.s.i.i.ElasticIndexingOperationProcessor<main>] 
2026-08-19 13:35:18,366 | INFO  | An Indexing Connector has been added: file [o.e.c.s.i.i.ElasticIndexingOperationProcessor<main>] 
2026-08-19 13:35:18,369 | INFO  | An Indexing Connector has been added: news [o.e.c.s.i.i.ElasticIndexingOperationProcessor<main>] 
2026-08-19 13:35:18,370 | INFO  | An Indexing Connector has been added: task [o.e.c.s.i.i.ElasticIndexingOperationProcessor<main>] 
2026-08-19 13:35:18,396 | INFO  | Failed to read default template file: war:/notification/templates/DEFAULT_ACTIVITY.gtmpl. An empty message will be used [o.e.c.n.template.TemplateUtils<main>] 
2026-08-19 13:35:18,705 | INFO  | Failed to read default template file: war:/notification/templates/gamificationRuleActivity.gtmpl. An empty message will be used [o.e.c.n.template.TemplateUtils<main>] 
2026-08-19 13:35:18,739 | INFO  | Failed to read default template file: war:/notification/templates/exokudos:activity.gtmpl. An empty message will be used [o.e.c.n.template.TemplateUtils<main>] 
2026-08-19 13:35:18,944 | INFO  | Using default implementation for ThreadExecutor [org.quartz.impl.StdSchedulerFactory<main>] 
2026-08-19 13:35:18,961 | INFO  | Initialized Scheduler Signaller of type: class org.quartz.core.SchedulerSignalerImpl [org.quartz.core.SchedulerSignalerImpl<main>] 
2026-08-19 13:35:18,962 | INFO  | Quartz Scheduler v2.5.2 created. [org.quartz.core.QuartzScheduler<main>] 
2026-08-19 13:35:18,963 | INFO  | RAMJobStore initialized. [org.quartz.simpl.RAMJobStore<main>] 
2026-08-19 13:35:18,964 | INFO  | Scheduler meta-data: Quartz Scheduler (v2.5.2) 'ExoScheduler' with instanceId 'NON_CLUSTERED'
  Scheduler class: 'org.quartz.core.QuartzScheduler' - running locally.
  NOT STARTED.
  Currently in standby mode.
  Number of jobs executed: 0
  Using thread pool 'org.quartz.simpl.SimpleThreadPool' - with 25 threads.
  Using job-store 'org.quartz.simpl.RAMJobStore' - which does not support persistence. and is not clustered.
 [org.quartz.core.QuartzScheduler<main>] 
2026-08-19 13:35:18,964 | INFO  | Quartz scheduler 'ExoScheduler' initialized from an externally provided properties instance. [org.quartz.impl.StdSchedulerFactory<main>] 
2026-08-19 13:35:18,964 | INFO  | Quartz scheduler version: 2.5.2 [org.quartz.impl.StdSchedulerFactory<main>] 
2026-08-19 13:35:18,964 | INFO  | Scheduler ExoScheduler_$_NON_CLUSTERED paused. [org.quartz.core.QuartzScheduler<main>] 
2026-08-19 13:35:18,966 | INFO  | Read products versions from jar:/conf/platform.properties [o.e.commons.info.ProductInformations<main>] 
2026-08-19 13:35:19,113 | INFO  | New entries to ResolvingService added (public) : -//W3C//ENTITIES Latin 1 for XHTML//EN : dtd/xhtml-lat1.ent [e.c.c.x.XMLResolvingServiceImpl<main>] 
2026-08-19 13:35:19,113 | INFO  | New entries to ResolvingService added (public) : -//W3C//DTD XHTML 1.0 Transitional//EN : dtd/xhtml1-transitional.dtd [e.c.c.x.XMLResolvingServiceImpl<main>] 
2026-08-19 13:35:19,113 | INFO  | New entries to ResolvingService added (public) : -//W3C//DTD XHTML 1.0 Strict//EN : dtd/xhtml1-strict.dtd [e.c.c.x.XMLResolvingServiceImpl<main>] 
2026-08-19 13:35:19,113 | INFO  | New entries to ResolvingService added (public) : -//W3C//DTD XMLSCHEMA 200102//EN : dtd/XMLSchema.dtd [e.c.c.x.XMLResolvingServiceImpl<main>] 
2026-08-19 13:35:19,113 | INFO  | New entries to ResolvingService added (public) : -//W3C//ENTITIES Special for XHTML//EN : dtd/xhtml-special.ent [e.c.c.x.XMLResolvingServiceImpl<main>] 
2026-08-19 13:35:19,113 | INFO  | New entries to ResolvingService added (public) : -//W3C//DTD XHTML 1.0 Frameset//EN : dtd/xhtml1-frameset.dtd [e.c.c.x.XMLResolvingServiceImpl<main>] 
2026-08-19 13:35:19,113 | INFO  | New entries to ResolvingService added (public) : -//Sun Microsystems, Inc.//DTD Web Application 2.3//EN : dtd/web-app_2_3.dtd [e.c.c.x.XMLResolvingServiceImpl<main>] 
2026-08-19 13:35:19,113 | INFO  | New entries to ResolvingService added (public) : -//W3C//ENTITIES Symbols for XHTML//EN : dtd/xhtml-symbol.ent [e.c.c.x.XMLResolvingServiceImpl<main>] 
2026-08-19 13:35:19,113 | INFO  | New entries to ResolvingService added (system) : http://www.w3.org/TR/xhtml1/DTD/xhtml1-frameset.dtd : dtd/xhtml1-frameset.dtd [e.c.c.x.XMLResolvingServiceImpl<main>] 
2026-08-19 13:35:19,113 | INFO  | New entries to ResolvingService added (system) : http://www.w3.org/TR/xhtml1/DTD/xhtml1-transitional.dtd : dtd/xhtml1-transitional.dtd [e.c.c.x.XMLResolvingServiceImpl<main>] 
2026-08-19 13:35:19,113 | INFO  | New entries to ResolvingService added (system) : http://www.w3.org/TR/xhtml1/DTD/xhtml-symbol.ent : dtd/xhtml-symbol.ent [e.c.c.x.XMLResolvingServiceImpl<main>] 
2026-08-19 13:35:19,113 | INFO  | New entries to ResolvingService added (system) : http://www.w3.org/TR/xhtml1/DTD/xhtml-special.ent : dtd/xhtml-special.ent [e.c.c.x.XMLResolvingServiceImpl<main>] 
2026-08-19 13:35:19,114 | INFO  | New entries to ResolvingService added (system) : http://www.w3.org/2001/datatypes.dtd : dtd/datatypes.dtd [e.c.c.x.XMLResolvingServiceImpl<main>] 
2026-08-19 13:35:19,114 | INFO  | New entries to ResolvingService added (system) : http://java.sun.com/dtd/web-app_2_3.dtd : dtd/web-app_2_3.dtd [e.c.c.x.XMLResolvingServiceImpl<main>] 
2026-08-19 13:35:19,114 | INFO  | New entries to ResolvingService added (system) : http://www.w3.org/TR/xhtml1/DTD/xhtml1-strict.dtd : dtd/xhtml1-strict.dtd [e.c.c.x.XMLResolvingServiceImpl<main>] 
2026-08-19 13:35:19,114 | INFO  | New entries to ResolvingService added (system) : http://www.w3.org/2001/XMLSchema.dtd : dtd/XMLSchema.dtd [e.c.c.x.XMLResolvingServiceImpl<main>] 
2026-08-19 13:35:19,114 | INFO  | New entries to ResolvingService added (system) : http://www.w3.org/TR/xhtml1/DTD/xhtml-lat1.ent : dtd/xhtml-lat1.ent [e.c.c.x.XMLResolvingServiceImpl<main>] 
2026-08-19 13:35:19,117 | INFO  | XSLT schema found by relative path: xslt/get-method.xsl [e.c.c.x.TRAXTemplatesServiceImpl<main>] 
2026-08-19 13:35:19,448 | INFO  | Using property file file:/etc/exo/docker.properties to set configuration properties. [o.e.c.ExtendedPropertyConfigurator<main>] 
2026-08-19 13:35:19,449 | INFO  | Skipping configuration file file:/etc/exo/exo.properties. File doesn't exist. [o.e.c.ExtendedPropertyConfigurator<main>] 
2026-08-19 13:35:19,450 | INFO  | Using property file jar:file:/opt/exo/lib/plf-community-edition-service.jar!/conf/platform/configuration.properties to set configuration properties. [o.e.c.ExtendedPropertyConfigurator<main>] 
2026-08-19 13:35:20,245 | WARN  | NATIONAL/NCHAR/NVARCHAR implies the character set UTF8MB3, which will be replaced by UTF8MB4 in a future release. Please consider using CHAR(x) CHARACTER SET UTF8MB4 in order to be unambiguous. [liquibase.executor.jvm.JdbcExecutor<main>] 
2026-08-19 13:35:20,245 | WARN  | NATIONAL/NCHAR/NVARCHAR implies the character set UTF8MB3, which will be replaced by UTF8MB4 in a future release. Please consider using CHAR(x) CHARACTER SET UTF8MB4 in order to be unambiguous. [liquibase.executor.jvm.JdbcExecutor<main>] 
2026-08-19 13:35:20,245 | WARN  | 'utf8' is currently an alias for the character set UTF8MB3, but will be an alias for UTF8MB4 in a future release. Please consider using UTF8MB4 in order to be unambiguous. [liquibase.executor.jvm.JdbcExecutor<main>] 
2026-08-19 13:35:20,245 | WARN  | 'utf8mb3_general_ci' is a collation of the deprecated character set UTF8MB3. Please consider using UTF8MB4 with an appropriate collation instead. [liquibase.executor.jvm.JdbcExecutor<main>] 
2026-08-19 13:35:20,832 | WARN  | NATIONAL/NCHAR/NVARCHAR implies the character set UTF8MB3, which will be replaced by UTF8MB4 in a future release. Please consider using CHAR(x) CHARACTER SET UTF8MB4 in order to be unambiguous. [liquibase.executor.jvm.JdbcExecutor<main>] 
2026-08-19 13:35:20,832 | WARN  | NATIONAL/NCHAR/NVARCHAR implies the character set UTF8MB3, which will be replaced by UTF8MB4 in a future release. Please consider using CHAR(x) CHARACTER SET UTF8MB4 in order to be unambiguous. [liquibase.executor.jvm.JdbcExecutor<main>] 
2026-08-19 13:35:20,832 | WARN  | NATIONAL/NCHAR/NVARCHAR implies the character set UTF8MB3, which will be replaced by UTF8MB4 in a future release. Please consider using CHAR(x) CHARACTER SET UTF8MB4 in order to be unambiguous. [liquibase.executor.jvm.JdbcExecutor<main>] 
2026-08-19 13:35:20,832 | WARN  | NATIONAL/NCHAR/NVARCHAR implies the character set UTF8MB3, which will be replaced by UTF8MB4 in a future release. Please consider using CHAR(x) CHARACTER SET UTF8MB4 in order to be unambiguous. [liquibase.executor.jvm.JdbcExecutor<main>] 
2026-08-19 13:35:20,832 | WARN  | 'utf8' is currently an alias for the character set UTF8MB3, but will be an alias for UTF8MB4 in a future release. Please consider using UTF8MB4 in order to be unambiguous. [liquibase.executor.jvm.JdbcExecutor<main>] 
2026-08-19 13:35:20,832 | WARN  | 'utf8mb3_general_ci' is a collation of the deprecated character set UTF8MB3. Please consider using UTF8MB4 with an appropriate collation instead. [liquibase.executor.jvm.JdbcExecutor<main>] 
2026-08-19 13:35:21,616 | WARN  | NATIONAL/NCHAR/NVARCHAR implies the character set UTF8MB3, which will be replaced by UTF8MB4 in a future release. Please consider using CHAR(x) CHARACTER SET UTF8MB4 in order to be unambiguous. [liquibase.executor.jvm.JdbcExecutor<main>] 
2026-08-19 13:35:22,264 | WARN  | NATIONAL/NCHAR/NVARCHAR implies the character set UTF8MB3, which will be replaced by UTF8MB4 in a future release. Please consider using CHAR(x) CHARACTER SET UTF8MB4 in order to be unambiguous. [liquibase.executor.jvm.JdbcExecutor<main>] 
2026-08-19 13:35:22,264 | WARN  | NATIONAL/NCHAR/NVARCHAR implies the character set UTF8MB3, which will be replaced by UTF8MB4 in a future release. Please consider using CHAR(x) CHARACTER SET UTF8MB4 in order to be unambiguous. [liquibase.executor.jvm.JdbcExecutor<main>] 
2026-08-19 13:35:22,264 | WARN  | NATIONAL/NCHAR/NVARCHAR implies the character set UTF8MB3, which will be replaced by UTF8MB4 in a future release. Please consider using CHAR(x) CHARACTER SET UTF8MB4 in order to be unambiguous. [liquibase.executor.jvm.JdbcExecutor<main>] 
2026-08-19 13:35:22,264 | WARN  | NATIONAL/NCHAR/NVARCHAR implies the character set UTF8MB3, which will be replaced by UTF8MB4 in a future release. Please consider using CHAR(x) CHARACTER SET UTF8MB4 in order to be unambiguous. [liquibase.executor.jvm.JdbcExecutor<main>] 
2026-08-19 13:35:22,440 | INFO  | Starting data initialization with Liquibase with datasource java:/comp/env/exo-jpa_portal [o.e.c.p.impl.LiquibaseDataInitializer<main>] 
2026-08-19 13:35:22,441 | INFO  | Processing changelogs of TaskManagementChangeLogsPlugin [o.e.c.p.impl.LiquibaseDataInitializer<main>] 
2026-08-19 13:35:22,441 | INFO  |   * processing changelog db/changelog/task.db.changelog-1.0.0.xml [o.e.c.p.impl.LiquibaseDataInitializer<main>] 
2026-08-19 13:35:22,787 | INFO  |   * processing changelog db/changelog/task.db.changelog-1.1.0.xml [o.e.c.p.impl.LiquibaseDataInitializer<main>] 
2026-08-19 13:35:23,083 | INFO  |   * processing changelog db/changelog/task.db.changelog-1.3.0.xml [o.e.c.p.impl.LiquibaseDataInitializer<main>] 
2026-08-19 13:35:23,394 | INFO  |   * processing changelog db/changelog/task.db.changelog-2.1.0.xml [o.e.c.p.impl.LiquibaseDataInitializer<main>] 
2026-08-19 13:35:23,727 | INFO  |   * processing changelog db/changelog/task.db.changelog-3.0.0.xml [o.e.c.p.impl.LiquibaseDataInitializer<main>] 
2026-08-19 13:35:24,008 | INFO  |   * processing changelog db/changelog/task.db.changelog-3.1.0.xml [o.e.c.p.impl.LiquibaseDataInitializer<main>] 
2026-08-19 13:35:24,286 | INFO  |   * processing changelog db/changelog/task.db.changelog-3.2.0.xml [o.e.c.p.impl.LiquibaseDataInitializer<main>] 
2026-08-19 13:35:24,557 | INFO  |   * processing changelog db/changelog/task.db.changelog-7.2.0.xml [o.e.c.p.impl.LiquibaseDataInitializer<main>] 
2026-08-19 13:35:24,827 | INFO  | Processing changelogs of PushNotificationsManagementChangeLogsPlugin [o.e.c.p.impl.LiquibaseDataInitializer<main>] 
2026-08-19 13:35:24,827 | INFO  |   * processing changelog db/changelog/push-notifications.db.changelog-1.0.0.xml [o.e.c.p.impl.LiquibaseDataInitializer<main>] 
2026-08-19 13:35:25,137 | INFO  | Processing changelogs of ProcessesRDBMSChangeLogsPlugin [o.e.c.p.impl.LiquibaseDataInitializer<main>] 
2026-08-19 13:35:25,137 | INFO  |   * processing changelog db/changelog/processes-rdbms.db.changelog-master.xml [o.e.c.p.impl.LiquibaseDataInitializer<main>] 
2026-08-19 13:35:25,465 | INFO  | Processing changelogs of DocumentsAppRDBMSChangeLogsPlugin [o.e.c.p.impl.LiquibaseDataInitializer<main>] 
2026-08-19 13:35:25,465 | INFO  |   * processing changelog db/changelog/documents-rdbms.db.changelog-master.xml [o.e.c.p.impl.LiquibaseDataInitializer<main>] 
2026-08-19 13:35:25,745 | INFO  | Processing changelogs of AttachmentsContextRDBMSChangeLogsPlugin [o.e.c.p.impl.LiquibaseDataInitializer<main>] 
2026-08-19 13:35:25,745 | INFO  |   * processing changelog changelog/attachments-context-rdbms.db.changelog.xml [o.e.c.p.impl.LiquibaseDataInitializer<main>] 
2026-08-19 13:35:26,013 | INFO  | Processing changelogs of Only Office ChangeLogsPlugin [o.e.c.p.impl.LiquibaseDataInitializer<main>] 
2026-08-19 13:35:26,013 | INFO  |   * processing changelog db.changelogs/onlyoffice-changelog-1.0.0.xml [o.e.c.p.impl.LiquibaseDataInitializer<main>] 
2026-08-19 13:35:26,302 | INFO  | Processing changelogs of ExternalVisioConnectorRDBMSChangeLogsPlugin [o.e.c.p.impl.LiquibaseDataInitializer<main>] 
2026-08-19 13:35:26,302 | INFO  |   * processing changelog db/changelog/externalVisioConnector-rdbms.db.changelog.xml [o.e.c.p.impl.LiquibaseDataInitializer<main>] 
2026-08-19 13:35:26,578 | INFO  | Processing changelogs of PerkStoreRDBMSChangeLogsPlugin [o.e.c.p.impl.LiquibaseDataInitializer<main>] 
2026-08-19 13:35:26,578 | INFO  |   * processing changelog db/changelog/perkstore-rdbms.db.changelog-master.xml [o.e.c.p.impl.LiquibaseDataInitializer<main>] 
2026-08-19 13:35:26,890 | INFO  | Processing changelogs of CommonsChangeLogsPlugin [o.e.c.p.impl.LiquibaseDataInitializer<main>] 
2026-08-19 13:35:26,891 | INFO  |   * processing changelog db/changelog/idm.queue.db.changelog-1.0.0.xml [o.e.c.p.impl.LiquibaseDataInitializer<main>] 
2026-08-19 13:35:27,072 | INFO  | Processing changelogs of FilesChangeLogsPlugin [o.e.c.p.impl.LiquibaseDataInitializer<main>] 
2026-08-19 13:35:27,073 | INFO  |   * processing changelog db/changelog/file.db.changelog-1.0.0.xml [o.e.c.p.impl.LiquibaseDataInitializer<main>] 
2026-08-19 13:35:27,403 | INFO  | Processing changelogs of GamificationChangeLogsPlugin [o.e.c.p.impl.LiquibaseDataInitializer<main>] 
2026-08-19 13:35:27,403 | INFO  |   * processing changelog db/changelog/gamification.db.changelog-1.0.0.xml [o.e.c.p.impl.LiquibaseDataInitializer<main>] 
2026-08-19 13:35:27,790 | INFO  | Processing changelogs of WalletRDBMSChangeLogsPlugin [o.e.c.p.impl.LiquibaseDataInitializer<main>] 
2026-08-19 13:35:27,790 | INFO  |   * processing changelog db/changelog/wallet-rdbms.db.changelog-master.xml [o.e.c.p.impl.LiquibaseDataInitializer<main>] 
2026-08-19 13:35:28,115 | INFO  | Processing changelogs of WalletRDBMSChangeLogsPlugin [o.e.c.p.impl.LiquibaseDataInitializer<main>] 
2026-08-19 13:35:28,115 | INFO  |   * processing changelog db/changelog/reward-rdbms.db.changelog-master.xml [o.e.c.p.impl.LiquibaseDataInitializer<main>] 
2026-08-19 13:35:28,415 | INFO  | Processing changelogs of WebConferencingChangeLogsPlugin [o.e.c.p.impl.LiquibaseDataInitializer<main>] 
2026-08-19 13:35:28,415 | INFO  |   * processing changelog db/changelog/webconferencing.db.changelog-1.0.0.xml [o.e.c.p.impl.LiquibaseDataInitializer<main>] 
2026-08-19 13:35:28,802 | INFO  | Value storage directory created: /srv/exo/jcr/values/system_portal [exo.jcr.component.core.FileValueStorage<main>] 
2026-08-19 13:35:28,888 | INFO  | dialect:MYSQL, source-name:java:/comp/env/exo-jcr_portal, db-structure-type:single, update-storage:true, max-buffer-size:204800, swap-directory:/srv/exo/jcr/swap/system_portal, acl-bloomfilter-enabled:true, value storage provider: [org.exoplatform.services.jcr.impl.storage.value.fs.TreeFileValueStorage@42f77e40] [e.j.c.core.JDBCWorkspaceDataContainer<main>] 
2026-08-19 13:35:31,541 | INFO  | The DB schema of the workspace 'system' has been initialized succesfully. [exo.jcr.component.core.DBInitializer<main>] 
2026-08-19 13:35:31,566 | INFO  | Infinispan Cache configuration used: jar:/conf/jcr/cache/local/cache-config.xml [e.j.c.core.InfinispanCacheFactory<main>] 
2026-08-19 13:35:31,589 | INFO  | A new ISPN Cache Manager instance has been registered for the region Data_repository_system and the container portal [e.j.c.core.InfinispanCacheFactory<main>] 
2026-08-19 13:35:31,593 | INFO  | The region Data_repository_system has been registered for the container portal [e.j.c.core.InfinispanCacheFactory<main>] 
2026-08-19 13:35:32,277 | INFO  | Value storage directory created: /srv/exo/jcr/values/collaboration_portal [exo.jcr.component.core.FileValueStorage<main>] 
2026-08-19 13:35:32,278 | INFO  | dialect:MYSQL, source-name:java:/comp/env/exo-jcr_portal, db-structure-type:single, update-storage:true, max-buffer-size:204800, swap-directory:/srv/exo/jcr/swap/collaboration_portal, db-tablename-suffix:COLLAB, acl-bloomfilter-enabled:true, value storage provider: [org.exoplatform.services.jcr.impl.storage.value.fs.TreeFileValueStorage@5117615f] [e.j.c.core.JDBCWorkspaceDataContainer<main>] 
2026-08-19 13:35:32,285 | INFO  | The DB schema of the workspace 'collaboration' has been initialized succesfully. [exo.jcr.component.core.DBInitializer<main>] 
2026-08-19 13:35:32,285 | INFO  | Infinispan Cache configuration used: jar:/conf/jcr/cache/local/cache-config.xml [e.j.c.core.InfinispanCacheFactory<main>] 
2026-08-19 13:35:32,291 | INFO  | The region Data_repository_collaboration has been registered for the container portal [e.j.c.core.InfinispanCacheFactory<main>] 
2026-08-19 13:35:32,299 | INFO  | Value storage directory created: /srv/exo/jcr/values/dms-system_portal [exo.jcr.component.core.FileValueStorage<main>] 
2026-08-19 13:35:32,299 | INFO  | dialect:MYSQL, source-name:java:/comp/env/exo-jcr_portal, db-structure-type:single, update-storage:true, max-buffer-size:204800, swap-directory:/srv/exo/jcr/swap/dms-system_portal, db-tablename-suffix:DMSSYS, acl-bloomfilter-enabled:true, value storage provider: [org.exoplatform.services.jcr.impl.storage.value.fs.TreeFileValueStorage@62967bf7] [e.j.c.core.JDBCWorkspaceDataContainer<main>] 
2026-08-19 13:35:32,307 | INFO  | The DB schema of the workspace 'dms-system' has been initialized succesfully. [exo.jcr.component.core.DBInitializer<main>] 
2026-08-19 13:35:32,307 | INFO  | Infinispan Cache configuration used: jar:/conf/jcr/cache/local/cache-config.xml [e.j.c.core.InfinispanCacheFactory<main>] 
2026-08-19 13:35:32,312 | INFO  | The region Data_repository_dms_system has been registered for the container portal [e.j.c.core.InfinispanCacheFactory<main>] 
2026-08-19 13:35:32,517 | INFO  | ARJUNA012163: Starting service com.arjuna.ats.arjuna.recovery.ActionStatusService on port 42319 [com.arjuna.ats.arjuna<main>] 
2026-08-19 13:35:32,518 | INFO  | ARJUNA012337: TransactionStatusManagerItem host: 127.0.0.1 port: 42319 [com.arjuna.ats.arjuna<main>] 
2026-08-19 13:35:32,555 | INFO  | ARJUNA012170: TransactionStatusManager started on port 42319 and host 127.0.0.1 with service com.arjuna.ats.arjuna.recovery.ActionStatusService [com.arjuna.ats.arjuna<main>] 
2026-08-19 13:35:36,132 | INFO  | Infinispan Cache configuration used: jar:/conf/jcr/cache/local/lock-config.xml [e.j.c.core.InfinispanCacheFactory<main>] 
2026-08-19 13:35:36,333 | INFO  | The region Lrepositorysystem has been registered for the container portal [e.j.c.core.InfinispanCacheFactory<main>] 
2026-08-19 13:35:36,728 | INFO  | Indexer io mode=READ_WRITE [e.j.component.core.IndexerIoModeHandler<main>] 
2026-08-19 13:35:36,729 | INFO  | Index created: /srv/exo/jcr/index/system_portal_system [exo.jcr.component.core.SearchIndex<main>] 
2026-08-19 13:35:36,882 | INFO  | Setting index OFFLINE (repository/repository_system[system]) [exo.jcr.component.core.MultiIndex<main>] 
2026-08-19 13:35:37,227 | INFO  | Initial index for 114 nodes created (repository/repository_system[system]). [exo.jcr.component.core.MultiIndex<main>] 
2026-08-19 13:35:37,227 | INFO  | Setting index ONLINE (repository/repository_system[system]) [exo.jcr.component.core.MultiIndex<main>] 
2026-08-19 13:35:37,230 | INFO  | Index initialized: /srv/exo/jcr/index/system_portal_system Version: 4 [exo.jcr.component.core.SearchIndex<main>] 
2026-08-19 13:35:37,279 | INFO  | Index created: /srv/exo/jcr/index/system_portal [exo.jcr.component.core.SearchIndex<main>] 
2026-08-19 13:35:37,284 | INFO  | Setting index OFFLINE (repository/repository_system) [exo.jcr.component.core.MultiIndex<main>] 
2026-08-19 13:35:37,480 | INFO  | Initial index for 1 nodes created (repository/repository_system). [exo.jcr.component.core.MultiIndex<main>] 
2026-08-19 13:35:37,481 | INFO  | Setting index ONLINE (repository/repository_system) [exo.jcr.component.core.MultiIndex<main>] 
2026-08-19 13:35:37,482 | INFO  | Index initialized: /srv/exo/jcr/index/system_portal Version: 4 [exo.jcr.component.core.SearchIndex<main>] 
2026-08-19 13:35:37,534 | INFO  | Infinispan Cache configuration used: jar:/conf/jcr/cache/local/lock-config.xml [e.j.c.core.InfinispanCacheFactory<main>] 
2026-08-19 13:35:37,540 | INFO  | The region Lrepositorycollaboration has been registered for the container portal [e.j.c.core.InfinispanCacheFactory<main>] 
2026-08-19 13:35:37,750 | INFO  | Indexer io mode=READ_WRITE [e.j.component.core.IndexerIoModeHandler<main>] 
2026-08-19 13:35:37,750 | INFO  | Index created: /srv/exo/jcr/index/collaboration_portal [exo.jcr.component.core.SearchIndex<main>] 
2026-08-19 13:35:37,764 | INFO  | Setting index OFFLINE (repository/repository_collaboration) [exo.jcr.component.core.MultiIndex<main>] 
2026-08-19 13:35:37,847 | INFO  | Initial index for 1 nodes created (repository/repository_collaboration). [exo.jcr.component.core.MultiIndex<main>] 
2026-08-19 13:35:37,847 | INFO  | Setting index ONLINE (repository/repository_collaboration) [exo.jcr.component.core.MultiIndex<main>] 
2026-08-19 13:35:37,849 | INFO  | Index initialized: /srv/exo/jcr/index/collaboration_portal Version: 4 [exo.jcr.component.core.SearchIndex<main>] 
2026-08-19 13:35:37,891 | INFO  | Infinispan Cache configuration used: jar:/conf/jcr/cache/local/lock-config.xml [e.j.c.core.InfinispanCacheFactory<main>] 
2026-08-19 13:35:37,899 | INFO  | The region Lrepositorydms_system has been registered for the container portal [e.j.c.core.InfinispanCacheFactory<main>] 
2026-08-19 13:35:38,091 | INFO  | Indexer io mode=READ_WRITE [e.j.component.core.IndexerIoModeHandler<main>] 
2026-08-19 13:35:38,091 | INFO  | Index created: /srv/exo/jcr/index/dms-system_portal [exo.jcr.component.core.SearchIndex<main>] 
2026-08-19 13:35:38,093 | INFO  | Setting index OFFLINE (repository/repository_dms-system) [exo.jcr.component.core.MultiIndex<main>] 
2026-08-19 13:35:38,196 | INFO  | Initial index for 1 nodes created (repository/repository_dms-system). [exo.jcr.component.core.MultiIndex<main>] 
2026-08-19 13:35:38,197 | INFO  | Setting index ONLINE (repository/repository_dms-system) [exo.jcr.component.core.MultiIndex<main>] 
2026-08-19 13:35:38,198 | INFO  | Index initialized: /srv/exo/jcr/index/dms-system_portal Version: 4 [exo.jcr.component.core.SearchIndex<main>] 
2026-08-19 13:35:43,646 | INFO  | Admin identity is read from configuration file [exo-jcr-services.AuditService<main>] 
2026-08-19 13:35:43,740 | INFO  | Algorithm SHA-256 will be used for password hashing [o.e.w.s.hash.Argon2IdPasswordEncoder<main>] 
2026-08-19 13:35:43,740 | INFO  | Registered SecureRandomProvider will be used for random generating of password salts [o.e.w.s.hash.Argon2IdPasswordEncoder<main>] 
2026-08-19 13:35:43,742 | INFO  | Binary provider used org.exoplatform.commons.file.resource.FileSystemResourceProvider [o.e.c.f.resource.BinaryProviderDelegate<main>] 
2026-08-19 13:35:43,747 | INFO  | Start Init Files nameSpaces  [o.e.c.file.services.NameSpaceService<main>] 
2026-08-19 13:35:43,750 | INFO  | ProcessesNameSpacePlugin declares the namespace processesApp [o.e.c.file.services.NameSpaceService<main>] 
2026-08-19 13:35:43,751 | INFO  | WikiNameSpacePlugin declares the namespace wiki [o.e.c.file.services.NameSpaceService<main>] 
2026-08-19 13:35:43,752 | INFO  | PerkStoreNameSpacePlugin declares the namespace PerkStore [o.e.c.file.services.NameSpaceService<main>] 
2026-08-19 13:35:43,754 | INFO  | SocialNameSpacePlugin declares the namespace social [o.e.c.file.services.NameSpaceService<main>] 
2026-08-19 13:35:43,755 | INFO  | AttachmentNameSpacePlugin declares the namespace attachment [o.e.c.file.services.NameSpaceService<main>] 
2026-08-19 13:35:43,756 | INFO  | LinksNameSpacePlugin declares the namespace links [o.e.c.file.services.NameSpaceService<main>] 
2026-08-19 13:35:43,758 | INFO  | AppCenterNameSpacePlugin declares the namespace appCenter [o.e.c.file.services.NameSpaceService<main>] 
2026-08-19 13:35:43,761 | INFO  | BrandingNameSpacePlugin declares the namespace CompanyBranding [o.e.c.file.services.NameSpaceService<main>] 
2026-08-19 13:35:43,763 | INFO  | SitesNameSpacePlugin declares the namespace sites [o.e.c.file.services.NameSpaceService<main>] 
2026-08-19 13:35:43,764 | INFO  | NewsNameSpacePlugin declares the namespace news [o.e.c.file.services.NameSpaceService<main>] 
2026-08-19 13:35:43,765 | INFO  | SocialNameSpacePlugin declares the namespace gamification [o.e.c.file.services.NameSpaceService<main>] 
2026-08-19 13:35:43,780 | INFO  | End Init Files nameSpaces  [o.e.c.file.services.NameSpaceService<main>] 
2026-08-19 13:35:44,038 | INFO  | Start initialization of the Profile settings service data [o.e.s.c.p.ProfilePropertyDatabaseInitializer<main>] 
2026-08-19 13:35:44,110 | INFO  | New profile property setting fullName created [o.e.s.c.p.ProfilePropertyDatabaseInitializer<main>] 
2026-08-19 13:35:44,137 | INFO  | New profile property setting firstName created [o.e.s.c.p.ProfilePropertyDatabaseInitializer<main>] 
2026-08-19 13:35:44,154 | INFO  | New profile property setting lastName created [o.e.s.c.p.ProfilePropertyDatabaseInitializer<main>] 
2026-08-19 13:35:44,172 | INFO  | New profile property setting email created [o.e.s.c.p.ProfilePropertyDatabaseInitializer<main>] 
2026-08-19 13:35:44,198 | INFO  | New profile property setting position created [o.e.s.c.p.ProfilePropertyDatabaseInitializer<main>] 
2026-08-19 13:35:44,223 | INFO  | New profile property setting company created [o.e.s.c.p.ProfilePropertyDatabaseInitializer<main>] 
2026-08-19 13:35:44,257 | INFO  | New profile property setting location created [o.e.s.c.p.ProfilePropertyDatabaseInitializer<main>] 
2026-08-19 13:35:44,350 | INFO  | New profile property setting department created [o.e.s.c.p.ProfilePropertyDatabaseInitializer<main>] 
2026-08-19 13:35:44,391 | INFO  | New profile property setting team created [o.e.s.c.p.ProfilePropertyDatabaseInitializer<main>] 
2026-08-19 13:35:44,425 | INFO  | New profile property setting profession created [o.e.s.c.p.ProfilePropertyDatabaseInitializer<main>] 
2026-08-19 13:35:44,459 | INFO  | New profile property setting manager created [o.e.s.c.p.ProfilePropertyDatabaseInitializer<main>] 
2026-08-19 13:35:44,484 | INFO  | New profile property setting country created [o.e.s.c.p.ProfilePropertyDatabaseInitializer<main>] 
2026-08-19 13:35:44,518 | INFO  | New profile property setting city created [o.e.s.c.p.ProfilePropertyDatabaseInitializer<main>] 
2026-08-19 13:35:44,543 | INFO  | New profile property setting urls created [o.e.s.c.p.ProfilePropertyDatabaseInitializer<main>] 
2026-08-19 13:35:44,543 | INFO  | Profile settings service data initialized [o.e.s.c.p.ProfilePropertyDatabaseInitializer<main>] 
2026-08-19 13:35:45,476 | INFO  | The JCR will throw an exception anytime we will try to use a dead session. [exo.jcr.component.core.SessionImpl<main>] 
2026-08-19 13:35:45,504 | INFO  | Create node with alias 'eXoApplications' 'collaboration:/exo:applications' [e.j.c.ext.NodeHierarchyCreatorImpl<main>] 
2026-08-19 13:35:45,585 | INFO  | Create node with alias 'eXoServices' 'collaboration:/exo:services' [e.j.c.ext.NodeHierarchyCreatorImpl<main>] 
2026-08-19 13:35:45,686 | INFO  | Create node with alias 'usersPath' 'collaboration:/Users' [e.j.c.ext.NodeHierarchyCreatorImpl<main>] 
2026-08-19 13:35:45,740 | INFO  | Create node with alias 'groupsPath' 'collaboration:/Groups' [e.j.c.ext.NodeHierarchyCreatorImpl<main>] 
2026-08-19 13:35:45,954 | INFO  | Create node with alias 'exoECMSystemPath' 'dms-system:/exo:ecm' [e.j.c.ext.NodeHierarchyCreatorImpl<main>] 
2026-08-19 13:35:46,084 | INFO  | Create node with alias 'exoTaxoTreesDefinitionPath' 'dms-system:/exo:ecm/exo:taxonomyTrees/definition' [e.j.c.ext.NodeHierarchyCreatorImpl<main>] 
2026-08-19 13:35:46,600 | INFO  | Create node with alias 'exoTaxoTreesStoragePath' 'dms-system:/exo:ecm/exo:taxonomyTrees/storage' [e.j.c.ext.NodeHierarchyCreatorImpl<main>] 
2026-08-19 13:35:46,642 | INFO  | Create node with alias 'exoFolksonomiesPath' 'dms-system:/exo:ecm/exo:folksonomies' [e.j.c.ext.NodeHierarchyCreatorImpl<main>] 
2026-08-19 13:35:46,692 | INFO  | Create node with alias 'exoTagStylePath' 'dms-system:/exo:ecm/exo:folksonomies/exo:tagStyles' [e.j.c.ext.NodeHierarchyCreatorImpl<main>] 
2026-08-19 13:35:46,718 | INFO  | Create node with alias 'exoDrivesPath' 'dms-system:/exo:ecm/exo:drives' [e.j.c.ext.NodeHierarchyCreatorImpl<main>] 
2026-08-19 13:35:46,793 | INFO  | Create node with alias 'templatesPath' 'dms-system:/exo:ecm/templates' [e.j.c.ext.NodeHierarchyCreatorImpl<main>] 
2026-08-19 13:35:46,869 | INFO  | Create node with alias 'cmsScriptsPath' 'dms-system:/exo:ecm/scripts' [e.j.c.ext.NodeHierarchyCreatorImpl<main>] 
2026-08-19 13:35:46,919 | INFO  | Create node with alias 'ecmExplorerScripts' 'dms-system:/exo:ecm/scripts/ecm-explorer' [e.j.c.ext.NodeHierarchyCreatorImpl<main>] 
2026-08-19 13:35:46,970 | INFO  | Create node with alias 'ecmActionScripts' 'dms-system:/exo:ecm/scripts/ecm-explorer/action' [e.j.c.ext.NodeHierarchyCreatorImpl<main>] 
2026-08-19 13:35:47,021 | INFO  | Create node with alias 'ecmInterceptorScripts' 'dms-system:/exo:ecm/scripts/ecm-explorer/interceptor' [e.j.c.ext.NodeHierarchyCreatorImpl<main>] 
2026-08-19 13:35:47,086 | INFO  | Create node with alias 'ecmWidgetScripts' 'dms-system:/exo:ecm/scripts/ecm-explorer/widget' [e.j.c.ext.NodeHierarchyCreatorImpl<main>] 
2026-08-19 13:35:47,145 | INFO  | Create node with alias 'metadataPath' 'dms-system:/exo:ecm/metadata' [e.j.c.ext.NodeHierarchyCreatorImpl<main>] 
2026-08-19 13:35:47,177 | INFO  | Create node with alias 'queriesPath' 'dms-system:/exo:ecm/queries' [e.j.c.ext.NodeHierarchyCreatorImpl<main>] 
2026-08-19 13:35:47,228 | INFO  | Create node with alias 'viewsPath' 'dms-system:/exo:ecm/views' [e.j.c.ext.NodeHierarchyCreatorImpl<main>] 
2026-08-19 13:35:47,288 | INFO  | Create node with alias 'viewTemplatesPath' 'dms-system:/exo:ecm/views/templates' [e.j.c.ext.NodeHierarchyCreatorImpl<main>] 
2026-08-19 13:35:47,311 | INFO  | Create node with alias 'userViewsPath' 'dms-system:/exo:ecm/views/userviews' [e.j.c.ext.NodeHierarchyCreatorImpl<main>] 
2026-08-19 13:35:47,355 | INFO  | Create node with alias 'ecmExplorerTemplates' 'dms-system:/exo:ecm/views/templates/ecm-explorer' [e.j.c.ext.NodeHierarchyCreatorImpl<main>] 
2026-08-19 13:35:47,380 | INFO  | Create node with alias 'digitalAssetsPath' 'collaboration:/Digital Assets' [e.j.c.ext.NodeHierarchyCreatorImpl<main>] 
2026-08-19 13:35:47,474 | INFO  | Create node with alias 'digitalPicturePath' 'collaboration:/Digital Assets/Pictures' [e.j.c.ext.NodeHierarchyCreatorImpl<main>] 
2026-08-19 13:35:47,562 | INFO  | Create node with alias 'digitalVideoPath' 'collaboration:/Digital Assets/Videos' [e.j.c.ext.NodeHierarchyCreatorImpl<main>] 
2026-08-19 13:35:47,617 | INFO  | Create node with alias 'digitalAudioPath' 'collaboration:/Digital Assets/Music' [e.j.c.ext.NodeHierarchyCreatorImpl<main>] 
2026-08-19 13:35:47,675 | INFO  | Create node with alias 'newDocumentsTrashPath' 'collaboration:/Trash' [e.j.c.ext.NodeHierarchyCreatorImpl<main>] 
2026-08-19 13:35:47,734 | INFO  | Create node with alias 'exoPublicTagNode' 'collaboration:/tags' [e.j.c.ext.NodeHierarchyCreatorImpl<main>] 
2026-08-19 13:35:47,835 | INFO  | Create node with alias 'exoLogosNode' 'collaboration:/Application Data' [e.j.c.ext.NodeHierarchyCreatorImpl<main>] 
2026-08-19 13:35:48,374 | INFO  | Creating Portal config of site of type 'portal' with name 'global' [o.e.p.mop.importer.PortalConfigImporter<main>] 
2026-08-19 13:35:48,483 | INFO  | Importing Site of type 'portal' with name 'global' from location 'war:/conf/agenda/portal' wth mode 'insert' [o.e.p.config.NewPortalConfigListener<main>] 
2026-08-19 13:35:48,509 | INFO  | Importing Site of type 'portal' with name 'global' from location 'war:/conf/documents/portal' wth mode 'insert' [o.e.p.config.NewPortalConfigListener<main>] 
2026-08-19 13:35:48,515 | INFO  | Importing Site of type 'portal' with name 'global' from location 'war:/conf/processes/portal' wth mode 'merge' [o.e.p.config.NewPortalConfigListener<main>] 
2026-08-19 13:35:48,563 | INFO  | Updating Portal config of site of type 'portal' with name 'global' [o.e.p.mop.importer.PortalConfigImporter<main>] 
2026-08-19 13:35:48,896 | INFO  | Importing Site of type 'portal' with name 'global' from location 'war:/conf/sites/' wth mode 'insert' [o.e.p.config.NewPortalConfigListener<main>] 
2026-08-19 13:35:48,903 | INFO  | Creating Portal config of site of type 'portal_template' with name 'public' [o.e.p.mop.importer.PortalConfigImporter<main>] 
2026-08-19 13:35:49,767 | INFO  | Importing Site of type 'portal_template' with name 'public' from location 'war:/conf/sites/' wth mode 'insert' [o.e.p.config.NewPortalConfigListener<main>] 
2026-08-19 13:35:49,771 | INFO  | Creating Portal config of site of type 'portal_template' with name 'spacePublic' [o.e.p.mop.importer.PortalConfigImporter<main>] 
2026-08-19 13:35:50,411 | INFO  | Importing Site of type 'portal_template' with name 'spacePublic' from location 'war:/conf/sites/' wth mode 'insert' [o.e.p.config.NewPortalConfigListener<main>] 
2026-08-19 13:35:50,414 | INFO  | Creating Portal config of site of type 'portal_template' with name 'basic' [o.e.p.mop.importer.PortalConfigImporter<main>] 
2026-08-19 13:35:50,562 | INFO  | Importing Site of type 'portal_template' with name 'basic' from location 'war:/conf/sites/' wth mode 'insert' [o.e.p.config.NewPortalConfigListener<main>] 
2026-08-19 13:35:50,566 | INFO  | Creating Portal config of site of type 'group_template' with name 'project' [o.e.p.mop.importer.PortalConfigImporter<main>] 
2026-08-19 13:35:50,714 | INFO  | Importing Site of type 'group_template' with name 'project' from location 'war:/conf/sites/' wth mode 'conserve' [o.e.p.config.NewPortalConfigListener<main>] 
2026-08-19 13:35:50,717 | INFO  | Creating Portal config of site of type 'group_template' with name 'circle' [o.e.p.mop.importer.PortalConfigImporter<main>] 
2026-08-19 13:35:50,967 | INFO  | Importing Site of type 'group_template' with name 'circle' from location 'war:/conf/sites/' wth mode 'conserve' [o.e.p.config.NewPortalConfigListener<main>] 
2026-08-19 13:35:50,971 | INFO  | Creating Portal config of site of type 'group_template' with name 'community' [o.e.p.mop.importer.PortalConfigImporter<main>] 
2026-08-19 13:35:51,284 | INFO  | Importing Site of type 'group_template' with name 'community' from location 'war:/conf/sites/' wth mode 'conserve' [o.e.p.config.NewPortalConfigListener<main>] 
2026-08-19 13:35:51,288 | INFO  | Creating Portal config of site of type 'group_template' with name 'space' [o.e.p.mop.importer.PortalConfigImporter<main>] 
2026-08-19 13:35:51,832 | INFO  | Importing Site of type 'group_template' with name 'space' from location 'war:/conf/sites/' wth mode 'conserve' [o.e.p.config.NewPortalConfigListener<main>] 
2026-08-19 13:35:51,836 | INFO  | Creating Portal config of site of type 'group_template' with name 'announcement' [o.e.p.mop.importer.PortalConfigImporter<main>] 
2026-08-19 13:35:52,116 | INFO  | Importing Site of type 'group_template' with name 'announcement' from location 'war:/conf/sites/' wth mode 'conserve' [o.e.p.config.NewPortalConfigListener<main>] 
2026-08-19 13:35:52,118 | INFO  | Creating Portal config of site of type 'portal' with name 'dw' [o.e.p.mop.importer.PortalConfigImporter<main>] 
2026-08-19 13:35:52,452 | INFO  | Importing Site of type 'portal' with name 'dw' from location 'war:/conf/digital-workplace/' wth mode 'conserve' [o.e.p.config.NewPortalConfigListener<main>] 
2026-08-19 13:35:52,455 | INFO  | Creating Portal config of site of type 'portal' with name 'myworkspace' [o.e.p.mop.importer.PortalConfigImporter<main>] 
2026-08-19 13:35:52,612 | INFO  | Importing Site of type 'portal' with name 'myworkspace' from location 'null' wth mode 'conserve' [o.e.p.config.NewPortalConfigListener<main>] 
2026-08-19 13:35:52,625 | INFO  | Importing Site of type 'portal' with name 'global' from location 'war:/conf/digital-workplace' wth mode 'insert' [o.e.p.config.NewPortalConfigListener<main>] 
2026-08-19 13:35:52,643 | INFO  | Importing Site of type 'group_template' with name 'project' from location 'war:/conf/digital-workplace/' wth mode 'conserve' [o.e.p.config.NewPortalConfigListener<main>] 
2026-08-19 13:35:52,656 | INFO  | Importing Site of type 'group_template' with name 'circle' from location 'war:/conf/digital-workplace/' wth mode 'conserve' [o.e.p.config.NewPortalConfigListener<main>] 
2026-08-19 13:35:52,669 | INFO  | Importing Site of type 'group_template' with name 'community' from location 'war:/conf/digital-workplace/' wth mode 'conserve' [o.e.p.config.NewPortalConfigListener<main>] 
2026-08-19 13:35:52,681 | INFO  | Importing Site of type 'group_template' with name 'space' from location 'war:/conf/digital-workplace/' wth mode 'conserve' [o.e.p.config.NewPortalConfigListener<main>] 
2026-08-19 13:35:52,694 | INFO  | Importing Site of type 'group_template' with name 'announcement' from location 'war:/conf/digital-workplace/' wth mode 'conserve' [o.e.p.config.NewPortalConfigListener<main>] 
2026-08-19 13:35:52,698 | INFO  | Creating Portal config of site of type 'portal' with name 'public' [o.e.p.mop.importer.PortalConfigImporter<main>] 
2026-08-19 13:35:53,837 | INFO  | Importing Site of type 'portal' with name 'public' from location 'war:/conf/sites/' wth mode 'insert' [o.e.p.config.NewPortalConfigListener<main>] 
2026-08-19 13:35:53,844 | INFO  | Creating Portal config of site of type 'portal' with name 'administration' [o.e.p.mop.importer.PortalConfigImporter<main>] 
2026-08-19 13:35:54,223 | INFO  | Importing Site of type 'portal' with name 'administration' from location 'war:/conf/sites/' wth mode 'insert' [o.e.p.config.NewPortalConfigListener<main>] 
2026-08-19 13:35:54,252 | INFO  | Importing Site of type 'portal' with name 'administration' from location 'war:/conf/digital-workplace' wth mode 'insert' [o.e.p.config.NewPortalConfigListener<main>] 
2026-08-19 13:36:16,072 | WARN  | Error getting mapping of analytics : - 		code : 404 - 		message: {"error":{"root_cause":[{"type":"index_not_found_exception","reason":"no such index [analytics_alias]","resource.type":"index_or_alias","resource.id":"analytics_alias","index_uuid":"_na_","index":"analytics_alias"}],"type":"index_not_found_exception","reason":"no such index [analytics_alias]","resource.type":"index_or_alias","resource.id":"analytics_alias","index_uuid":"_na_","index":"analytics_alias"},"status":404} [i.m.a.e.s.ElasticsearchAnalyticsStorage<pool-5-thread-1>] 
2026-08-19 13:37:09,693 | INFO  | Clean all locked nodes in the system [o.e.s.cms.lock.impl.LockServiceImpl<main>] 
2026-08-19 13:37:10,137 | INFO  | Onlyoffice Editor service successfuly started [o.e.o.OnlyofficeEditorServiceImpl<main>] 
2026-08-19 13:37:10,171 | INFO  | Web Conferencing service started. [o.e.w.WebConferencingService<main>] 
2026-08-19 13:37:10,195 | INFO  | 0 Calls state were updated to stopped  [o.e.w.WebConferencingService<main>] 
2026-08-19 13:37:14,280 | INFO  | No Cloud Drive providers configured. [o.e.s.cms.clouddrives.CloudDriveService<main>] 
2026-08-19 13:37:17,977 | INFO  | Register WebDAV path mapping listener on '/Users' [o.e.d.s.j.w.plugin.PathCommandHandler<main>] 
2026-08-19 13:37:17,978 | INFO  | Register WebDAV path mapping listener on '/Groups/spaces' [o.e.d.s.j.w.plugin.PathCommandHandler<main>] 
2026-08-19 13:37:19,998 | INFO  | def-folder-node-type = nt:folder [e.j.c.webdav.WebDavServiceInitParams<main>] 
2026-08-19 13:37:19,999 | INFO  | def-file-node-type = nt:file [e.j.c.webdav.WebDavServiceInitParams<main>] 
2026-08-19 13:37:19,999 | INFO  | def-file-mimetype = application/octet-stream [e.j.c.webdav.WebDavServiceInitParams<main>] 
2026-08-19 13:37:19,999 | INFO  | update-policy = create-version [e.j.c.webdav.WebDavServiceInitParams<main>] 
2026-08-19 13:37:19,999 | INFO  | auto-version = checkin-checkout [e.j.c.webdav.WebDavServiceInitParams<main>] 
2026-08-19 13:37:19,999 | INFO  | folder-listing-paths-allowed-regex =  [e.j.c.webdav.WebDavServiceInitParams<main>] 
2026-08-19 13:37:19,999 | INFO  | untrusted-user-agents = gvfs/* [e.j.c.webdav.WebDavServiceInitParams<main>] 
2026-08-19 13:37:19,999 | INFO  | untrusted-user-agents = Microsoft Office .* [e.j.c.webdav.WebDavServiceInitParams<main>] 
2026-08-19 13:37:19,999 | INFO  | untrusted-user-agents = (Word|Excel|PowerPoint).* [e.j.c.webdav.WebDavServiceInitParams<main>] 
2026-08-19 13:37:19,999 | INFO  | folder-icon-path = /eXoWCMResources/skin/images/file/nt-folder.png [e.j.c.webdav.WebDavServiceInitParams<main>] 
2026-08-19 13:37:20,195 | INFO  | Index news_v1 doesn't exist. Index creation requests will be sent. [o.e.c.s.es.client.ElasticIndexingClient<main>] 
2026-08-19 13:37:21,395 | INFO  | create_index;;news_v1;200;{"acknowledged":true,"shards_acknowledged":true,"index":"news_v1"};1200;{} [org.exoplatform.es.audittrail<main>] 
2026-08-19 13:37:21,395 | INFO  | Index alias 'news_alias' will be created to refer the index 'news_v1' [o.e.c.s.es.client.ElasticIndexingClient<main>] 
2026-08-19 13:37:21,672 | INFO  | create_index_alias;;news_v1;200;{"acknowledged":true,"errors":false};277;{} [org.exoplatform.es.audittrail<main>] 
2026-08-19 13:37:21,675 | INFO  | Index notes_v1 doesn't exist. Index creation requests will be sent. [o.e.c.s.es.client.ElasticIndexingClient<main>] 
2026-08-19 13:37:22,985 | INFO  | create_index;;notes_v1;200;{"acknowledged":true,"shards_acknowledged":true,"index":"notes_v1"};1310;{} [org.exoplatform.es.audittrail<main>] 
2026-08-19 13:37:22,986 | INFO  | Index alias 'notes_alias' will be created to refer the index 'notes_v1' [o.e.c.s.es.client.ElasticIndexingClient<main>] 
2026-08-19 13:37:23,684 | INFO  | create_index_alias;;notes_v1;200;{"acknowledged":true,"errors":false};698;{} [org.exoplatform.es.audittrail<main>] 
2026-08-19 13:37:23,687 | INFO  | Index file_v4 doesn't exist. Index creation requests will be sent. [o.e.c.s.es.client.ElasticIndexingClient<main>] 
2026-08-19 13:37:25,362 | INFO  | create_index;;file_v4;200;{"acknowledged":true,"shards_acknowledged":true,"index":"file_v4"};1675;{} [org.exoplatform.es.audittrail<main>] 
2026-08-19 13:37:25,362 | INFO  | Index alias 'file_alias' will be created to refer the index 'file_v4' [o.e.c.s.es.client.ElasticIndexingClient<main>] 
2026-08-19 13:37:25,699 | INFO  | create_index_alias;;file_v4;200;{"acknowledged":true,"errors":false};337;{} [org.exoplatform.es.audittrail<main>] 
2026-08-19 13:37:25,703 | INFO  | Pipeline doesn't exist for index file_v4. Mapping creation requests will be sent. [o.e.c.s.es.client.ElasticIndexingClient<main>] 
2026-08-19 13:37:26,088 | INFO  | create_pipeline;;file_v4;200;{"acknowledged":true};384;{} [org.exoplatform.es.audittrail<main>] 
2026-08-19 13:37:26,091 | INFO  | Index task_v1 doesn't exist. Index creation requests will be sent. [o.e.c.s.es.client.ElasticIndexingClient<main>] 
2026-08-19 13:37:27,180 | INFO  | create_index;;task_v1;200;{"acknowledged":true,"shards_acknowledged":true,"index":"task_v1"};1088;{} [org.exoplatform.es.audittrail<main>] 
2026-08-19 13:37:27,180 | INFO  | Index alias 'task_alias' will be created to refer the index 'task_v1' [o.e.c.s.es.client.ElasticIndexingClient<main>] 
2026-08-19 13:37:27,530 | INFO  | create_index_alias;;task_v1;200;{"acknowledged":true,"errors":false};350;{} [org.exoplatform.es.audittrail<main>] 
2026-08-19 13:37:27,532 | INFO  | Index activity_v1 doesn't exist. Index creation requests will be sent. [o.e.c.s.es.client.ElasticIndexingClient<main>] 
2026-08-19 13:37:29,396 | INFO  | create_index;;activity_v1;200;{"acknowledged":true,"shards_acknowledged":true,"index":"activity_v1"};1864;{} [org.exoplatform.es.audittrail<main>] 
2026-08-19 13:37:29,396 | INFO  | Index alias 'activity_alias' will be created to refer the index 'activity_v1' [o.e.c.s.es.client.ElasticIndexingClient<main>] 
2026-08-19 13:37:29,640 | INFO  | create_index_alias;;activity_v1;200;{"acknowledged":true,"errors":false};244;{} [org.exoplatform.es.audittrail<main>] 
2026-08-19 13:37:29,683 | INFO  | Index profile_v4 doesn't exist. Index creation requests will be sent. [o.e.c.s.es.client.ElasticIndexingClient<main>] 
2026-08-19 13:37:30,907 | INFO  | create_index;;profile_v4;200;{"acknowledged":true,"shards_acknowledged":true,"index":"profile_v4"};1224;{} [org.exoplatform.es.audittrail<main>] 
2026-08-19 13:37:30,907 | INFO  | Index alias 'profile_alias' will be created to refer the index 'profile_v4' [o.e.c.s.es.client.ElasticIndexingClient<main>] 
2026-08-19 13:37:31,351 | INFO  | create_index_alias;;profile_v4;200;{"acknowledged":true,"errors":false};444;{} [org.exoplatform.es.audittrail<main>] 
2026-08-19 13:37:31,354 | INFO  | Index rule_v1 doesn't exist. Index creation requests will be sent. [o.e.c.s.es.client.ElasticIndexingClient<main>] 
2026-08-19 13:37:35,369 | INFO  | create_index;;rule_v1;200;{"acknowledged":true,"shards_acknowledged":true,"index":"rule_v1"};4014;{} [org.exoplatform.es.audittrail<main>] 
2026-08-19 13:37:35,369 | INFO  | Index alias 'rule_alias' will be created to refer the index 'rule_v1' [o.e.c.s.es.client.ElasticIndexingClient<main>] 
2026-08-19 13:37:36,148 | INFO  | create_index_alias;;rule_v1;200;{"acknowledged":true,"errors":false};779;{} [org.exoplatform.es.audittrail<main>] 
2026-08-19 13:37:36,151 | INFO  | Index event_v1 doesn't exist. Index creation requests will be sent. [o.e.c.s.es.client.ElasticIndexingClient<main>] 
2026-08-19 13:37:37,773 | INFO  | create_index;;event_v1;200;{"acknowledged":true,"shards_acknowledged":true,"index":"event_v1"};1621;{} [org.exoplatform.es.audittrail<main>] 
2026-08-19 13:37:37,773 | INFO  | Index alias 'event_alias' will be created to refer the index 'event_v1' [o.e.c.s.es.client.ElasticIndexingClient<main>] 
2026-08-19 13:37:38,042 | INFO  | create_index_alias;;event_v1;200;{"acknowledged":true,"errors":false};269;{} [org.exoplatform.es.audittrail<main>] 
2026-08-19 13:37:38,045 | INFO  | Index category_v2 doesn't exist. Index creation requests will be sent. [o.e.c.s.es.client.ElasticIndexingClient<main>] 
2026-08-19 13:37:40,873 | INFO  | create_index;;category_v2;200;{"acknowledged":true,"shards_acknowledged":true,"index":"category_v2"};2827;{} [org.exoplatform.es.audittrail<main>] 
2026-08-19 13:37:40,873 | INFO  | Index alias 'category_alias' will be created to refer the index 'category_v2' [o.e.c.s.es.client.ElasticIndexingClient<main>] 
2026-08-19 13:37:41,597 | INFO  | create_index_alias;;category_v2;200;{"acknowledged":true,"errors":false};724;{} [org.exoplatform.es.audittrail<main>] 
2026-08-19 13:37:41,603 | INFO  | Index notes_v1 already exists. Index creation requests will not be sent. [o.e.c.s.es.client.ElasticIndexingClient<main>] 
2026-08-19 13:37:41,606 | INFO  | Index space_v9 doesn't exist. Index creation requests will be sent. [o.e.c.s.es.client.ElasticIndexingClient<main>] 
2026-08-19 13:37:43,304 | INFO  | create_index;;space_v9;200;{"acknowledged":true,"shards_acknowledged":true,"index":"space_v9"};1698;{} [org.exoplatform.es.audittrail<main>] 
2026-08-19 13:37:43,304 | INFO  | Index alias 'space_alias' will be created to refer the index 'space_v9' [o.e.c.s.es.client.ElasticIndexingClient<main>] 
2026-08-19 13:37:43,583 | INFO  | create_index_alias;;space_v9;200;{"acknowledged":true,"errors":false};279;{} [org.exoplatform.es.audittrail<main>] 
2026-08-19 13:37:44,880 | INFO  | initializing CSS class icon files... [o.exoplatform.ecms.css.CssClassManager<main>] 
2026-08-19 13:37:44,887 | INFO  | Platform first run - init and store product Information [o.e.commons.info.ProductInformations<main>] 
2026-08-19 13:37:45,751 | INFO  | Start ActionServiceContainerImpl... [o.e.s.c.a.i.ActionServiceContainerImpl<main>] 
2026-08-19 13:37:50,678 | INFO  | Property 'commons.upgrade.plugins.order' wasn't set, use execution order of each plugin. [o.e.c.upgrade.UpgradeProductService<main>] 
2026-08-19 13:37:50,682 | INFO  | Add Product UpgradePlugin 'DocumentsProcessesPlugin' [o.e.c.upgrade.UpgradeProductService<main>] 
2026-08-19 13:37:50,683 | INFO  | Add Product UpgradePlugin 'HideDefaultFoldersUpgradePlugin' [o.e.c.upgrade.UpgradeProductService<main>] 
2026-08-19 13:37:50,685 | INFO  | Add Product UpgradePlugin 'NotificationSettingsUpgradePlugin' [o.e.c.upgrade.UpgradeProductService<main>] 
2026-08-19 13:37:50,687 | INFO  | Add Product UpgradePlugin 'AddPublishersPermissionsUpgradePlugin' [o.e.c.upgrade.UpgradeProductService<main>] 
2026-08-19 13:37:50,689 | INFO  | Add Product UpgradePlugin 'RemoveAnyPermissionUpgradePlugin' [o.e.c.upgrade.UpgradeProductService<main>] 
2026-08-19 13:37:50,693 | INFO  | Add Product UpgradePlugin 'NewsArticlesUpgradePlugin' [o.e.c.upgrade.UpgradeProductService<main>] 
2026-08-19 13:37:50,696 | INFO  | Add Product UpgradePlugin 'ContentArticlePropertiesUpgrade' [o.e.c.upgrade.UpgradeProductService<main>] 
2026-08-19 13:37:50,698 | INFO  | Add Product UpgradePlugin 'ContentArticleAttachmentsUpgrade' [o.e.c.upgrade.UpgradeProductService<main>] 
2026-08-19 13:37:50,699 | INFO  | Add Product UpgradePlugin 'ArticleImagesPermissionsUpgradePlugin' [o.e.c.upgrade.UpgradeProductService<main>] 
2026-08-19 13:37:50,702 | INFO  | UpgradePlugin: name = 'ContentDraftArticlesUpgrade' is disabled. [o.e.c.upgrade.UpgradeProductService<main>] 
2026-08-19 13:37:50,704 | INFO  | Add Product UpgradePlugin 'CalendarPagesUpgradePlugin' [o.e.c.upgrade.UpgradeProductService<main>] 
2026-08-19 13:37:50,704 | INFO  | Add Product UpgradePlugin 'CalendarWidgetPagesUpgradePlugin' [o.e.c.upgrade.UpgradeProductService<main>] 
2026-08-19 13:37:50,704 | INFO  | Add Product UpgradePlugin 'BrandingAdminPageUpgradePlugin' [o.e.c.upgrade.UpgradeProductService<main>] 
2026-08-19 13:37:50,705 | INFO  | Add Product UpgradePlugin 'SocialLegacyPagesUpgradePlugin' [o.e.c.upgrade.UpgradeProductService<main>] 
2026-08-19 13:37:50,705 | INFO  | Add Product UpgradePlugin 'NotesPagesUpgradePlugin' [o.e.c.upgrade.UpgradeProductService<main>] 
2026-08-19 13:37:50,706 | INFO  | Add Product UpgradePlugin 'AddCSSClassToSnapshotHomePage' [o.e.c.upgrade.UpgradeProductService<main>] 
2026-08-19 13:37:50,706 | INFO  | Add Product UpgradePlugin 'ContentPagesUpgradePlugin' [o.e.c.upgrade.UpgradeProductService<main>] 
2026-08-19 13:37:50,707 | INFO  | Add Product UpgradePlugin 'ContentPagesProfilesUpgradePlugin' [o.e.c.upgrade.UpgradeProductService<main>] 
2026-08-19 13:37:50,708 | INFO  | Add Product UpgradePlugin 'ExternalUserUpgradePluginV1' [o.e.c.upgrade.UpgradeProductService<main>] 
2026-08-19 13:37:50,709 | INFO  | Add Product UpgradePlugin 'WikiPagesNavigationPlugin' [o.e.c.upgrade.UpgradeProductService<main>] 
2026-08-19 13:37:50,710 | INFO  | Add Product UpgradePlugin 'WikiPagesNavigationPlugin1' [o.e.c.upgrade.UpgradeProductService<main>] 
2026-08-19 13:37:50,711 | INFO  | Add Product UpgradePlugin 'PortalConfigPermissionNavigationPlugin' [o.e.c.upgrade.UpgradeProductService<main>] 
2026-08-19 13:37:50,712 | INFO  | Add Product UpgradePlugin 'PortalNavigationIconUpgradePlugin' [o.e.c.upgrade.UpgradeProductService<main>] 
2026-08-19 13:37:50,714 | INFO  | Add Product UpgradePlugin 'DocumentsFavoritsPlugin' [o.e.c.upgrade.UpgradeProductService<main>] 
2026-08-19 13:37:50,715 | INFO  | Add Product UpgradePlugin 'SpaceSettingPermissionUpgradePlugin' [o.e.c.upgrade.UpgradeProductService<main>] 
2026-08-19 13:37:50,717 | INFO  | Add Product UpgradePlugin 'SpaceNavigationIconMigration' [o.e.c.upgrade.UpgradeProductService<main>] 
2026-08-19 13:37:50,718 | INFO  | Add Product UpgradePlugin 'CategoryLinkPermissionsUpgrade124' [o.e.c.upgrade.UpgradeProductService<main>] 
2026-08-19 13:37:50,719 | INFO  | Add Product UpgradePlugin 'RemoveProfilePropertyUpgradePlugin' [o.e.c.upgrade.UpgradeProductService<main>] 
2026-08-19 13:37:50,721 | INFO  | Add Product UpgradePlugin 'ActivityCommentWatchPlugin' [o.e.c.upgrade.UpgradeProductService<main>] 
2026-08-19 13:37:50,721 | INFO  | Add Product UpgradePlugin 'GamificationNewActionAvailableNotification' [o.e.c.upgrade.UpgradeProductService<main>] 
2026-08-19 13:37:50,721 | INFO  | Add Product UpgradePlugin 'GamificationActionAnnouncedNotification' [o.e.c.upgrade.UpgradeProductService<main>] 
2026-08-19 13:37:50,721 | INFO  | Add Product UpgradePlugin 'GamificationContributionAcceptedNotification' [o.e.c.upgrade.UpgradeProductService<main>] 
2026-08-19 13:37:50,721 | INFO  | Add Product UpgradePlugin 'GamificationContributionRejectedNotification' [o.e.c.upgrade.UpgradeProductService<main>] 
2026-08-19 13:37:50,722 | INFO  | Add Product UpgradePlugin 'ProgramVisibilityUpgradePlugin' [o.e.c.upgrade.UpgradeProductService<main>] 
2026-08-19 13:37:51,680 | WARN  | 'utf8' is currently an alias for the character set UTF8MB3, but will be an alias for UTF8MB4 in a future release. Please consider using UTF8MB4 in order to be unambiguous. [liquibase.executor.jvm.JdbcExecutor<main>] 
2026-08-19 13:37:51,680 | WARN  | 'utf8mb3_general_ci' is a collation of the deprecated character set UTF8MB3. Please consider using UTF8MB4 with an appropriate collation instead. [liquibase.executor.jvm.JdbcExecutor<main>] 
2026-08-19 13:37:53,027 | WARN  | NATIONAL/NCHAR/NVARCHAR implies the character set UTF8MB3, which will be replaced by UTF8MB4 in a future release. Please consider using CHAR(x) CHARACTER SET UTF8MB4 in order to be unambiguous. [liquibase.executor.jvm.JdbcExecutor<main>] 
2026-08-19 13:37:55,657 | WARN  | NATIONAL/NCHAR/NVARCHAR implies the character set UTF8MB3, which will be replaced by UTF8MB4 in a future release. Please consider using CHAR(x) CHARACTER SET UTF8MB4 in order to be unambiguous. [liquibase.executor.jvm.JdbcExecutor<main>] 
2026-08-19 13:37:55,657 | WARN  | NATIONAL/NCHAR/NVARCHAR implies the character set UTF8MB3, which will be replaced by UTF8MB4 in a future release. Please consider using CHAR(x) CHARACTER SET UTF8MB4 in order to be unambiguous. [liquibase.executor.jvm.JdbcExecutor<main>] 
2026-08-19 13:37:55,657 | WARN  | 'utf8' is currently an alias for the character set UTF8MB3, but will be an alias for UTF8MB4 in a future release. Please consider using UTF8MB4 in order to be unambiguous. [liquibase.executor.jvm.JdbcExecutor<main>] 
2026-08-19 13:37:55,657 | WARN  | 'utf8mb3_general_ci' is a collation of the deprecated character set UTF8MB3. Please consider using UTF8MB4 with an appropriate collation instead. [liquibase.executor.jvm.JdbcExecutor<main>] 
2026-08-19 13:37:56,080 | WARN  | NATIONAL/NCHAR/NVARCHAR implies the character set UTF8MB3, which will be replaced by UTF8MB4 in a future release. Please consider using CHAR(x) CHARACTER SET UTF8MB4 in order to be unambiguous. [liquibase.executor.jvm.JdbcExecutor<main>] 
2026-08-19 13:37:56,081 | WARN  | NATIONAL/NCHAR/NVARCHAR implies the character set UTF8MB3, which will be replaced by UTF8MB4 in a future release. Please consider using CHAR(x) CHARACTER SET UTF8MB4 in order to be unambiguous. [liquibase.executor.jvm.JdbcExecutor<main>] 
2026-08-19 13:37:56,081 | WARN  | 'utf8' is currently an alias for the character set UTF8MB3, but will be an alias for UTF8MB4 in a future release. Please consider using UTF8MB4 in order to be unambiguous. [liquibase.executor.jvm.JdbcExecutor<main>] 
2026-08-19 13:37:56,081 | WARN  | 'utf8mb3_general_ci' is a collation of the deprecated character set UTF8MB3. Please consider using UTF8MB4 with an appropriate collation instead. [liquibase.executor.jvm.JdbcExecutor<main>] 
2026-08-19 13:38:00,523 | WARN  | NATIONAL/NCHAR/NVARCHAR implies the character set UTF8MB3, which will be replaced by UTF8MB4 in a future release. Please consider using CHAR(x) CHARACTER SET UTF8MB4 in order to be unambiguous. [liquibase.executor.jvm.JdbcExecutor<main>] 
2026-08-19 13:38:01,142 | WARN  | NATIONAL/NCHAR/NVARCHAR implies the character set UTF8MB3, which will be replaced by UTF8MB4 in a future release. Please consider using CHAR(x) CHARACTER SET UTF8MB4 in order to be unambiguous. [liquibase.executor.jvm.JdbcExecutor<main>] 
2026-08-19 13:38:06,486 | WARN  | NATIONAL/NCHAR/NVARCHAR implies the character set UTF8MB3, which will be replaced by UTF8MB4 in a future release. Please consider using CHAR(x) CHARACTER SET UTF8MB4 in order to be unambiguous. [liquibase.executor.jvm.JdbcExecutor<main>] 
2026-08-19 13:38:10,684 | INFO  | Add Product UpgradePlugin 'ContributeSitePortletsUpgrade' [o.e.c.upgrade.UpgradeProductService<main>] 
2026-08-19 13:38:10,685 | INFO  | Add Product UpgradePlugin 'MyReputationInstanceRemovalPortletsUpgrade' [o.e.c.upgrade.UpgradeProductService<main>] 
2026-08-19 13:38:10,685 | INFO  | Add Product UpgradePlugin 'PopularSpacesInstanceRemovalPortletsUpgrade' [o.e.c.upgrade.UpgradeProductService<main>] 
2026-08-19 13:38:10,685 | INFO  | Add Product UpgradePlugin 'ECMSPortletInstancesRemovalUpgrade' [o.e.c.upgrade.UpgradeProductService<main>] 
2026-08-19 13:38:10,685 | INFO  | Add Product UpgradePlugin 'ECMSPortletInstanceRemovalUpgrade' [o.e.c.upgrade.UpgradeProductService<main>] 
2026-08-19 13:38:10,688 | INFO  | Add Product UpgradePlugin 'ECMSLegacyPagesRemovalUpgradePlugin' [o.e.c.upgrade.UpgradeProductService<main>] 
2026-08-19 13:38:10,689 | INFO  | Add Product UpgradePlugin 'OldDocumentsPortletInstanceRemovalPortletsUpgrade' [o.e.c.upgrade.UpgradeProductService<main>] 
2026-08-19 13:38:10,691 | INFO  | Add Product UpgradePlugin 'CleanDuplicatedEsIndexesUpgrade' [o.e.c.upgrade.UpgradeProductService<main>] 
2026-08-19 13:38:10,691 | INFO  | Add Product UpgradePlugin 'KudosActivityReceiverNotificationPlugin' [o.e.c.upgrade.UpgradeProductService<main>] 
2026-08-19 13:38:10,692 | INFO  | Add Product UpgradePlugin 'AgendaApplicationGlobalLayoutUpgrade' [o.e.c.upgrade.UpgradeProductService<main>] 
2026-08-19 13:38:10,692 | INFO  | Add Product UpgradePlugin 'AgendaApplicationPageUpgrade' [o.e.c.upgrade.UpgradeProductService<main>] 
2026-08-19 13:38:10,692 | INFO  | Add Product UpgradePlugin 'ExoDrivesPageUpgrade' [o.e.c.upgrade.UpgradeProductService<main>] 
2026-08-19 13:38:10,692 | INFO  | Add Product UpgradePlugin 'DocumentsApplicationPageUpgrade' [o.e.c.upgrade.UpgradeProductService<main>] 
2026-08-19 13:38:10,692 | INFO  | Add Product UpgradePlugin 'DocumentsGlobalPagePageUpgrade' [o.e.c.upgrade.UpgradeProductService<main>] 
2026-08-19 13:38:10,693 | INFO  | Add Product UpgradePlugin 'ImportDocumentsNotificationUpgradePluginV1' [o.e.c.upgrade.UpgradeProductService<main>] 
2026-08-19 13:38:10,693 | INFO  | Add Product UpgradePlugin 'OverviewPageLayoutUpgrade' [o.e.c.upgrade.UpgradeProductService<main>] 
2026-08-19 13:38:10,693 | INFO  | Add Product UpgradePlugin 'PublicPagesLayoutUpgrade' [o.e.c.upgrade.UpgradeProductService<main>] 
2026-08-19 13:38:10,693 | INFO  | Add Product UpgradePlugin 'GlobalSitePermissionsUpgrade' [o.e.c.upgrade.UpgradeProductService<main>] 
2026-08-19 13:38:10,693 | INFO  | Add Product UpgradePlugin 'RecognitionSetupApplicationsLayoutUpgrade' [o.e.c.upgrade.UpgradeProductService<main>] 
2026-08-19 13:38:10,693 | INFO  | Add Product UpgradePlugin 'ContentaPagesLayoutUpgrade' [o.e.c.upgrade.UpgradeProductService<main>] 
2026-08-19 13:38:10,693 | INFO  | Add Product UpgradePlugin 'ContentTargetsPagePermissionsUpgradePlugin' [o.e.c.upgrade.UpgradeProductService<main>] 
2026-08-19 13:38:10,694 | INFO  | Add Product UpgradePlugin 'GlobalSiteNavigationUpdate' [o.e.c.upgrade.UpgradeProductService<main>] 
2026-08-19 13:38:10,694 | INFO  | Add Product UpgradePlugin 'ContentEditorPageUpgradePlugin' [o.e.c.upgrade.UpgradeProductService<main>] 
2026-08-19 13:38:10,694 | INFO  | Add Product UpgradePlugin 'BottomAllContainerAdministrationSiteLayoutUpgrade' [o.e.c.upgrade.UpgradeProductService<main>] 
2026-08-19 13:38:10,694 | INFO  | Add Product UpgradePlugin 'sites/contribute/7.0-cleanActionsNavigation' [o.e.c.upgrade.UpgradeProductService<main>] 
2026-08-19 13:38:10,694 | INFO  | Add Product UpgradePlugin 'CMSPortletToContentUpgradePlugin' [o.e.c.upgrade.UpgradeProductService<main>] 
2026-08-19 13:38:10,694 | INFO  | Add Product UpgradePlugin 'RecognitionAdministrationSiteLayoutUpgrade' [o.e.c.upgrade.UpgradeProductService<main>] 
2026-08-19 13:38:10,695 | INFO  | Add Product UpgradePlugin 'ExternalSpacesListRemoval' [o.e.c.upgrade.UpgradeProductService<main>] 
2026-08-19 13:38:10,695 | WARN  | Duplicated upgrade plugin 'ContentEditorPageUpgradePlugin'. [o.e.c.upgrade.UpgradeProductService<main>] 
2026-08-19 13:38:10,695 | INFO  | Add Product UpgradePlugin 'SpaceInfosPortletInstanceRemovalUpgrade' [o.e.c.upgrade.UpgradeProductService<main>] 
2026-08-19 13:38:10,695 | INFO  | Add Product UpgradePlugin 'SpacesOverviewPortletInstanceRemovalUpgrade' [o.e.c.upgrade.UpgradeProductService<main>] 
2026-08-19 13:38:10,698 | INFO  | Add Product UpgradePlugin 'SpaceBannerHomePageUpdateContentId' [o.e.c.upgrade.UpgradeProductService<main>] 
2026-08-19 13:38:10,698 | INFO  | Add Product UpgradePlugin 'SocialPortletToSocialUpgradePlugin' [o.e.c.upgrade.UpgradeProductService<main>] 
2026-08-19 13:38:10,698 | INFO  | Add Product UpgradePlugin 'CommunitySpaceTemplateLayoutUpgrade' [o.e.c.upgrade.UpgradeProductService<main>] 
2026-08-19 13:38:10,698 | INFO  | Add Product UpgradePlugin 'AnnouncementSpaceTemplateLayoutUpgrade' [o.e.c.upgrade.UpgradeProductService<main>] 
2026-08-19 13:38:10,698 | INFO  | Add Product UpgradePlugin 'SitesPropsUpdgrade' [o.e.c.upgrade.UpgradeProductService<main>] 
2026-08-19 13:38:10,699 | INFO  | Add Product UpgradePlugin 'UserSettingsPageSecuritySectionUpgrade' [o.e.c.upgrade.UpgradeProductService<main>] 
2026-08-19 13:38:10,699 | INFO  | Add Product UpgradePlugin 'GlobalSitePermissionUpgrade' [o.e.c.upgrade.UpgradeProductService<main>] 
2026-08-19 13:38:10,699 | INFO  | Add Product UpgradePlugin 'AdministrationPageHomeSettingsUpgrade' [o.e.c.upgrade.UpgradeProductService<main>] 
2026-08-19 13:38:10,699 | INFO  | Add Product UpgradePlugin 'AdministrationSitePortalConfigUpgrade' [o.e.c.upgrade.UpgradeProductService<main>] 
2026-08-19 13:38:10,699 | INFO  | Add Product UpgradePlugin 'PublicSitePortalConfigUpgrade' [o.e.c.upgrade.UpgradeProductService<main>] 
2026-08-19 13:38:10,699 | INFO  | Add Product UpgradePlugin 'PublicSiteTemplatePortalConfigUpgrade' [o.e.c.upgrade.UpgradeProductService<main>] 
2026-08-19 13:38:10,700 | INFO  | Add Product UpgradePlugin 'SpacePublicSiteTemplatePortalConfigUpgrade' [o.e.c.upgrade.UpgradeProductService<main>] 
2026-08-19 13:38:10,700 | INFO  | Add Product UpgradePlugin 'LayoutEditorsPagesUpgrade' [o.e.c.upgrade.UpgradeProductService<main>] 
2026-08-19 13:38:10,700 | INFO  | Add Product UpgradePlugin 'NotesEditorPagesUpgrade-7.0' [o.e.c.upgrade.UpgradeProductService<main>] 
2026-08-19 13:38:10,700 | INFO  | Add Product UpgradePlugin 'GlobalSiteNewsEditorNavigationUpdate' [o.e.c.upgrade.UpgradeProductService<main>] 
2026-08-19 13:38:10,700 | INFO  | Add Product UpgradePlugin 'AdministrationPagesPermissionsUpdate' [o.e.c.upgrade.UpgradeProductService<main>] 
2026-08-19 13:38:10,700 | INFO  | Add Product UpgradePlugin 'AnalyticsPagesUpgrade' [o.e.c.upgrade.UpgradeProductService<main>] 
2026-08-19 13:38:10,700 | INFO  | Add Product UpgradePlugin 'ProfilePageUpgrade' [o.e.c.upgrade.UpgradeProductService<main>] 
2026-08-19 13:38:10,701 | INFO  | Add Product UpgradePlugin 'GlobalSiteAppCenterUserSetupNavigationDelete' [o.e.c.upgrade.UpgradeProductService<main>] 
2026-08-19 13:38:10,701 | INFO  | Add Product UpgradePlugin 'AppCenterUserSetupPortletRemoval' [o.e.c.upgrade.UpgradeProductService<main>] 
2026-08-19 13:38:10,701 | INFO  | Add Product UpgradePlugin 'SettingsPageUpgrade' [o.e.c.upgrade.UpgradeProductService<main>] 
2026-08-19 13:38:10,701 | INFO  | Add Product UpgradePlugin 'MeedsGlobalSiteAnalyticsNavigationUpgradePlugin' [o.e.c.upgrade.UpgradeProductService<main>] 
2026-08-19 13:38:10,701 | INFO  | Add Product UpgradePlugin 'GlobalPageViewerPermissionUpgrade' [o.e.c.upgrade.UpgradeProductService<main>] 
2026-08-19 13:38:10,701 | INFO  | Add Product UpgradePlugin 'CommunitySpaceTemplateContributeLayoutUpgrade' [o.e.c.upgrade.UpgradeProductService<main>] 
2026-08-19 13:38:10,701 | INFO  | Add Product UpgradePlugin 'ContributeSitePropertiesUpgrade-7.1' [o.e.c.upgrade.UpgradeProductService<main>] 
2026-08-19 13:38:10,702 | INFO  | Add Product UpgradePlugin 'NotesEditorPagesUpgrade-7.2' [o.e.c.upgrade.UpgradeProductService<main>] 
2026-08-19 13:38:10,702 | INFO  | Add Product UpgradePlugin 'DwSiteUpgrade' [o.e.c.upgrade.UpgradeProductService<main>] 
2026-08-19 13:38:10,702 | INFO  | Add Product UpgradePlugin 'ExoAdministrationSiteUpgrade' [o.e.c.upgrade.UpgradeProductService<main>] 
2026-08-19 13:38:10,702 | INFO  | Add Product UpgradePlugin 'SitesManagementUpgrade' [o.e.c.upgrade.UpgradeProductService<main>] 
2026-08-19 13:38:10,702 | INFO  | Add Product UpgradePlugin 'OrgChartPageUpgradePlugin' [o.e.c.upgrade.UpgradeProductService<main>] 
2026-08-19 13:38:10,702 | INFO  | Add Product UpgradePlugin 'OOEditorPageLayoutUpgrade3' [o.e.c.upgrade.UpgradeProductService<main>] 
2026-08-19 13:38:10,702 | INFO  | Add Product UpgradePlugin 'RecognitionAdministrationSiteLayoutUpgradePlugin' [o.e.c.upgrade.UpgradeProductService<main>] 
2026-08-19 13:38:10,703 | INFO  | Add Product UpgradePlugin 'eXoSitesPropsUpdgrade' [o.e.c.upgrade.UpgradeProductService<main>] 
2026-08-19 13:38:10,703 | INFO  | Add Product UpgradePlugin 'EmailAdminUpgrade' [o.e.c.upgrade.UpgradeProductService<main>] 
2026-08-19 13:38:10,703 | INFO  | Add Product UpgradePlugin 'MyWorkspaceNavigationUpgrade-7.2-01' [o.e.c.upgrade.UpgradeProductService<main>] 
2026-08-19 13:38:10,703 | INFO  | Add Product UpgradePlugin 'EmailAdminUpgrade-7.2' [o.e.c.upgrade.UpgradeProductService<main>] 
2026-08-19 13:38:10,871 | WARN  | liquibase.statement.core.CreateSequenceStatement is not supported on mysql, but createSequence will still execute [liquibase.changelog.DatabaseChangeLog<main>] 
2026-08-19 13:38:10,919 | WARN  | liquibase.statement.core.CreateSequenceStatement is not supported on mysql, but createSequence will still execute [liquibase.changelog.DatabaseChangeLog<main>] 
2026-08-19 13:38:12,782 | INFO  | Hibernate is in classpath; If applicable, HQL parser will be used. [o.s.d.j.r.query.QueryEnhancerFactory<main>] 
2026-08-19 13:38:13,378 | WARN  | Matrix service is not available yet (attempt 1/20), retrying in 15s. Cause: Cannot invoke "String.replaceAll(String, String)" because "userNameOnMatrix" is null [io.meeds.chat.service.MatrixService<main>] 
2026-08-19 13:38:16,069 | WARN  | Error getting mapping of analytics : - 		code : 404 - 		message: {"error":{"root_cause":[{"type":"index_not_found_exception","reason":"no such index [analytics_alias]","resource.type":"index_or_alias","resource.id":"analytics_alias","index_uuid":"_na_","index":"analytics_alias"}],"type":"index_not_found_exception","reason":"no such index [analytics_alias]","resource.type":"index_or_alias","resource.id":"analytics_alias","index_uuid":"_na_","index":"analytics_alias"},"status":404} [i.m.a.e.s.ElasticsearchAnalyticsStorage<pool-5-thread-1>] 
2026-08-19 13:38:28,378 | WARN  | Matrix service is not available yet (attempt 2/20), retrying in 15s. Cause: Cannot invoke "String.replaceAll(String, String)" because "userNameOnMatrix" is null [io.meeds.chat.service.MatrixService<main>] 
2026-08-19 13:38:43,379 | WARN  | Matrix service is not available yet (attempt 3/20), retrying in 15s. Cause: Cannot invoke "String.replaceAll(String, String)" because "userNameOnMatrix" is null [io.meeds.chat.service.MatrixService<main>] 
2026-08-19 13:38:58,379 | WARN  | Matrix service is not available yet (attempt 4/20), retrying in 15s. Cause: Cannot invoke "String.replaceAll(String, String)" because "userNameOnMatrix" is null [io.meeds.chat.service.MatrixService<main>] 
2026-08-19 13:39:13,380 | WARN  | Matrix service is not available yet (attempt 5/20), retrying in 15s. Cause: Cannot invoke "String.replaceAll(String, String)" because "userNameOnMatrix" is null [io.meeds.chat.service.MatrixService<main>] 
2026-08-19 13:39:28,380 | WARN  | Matrix service is not available yet (attempt 6/20), retrying in 15s. Cause: Cannot invoke "String.replaceAll(String, String)" because "userNameOnMatrix" is null [io.meeds.chat.service.MatrixService<main>] 
2026-08-19 13:39:43,381 | WARN  | Matrix service is not available yet (attempt 7/20), retrying in 15s. Cause: Cannot invoke "String.replaceAll(String, String)" because "userNameOnMatrix" is null [io.meeds.chat.service.MatrixService<main>] 
2026-08-19 13:39:58,381 | WARN  | Matrix service is not available yet (attempt 8/20), retrying in 15s. Cause: Cannot invoke "String.replaceAll(String, String)" because "userNameOnMatrix" is null [io.meeds.chat.service.MatrixService<main>] 
2026-08-19 13:40:13,382 | WARN  | Matrix service is not available yet (attempt 9/20), retrying in 15s. Cause: Cannot invoke "String.replaceAll(String, String)" because "userNameOnMatrix" is null [io.meeds.chat.service.MatrixService<main>] 
2026-08-19 13:40:16,069 | WARN  | Error getting mapping of analytics : - 		code : 404 - 		message: {"error":{"root_cause":[{"type":"index_not_found_exception","reason":"no such index [analytics_alias]","resource.type":"index_or_alias","resource.id":"analytics_alias","index_uuid":"_na_","index":"analytics_alias"}],"type":"index_not_found_exception","reason":"no such index [analytics_alias]","resource.type":"index_or_alias","resource.id":"analytics_alias","index_uuid":"_na_","index":"analytics_alias"},"status":404} [i.m.a.e.s.ElasticsearchAnalyticsStorage<pool-5-thread-1>] 
2026-08-19 13:40:28,382 | WARN  | Matrix service is not available yet (attempt 10/20), retrying in 15s. Cause: Cannot invoke "String.replaceAll(String, String)" because "userNameOnMatrix" is null [io.meeds.chat.service.MatrixService<main>] 
2026-08-19 13:40:43,383 | WARN  | Matrix service is not available yet (attempt 11/20), retrying in 15s. Cause: Cannot invoke "String.replaceAll(String, String)" because "userNameOnMatrix" is null [io.meeds.chat.service.MatrixService<main>] 
2026-08-19 13:40:58,383 | WARN  | Matrix service is not available yet (attempt 12/20), retrying in 15s. Cause: Cannot invoke "String.replaceAll(String, String)" because "userNameOnMatrix" is null [io.meeds.chat.service.MatrixService<main>] 
2026-08-19 13:41:13,384 | WARN  | Matrix service is not available yet (attempt 13/20), retrying in 15s. Cause: Cannot invoke "String.replaceAll(String, String)" because "userNameOnMatrix" is null [io.meeds.chat.service.MatrixService<main>] 
2026-08-19 13:41:28,384 | WARN  | Matrix service is not available yet (attempt 14/20), retrying in 15s. Cause: Cannot invoke "String.replaceAll(String, String)" because "userNameOnMatrix" is null [io.meeds.chat.service.MatrixService<main>] 
2026-08-19 13:41:43,385 | WARN  | Matrix service is not available yet (attempt 15/20), retrying in 15s. Cause: Cannot invoke "String.replaceAll(String, String)" because "userNameOnMatrix" is null [io.meeds.chat.service.MatrixService<main>] 
2026-08-19 13:41:58,385 | WARN  | Matrix service is not available yet (attempt 16/20), retrying in 15s. Cause: Cannot invoke "String.replaceAll(String, String)" because "userNameOnMatrix" is null [io.meeds.chat.service.MatrixService<main>] 
2026-08-19 13:42:13,386 | WARN  | Matrix service is not available yet (attempt 17/20), retrying in 15s. Cause: Cannot invoke "String.replaceAll(String, String)" because "userNameOnMatrix" is null [io.meeds.chat.service.MatrixService<main>] 
2026-08-19 13:42:16,069 | WARN  | Error getting mapping of analytics : - 		code : 404 - 		message: {"error":{"root_cause":[{"type":"index_not_found_exception","reason":"no such index [analytics_alias]","resource.type":"index_or_alias","resource.id":"analytics_alias","index_uuid":"_na_","index":"analytics_alias"}],"type":"index_not_found_exception","reason":"no such index [analytics_alias]","resource.type":"index_or_alias","resource.id":"analytics_alias","index_uuid":"_na_","index":"analytics_alias"},"status":404} [i.m.a.e.s.ElasticsearchAnalyticsStorage<pool-5-thread-1>] 
2026-08-19 13:42:28,386 | WARN  | Matrix service is not available yet (attempt 18/20), retrying in 15s. Cause: Cannot invoke "String.replaceAll(String, String)" because "userNameOnMatrix" is null [io.meeds.chat.service.MatrixService<main>] 
2026-08-19 13:42:43,387 | WARN  | Matrix service is not available yet (attempt 19/20), retrying in 15s. Cause: Cannot invoke "String.replaceAll(String, String)" because "userNameOnMatrix" is null [io.meeds.chat.service.MatrixService<main>] 
2026-08-19 13:42:58,387 | ERROR | Could not initialize Matrix service after 20 attempt(s), the service is unavailable [io.meeds.chat.service.MatrixService<main>] 
java.lang.NullPointerException: Cannot invoke "String.replaceAll(String, String)" because "userNameOnMatrix" is null
	at io.meeds.chat.service.MatrixService.getJWTSessionToken(MatrixService.java:431)
	at io.meeds.chat.service.MatrixService.getMatrixAccessToken(MatrixService.java:255)
	at io.meeds.chat.service.MatrixService.init(MatrixService.java:156)
	at java.base/jdk.internal.reflect.DirectMethodHandleAccessor.invoke(DirectMethodHandleAccessor.java:103)
	at java.base/java.lang.reflect.Method.invoke(Method.java:580)
	at org.springframework.beans.factory.annotation.InitDestroyAnnotationBeanPostProcessor$LifecycleMethod.invoke(InitDestroyAnnotationBeanPostProcessor.java:457)
	at org.springframework.beans.factory.annotation.InitDestroyAnnotationBeanPostProcessor$LifecycleMetadata.invokeInitMethods(InitDestroyAnnotationBeanPostProcessor.java:401)
	at org.springframework.beans.factory.annotation.InitDestroyAnnotationBeanPostProcessor.postProcessBeforeInitialization(InitDestroyAnnotationBeanPostProcessor.java:219)
	at org.springframework.beans.factory.support.AbstractAutowireCapableBeanFactory.applyBeanPostProcessorsBeforeInitialization(AbstractAutowireCapableBeanFactory.java:429)
	at org.springframework.beans.factory.support.AbstractAutowireCapableBeanFactory.initializeBean(AbstractAutowireCapableBeanFactory.java:1816)
	at org.springframework.beans.factory.support.AbstractAutowireCapableBeanFactory.doCreateBean(AbstractAutowireCapableBeanFactory.java:607)
	at org.springframework.beans.factory.support.AbstractAutowireCapableBeanFactory.createBean(AbstractAutowireCapableBeanFactory.java:529)
	at org.springframework.beans.factory.support.AbstractBeanFactory.lambda$doGetBean$0(AbstractBeanFactory.java:339)
	at org.springframework.beans.factory.support.DefaultSingletonBeanRegistry.getSingleton(DefaultSingletonBeanRegistry.java:373)
	at org.springframework.beans.factory.support.AbstractBeanFactory.doGetBean(AbstractBeanFactory.java:337)
	at org.springframework.beans.factory.support.AbstractBeanFactory.getBean(AbstractBeanFactory.java:202)
	at org.springframework.context.support.AbstractApplicationContext.getBean(AbstractApplicationContext.java:1296)
	at io.meeds.spring.kernel.KernelContainerLifecyclePlugin.getBeanInstance(KernelContainerLifecyclePlugin.java:442)
	at io.meeds.spring.kernel.KernelContainerLifecyclePlugin.lambda$addSpringToKernel$2(KernelContainerLifecyclePlugin.java:175)
	at io.meeds.spring.kernel.model.SpringBeanComponentAdapter.getComponentInstance(SpringBeanComponentAdapter.java:51)
	at org.exoplatform.container.ConcurrentContainer.getInstance(ConcurrentContainer.java:449)
	at org.exoplatform.container.ConcurrentContainer.getComponentInstanceOfType(ConcurrentContainer.java:397)
	at org.exoplatform.container.AbstractContainer.getComponentInstanceOfType(AbstractContainer.java:96)
	at org.exoplatform.container.CachingContainer.getComponentInstanceOfType(CachingContainer.java:140)
	at org.exoplatform.container.AbstractContainer.getComponentInstanceOfType(AbstractContainer.java:96)
	at org.exoplatform.container.AbstractContainer.getComponentInstanceOfType(AbstractContainer.java:96)
	at org.exoplatform.container.ExoContainer.getComponentInstanceOfType(ExoContainer.java:621)
	at org.exoplatform.container.ExoContainer.getComponentInstanceOfType(ExoContainer.java:606)
	at org.exoplatform.container.ConcurrentContainer.createComponent(ConcurrentContainer.java:599)
	at org.exoplatform.container.AbstractContainer.createComponent(AbstractContainer.java:215)
	at org.exoplatform.container.AbstractContainer.createComponent(AbstractContainer.java:215)
	at org.exoplatform.container.AbstractContainer.createComponent(AbstractContainer.java:215)
	at org.exoplatform.container.jmx.MX4JComponentAdapter.addComponentPlugin(MX4JComponentAdapter.java:340)
	at org.exoplatform.container.jmx.MX4JComponentAdapter.createInstance(MX4JComponentAdapter.java:302)
	at org.exoplatform.container.jmx.MX4JComponentAdapter.create(MX4JComponentAdapter.java:493)
	at org.exoplatform.container.management.ManageableComponentAdapter.create(ManageableComponentAdapter.java:94)
	at org.exoplatform.container.jmx.MX4JComponentAdapter.create(MX4JComponentAdapter.java:448)
	at org.exoplatform.container.jmx.MX4JComponentAdapter.getComponentInstance(MX4JComponentAdapter.java:131)
	at org.exoplatform.container.ConcurrentContainer.getInstance(ConcurrentContainer.java:449)
	at org.exoplatform.container.ConcurrentContainer.getComponentInstance(ConcurrentContainer.java:363)
	at org.exoplatform.container.AbstractContainer.getComponentInstance(AbstractContainer.java:88)
	at org.exoplatform.container.CachingContainer.getComponentInstance(CachingContainer.java:114)
	at org.exoplatform.container.AbstractContainer.getComponentInstance(AbstractContainer.java:88)
	at org.exoplatform.container.AbstractContainer.getComponentInstance(AbstractContainer.java:88)
	at org.exoplatform.container.ExoContainer.getComponentInstance(ExoContainer.java:810)
	at org.exoplatform.container.ExoContainer.getComponentInstance(ExoContainer.java:785)
	at org.exoplatform.container.ExoContainer.getComponentInstance(ExoContainer.java:507)
	at org.exoplatform.commons.cluster.StartableClusterService.start(StartableClusterService.java:104)
	at java.base/jdk.internal.reflect.DirectMethodHandleAccessor.invoke(DirectMethodHandleAccessor.java:103)
	at java.base/java.lang.reflect.Method.invoke(Method.java:580)
	at org.exoplatform.container.LifecycleVisitor.traverse(LifecycleVisitor.java:115)
	at org.exoplatform.container.LifecycleVisitor.start(LifecycleVisitor.java:181)
	at org.exoplatform.container.ConcurrentContainer.start(ConcurrentContainer.java:475)
	at org.exoplatform.container.AbstractContainer.start(AbstractContainer.java:64)
	at org.exoplatform.container.AbstractContainer.start(AbstractContainer.java:64)
	at org.exoplatform.container.AbstractContainer.start(AbstractContainer.java:64)
	at org.exoplatform.container.ExoContainer.start(ExoContainer.java:286)
	at org.exoplatform.container.PortalContainer.start(PortalContainer.java:603)
	at org.exoplatform.container.ExoContainer.start(ExoContainer.java:267)
	at org.exoplatform.container.PortalContainer.start(PortalContainer.java:610)
	at org.exoplatform.container.ExoContainer.start(ExoContainer.java:267)
	at org.exoplatform.container.RootContainer.createPortalContainer(RootContainer.java:739)
	at org.exoplatform.container.RootContainer.createPortalContainers(RootContainer.java:322)
	at org.exoplatform.platform.server.tomcat.PortalContainersCreator.createPortalContainers(PortalContainersCreator.java:45)
	at org.exoplatform.platform.server.tomcat.PortalContainersCreator.lifecycleEvent(PortalContainersCreator.java:34)
	at org.apache.catalina.util.LifecycleBase.fireLifecycleEvent(LifecycleBase.java:109)
	at org.apache.catalina.util.LifecycleBase.setStateInternal(LifecycleBase.java:389)
	at org.apache.catalina.util.LifecycleBase.setState(LifecycleBase.java:336)
	at org.apache.catalina.core.ContainerBase.startInternal(ContainerBase.java:774)
	at org.apache.catalina.core.StandardHost.startInternal(StandardHost.java:783)
	at org.apache.catalina.util.LifecycleBase.start(LifecycleBase.java:164)
	at org.apache.catalina.core.ContainerBase$StartChild.call(ContainerBase.java:1201)
	at org.apache.catalina.core.ContainerBase$StartChild.call(ContainerBase.java:1191)
	at java.base/java.util.concurrent.FutureTask.run(FutureTask.java:317)
	at org.apache.tomcat.util.threads.InlineExecutorService.execute(InlineExecutorService.java:81)
	at java.base/java.util.concurrent.AbstractExecutorService.submit(AbstractExecutorService.java:145)
	at org.apache.catalina.core.ContainerBase.startInternal(ContainerBase.java:747)
	at org.apache.catalina.core.StandardEngine.startInternal(StandardEngine.java:201)
	at org.apache.catalina.util.LifecycleBase.start(LifecycleBase.java:164)
	at org.apache.catalina.core.StandardService.startInternal(StandardService.java:410)
	at org.apache.catalina.util.LifecycleBase.start(LifecycleBase.java:164)
	at org.apache.catalina.core.StandardServer.startInternal(StandardServer.java:868)
	at org.apache.catalina.util.LifecycleBase.start(LifecycleBase.java:164)
	at org.apache.catalina.startup.Catalina.start(Catalina.java:758)
	at java.base/jdk.internal.reflect.DirectMethodHandleAccessor.invoke(DirectMethodHandleAccessor.java:103)
	at java.base/java.lang.reflect.Method.invoke(Method.java:580)
	at org.apache.catalina.startup.Bootstrap.start(Bootstrap.java:342)
	at org.apache.catalina.startup.Bootstrap.main(Bootstrap.java:473)
2026-08-19 13:42:58,394 | INFO  | Add Product UpgradePlugin 'MatrixRoomAndAccountsDataInitializer' [o.e.c.upgrade.UpgradeProductService<main>] 
2026-08-19 13:42:58,395 | INFO  | Add Product UpgradePlugin 'MatrixRoomUpdatePermissions' [o.e.c.upgrade.UpgradeProductService<main>] 
2026-08-19 13:42:58,396 | INFO  | Add Product UpgradePlugin 'MatrixRemoveProfileProperty' [o.e.c.upgrade.UpgradeProductService<main>] 
2026-08-19 13:42:58,403 | INFO  | Proceed upgrade on first run = true [o.e.c.upgrade.UpgradeProductService<main>] 
2026-08-19 13:42:58,403 | INFO  | Start transparent upgrade framework [o.e.c.upgrade.UpgradeProductService<main>] 
2026-08-19 13:42:58,462 | INFO  | Proceed upgrade the plugin (async = true): name = HideDefaultFoldersUpgradePlugin from version 0 to 7.2.1 [o.e.c.upgrade.UpgradeProductService<main>] 
2026-08-19 13:42:58,497 | INFO  | Proceed upgrade the plugin (async = true): name = NotificationSettingsUpgradePlugin from version 0 to 7.2.1 [o.e.c.upgrade.UpgradeProductService<main>] 
2026-08-19 13:42:58,539 | INFO  | Proceed upgrade the plugin (async = true): name = NewsArticlesUpgradePlugin from version 0 to 7.2.1 [o.e.c.upgrade.UpgradeProductService<main>] 
2026-08-19 13:42:58,543 | INFO  | Ignore upgrade plugin ContentArticlePropertiesUpgrade from version 0 to 7.2.1 [o.e.c.upgrade.UpgradeProductService<main>] 
2026-08-19 13:42:58,545 | INFO  | Ignore upgrade plugin ContentArticleAttachmentsUpgrade from version 0 to 7.2.1 [o.e.c.upgrade.UpgradeProductService<main>] 
2026-08-19 13:42:58,563 | INFO  | Proceed upgrade the plugin (async = true): name = ArticleImagesPermissionsUpgradePlugin from version 0 to 7.2.1 [o.e.c.upgrade.UpgradeProductService<main>] 
2026-08-19 13:42:58,589 | INFO  | Proceed upgrade the plugin (async = true): name = CleanDuplicatedEsIndexesUpgrade from version 0 to 7.2.1 [o.e.c.upgrade.UpgradeProductService<main>] 
2026-08-19 13:42:58,614 | INFO  | Proceed upgrade the plugin (async = false): name = ImportDocumentsNotificationUpgradePluginV1 from version 0 to 7.2.1-exo [o.e.c.upgrade.UpgradeProductService<main>] 
2026-08-19 13:42:58,723 | INFO  | Upgrade of plugin ImportDocumentsNotificationUpgradePluginV1 completed. [o.e.c.upgrade.UpgradeProductService<main>] 
2026-08-19 13:42:58,748 | INFO  | Proceed upgrade the plugin (async = false): name = ActivityCommentWatchPlugin from version 0 to 7.2.1-exo [o.e.c.upgrade.UpgradeProductService<main>] 
2026-08-19 13:42:58,774 | INFO  | Upgrade of plugin ActivityCommentWatchPlugin completed. [o.e.c.upgrade.UpgradeProductService<main>] 
2026-08-19 13:42:58,791 | INFO  | Proceed upgrade the plugin (async = false): name = GamificationNewActionAvailableNotification from version 0 to 7.2.1-exo [o.e.c.upgrade.UpgradeProductService<main>] 
2026-08-19 13:42:58,840 | INFO  | Upgrade of plugin GamificationNewActionAvailableNotification completed. [o.e.c.upgrade.UpgradeProductService<main>] 
2026-08-19 13:42:58,911 | INFO  | Proceed upgrade the plugin (async = false): name = ProgramVisibilityUpgradePlugin from version 0 to 7.2.1-exo [o.e.c.upgrade.UpgradeProductService<main>] 
2026-08-19 13:42:58,912 | INFO  | Start:: Upgrade Programs Visibility [i.m.g.u.ProgramVisibilityUpgradePlugin<main>] 
2026-08-19 13:42:58,923 | INFO  | End:: Upgrade Programs Visibility: 0 upgraded as Open. [i.m.g.u.ProgramVisibilityUpgradePlugin<main>] 
2026-08-19 13:42:58,946 | INFO  | Upgrade of plugin ProgramVisibilityUpgradePlugin completed. [o.e.c.upgrade.UpgradeProductService<main>] 
2026-08-19 13:42:58,963 | INFO  | Proceed upgrade the plugin (async = false): name = ContributeSitePortletsUpgrade from version 0 to 7.2.1-exo [o.e.c.upgrade.UpgradeProductService<main>] 
2026-08-19 13:42:58,963 | INFO  | Start:: Upgrade Application ContentId ContributeSitePortletsUpgrade [i.m.l.p.u.LayoutApplicationReferenceUpgradePlugin<main>] 
2026-08-19 13:42:59,075 | INFO  | End:: Upgrade Application ContentId ContributeSitePortletsUpgrade in 112 ms [i.m.l.p.u.LayoutApplicationReferenceUpgradePlugin<main>] 
2026-08-19 13:42:59,105 | INFO  | Upgrade of plugin ContributeSitePortletsUpgrade completed. [o.e.c.upgrade.UpgradeProductService<main>] 
2026-08-19 13:42:59,152 | INFO  | Proceed upgrade the plugin (async = false): name = MyReputationInstanceRemovalPortletsUpgrade from version 0 to 7.2.1-exo [o.e.c.upgrade.UpgradeProductService<main>] 
2026-08-19 13:42:59,152 | INFO  | Start:: Upgrade Application ContentId MyReputationInstanceRemovalPortletsUpgrade [i.m.l.p.u.LayoutApplicationReferenceUpgradePlugin<main>] 
2026-08-19 13:42:59,167 | INFO  | End:: Upgrade Application ContentId MyReputationInstanceRemovalPortletsUpgrade in 15 ms [i.m.l.p.u.LayoutApplicationReferenceUpgradePlugin<main>] 
2026-08-19 13:42:59,186 | INFO  | Upgrade of plugin MyReputationInstanceRemovalPortletsUpgrade completed. [o.e.c.upgrade.UpgradeProductService<main>] 
2026-08-19 13:42:59,211 | INFO  | Proceed upgrade the plugin (async = false): name = PopularSpacesInstanceRemovalPortletsUpgrade from version 0 to 7.2.1-exo [o.e.c.upgrade.UpgradeProductService<main>] 
2026-08-19 13:42:59,211 | INFO  | Start:: Upgrade Application ContentId PopularSpacesInstanceRemovalPortletsUpgrade [i.m.l.p.u.LayoutApplicationReferenceUpgradePlugin<main>] 
2026-08-19 13:42:59,214 | INFO  | End:: Upgrade Application ContentId PopularSpacesInstanceRemovalPortletsUpgrade in 3 ms [i.m.l.p.u.LayoutApplicationReferenceUpgradePlugin<main>] 
2026-08-19 13:42:59,237 | INFO  | Upgrade of plugin PopularSpacesInstanceRemovalPortletsUpgrade completed. [o.e.c.upgrade.UpgradeProductService<main>] 
2026-08-19 13:42:59,254 | INFO  | Proceed upgrade the plugin (async = false): name = ECMSPortletInstancesRemovalUpgrade from version 0 to 7.2.1-exo [o.e.c.upgrade.UpgradeProductService<main>] 
2026-08-19 13:42:59,254 | INFO  | Start:: Upgrade Application ContentId ECMSPortletInstancesRemovalUpgrade [i.m.l.p.u.LayoutApplicationReferenceUpgradePlugin<main>] 
2026-08-19 13:42:59,271 | INFO  | End:: Upgrade Application ContentId ECMSPortletInstancesRemovalUpgrade in 17 ms [i.m.l.p.u.LayoutApplicationReferenceUpgradePlugin<main>] 
2026-08-19 13:42:59,304 | INFO  | Upgrade of plugin ECMSPortletInstancesRemovalUpgrade completed. [o.e.c.upgrade.UpgradeProductService<main>] 
2026-08-19 13:42:59,334 | INFO  | Proceed upgrade the plugin (async = false): name = ECMSPortletInstanceRemovalUpgrade from version 0 to 7.2.1-exo [o.e.c.upgrade.UpgradeProductService<main>] 
2026-08-19 13:42:59,334 | INFO  | Start:: Upgrade Application ContentId ECMSPortletInstanceRemovalUpgrade [i.m.l.p.u.LayoutApplicationReferenceUpgradePlugin<main>] 
2026-08-19 13:42:59,344 | INFO  | End:: Upgrade Application ContentId ECMSPortletInstanceRemovalUpgrade in 10 ms [i.m.l.p.u.LayoutApplicationReferenceUpgradePlugin<main>] 
2026-08-19 13:42:59,392 | INFO  | Upgrade of plugin ECMSPortletInstanceRemovalUpgrade completed. [o.e.c.upgrade.UpgradeProductService<main>] 
2026-08-19 13:42:59,417 | INFO  | Proceed upgrade the plugin (async = false): name = ExternalSpacesListRemoval from version 0 to 7.2.1-exo [o.e.c.upgrade.UpgradeProductService<main>] 
2026-08-19 13:42:59,418 | INFO  | Start:: Upgrade Application ContentId ExternalSpacesListRemoval [i.m.l.p.u.LayoutApplicationReferenceUpgradePlugin<main>] 
2026-08-19 13:42:59,424 | INFO  | End:: Upgrade Application ContentId ExternalSpacesListRemoval in 6 ms [i.m.l.p.u.LayoutApplicationReferenceUpgradePlugin<main>] 
2026-08-19 13:42:59,468 | INFO  | Upgrade of plugin ExternalSpacesListRemoval completed. [o.e.c.upgrade.UpgradeProductService<main>] 
2026-08-19 13:42:59,493 | INFO  | Proceed upgrade the plugin (async = false): name = SpaceInfosPortletInstanceRemovalUpgrade from version 0 to 7.2.1-exo [o.e.c.upgrade.UpgradeProductService<main>] 
2026-08-19 13:42:59,494 | INFO  | Start:: Upgrade Application ContentId SpaceInfosPortletInstanceRemovalUpgrade [i.m.l.p.u.LayoutApplicationReferenceUpgradePlugin<main>] 
2026-08-19 13:42:59,496 | INFO  | End:: Upgrade Application ContentId SpaceInfosPortletInstanceRemovalUpgrade in 3 ms [i.m.l.p.u.LayoutApplicationReferenceUpgradePlugin<main>] 
2026-08-19 13:42:59,519 | INFO  | Upgrade of plugin SpaceInfosPortletInstanceRemovalUpgrade completed. [o.e.c.upgrade.UpgradeProductService<main>] 
2026-08-19 13:42:59,546 | INFO  | Proceed upgrade the plugin (async = false): name = SpacesOverviewPortletInstanceRemovalUpgrade from version 0 to 7.2.1-exo [o.e.c.upgrade.UpgradeProductService<main>] 
2026-08-19 13:42:59,546 | INFO  | Start:: Upgrade Application ContentId SpacesOverviewPortletInstanceRemovalUpgrade [i.m.l.p.u.LayoutApplicationReferenceUpgradePlugin<main>] 
2026-08-19 13:42:59,549 | INFO  | End:: Upgrade Application ContentId SpacesOverviewPortletInstanceRemovalUpgrade in 3 ms [i.m.l.p.u.LayoutApplicationReferenceUpgradePlugin<main>] 
2026-08-19 13:42:59,572 | INFO  | Upgrade of plugin SpacesOverviewPortletInstanceRemovalUpgrade completed. [o.e.c.upgrade.UpgradeProductService<main>] 
2026-08-19 13:42:59,597 | INFO  | Proceed upgrade the plugin (async = false): name = AppCenterUserSetupPortletRemoval from version 0 to 7.2.1-exo [o.e.c.upgrade.UpgradeProductService<main>] 
2026-08-19 13:42:59,597 | INFO  | Start:: Upgrade Application ContentId AppCenterUserSetupPortletRemoval [i.m.l.p.u.LayoutApplicationReferenceUpgradePlugin<main>] 
2026-08-19 13:42:59,601 | INFO  | End:: Upgrade Application ContentId AppCenterUserSetupPortletRemoval in 4 ms [i.m.l.p.u.LayoutApplicationReferenceUpgradePlugin<main>] 
2026-08-19 13:42:59,622 | INFO  | Upgrade of plugin AppCenterUserSetupPortletRemoval completed. [o.e.c.upgrade.UpgradeProductService<main>] 
2026-08-19 13:42:59,648 | INFO  | Proceed upgrade the plugin (async = false): name = GamificationActionAnnouncedNotification from version 0 to 7.2.1-exo [o.e.c.upgrade.UpgradeProductService<main>] 
2026-08-19 13:42:59,673 | INFO  | Upgrade of plugin GamificationActionAnnouncedNotification completed. [o.e.c.upgrade.UpgradeProductService<main>] 
2026-08-19 13:42:59,715 | INFO  | Proceed upgrade the plugin (async = false): name = KudosActivityReceiverNotificationPlugin from version 0 to 7.2.1-exo [o.e.c.upgrade.UpgradeProductService<main>] 
2026-08-19 13:42:59,740 | INFO  | Upgrade of plugin KudosActivityReceiverNotificationPlugin completed. [o.e.c.upgrade.UpgradeProductService<main>] 
2026-08-19 13:42:59,766 | INFO  | Proceed upgrade the plugin (async = false): name = GamificationContributionAcceptedNotification from version 0 to 7.2.1-exo [o.e.c.upgrade.UpgradeProductService<main>] 
2026-08-19 13:42:59,791 | INFO  | Upgrade of plugin GamificationContributionAcceptedNotification completed. [o.e.c.upgrade.UpgradeProductService<main>] 
2026-08-19 13:42:59,834 | INFO  | Proceed upgrade the plugin (async = false): name = GamificationContributionRejectedNotification from version 0 to 7.2.1-exo [o.e.c.upgrade.UpgradeProductService<main>] 
2026-08-19 13:42:59,898 | INFO  | Upgrade of plugin GamificationContributionRejectedNotification completed. [o.e.c.upgrade.UpgradeProductService<main>] 
2026-08-19 13:42:59,923 | INFO  | Proceed upgrade the plugin (async = true): name = DocumentsProcessesPlugin from version 0 to 7.2.1 [o.e.c.upgrade.UpgradeProductService<main>] 
2026-08-19 13:42:59,940 | INFO  | Proceed upgrade the plugin (async = true): name = AddPublishersPermissionsUpgradePlugin from version 0 to 7.2.1 [o.e.c.upgrade.UpgradeProductService<main>] 
2026-08-19 13:42:59,966 | INFO  | Proceed upgrade the plugin (async = true): name = CalendarPagesUpgradePlugin from version 0 to 7.2.1 [o.e.c.upgrade.UpgradeProductService<main>] 
2026-08-19 13:43:00,011 | INFO  | Proceed upgrade the plugin (async = true): name = CalendarWidgetPagesUpgradePlugin from version 0 to 7.2.1 [o.e.c.upgrade.UpgradeProductService<main>] 
2026-08-19 13:43:00,028 | INFO  | Proceed upgrade the plugin (async = true): name = NotesPagesUpgradePlugin from version 0 to 7.2.1 [o.e.c.upgrade.UpgradeProductService<main>] 
2026-08-19 13:43:00,045 | INFO  | Proceed upgrade the plugin (async = false): name = AddCSSClassToSnapshotHomePage from version 0 to 7.2.1 [o.e.c.upgrade.UpgradeProductService<main>] 
2026-08-19 13:43:00,045 | INFO  | Start upgrade : adding CSS class singlePageApplication to homepage page [o.e.migration.AddCSSClassToPage<main>] 
2026-08-19 13:43:00,081 | INFO  | End upgrade : adding CSS class singlePageApplication to homepage page. It took 36 ms [o.e.migration.AddCSSClassToPage<main>] 
2026-08-19 13:43:00,104 | INFO  | Upgrade of plugin AddCSSClassToSnapshotHomePage completed. [o.e.c.upgrade.UpgradeProductService<main>] 
2026-08-19 13:43:00,121 | INFO  | Proceed upgrade the plugin (async = true): name = WikiPagesNavigationPlugin from version 0 to 7.2.1 [o.e.c.upgrade.UpgradeProductService<main>] 
2026-08-19 13:43:00,147 | INFO  | Proceed upgrade the plugin (async = true): name = WikiPagesNavigationPlugin1 from version 0 to 7.2.1 [o.e.c.upgrade.UpgradeProductService<main>] 
2026-08-19 13:43:00,172 | INFO  | Proceed upgrade the plugin (async = true): name = PortalConfigPermissionNavigationPlugin from version 0 to 7.2.1 [o.e.c.upgrade.UpgradeProductService<main>] 
2026-08-19 13:43:00,214 | INFO  | Proceed upgrade the plugin (async = true): name = DocumentsFavoritsPlugin from version 0 to 7.2.1 [o.e.c.upgrade.UpgradeProductService<main>] 
2026-08-19 13:43:00,240 | INFO  | Proceed upgrade the plugin (async = true): name = RemoveAnyPermissionUpgradePlugin from version 0 to 7.2.1 [o.e.c.upgrade.UpgradeProductService<main>] 
2026-08-19 13:43:00,265 | INFO  | Proceed upgrade the plugin (async = true): name = BrandingAdminPageUpgradePlugin from version 0 to 7.2.1 [o.e.c.upgrade.UpgradeProductService<main>] 
2026-08-19 13:43:00,282 | INFO  | Proceed upgrade the plugin (async = true): name = SocialLegacyPagesUpgradePlugin from version 0 to 7.2.1 [o.e.c.upgrade.UpgradeProductService<main>] 
2026-08-19 13:43:00,299 | INFO  | Proceed upgrade the plugin (async = true): name = ContentPagesUpgradePlugin from version 0 to 7.2.1 [o.e.c.upgrade.UpgradeProductService<main>] 
2026-08-19 13:43:00,316 | INFO  | Proceed upgrade the plugin (async = true): name = ContentPagesProfilesUpgradePlugin from version 0 to 7.2.1 [o.e.c.upgrade.UpgradeProductService<main>] 
2026-08-19 13:43:00,333 | INFO  | Proceed upgrade the plugin (async = true): name = SpaceSettingPermissionUpgradePlugin from version 0 to 7.2.1 [o.e.c.upgrade.UpgradeProductService<main>] 
2026-08-19 13:43:00,350 | INFO  | Proceed upgrade the plugin (async = true): name = ExternalUserUpgradePluginV1 from version 0 to 7.2.1 [o.e.c.upgrade.UpgradeProductService<main>] 
2026-08-19 13:43:00,400 | INFO  | Proceed upgrade the plugin (async = true): name = SpaceNavigationIconMigration from version 0 to 7.2.1 [o.e.c.upgrade.UpgradeProductService<main>] 
2026-08-19 13:43:00,417 | INFO  | Proceed upgrade the plugin (async = true): name = CategoryLinkPermissionsUpgrade124 from version 0 to 7.2.1-exo [o.e.c.upgrade.UpgradeProductService<main>] 
2026-08-19 13:43:00,434 | INFO  | Proceed upgrade the plugin (async = true): name = RemoveProfilePropertyUpgradePlugin from version 0 to 7.2.1-exo [o.e.c.upgrade.UpgradeProductService<main>] 
2026-08-19 13:43:00,436 | INFO  | Ignore upgrade plugin MatrixRoomAndAccountsDataInitializer from version 0 to 7.2.1 [o.e.c.upgrade.UpgradeProductService<main>] 
2026-08-19 13:43:00,439 | INFO  | Ignore upgrade plugin MatrixRoomUpdatePermissions from version 0 to 7.2.1 [o.e.c.upgrade.UpgradeProductService<main>] 
2026-08-19 13:43:00,460 | INFO  | Proceed upgrade the plugin (async = true): name = MatrixRemoveProfileProperty from version 0 to 7.2.1 [o.e.c.upgrade.UpgradeProductService<main>] 
2026-08-19 13:43:00,477 | INFO  | Proceed upgrade the plugin (async = true): name = PortalNavigationIconUpgradePlugin from version 0 to 7.2.1 [o.e.c.upgrade.UpgradeProductService<main>] 
2026-08-19 13:43:00,493 | INFO  | Proceed upgrade the plugin (async = false): name = ECMSLegacyPagesRemovalUpgradePlugin from version 0 to 7.2.1-exo [o.e.c.upgrade.UpgradeProductService<main>] 
2026-08-19 13:43:00,494 | INFO  | Start:: Upgrade Portal Layout ECMSLegacyPagesRemovalUpgradePlugin [i.m.social.upgrade.LayoutUpgradePlugin<main>] 
2026-08-19 13:43:00,497 | INFO  | Process:: Upgrade Portal Layout portal/administration [i.m.social.upgrade.LayoutUpgradePlugin<main>] 
2026-08-19 13:43:00,498 | INFO  | Updating Portal config of site of type 'portal' with name 'administration' [o.e.p.mop.importer.PortalConfigImporter<main>] 
2026-08-19 13:43:00,533 | INFO  | Process:: Upgrade Portal navigation portal/administration [i.m.social.upgrade.LayoutUpgradePlugin<main>] 
2026-08-19 13:43:00,577 | WARN  | Node with uri 'home/applications/documents-settings/cloud-storage' in site 'SiteKey(type=PORTAL, name=administration)' wasn't found [i.m.social.upgrade.LayoutUpgradePlugin<main>] 
2026-08-19 13:43:00,578 | WARN  | Node with uri 'home/applications/documents-settings/documents-editors' in site 'SiteKey(type=PORTAL, name=administration)' wasn't found [i.m.social.upgrade.LayoutUpgradePlugin<main>] 
2026-08-19 13:43:00,578 | WARN  | Node with uri 'home/legacy' in site 'SiteKey(type=PORTAL, name=administration)' wasn't found [i.m.social.upgrade.LayoutUpgradePlugin<main>] 
2026-08-19 13:43:00,628 | INFO  | End:: Upgrade Portal Layout ECMSLegacyPagesRemovalUpgradePlugin in 134 ms [i.m.social.upgrade.LayoutUpgradePlugin<main>] 
2026-08-19 13:43:00,653 | INFO  | Upgrade of plugin ECMSLegacyPagesRemovalUpgradePlugin completed. [o.e.c.upgrade.UpgradeProductService<main>] 
2026-08-19 13:43:00,679 | INFO  | Proceed upgrade the plugin (async = false): name = AgendaApplicationGlobalLayoutUpgrade from version 0 to 7.2.1-exo [o.e.c.upgrade.UpgradeProductService<main>] 
2026-08-19 13:43:00,679 | INFO  | Start:: Upgrade Portal Layout AgendaApplicationGlobalLayoutUpgrade [i.m.social.upgrade.LayoutUpgradePlugin<main>] 
2026-08-19 13:43:00,682 | INFO  | Process:: Upgrade pages (agenda) layout from portal portal/global [i.m.social.upgrade.LayoutUpgradePlugin<main>] 
2026-08-19 13:43:00,780 | INFO  | End:: Upgrade Portal Layout AgendaApplicationGlobalLayoutUpgrade in 101 ms [i.m.social.upgrade.LayoutUpgradePlugin<main>] 
2026-08-19 13:43:00,823 | INFO  | Upgrade of plugin AgendaApplicationGlobalLayoutUpgrade completed. [o.e.c.upgrade.UpgradeProductService<main>] 
2026-08-19 13:43:00,865 | INFO  | Proceed upgrade the plugin (async = false): name = AgendaApplicationPageUpgrade from version 0 to 7.2.1-exo [o.e.c.upgrade.UpgradeProductService<main>] 
2026-08-19 13:43:00,866 | INFO  | Start:: Upgrade Portal Layout AgendaApplicationPageUpgrade [i.m.social.upgrade.LayoutUpgradePlugin<main>] 
2026-08-19 13:43:00,866 | INFO  | Process:: Upgrade Portal navigation portal/global [i.m.social.upgrade.LayoutUpgradePlugin<main>] 
2026-08-19 13:43:01,058 | INFO  | End:: Upgrade Portal Layout AgendaApplicationPageUpgrade in 192 ms [i.m.social.upgrade.LayoutUpgradePlugin<main>] 
2026-08-19 13:43:01,108 | INFO  | Upgrade of plugin AgendaApplicationPageUpgrade completed. [o.e.c.upgrade.UpgradeProductService<main>] 
2026-08-19 13:43:01,142 | INFO  | Proceed upgrade the plugin (async = false): name = OverviewPageLayoutUpgrade from version 0 to 7.2.1-exo [o.e.c.upgrade.UpgradeProductService<main>] 
2026-08-19 13:43:01,142 | INFO  | Start:: Upgrade Portal Layout OverviewPageLayoutUpgrade [i.m.social.upgrade.LayoutUpgradePlugin<main>] 
2026-08-19 13:43:01,147 | INFO  | Process:: Upgrade pages (overview) layout from portal portal/global [i.m.social.upgrade.LayoutUpgradePlugin<main>] 
2026-08-19 13:43:01,384 | INFO  | End:: Upgrade Portal Layout OverviewPageLayoutUpgrade in 242 ms [i.m.social.upgrade.LayoutUpgradePlugin<main>] 
2026-08-19 13:43:01,411 | INFO  | Upgrade of plugin OverviewPageLayoutUpgrade completed. [o.e.c.upgrade.UpgradeProductService<main>] 
2026-08-19 13:43:01,436 | INFO  | Proceed upgrade the plugin (async = false): name = GlobalSitePermissionsUpgrade from version 0 to 7.2.1-exo [o.e.c.upgrade.UpgradeProductService<main>] 
2026-08-19 13:43:01,437 | INFO  | Start:: Upgrade Portal Layout GlobalSitePermissionsUpgrade [i.m.social.upgrade.LayoutUpgradePlugin<main>] 
2026-08-19 13:43:01,438 | INFO  | Process:: Upgrade Portal Layout portal/global [i.m.social.upgrade.LayoutUpgradePlugin<main>] 
2026-08-19 13:43:01,439 | INFO  | Updating Portal config of site of type 'portal' with name 'global' [o.e.p.mop.importer.PortalConfigImporter<main>] 
2026-08-19 13:43:01,504 | INFO  | End:: Upgrade Portal Layout GlobalSitePermissionsUpgrade in 67 ms [i.m.social.upgrade.LayoutUpgradePlugin<main>] 
2026-08-19 13:43:01,572 | INFO  | Upgrade of plugin GlobalSitePermissionsUpgrade completed. [o.e.c.upgrade.UpgradeProductService<main>] 
2026-08-19 13:43:01,610 | INFO  | Proceed upgrade the plugin (async = false): name = RecognitionSetupApplicationsLayoutUpgrade from version 0 to 7.2.1-exo [o.e.c.upgrade.UpgradeProductService<main>] 
2026-08-19 13:43:01,610 | INFO  | Start:: Upgrade Portal Layout RecognitionSetupApplicationsLayoutUpgrade [i.m.social.upgrade.LayoutUpgradePlugin<main>] 
2026-08-19 13:43:01,630 | INFO  | IGNORE:: Pages layout of portal RecognitionSetupApplicationsLayoutUpgrade/portal wasn't found from list administration. The layout upgrade will be ignored [i.m.social.upgrade.LayoutUpgradePlugin<main>] 
2026-08-19 13:43:01,631 | INFO  | End:: Upgrade Portal Layout RecognitionSetupApplicationsLayoutUpgrade in 21 ms [i.m.social.upgrade.LayoutUpgradePlugin<main>] 
2026-08-19 13:43:01,660 | INFO  | Upgrade of plugin RecognitionSetupApplicationsLayoutUpgrade completed. [o.e.c.upgrade.UpgradeProductService<main>] 
2026-08-19 13:43:01,694 | INFO  | Proceed upgrade the plugin (async = false): name = ContentaPagesLayoutUpgrade from version 0 to 7.2.1-exo [o.e.c.upgrade.UpgradeProductService<main>] 
2026-08-19 13:43:01,694 | INFO  | Start:: Upgrade Portal Layout ContentaPagesLayoutUpgrade [i.m.social.upgrade.LayoutUpgradePlugin<main>] 
2026-08-19 13:43:01,708 | INFO  | Process:: Upgrade pages (newsDetail,organizationalchart,newsComposer,analytics-contents) layout from portal portal/global [i.m.social.upgrade.LayoutUpgradePlugin<main>] 
2026-08-19 13:43:01,931 | INFO  | End:: Upgrade Portal Layout ContentaPagesLayoutUpgrade in 236 ms [i.m.social.upgrade.LayoutUpgradePlugin<main>] 
2026-08-19 13:43:01,956 | INFO  | Upgrade of plugin ContentaPagesLayoutUpgrade completed. [o.e.c.upgrade.UpgradeProductService<main>] 
2026-08-19 13:43:01,982 | INFO  | Proceed upgrade the plugin (async = false): name = GlobalSiteNavigationUpdate from version 0 to 7.2.1-exo [o.e.c.upgrade.UpgradeProductService<main>] 
2026-08-19 13:43:01,982 | INFO  | Start:: Upgrade Portal Layout GlobalSiteNavigationUpdate [i.m.social.upgrade.LayoutUpgradePlugin<main>] 
2026-08-19 13:43:01,982 | INFO  | Process:: Upgrade Portal navigation portal/global [i.m.social.upgrade.LayoutUpgradePlugin<main>] 
2026-08-19 13:43:02,382 | INFO  | End:: Upgrade Portal Layout GlobalSiteNavigationUpdate in 400 ms [i.m.social.upgrade.LayoutUpgradePlugin<main>] 
2026-08-19 13:43:02,424 | INFO  | Upgrade of plugin GlobalSiteNavigationUpdate completed. [o.e.c.upgrade.UpgradeProductService<main>] 
2026-08-19 13:43:02,458 | INFO  | Proceed upgrade the plugin (async = false): name = BottomAllContainerAdministrationSiteLayoutUpgrade from version 0 to 7.2.1-exo [o.e.c.upgrade.UpgradeProductService<main>] 
2026-08-19 13:43:02,458 | INFO  | Start:: Upgrade Portal Layout BottomAllContainerAdministrationSiteLayoutUpgrade [i.m.social.upgrade.LayoutUpgradePlugin<main>] 
2026-08-19 13:43:02,460 | INFO  | Process:: Upgrade Portal Layout portal/administration [i.m.social.upgrade.LayoutUpgradePlugin<main>] 
2026-08-19 13:43:02,460 | INFO  | Updating Portal config of site of type 'portal' with name 'administration' [o.e.p.mop.importer.PortalConfigImporter<main>] 
2026-08-19 13:43:02,542 | INFO  | End:: Upgrade Portal Layout BottomAllContainerAdministrationSiteLayoutUpgrade in 84 ms [i.m.social.upgrade.LayoutUpgradePlugin<main>] 
2026-08-19 13:43:02,568 | INFO  | Upgrade of plugin BottomAllContainerAdministrationSiteLayoutUpgrade completed. [o.e.c.upgrade.UpgradeProductService<main>] 
2026-08-19 13:43:02,606 | INFO  | Proceed upgrade the plugin (async = false): name = sites/contribute/7.0-cleanActionsNavigation from version 0 to 7.2.1-exo [o.e.c.upgrade.UpgradeProductService<main>] 
2026-08-19 13:43:02,606 | INFO  | Start:: Upgrade Portal Layout sites/contribute/7.0-cleanActionsNavigation [i.m.social.upgrade.LayoutUpgradePlugin<main>] 
2026-08-19 13:43:02,608 | INFO  | IGNORE:: Portal sites/contribute/7.0-cleanActionsNavigation/portal doesn't exist. The layout upgrade will be ignored [i.m.social.upgrade.LayoutUpgradePlugin<main>] 
2026-08-19 13:43:02,609 | INFO  | End:: Upgrade Portal Layout sites/contribute/7.0-cleanActionsNavigation in 3 ms [i.m.social.upgrade.LayoutUpgradePlugin<main>] 
2026-08-19 13:43:02,632 | INFO  | Upgrade of plugin sites/contribute/7.0-cleanActionsNavigation completed. [o.e.c.upgrade.UpgradeProductService<main>] 
2026-08-19 13:43:02,657 | INFO  | Proceed upgrade the plugin (async = false): name = RecognitionAdministrationSiteLayoutUpgrade from version 0 to 7.2.1-exo [o.e.c.upgrade.UpgradeProductService<main>] 
2026-08-19 13:43:02,657 | INFO  | Start:: Upgrade Portal Layout RecognitionAdministrationSiteLayoutUpgrade [i.m.social.upgrade.LayoutUpgradePlugin<main>] 
2026-08-19 13:43:02,680 | INFO  | Process:: Upgrade Portal Layout portal/administration [i.m.social.upgrade.LayoutUpgradePlugin<main>] 
2026-08-19 13:43:02,680 | INFO  | Updating Portal config of site of type 'portal' with name 'administration' [o.e.p.mop.importer.PortalConfigImporter<main>] 
2026-08-19 13:43:02,709 | INFO  | Process:: Upgrade Portal navigation portal/administration [i.m.social.upgrade.LayoutUpgradePlugin<main>] 
2026-08-19 13:43:02,710 | WARN  | Node with uri 'home/recognition' in site 'SiteKey(type=PORTAL, name=administration)' wasn't found [i.m.social.upgrade.LayoutUpgradePlugin<main>] 
2026-08-19 13:43:02,757 | INFO  | End:: Upgrade Portal Layout RecognitionAdministrationSiteLayoutUpgrade in 100 ms [i.m.social.upgrade.LayoutUpgradePlugin<main>] 
2026-08-19 13:43:02,791 | INFO  | Upgrade of plugin RecognitionAdministrationSiteLayoutUpgrade completed. [o.e.c.upgrade.UpgradeProductService<main>] 
2026-08-19 13:43:02,901 | INFO  | Proceed upgrade the plugin (async = false): name = AdministrationSitePortalConfigUpgrade from version 0 to 7.2.1-exo [o.e.c.upgrade.UpgradeProductService<main>] 
2026-08-19 13:43:02,901 | INFO  | Start:: Upgrade Portal Layout AdministrationSitePortalConfigUpgrade [i.m.social.upgrade.LayoutUpgradePlugin<main>] 
2026-08-19 13:43:02,919 | INFO  | Process:: Upgrade Portal Layout portal/administration [i.m.social.upgrade.LayoutUpgradePlugin<main>] 
2026-08-19 13:43:02,919 | INFO  | Updating Portal config of site of type 'portal' with name 'administration' [o.e.p.mop.importer.PortalConfigImporter<main>] 
2026-08-19 13:43:02,985 | INFO  | End:: Upgrade Portal Layout AdministrationSitePortalConfigUpgrade in 84 ms [i.m.social.upgrade.LayoutUpgradePlugin<main>] 
2026-08-19 13:43:03,018 | INFO  | Upgrade of plugin AdministrationSitePortalConfigUpgrade completed. [o.e.c.upgrade.UpgradeProductService<main>] 
2026-08-19 13:43:03,043 | INFO  | Proceed upgrade the plugin (async = false): name = LayoutEditorsPagesUpgrade from version 0 to 7.2.1-exo [o.e.c.upgrade.UpgradeProductService<main>] 
2026-08-19 13:43:03,043 | INFO  | Start:: Upgrade Portal Layout LayoutEditorsPagesUpgrade [i.m.social.upgrade.LayoutUpgradePlugin<main>] 
2026-08-19 13:43:03,046 | INFO  | Process:: Upgrade pages (site-layout-editor,layout-editor,section-editor,portlet-editor,portlet-viewer,news,terms-and-conditions) layout from portal portal/global [i.m.social.upgrade.LayoutUpgradePlugin<main>] 
2026-08-19 13:43:03,293 | INFO  | End:: Upgrade Portal Layout LayoutEditorsPagesUpgrade in 250 ms [i.m.social.upgrade.LayoutUpgradePlugin<main>] 
2026-08-19 13:43:03,319 | INFO  | Upgrade of plugin LayoutEditorsPagesUpgrade completed. [o.e.c.upgrade.UpgradeProductService<main>] 
2026-08-19 13:43:03,344 | INFO  | Proceed upgrade the plugin (async = false): name = NotesEditorPagesUpgrade-7.0 from version 0 to 7.2.1-exo [o.e.c.upgrade.UpgradeProductService<main>] 
2026-08-19 13:43:03,344 | INFO  | Start:: Upgrade Portal Layout NotesEditorPagesUpgrade-7.0 [i.m.social.upgrade.LayoutUpgradePlugin<main>] 
2026-08-19 13:43:03,347 | INFO  | Process:: Upgrade pages (notes-editor) layout from portal portal/global [i.m.social.upgrade.LayoutUpgradePlugin<main>] 
2026-08-19 13:43:03,411 | INFO  | End:: Upgrade Portal Layout NotesEditorPagesUpgrade-7.0 in 67 ms [i.m.social.upgrade.LayoutUpgradePlugin<main>] 
2026-08-19 13:43:03,445 | INFO  | Upgrade of plugin NotesEditorPagesUpgrade-7.0 completed. [o.e.c.upgrade.UpgradeProductService<main>] 
2026-08-19 13:43:03,470 | INFO  | Proceed upgrade the plugin (async = false): name = GlobalSiteNewsEditorNavigationUpdate from version 0 to 7.2.1-exo [o.e.c.upgrade.UpgradeProductService<main>] 
2026-08-19 13:43:03,470 | INFO  | Start:: Upgrade Portal Layout GlobalSiteNewsEditorNavigationUpdate [i.m.social.upgrade.LayoutUpgradePlugin<main>] 
2026-08-19 13:43:03,471 | INFO  | Process:: Upgrade Portal navigation portal/global [i.m.social.upgrade.LayoutUpgradePlugin<main>] 
2026-08-19 13:43:03,472 | WARN  | Node with uri 'news/editor' in site 'SiteKey(type=PORTAL, name=global)' wasn't found [i.m.social.upgrade.LayoutUpgradePlugin<main>] 
2026-08-19 13:43:03,474 | INFO  | End:: Upgrade Portal Layout GlobalSiteNewsEditorNavigationUpdate in 4 ms [i.m.social.upgrade.LayoutUpgradePlugin<main>] 
2026-08-19 13:43:03,496 | INFO  | Upgrade of plugin GlobalSiteNewsEditorNavigationUpdate completed. [o.e.c.upgrade.UpgradeProductService<main>] 
2026-08-19 13:43:03,538 | INFO  | Proceed upgrade the plugin (async = false): name = AdministrationPagesPermissionsUpdate from version 0 to 7.2.1-exo [o.e.c.upgrade.UpgradeProductService<main>] 
2026-08-19 13:43:03,538 | INFO  | Start:: Upgrade Portal Layout AdministrationPagesPermissionsUpdate [i.m.social.upgrade.LayoutUpgradePlugin<main>] 
2026-08-19 13:43:03,560 | INFO  | Process:: Upgrade pages (pageTemplates,portlets,siteTemplates,sectionTemplates) layout from portal portal/administration [i.m.social.upgrade.LayoutUpgradePlugin<main>] 
2026-08-19 13:43:03,752 | INFO  | End:: Upgrade Portal Layout AdministrationPagesPermissionsUpdate in 214 ms [i.m.social.upgrade.LayoutUpgradePlugin<main>] 
2026-08-19 13:43:03,777 | INFO  | Upgrade of plugin AdministrationPagesPermissionsUpdate completed. [o.e.c.upgrade.UpgradeProductService<main>] 
2026-08-19 13:43:03,836 | INFO  | Proceed upgrade the plugin (async = false): name = GlobalSiteAppCenterUserSetupNavigationDelete from version 0 to 7.2.1-exo [o.e.c.upgrade.UpgradeProductService<main>] 
2026-08-19 13:43:03,836 | INFO  | Start:: Upgrade Portal Layout GlobalSiteAppCenterUserSetupNavigationDelete [i.m.social.upgrade.LayoutUpgradePlugin<main>] 
2026-08-19 13:43:03,837 | INFO  | Process:: Upgrade Portal navigation portal/global [i.m.social.upgrade.LayoutUpgradePlugin<main>] 
2026-08-19 13:43:03,837 | WARN  | Node with uri 'appCenterUserSetup' in site 'SiteKey(type=PORTAL, name=global)' wasn't found [i.m.social.upgrade.LayoutUpgradePlugin<main>] 
2026-08-19 13:43:03,838 | INFO  | End:: Upgrade Portal Layout GlobalSiteAppCenterUserSetupNavigationDelete in 2 ms [i.m.social.upgrade.LayoutUpgradePlugin<main>] 
2026-08-19 13:43:03,929 | INFO  | Upgrade of plugin GlobalSiteAppCenterUserSetupNavigationDelete completed. [o.e.c.upgrade.UpgradeProductService<main>] 
2026-08-19 13:43:03,954 | INFO  | Proceed upgrade the plugin (async = false): name = MeedsGlobalSiteAnalyticsNavigationUpgradePlugin from version 0 to 7.2.1-exo [o.e.c.upgrade.UpgradeProductService<main>] 
2026-08-19 13:43:03,954 | INFO  | Start:: Upgrade Portal Layout MeedsGlobalSiteAnalyticsNavigationUpgradePlugin [i.m.social.upgrade.LayoutUpgradePlugin<main>] 
2026-08-19 13:43:03,954 | INFO  | Process:: Upgrade Portal navigation portal/global [i.m.social.upgrade.LayoutUpgradePlugin<main>] 
2026-08-19 13:43:03,955 | WARN  | Node with uri 'analytics' in site 'SiteKey(type=PORTAL, name=global)' wasn't found [i.m.social.upgrade.LayoutUpgradePlugin<main>] 
2026-08-19 13:43:03,956 | INFO  | End:: Upgrade Portal Layout MeedsGlobalSiteAnalyticsNavigationUpgradePlugin in 2 ms [i.m.social.upgrade.LayoutUpgradePlugin<main>] 
2026-08-19 13:43:03,988 | INFO  | Upgrade of plugin MeedsGlobalSiteAnalyticsNavigationUpgradePlugin completed. [o.e.c.upgrade.UpgradeProductService<main>] 
2026-08-19 13:43:04,013 | INFO  | Proceed upgrade the plugin (async = false): name = DwSiteUpgrade from version 0 to 7.2.1-exo [o.e.c.upgrade.UpgradeProductService<main>] 
2026-08-19 13:43:04,013 | INFO  | Start:: Upgrade Portal Layout DwSiteUpgrade [i.m.social.upgrade.LayoutUpgradePlugin<main>] 
2026-08-19 13:43:04,015 | INFO  | Process:: Upgrade Portal Layout portal/dw [i.m.social.upgrade.LayoutUpgradePlugin<main>] 
2026-08-19 13:43:04,015 | INFO  | Updating Portal config of site of type 'portal' with name 'dw' [o.e.p.mop.importer.PortalConfigImporter<main>] 
2026-08-19 13:43:04,064 | INFO  | End:: Upgrade Portal Layout DwSiteUpgrade in 51 ms [i.m.social.upgrade.LayoutUpgradePlugin<main>] 
2026-08-19 13:43:04,090 | INFO  | Upgrade of plugin DwSiteUpgrade completed. [o.e.c.upgrade.UpgradeProductService<main>] 
2026-08-19 13:43:04,115 | INFO  | Proceed upgrade the plugin (async = false): name = ExoAdministrationSiteUpgrade from version 0 to 7.2.1-exo [o.e.c.upgrade.UpgradeProductService<main>] 
2026-08-19 13:43:04,115 | INFO  | Start:: Upgrade Portal Layout ExoAdministrationSiteUpgrade [i.m.social.upgrade.LayoutUpgradePlugin<main>] 
2026-08-19 13:43:04,116 | INFO  | Process:: Upgrade Portal Layout portal/administration [i.m.social.upgrade.LayoutUpgradePlugin<main>] 
2026-08-19 13:43:04,116 | INFO  | Updating Portal config of site of type 'portal' with name 'administration' [o.e.p.mop.importer.PortalConfigImporter<main>] 
2026-08-19 13:43:04,146 | INFO  | Process:: Upgrade Portal navigation portal/administration [i.m.social.upgrade.LayoutUpgradePlugin<main>] 
2026-08-19 13:43:04,456 | INFO  | End:: Upgrade Portal Layout ExoAdministrationSiteUpgrade in 341 ms [i.m.social.upgrade.LayoutUpgradePlugin<main>] 
2026-08-19 13:43:04,481 | INFO  | Upgrade of plugin ExoAdministrationSiteUpgrade completed. [o.e.c.upgrade.UpgradeProductService<main>] 
2026-08-19 13:43:04,506 | INFO  | Proceed upgrade the plugin (async = false): name = SitesManagementUpgrade from version 0 to 7.2.1-exo [o.e.c.upgrade.UpgradeProductService<main>] 
2026-08-19 13:43:04,506 | INFO  | Start:: Upgrade Portal Layout SitesManagementUpgrade [i.m.social.upgrade.LayoutUpgradePlugin<main>] 
2026-08-19 13:43:04,530 | INFO  | Process:: Upgrade pages (siteManagement) layout from portal portal/administration [i.m.social.upgrade.LayoutUpgradePlugin<main>] 
2026-08-19 13:43:04,615 | INFO  | End:: Upgrade Portal Layout SitesManagementUpgrade in 109 ms [i.m.social.upgrade.LayoutUpgradePlugin<main>] 
2026-08-19 13:43:04,666 | INFO  | Upgrade of plugin SitesManagementUpgrade completed. [o.e.c.upgrade.UpgradeProductService<main>] 
2026-08-19 13:43:04,716 | INFO  | Proceed upgrade the plugin (async = false): name = OrgChartPageUpgradePlugin from version 0 to 7.2.1-exo [o.e.c.upgrade.UpgradeProductService<main>] 
2026-08-19 13:43:04,716 | INFO  | Start:: Upgrade Portal Layout OrgChartPageUpgradePlugin [i.m.social.upgrade.LayoutUpgradePlugin<main>] 
2026-08-19 13:43:04,719 | INFO  | Process:: Upgrade pages (organizationalchart) layout from portal portal/global [i.m.social.upgrade.LayoutUpgradePlugin<main>] 
2026-08-19 13:43:04,753 | INFO  | Process:: Upgrade Portal navigation portal/global [i.m.social.upgrade.LayoutUpgradePlugin<main>] 
2026-08-19 13:43:05,084 | INFO  | End:: Upgrade Portal Layout OrgChartPageUpgradePlugin in 368 ms [i.m.social.upgrade.LayoutUpgradePlugin<main>] 
2026-08-19 13:43:05,110 | INFO  | Upgrade of plugin OrgChartPageUpgradePlugin completed. [o.e.c.upgrade.UpgradeProductService<main>] 
2026-08-19 13:43:05,162 | INFO  | Proceed upgrade the plugin (async = false): name = RecognitionAdministrationSiteLayoutUpgradePlugin from version 0 to 7.2.1-exo [o.e.c.upgrade.UpgradeProductService<main>] 
2026-08-19 13:43:05,162 | INFO  | Start:: Upgrade Portal Layout RecognitionAdministrationSiteLayoutUpgradePlugin [i.m.social.upgrade.LayoutUpgradePlugin<main>] 
2026-08-19 13:43:05,163 | INFO  | Process:: Upgrade Portal Layout portal/administration [i.m.social.upgrade.LayoutUpgradePlugin<main>] 
2026-08-19 13:43:05,163 | INFO  | Updating Portal config of site of type 'portal' with name 'administration' [o.e.p.mop.importer.PortalConfigImporter<main>] 
2026-08-19 13:43:05,191 | INFO  | Process:: Upgrade Portal navigation portal/administration [i.m.social.upgrade.LayoutUpgradePlugin<main>] 
2026-08-19 13:43:05,192 | WARN  | Node with uri 'home/recognition' in site 'SiteKey(type=PORTAL, name=administration)' wasn't found [i.m.social.upgrade.LayoutUpgradePlugin<main>] 
2026-08-19 13:43:05,230 | INFO  | End:: Upgrade Portal Layout RecognitionAdministrationSiteLayoutUpgradePlugin in 67 ms [i.m.social.upgrade.LayoutUpgradePlugin<main>] 
2026-08-19 13:43:05,273 | INFO  | Upgrade of plugin RecognitionAdministrationSiteLayoutUpgradePlugin completed. [o.e.c.upgrade.UpgradeProductService<main>] 
2026-08-19 13:43:05,306 | INFO  | Proceed upgrade the plugin (async = false): name = EmailAdminUpgrade from version 0 to 7.2.1-exo [o.e.c.upgrade.UpgradeProductService<main>] 
2026-08-19 13:43:05,306 | INFO  | Start:: Upgrade Portal Layout EmailAdminUpgrade [i.m.social.upgrade.LayoutUpgradePlugin<main>] 
2026-08-19 13:43:05,330 | INFO  | Process:: Upgrade pages (email-connector) layout from portal portal/administration [i.m.social.upgrade.LayoutUpgradePlugin<main>] 
2026-08-19 13:43:05,343 | INFO  | End:: Upgrade Portal Layout EmailAdminUpgrade in 37 ms [i.m.social.upgrade.LayoutUpgradePlugin<main>] 
2026-08-19 13:43:05,373 | INFO  | Upgrade of plugin EmailAdminUpgrade completed. [o.e.c.upgrade.UpgradeProductService<main>] 
2026-08-19 13:43:05,399 | INFO  | Proceed upgrade the plugin (async = false): name = MyWorkspaceNavigationUpgrade-7.2-01 from version 0 to 7.2.1-exo [o.e.c.upgrade.UpgradeProductService<main>] 
2026-08-19 13:43:05,399 | INFO  | Start:: Upgrade Portal Layout MyWorkspaceNavigationUpgrade-7.2-01 [i.m.social.upgrade.LayoutUpgradePlugin<main>] 
2026-08-19 13:43:05,401 | INFO  | Process:: Upgrade pages (notes) layout from portal portal/myworkspace [i.m.social.upgrade.LayoutUpgradePlugin<main>] 
2026-08-19 13:43:05,416 | INFO  | Process:: Upgrade Portal navigation portal/myworkspace [i.m.social.upgrade.LayoutUpgradePlugin<main>] 
2026-08-19 13:43:05,427 | INFO  | End:: Upgrade Portal Layout MyWorkspaceNavigationUpgrade-7.2-01 in 28 ms [i.m.social.upgrade.LayoutUpgradePlugin<main>] 
2026-08-19 13:43:05,449 | INFO  | Upgrade of plugin MyWorkspaceNavigationUpgrade-7.2-01 completed. [o.e.c.upgrade.UpgradeProductService<main>] 
2026-08-19 13:43:05,475 | INFO  | Proceed upgrade the plugin (async = false): name = EmailAdminUpgrade-7.2 from version 0 to 7.2.1-exo [o.e.c.upgrade.UpgradeProductService<main>] 
2026-08-19 13:43:05,475 | INFO  | Start:: Upgrade Portal Layout EmailAdminUpgrade-7.2 [i.m.social.upgrade.LayoutUpgradePlugin<main>] 
2026-08-19 13:43:05,476 | INFO  | Process:: Upgrade pages (email-connector) layout from portal portal/administration [i.m.social.upgrade.LayoutUpgradePlugin<main>] 
2026-08-19 13:43:05,490 | INFO  | End:: Upgrade Portal Layout EmailAdminUpgrade-7.2 in 14 ms [i.m.social.upgrade.LayoutUpgradePlugin<main>] 
2026-08-19 13:43:05,508 | INFO  | Upgrade of plugin EmailAdminUpgrade-7.2 completed. [o.e.c.upgrade.UpgradeProductService<main>] 
2026-08-19 13:43:05,534 | INFO  | Proceed upgrade the plugin (async = false): name = PublicPagesLayoutUpgrade from version 0 to 7.2.1-exo [o.e.c.upgrade.UpgradeProductService<main>] 
2026-08-19 13:43:05,534 | INFO  | Start:: Upgrade Portal Layout PublicPagesLayoutUpgrade [i.m.social.upgrade.LayoutUpgradePlugin<main>] 
2026-08-19 13:43:05,537 | INFO  | Process:: Upgrade pages (overview,actions) layout from portal portal/public [i.m.social.upgrade.LayoutUpgradePlugin<main>] 
2026-08-19 13:43:05,842 | INFO  | End:: Upgrade Portal Layout PublicPagesLayoutUpgrade in 308 ms [i.m.social.upgrade.LayoutUpgradePlugin<main>] 
2026-08-19 13:43:05,976 | INFO  | Upgrade of plugin PublicPagesLayoutUpgrade completed. [o.e.c.upgrade.UpgradeProductService<main>] 
2026-08-19 13:43:06,052 | INFO  | Proceed upgrade the plugin (async = false): name = CommunitySpaceTemplateLayoutUpgrade from version 0 to 7.2.1-exo [o.e.c.upgrade.UpgradeProductService<main>] 
2026-08-19 13:43:06,052 | INFO  | Start:: Upgrade Portal Layout CommunitySpaceTemplateLayoutUpgrade [i.m.social.upgrade.LayoutUpgradePlugin<main>] 
2026-08-19 13:43:06,054 | INFO  | Process:: Upgrade pages (home,contribute) layout from portal group_template/community [i.m.social.upgrade.LayoutUpgradePlugin<main>] 
2026-08-19 13:43:06,222 | INFO  | Process:: Upgrade Portal navigation group_template/community [i.m.social.upgrade.LayoutUpgradePlugin<main>] 
2026-08-19 13:43:06,375 | INFO  | End:: Upgrade Portal Layout CommunitySpaceTemplateLayoutUpgrade in 323 ms [i.m.social.upgrade.LayoutUpgradePlugin<main>] 
2026-08-19 13:43:06,559 | INFO  | Upgrade of plugin CommunitySpaceTemplateLayoutUpgrade completed. [o.e.c.upgrade.UpgradeProductService<main>] 
2026-08-19 13:43:06,703 | INFO  | Proceed upgrade the plugin (async = false): name = AnnouncementSpaceTemplateLayoutUpgrade from version 0 to 7.2.1-exo [o.e.c.upgrade.UpgradeProductService<main>] 
2026-08-19 13:43:06,703 | INFO  | Start:: Upgrade Portal Layout AnnouncementSpaceTemplateLayoutUpgrade [i.m.social.upgrade.LayoutUpgradePlugin<main>] 
2026-08-19 13:43:06,705 | INFO  | Process:: Upgrade pages (home) layout from portal group_template/announcement [i.m.social.upgrade.LayoutUpgradePlugin<main>] 
2026-08-19 13:43:06,838 | INFO  | End:: Upgrade Portal Layout AnnouncementSpaceTemplateLayoutUpgrade in 135 ms [i.m.social.upgrade.LayoutUpgradePlugin<main>] 
2026-08-19 13:43:06,876 | INFO  | Upgrade of plugin AnnouncementSpaceTemplateLayoutUpgrade completed. [o.e.c.upgrade.UpgradeProductService<main>] 
2026-08-19 13:43:06,937 | INFO  | Proceed upgrade the plugin (async = false): name = SitesPropsUpdgrade from version 0 to 7.2.1-exo [o.e.c.upgrade.UpgradeProductService<main>] 
2026-08-19 13:43:06,937 | INFO  | Start:: Upgrade Portal Layout SitesPropsUpdgrade [i.m.social.upgrade.LayoutUpgradePlugin<main>] 
2026-08-19 13:43:06,937 | INFO  | IGNORE:: Portal SitesPropsUpdgrade/portal doesn't exist. The layout upgrade will be ignored [i.m.social.upgrade.LayoutUpgradePlugin<main>] 
2026-08-19 13:43:06,976 | INFO  | Process:: Upgrade Portal Layout portal/global [i.m.social.upgrade.LayoutUpgradePlugin<main>] 
2026-08-19 13:43:06,977 | INFO  | Updating Portal config of site of type 'portal' with name 'global' [o.e.p.mop.importer.PortalConfigImporter<main>] 
2026-08-19 13:43:07,031 | INFO  | Process:: Upgrade Portal Layout portal/administration [i.m.social.upgrade.LayoutUpgradePlugin<main>] 
2026-08-19 13:43:07,031 | INFO  | Updating Portal config of site of type 'portal' with name 'administration' [o.e.p.mop.importer.PortalConfigImporter<main>] 
2026-08-19 13:43:07,106 | INFO  | Process:: Upgrade Portal Layout portal/public [i.m.social.upgrade.LayoutUpgradePlugin<main>] 
2026-08-19 13:43:07,106 | INFO  | Updating Portal config of site of type 'portal' with name 'public' [o.e.p.mop.importer.PortalConfigImporter<main>] 
2026-08-19 13:43:07,239 | INFO  | End:: Upgrade Portal Layout SitesPropsUpdgrade in 302 ms [i.m.social.upgrade.LayoutUpgradePlugin<main>] 
2026-08-19 13:43:07,281 | INFO  | Upgrade of plugin SitesPropsUpdgrade completed. [o.e.c.upgrade.UpgradeProductService<main>] 
2026-08-19 13:43:07,323 | INFO  | Proceed upgrade the plugin (async = false): name = UserSettingsPageSecuritySectionUpgrade from version 0 to 7.2.1-exo [o.e.c.upgrade.UpgradeProductService<main>] 
2026-08-19 13:43:07,323 | INFO  | Start:: Upgrade Portal Layout UserSettingsPageSecuritySectionUpgrade [i.m.social.upgrade.LayoutUpgradePlugin<main>] 
2026-08-19 13:43:07,344 | INFO  | Process:: Upgrade pages (settings) layout from portal portal/global [i.m.social.upgrade.LayoutUpgradePlugin<main>] 
2026-08-19 13:43:07,491 | INFO  | End:: Upgrade Portal Layout UserSettingsPageSecuritySectionUpgrade in 168 ms [i.m.social.upgrade.LayoutUpgradePlugin<main>] 
2026-08-19 13:43:07,549 | INFO  | Upgrade of plugin UserSettingsPageSecuritySectionUpgrade completed. [o.e.c.upgrade.UpgradeProductService<main>] 
2026-08-19 13:43:07,591 | INFO  | Proceed upgrade the plugin (async = false): name = GlobalSitePermissionUpgrade from version 0 to 7.2.1-exo [o.e.c.upgrade.UpgradeProductService<main>] 
2026-08-19 13:43:07,591 | INFO  | Start:: Upgrade Portal Layout GlobalSitePermissionUpgrade [i.m.social.upgrade.LayoutUpgradePlugin<main>] 
2026-08-19 13:43:07,592 | INFO  | Process:: Upgrade Portal navigation portal/global [i.m.social.upgrade.LayoutUpgradePlugin<main>] 
2026-08-19 13:43:08,044 | INFO  | End:: Upgrade Portal Layout GlobalSitePermissionUpgrade in 453 ms [i.m.social.upgrade.LayoutUpgradePlugin<main>] 
2026-08-19 13:43:08,077 | INFO  | Upgrade of plugin GlobalSitePermissionUpgrade completed. [o.e.c.upgrade.UpgradeProductService<main>] 
2026-08-19 13:43:08,144 | INFO  | Proceed upgrade the plugin (async = false): name = AdministrationPageHomeSettingsUpgrade from version 0 to 7.2.1-exo [o.e.c.upgrade.UpgradeProductService<main>] 
2026-08-19 13:43:08,144 | INFO  | Start:: Upgrade Portal Layout AdministrationPageHomeSettingsUpgrade [i.m.social.upgrade.LayoutUpgradePlugin<main>] 
2026-08-19 13:43:08,179 | INFO  | Process:: Upgrade pages (home) layout from portal portal/administration [i.m.social.upgrade.LayoutUpgradePlugin<main>] 
2026-08-19 13:43:08,364 | INFO  | Process:: Upgrade Portal navigation portal/administration [i.m.social.upgrade.LayoutUpgradePlugin<main>] 
2026-08-19 13:43:08,597 | INFO  | End:: Upgrade Portal Layout AdministrationPageHomeSettingsUpgrade in 452 ms [i.m.social.upgrade.LayoutUpgradePlugin<main>] 
2026-08-19 13:43:08,638 | INFO  | Upgrade of plugin AdministrationPageHomeSettingsUpgrade completed. [o.e.c.upgrade.UpgradeProductService<main>] 
2026-08-19 13:43:08,664 | INFO  | Proceed upgrade the plugin (async = false): name = PublicSitePortalConfigUpgrade from version 0 to 7.2.1-exo [o.e.c.upgrade.UpgradeProductService<main>] 
2026-08-19 13:43:08,664 | INFO  | Start:: Upgrade Portal Layout PublicSitePortalConfigUpgrade [i.m.social.upgrade.LayoutUpgradePlugin<main>] 
2026-08-19 13:43:08,704 | INFO  | Process:: Upgrade Portal Layout portal/public [i.m.social.upgrade.LayoutUpgradePlugin<main>] 
2026-08-19 13:43:08,704 | INFO  | Updating Portal config of site of type 'portal' with name 'public' [o.e.p.mop.importer.PortalConfigImporter<main>] 
2026-08-19 13:43:08,831 | INFO  | End:: Upgrade Portal Layout PublicSitePortalConfigUpgrade in 167 ms [i.m.social.upgrade.LayoutUpgradePlugin<main>] 
2026-08-19 13:43:08,904 | INFO  | Upgrade of plugin PublicSitePortalConfigUpgrade completed. [o.e.c.upgrade.UpgradeProductService<main>] 
2026-08-19 13:43:08,940 | INFO  | Proceed upgrade the plugin (async = false): name = PublicSiteTemplatePortalConfigUpgrade from version 0 to 7.2.1-exo [o.e.c.upgrade.UpgradeProductService<main>] 
2026-08-19 13:43:08,940 | INFO  | Start:: Upgrade Portal Layout PublicSiteTemplatePortalConfigUpgrade [i.m.social.upgrade.LayoutUpgradePlugin<main>] 
2026-08-19 13:43:08,942 | INFO  | Process:: Upgrade Portal Layout portal_template/public [i.m.social.upgrade.LayoutUpgradePlugin<main>] 
2026-08-19 13:43:08,943 | INFO  | Updating Portal config of site of type 'portal_template' with name 'public' [o.e.p.mop.importer.PortalConfigImporter<main>] 
2026-08-19 13:43:09,057 | INFO  | End:: Upgrade Portal Layout PublicSiteTemplatePortalConfigUpgrade in 117 ms [i.m.social.upgrade.LayoutUpgradePlugin<main>] 
2026-08-19 13:43:09,083 | INFO  | Upgrade of plugin PublicSiteTemplatePortalConfigUpgrade completed. [o.e.c.upgrade.UpgradeProductService<main>] 
2026-08-19 13:43:09,108 | INFO  | Proceed upgrade the plugin (async = false): name = SpacePublicSiteTemplatePortalConfigUpgrade from version 0 to 7.2.1-exo [o.e.c.upgrade.UpgradeProductService<main>] 
2026-08-19 13:43:09,108 | INFO  | Start:: Upgrade Portal Layout SpacePublicSiteTemplatePortalConfigUpgrade [i.m.social.upgrade.LayoutUpgradePlugin<main>] 
2026-08-19 13:43:09,110 | INFO  | Process:: Upgrade Portal Layout portal_template/spacePublic [i.m.social.upgrade.LayoutUpgradePlugin<main>] 
2026-08-19 13:43:09,110 | INFO  | Updating Portal config of site of type 'portal_template' with name 'spacePublic' [o.e.p.mop.importer.PortalConfigImporter<main>] 
2026-08-19 13:43:09,213 | INFO  | End:: Upgrade Portal Layout SpacePublicSiteTemplatePortalConfigUpgrade in 105 ms [i.m.social.upgrade.LayoutUpgradePlugin<main>] 
2026-08-19 13:43:09,263 | INFO  | Upgrade of plugin SpacePublicSiteTemplatePortalConfigUpgrade completed. [o.e.c.upgrade.UpgradeProductService<main>] 
2026-08-19 13:43:09,289 | INFO  | Proceed upgrade the plugin (async = false): name = AnalyticsPagesUpgrade from version 0 to 7.2.1-exo [o.e.c.upgrade.UpgradeProductService<main>] 
2026-08-19 13:43:09,289 | INFO  | Start:: Upgrade Portal Layout AnalyticsPagesUpgrade [i.m.social.upgrade.LayoutUpgradePlugin<main>] 
2026-08-19 13:43:09,292 | INFO  | IGNORE:: Pages layout of portal AnalyticsPagesUpgrade/portal wasn't found from list global. The layout upgrade will be ignored [i.m.social.upgrade.LayoutUpgradePlugin<main>] 
2026-08-19 13:43:09,294 | INFO  | End:: Upgrade Portal Layout AnalyticsPagesUpgrade in 5 ms [i.m.social.upgrade.LayoutUpgradePlugin<main>] 
2026-08-19 13:43:09,323 | INFO  | Upgrade of plugin AnalyticsPagesUpgrade completed. [o.e.c.upgrade.UpgradeProductService<main>] 
2026-08-19 13:43:09,348 | INFO  | Proceed upgrade the plugin (async = false): name = GlobalPageViewerPermissionUpgrade from version 0 to 7.2.1-exo [o.e.c.upgrade.UpgradeProductService<main>] 
2026-08-19 13:43:09,348 | INFO  | Start:: Upgrade Portal Layout GlobalPageViewerPermissionUpgrade [i.m.social.upgrade.LayoutUpgradePlugin<main>] 
2026-08-19 13:43:09,351 | INFO  | Process:: Upgrade pages (portlet-viewer) layout from portal portal/global [i.m.social.upgrade.LayoutUpgradePlugin<main>] 
2026-08-19 13:43:09,400 | INFO  | End:: Upgrade Portal Layout GlobalPageViewerPermissionUpgrade in 52 ms [i.m.social.upgrade.LayoutUpgradePlugin<main>] 
2026-08-19 13:43:09,425 | INFO  | Upgrade of plugin GlobalPageViewerPermissionUpgrade completed. [o.e.c.upgrade.UpgradeProductService<main>] 
2026-08-19 13:43:09,451 | INFO  | Proceed upgrade the plugin (async = false): name = CommunitySpaceTemplateContributeLayoutUpgrade from version 0 to 7.2.1-exo [o.e.c.upgrade.UpgradeProductService<main>] 
2026-08-19 13:43:09,451 | INFO  | Start:: Upgrade Portal Layout CommunitySpaceTemplateContributeLayoutUpgrade [i.m.social.upgrade.LayoutUpgradePlugin<main>] 
2026-08-19 13:43:09,452 | INFO  | Process:: Upgrade pages (contribute) layout from portal group_template/community [i.m.social.upgrade.LayoutUpgradePlugin<main>] 
2026-08-19 13:43:09,576 | INFO  | End:: Upgrade Portal Layout CommunitySpaceTemplateContributeLayoutUpgrade in 125 ms [i.m.social.upgrade.LayoutUpgradePlugin<main>] 
2026-08-19 13:43:09,598 | INFO  | Upgrade of plugin CommunitySpaceTemplateContributeLayoutUpgrade completed. [o.e.c.upgrade.UpgradeProductService<main>] 
2026-08-19 13:43:09,624 | INFO  | Proceed upgrade the plugin (async = false): name = ContributeSitePropertiesUpgrade-7.1 from version 0 to 7.2.1-exo [o.e.c.upgrade.UpgradeProductService<main>] 
2026-08-19 13:43:09,624 | INFO  | Start:: Upgrade Portal Layout ContributeSitePropertiesUpgrade-7.1 [i.m.social.upgrade.LayoutUpgradePlugin<main>] 
2026-08-19 13:43:09,624 | INFO  | IGNORE:: Portal ContributeSitePropertiesUpgrade-7.1/portal doesn't exist. The layout upgrade will be ignored [i.m.social.upgrade.LayoutUpgradePlugin<main>] 
2026-08-19 13:43:09,626 | INFO  | End:: Upgrade Portal Layout ContributeSitePropertiesUpgrade-7.1 in 2 ms [i.m.social.upgrade.LayoutUpgradePlugin<main>] 
2026-08-19 13:43:09,650 | INFO  | Upgrade of plugin ContributeSitePropertiesUpgrade-7.1 completed. [o.e.c.upgrade.UpgradeProductService<main>] 
2026-08-19 13:43:09,675 | INFO  | Proceed upgrade the plugin (async = false): name = eXoSitesPropsUpdgrade from version 0 to 7.2.1-exo [o.e.c.upgrade.UpgradeProductService<main>] 
2026-08-19 13:43:09,675 | INFO  | Start:: Upgrade Portal Layout eXoSitesPropsUpdgrade [i.m.social.upgrade.LayoutUpgradePlugin<main>] 
2026-08-19 13:43:09,686 | INFO  | Process:: Upgrade Portal Layout portal/dw [i.m.social.upgrade.LayoutUpgradePlugin<main>] 
2026-08-19 13:43:09,686 | INFO  | Updating Portal config of site of type 'portal' with name 'dw' [o.e.p.mop.importer.PortalConfigImporter<main>] 
2026-08-19 13:43:09,734 | INFO  | End:: Upgrade Portal Layout eXoSitesPropsUpdgrade in 59 ms [i.m.social.upgrade.LayoutUpgradePlugin<main>] 
2026-08-19 13:43:09,759 | INFO  | Upgrade of plugin eXoSitesPropsUpdgrade completed. [o.e.c.upgrade.UpgradeProductService<main>] 
2026-08-19 13:43:09,784 | INFO  | Proceed upgrade the plugin (async = false): name = ExoDrivesPageUpgrade from version 0 to 7.2.1-exo [o.e.c.upgrade.UpgradeProductService<main>] 
2026-08-19 13:43:09,785 | INFO  | Start:: Upgrade Portal Layout ExoDrivesPageUpgrade [i.m.social.upgrade.LayoutUpgradePlugin<main>] 
2026-08-19 13:43:09,787 | INFO  | Process:: Upgrade pages (drives) layout from portal portal/global [i.m.social.upgrade.LayoutUpgradePlugin<main>] 
2026-08-19 13:43:09,911 | INFO  | End:: Upgrade Portal Layout ExoDrivesPageUpgrade in 127 ms [i.m.social.upgrade.LayoutUpgradePlugin<main>] 
2026-08-19 13:43:09,936 | INFO  | Upgrade of plugin ExoDrivesPageUpgrade completed. [o.e.c.upgrade.UpgradeProductService<main>] 
2026-08-19 13:43:09,970 | INFO  | Proceed upgrade the plugin (async = false): name = ContentTargetsPagePermissionsUpgradePlugin from version 0 to 7.2.1-exo [o.e.c.upgrade.UpgradeProductService<main>] 
2026-08-19 13:43:09,970 | INFO  | Start:: Upgrade Portal Layout ContentTargetsPagePermissionsUpgradePlugin [i.m.social.upgrade.LayoutUpgradePlugin<main>] 
2026-08-19 13:43:09,972 | INFO  | Process:: Upgrade pages (newsTargets) layout from portal portal/administration [i.m.social.upgrade.LayoutUpgradePlugin<main>] 
2026-08-19 13:43:10,052 | INFO  | End:: Upgrade Portal Layout ContentTargetsPagePermissionsUpgradePlugin in 82 ms [i.m.social.upgrade.LayoutUpgradePlugin<main>] 
2026-08-19 13:43:10,078 | INFO  | Upgrade of plugin ContentTargetsPagePermissionsUpgradePlugin completed. [o.e.c.upgrade.UpgradeProductService<main>] 
2026-08-19 13:43:10,103 | INFO  | Proceed upgrade the plugin (async = false): name = ProfilePageUpgrade from version 0 to 7.2.1-exo [o.e.c.upgrade.UpgradeProductService<main>] 
2026-08-19 13:43:10,103 | INFO  | Start:: Upgrade Portal Layout ProfilePageUpgrade [i.m.social.upgrade.LayoutUpgradePlugin<main>] 
2026-08-19 13:43:10,106 | INFO  | Process:: Upgrade pages (profile) layout from portal portal/global [i.m.social.upgrade.LayoutUpgradePlugin<main>] 
2026-08-19 13:43:10,270 | INFO  | End:: Upgrade Portal Layout ProfilePageUpgrade in 167 ms [i.m.social.upgrade.LayoutUpgradePlugin<main>] 
2026-08-19 13:43:10,296 | INFO  | Upgrade of plugin ProfilePageUpgrade completed. [o.e.c.upgrade.UpgradeProductService<main>] 
2026-08-19 13:43:10,321 | INFO  | Proceed upgrade the plugin (async = false): name = SettingsPageUpgrade from version 0 to 7.2.1-exo [o.e.c.upgrade.UpgradeProductService<main>] 
2026-08-19 13:43:10,321 | INFO  | Start:: Upgrade Portal Layout SettingsPageUpgrade [i.m.social.upgrade.LayoutUpgradePlugin<main>] 
2026-08-19 13:43:10,324 | INFO  | Process:: Upgrade pages (settings) layout from portal portal/global [i.m.social.upgrade.LayoutUpgradePlugin<main>] 
2026-08-19 13:43:10,430 | INFO  | End:: Upgrade Portal Layout SettingsPageUpgrade in 109 ms [i.m.social.upgrade.LayoutUpgradePlugin<main>] 
2026-08-19 13:43:10,455 | INFO  | Upgrade of plugin SettingsPageUpgrade completed. [o.e.c.upgrade.UpgradeProductService<main>] 
2026-08-19 13:43:10,480 | INFO  | Proceed upgrade the plugin (async = false): name = NotesEditorPagesUpgrade-7.2 from version 0 to 7.2.1-exo [o.e.c.upgrade.UpgradeProductService<main>] 
2026-08-19 13:43:10,480 | INFO  | Start:: Upgrade Portal Layout NotesEditorPagesUpgrade-7.2 [i.m.social.upgrade.LayoutUpgradePlugin<main>] 
2026-08-19 13:43:10,483 | INFO  | Process:: Upgrade pages (notes-editor,newsComposer) layout from portal portal/global [i.m.social.upgrade.LayoutUpgradePlugin<main>] 
2026-08-19 13:43:10,597 | INFO  | End:: Upgrade Portal Layout NotesEditorPagesUpgrade-7.2 in 117 ms [i.m.social.upgrade.LayoutUpgradePlugin<main>] 
2026-08-19 13:43:10,623 | INFO  | Upgrade of plugin NotesEditorPagesUpgrade-7.2 completed. [o.e.c.upgrade.UpgradeProductService<main>] 
2026-08-19 13:43:10,648 | INFO  | Proceed upgrade the plugin (async = false): name = OldDocumentsPortletInstanceRemovalPortletsUpgrade from version 0 to 7.2.1-exo [o.e.c.upgrade.UpgradeProductService<main>] 
2026-08-19 13:43:10,648 | INFO  | Start:: Upgrade Application ContentId OldDocumentsPortletInstanceRemovalPortletsUpgrade [i.m.l.p.u.LayoutApplicationReferenceUpgradePlugin<main>] 
2026-08-19 13:43:10,651 | INFO  | End:: Upgrade Application ContentId OldDocumentsPortletInstanceRemovalPortletsUpgrade in 3 ms [i.m.l.p.u.LayoutApplicationReferenceUpgradePlugin<main>] 
2026-08-19 13:43:10,690 | INFO  | Upgrade of plugin OldDocumentsPortletInstanceRemovalPortletsUpgrade completed. [o.e.c.upgrade.UpgradeProductService<main>] 
2026-08-19 13:43:10,716 | INFO  | Proceed upgrade the plugin (async = false): name = ContentEditorPageUpgradePlugin from version 0 to 7.2.1-exo [o.e.c.upgrade.UpgradeProductService<main>] 
2026-08-19 13:43:10,716 | INFO  | Start:: Upgrade Portal Layout ContentEditorPageUpgradePlugin [i.m.social.upgrade.LayoutUpgradePlugin<main>] 
2026-08-19 13:43:10,718 | INFO  | Process:: Upgrade pages (newsComposer) layout from portal portal/global [i.m.social.upgrade.LayoutUpgradePlugin<main>] 
2026-08-19 13:43:10,800 | INFO  | End:: Upgrade Portal Layout ContentEditorPageUpgradePlugin in 84 ms [i.m.social.upgrade.LayoutUpgradePlugin<main>] 
2026-08-19 13:43:10,916 | INFO  | Upgrade of plugin ContentEditorPageUpgradePlugin completed. [o.e.c.upgrade.UpgradeProductService<main>] 
2026-08-19 13:43:10,955 | INFO  | Proceed upgrade the plugin (async = false): name = OOEditorPageLayoutUpgrade3 from version 0 to 7.2.1-exo [o.e.c.upgrade.UpgradeProductService<main>] 
2026-08-19 13:43:10,956 | INFO  | Start:: Upgrade Portal Layout OOEditorPageLayoutUpgrade3 [i.m.social.upgrade.LayoutUpgradePlugin<main>] 
2026-08-19 13:43:10,957 | INFO  | Process:: Upgrade pages (oeditor) layout from portal portal/global [i.m.social.upgrade.LayoutUpgradePlugin<main>] 
2026-08-19 13:43:11,039 | INFO  | End:: Upgrade Portal Layout OOEditorPageLayoutUpgrade3 in 83 ms [i.m.social.upgrade.LayoutUpgradePlugin<main>] 
2026-08-19 13:43:11,065 | INFO  | Upgrade of plugin OOEditorPageLayoutUpgrade3 completed. [o.e.c.upgrade.UpgradeProductService<main>] 
2026-08-19 13:43:11,090 | INFO  | Proceed upgrade the plugin (async = false): name = DocumentsApplicationPageUpgrade from version 0 to 7.2.1-exo [o.e.c.upgrade.UpgradeProductService<main>] 
2026-08-19 13:43:11,090 | INFO  | Start:: Upgrade Portal Layout DocumentsApplicationPageUpgrade [i.m.social.upgrade.LayoutUpgradePlugin<main>] 
2026-08-19 13:43:11,091 | INFO  | Process:: Upgrade Portal navigation portal/global [i.m.social.upgrade.LayoutUpgradePlugin<main>] 
2026-08-19 13:43:11,176 | INFO  | End:: Upgrade Portal Layout DocumentsApplicationPageUpgrade in 86 ms [i.m.social.upgrade.LayoutUpgradePlugin<main>] 
2026-08-19 13:43:11,201 | INFO  | Upgrade of plugin DocumentsApplicationPageUpgrade completed. [o.e.c.upgrade.UpgradeProductService<main>] 
2026-08-19 13:43:11,227 | INFO  | Proceed upgrade the plugin (async = false): name = DocumentsGlobalPagePageUpgrade from version 0 to 7.2.1-exo [o.e.c.upgrade.UpgradeProductService<main>] 
2026-08-19 13:43:11,227 | INFO  | Start:: Upgrade Portal Layout DocumentsGlobalPagePageUpgrade [i.m.social.upgrade.LayoutUpgradePlugin<main>] 
2026-08-19 13:43:11,227 | INFO  | Process:: Upgrade Portal navigation portal/global [i.m.social.upgrade.LayoutUpgradePlugin<main>] 
2026-08-19 13:43:11,302 | INFO  | End:: Upgrade Portal Layout DocumentsGlobalPagePageUpgrade in 75 ms [i.m.social.upgrade.LayoutUpgradePlugin<main>] 
2026-08-19 13:43:11,326 | INFO  | Upgrade of plugin DocumentsGlobalPagePageUpgrade completed. [o.e.c.upgrade.UpgradeProductService<main>] 
2026-08-19 13:43:11,369 | INFO  | Proceed upgrade the plugin (async = true): name = SpaceBannerHomePageUpdateContentId from version 0 to 7.2.1-exo [o.e.c.upgrade.UpgradeProductService<main>] 
2026-08-19 13:43:11,394 | INFO  | Proceed upgrade the plugin (async = false): name = CMSPortletToContentUpgradePlugin from version 0 to 7.2.1-exo [o.e.c.upgrade.UpgradeProductService<main>] 
2026-08-19 13:43:11,394 | INFO  | Start:: Upgrade Application ContentId CMSPortletToContentUpgradePlugin [i.m.l.p.u.LayoutApplicationReferenceUpgradePlugin<main>] 
2026-08-19 13:43:11,474 | INFO  | | -- UPDATE::Application Reference: 9 items migrated from 'social/Links' to 'content/Links' successfully [i.m.l.p.u.LayoutApplicationReferenceUpgradePlugin<main>] 
2026-08-19 13:43:11,480 | INFO  | End:: Upgrade Application ContentId CMSPortletToContentUpgradePlugin in 86 ms [i.m.l.p.u.LayoutApplicationReferenceUpgradePlugin<main>] 
2026-08-19 13:43:11,664 | INFO  | Upgrade of plugin CMSPortletToContentUpgradePlugin completed. [o.e.c.upgrade.UpgradeProductService<main>] 
2026-08-19 13:43:11,833 | INFO  | Proceed upgrade the plugin (async = false): name = SocialPortletToSocialUpgradePlugin from version 0 to 7.2.1-exo [o.e.c.upgrade.UpgradeProductService<main>] 
2026-08-19 13:43:11,833 | INFO  | Start:: Upgrade Application ContentId SocialPortletToSocialUpgradePlugin [i.m.l.p.u.LayoutApplicationReferenceUpgradePlugin<main>] 
2026-08-19 13:43:12,048 | INFO  | End:: Upgrade Application ContentId SocialPortletToSocialUpgradePlugin in 215 ms [i.m.l.p.u.LayoutApplicationReferenceUpgradePlugin<main>] 
2026-08-19 13:43:12,087 | INFO  | Upgrade of plugin SocialPortletToSocialUpgradePlugin completed. [o.e.c.upgrade.UpgradeProductService<main>] 
2026-08-19 13:43:13,587 | INFO  | Admin wallet created [i.m.w.b.s.EthereumWalletTokenAdminService<ForkJoinPool.commonPool-worker-3>] 
2026-08-19 13:43:14,178 | INFO  | No IDM external store was configured, store type = class org.picketlink.idm.impl.repository.WrapperIdentityStoreRepository [o.e.s.o.i.e.PicketLinkIDMExternalStoreService<main>] 
2026-08-19 13:43:14,258 | INFO  | NodeRepresentationFactory added nt:file org.exoplatform.services.jcr.ext.resource.representation.NtFileNodeRepresentationFactory [e.j.c.ext.NodeRepresentationService<main>] 
2026-08-19 13:43:14,258 | INFO  | NodeRepresentationFactory added nt:resource org.exoplatform.services.jcr.ext.resource.representation.NtResourceNodeRepresentationFactory [e.j.c.ext.NodeRepresentationService<main>] 
2026-08-19 13:43:14,259 | INFO  | Scheduler ExoScheduler_$_NON_CLUSTERED started. [org.quartz.core.QuartzScheduler<main>] 
2026-08-19 13:43:14,262 | INFO  | Start:: Upgrade of portal navigation node icons [o.e.m.PortalNavigationIconMigration<pool-25-thread-1>] 
2026-08-19 13:43:14,263 | INFO  | Start upgrade : Hiding default folders [o.e.j.u.HideDefaultFoldersUpgradePlugin<pool-25-thread-2>] 
2026-08-19 13:43:14,266 | INFO  | Start:: Upgrade of space node icons [i.m.s.u.SpaceNavigationIconUpgradePlugin<pool-25-thread-4>] 
2026-08-19 13:43:14,266 | INFO  | Start upgrade of news articles [o.e.news.upgrade.jcr.NewsArticlesUpgrade<pool-25-thread-5>] 
2026-08-19 13:43:14,268 | INFO  | End news articles migration successful migration: total=0 succeeded=0 error=0. It tooks 1 ms. [o.e.news.upgrade.jcr.NewsArticlesUpgrade<pool-25-thread-5>] 
2026-08-19 13:43:14,267 | INFO  | === Start initialisation of settings [o.e.p.u.n.NotificationSettingsUpgradePlugin<pool-25-thread-3>] 
2026-08-19 13:43:14,269 | INFO  |   Starting activating Notifications for users [o.e.p.u.n.NotificationSettingsUpgradePlugin<pool-25-thread-3>] 
2026-08-19 13:43:14,269 | INFO  |   Progression of users Notifications settings initialisation : 0 users [o.e.p.u.n.NotificationSettingsUpgradePlugin<pool-25-thread-3>] 
2026-08-19 13:43:14,270 | INFO  | Start upgrade of pages with application references 'news/NewsDetail' to use application 'content/NewsDetail' [o.exoplatform.migration.PagesMigration<pool-25-thread-8>] 
2026-08-19 13:43:14,270 | INFO  | Start cleanup of duplicated News ES indexes [i.m.c.n.u.CleanDuplicatedEsIndexesUpgrade<pool-25-thread-7>] 
2026-08-19 13:43:14,272 | INFO  | Start Processes documents upgrade [o.e.m.ProcessesDocumentsUpgradePlugin<pool-25-thread-9>] 
2026-08-19 13:43:14,276 | INFO  | Start Upgrade of redactional spaces documents [o.e.u.AddPublishersPermissionsUpgradePlugin<pool-25-thread-10>] 
2026-08-19 13:43:14,278 | INFO  | Start upgrade of processes permissions [o.e.m.ProcessesPermissionsMigration<pool-25-thread-12>] 
2026-08-19 13:43:14,280 | INFO  | Start upgrade of pages with application references 'calendar/Events' to use application 'agenda/AgendaTimeline' [o.exoplatform.migration.PagesMigration<pool-25-thread-13>] 
2026-08-19 13:43:14,280 | INFO  | Start upgrade of pages with application references 'calendar/CalendarPortlet' to use application 'agenda/Agenda' [o.exoplatform.migration.PagesMigration<pool-25-thread-11>] 
2026-08-19 13:43:14,281 | INFO  | Start upgrade of pages with application references 'wiki/WikiPortlet' to use application 'notes/Notes' [o.exoplatform.migration.PagesMigration<pool-25-thread-14>] 
2026-08-19 13:43:14,284 | INFO  | Start upgrade of navigation node with name 'wiki' to use name 'notes' [o.e.migration.NavigationNotesMigration<pool-25-thread-15>] 
2026-08-19 13:43:14,289 | INFO  | Start upgrade of permission for portalConfiguration [o.e.m.PortalConfigPermissionMigration<pool-25-thread-17>] 
2026-08-19 13:43:14,293 | INFO  | 4. Finish booting spring based contexts switch Addons Priority: [social, layout, auth-server, analytics, gamification-portlets, content, task-management, kudos, notes, wallet, agenda, deeds-tenant, documents-portlet, poll, app-center, gamification-crowdin, gamification-evm, gamification-github, gamification-twitter, ide, pwa, webdav, mcp-server, matrix] [i.m.s.k.KernelContainerLifecyclePlugin<main>] 
2026-08-19 13:43:14,293 | INFO  | No processes permissions to be upgraded. [o.e.m.ProcessesPermissionsMigration<pool-25-thread-12>] 
2026-08-19 13:43:14,294 | INFO  | Continue Spring context 'social' initialization [i.m.s.kernel.PortalApplicationContext<main>] 
2026-08-19 13:43:14,295 | INFO  | Start upgrade of navigation node with name 'WikiPortlet' to use name 'notes' [o.e.migration.NavigationNotesMigration<pool-25-thread-16>] 
2026-08-19 13:43:14,305 | INFO  | End upgrade of of permission for portalConfiguration. It took 16 ms [o.e.m.PortalConfigPermissionMigration<pool-25-thread-17>] 
2026-08-19 13:43:14,308 | INFO  | Total number of duplicated News ES indexes to be cleaned: 0 [i.m.c.n.u.CleanDuplicatedEsIndexesUpgrade<pool-25-thread-7>] 
2026-08-19 13:43:14,342 | INFO  | End duplicated News ES indexes successful cleanup: total=0 succeeded=0 error=0. It tooks 72 ms. [i.m.c.n.u.CleanDuplicatedEsIndexesUpgrade<pool-25-thread-7>] 
2026-08-19 13:43:14,345 | INFO  | Upgrade of plugin NewsArticlesUpgradePlugin completed. [o.e.c.upgrade.UpgradeProductService<pool-25-thread-5>] 
2026-08-19 13:43:14,357 | INFO  | Start treating GroupSpaceBinding queue [o.e.s.c.b.job.QueueGroupSpaceBindingJob<ExoScheduler_Worker-2>] 
2026-08-19 13:43:14,365 | INFO  | === couldn't initialize the settings of ChatMentionNotificationPlugin , plugin is not found [o.e.p.u.n.NotificationSettingsUpgradePlugin<pool-25-thread-3>] 
2026-08-19 13:43:14,366 | INFO  | === couldn't initialize the settings of MfaAdminRevocationRequestPlugin , plugin is not found [o.e.p.u.n.NotificationSettingsUpgradePlugin<pool-25-thread-3>] 
2026-08-19 13:43:14,366 | INFO  | === couldn't initialize the settings of EditWikiNotificationPlugin , plugin is not found [o.e.p.u.n.NotificationSettingsUpgradePlugin<pool-25-thread-3>] 
2026-08-19 13:43:14,386 | INFO  | No GroupSpaceBindingQueue or UserBindingsQueue to process [o.e.s.c.b.job.QueueGroupSpaceBindingJob<ExoScheduler_Worker-2>] 
2026-08-19 13:43:14,387 | INFO  | End treating GroupSpaceBinding queue [o.e.s.c.b.job.QueueGroupSpaceBindingJob<ExoScheduler_Worker-2>] 
2026-08-19 13:43:14,396 | INFO  | Upgrade of plugin DocumentsFavoritsPlugin completed. [o.e.c.upgrade.UpgradeProductService<pool-25-thread-12>] 
2026-08-19 13:43:14,439 | INFO  | End upgrade of '0' pages with application references 'calendar/Events' to use application 'agenda/AgendaTimeline'. It took 146 ms [o.exoplatform.migration.PagesMigration<pool-25-thread-13>] 
2026-08-19 13:43:14,444 | INFO  | End:: Upgrade of '0' space node icons. It tooks 178 ms [i.m.s.u.SpaceNavigationIconUpgradePlugin<pool-25-thread-4>] 
2026-08-19 13:43:14,445 | INFO  | End upgrade of '0' pages with application references 'wiki/WikiPortlet' to use application 'notes/Notes'. It took 164 ms [o.exoplatform.migration.PagesMigration<pool-25-thread-14>] 
2026-08-19 13:43:14,447 | INFO  | End upgrade of '0' pages with application references 'news/NewsDetail' to use application 'content/NewsDetail'. It took 177 ms [o.exoplatform.migration.PagesMigration<pool-25-thread-8>] 
2026-08-19 13:43:14,448 | INFO  | End upgrade of '0' pages with application references 'calendar/CalendarPortlet' to use application 'agenda/Agenda'. It took 168 ms [o.exoplatform.migration.PagesMigration<pool-25-thread-11>] 
2026-08-19 13:43:14,449 | INFO  | Start upgrade of pages with application references 'news/NewsListView' to use application 'content/NewsListView' [o.exoplatform.migration.PagesMigration<pool-25-thread-8>] 
2026-08-19 13:43:14,457 | INFO  | Upgrade of plugin AddPublishersPermissionsUpgradePlugin completed. [o.e.c.upgrade.UpgradeProductService<pool-25-thread-10>] 
2026-08-19 13:43:14,458 | INFO  | Upgrade of plugin CleanDuplicatedEsIndexesUpgrade completed. [o.e.c.upgrade.UpgradeProductService<pool-25-thread-7>] 
2026-08-19 13:43:14,459 | INFO  | Upgrade of plugin PortalConfigPermissionNavigationPlugin completed. [o.e.c.upgrade.UpgradeProductService<pool-25-thread-17>] 
2026-08-19 13:43:14,459 | INFO  | End upgrade of '0' pages with application references 'news/NewsListView' to use application 'content/NewsListView'. It took 189 ms [o.exoplatform.migration.PagesMigration<pool-25-thread-8>] 
2026-08-19 13:43:14,461 | INFO  | Start upgrade of pages with application references 'news/NewsComposer' to use application 'content/NewsComposer' [o.exoplatform.migration.PagesMigration<pool-25-thread-8>] 
2026-08-19 13:43:14,465 | INFO  | End upgrade of '0' pages with application references 'news/NewsComposer' to use application 'content/NewsComposer'. It took 194 ms [o.exoplatform.migration.PagesMigration<pool-25-thread-8>] 
2026-08-19 13:43:14,466 | INFO  | Start upgrade of pages with application references 'news/newsPublishTargetsManagement' to use application 'content/newsPublishTargetsManagement' [o.exoplatform.migration.PagesMigration<pool-25-thread-8>] 
2026-08-19 13:43:14,468 | INFO  | Total number of folders: 0 [o.e.j.u.HideDefaultFoldersUpgradePlugin<pool-25-thread-2>] 
2026-08-19 13:43:14,468 | INFO  | End hiding of 0/0 folders. It took 205 ms [o.e.j.u.HideDefaultFoldersUpgradePlugin<pool-25-thread-2>] 
2026-08-19 13:43:14,469 | INFO  | End upgrade of '0' pages with application references 'news/newsPublishTargetsManagement' to use application 'content/newsPublishTargetsManagement'. It took 199 ms [o.exoplatform.migration.PagesMigration<pool-25-thread-8>] 
2026-08-19 13:43:14,548 | INFO  | Upgrade of plugin ArticleImagesPermissionsUpgradePlugin completed. [o.e.c.upgrade.UpgradeProductService<pool-25-thread-6>] 
2026-08-19 13:43:14,557 | INFO  | Processes documents upgrade Select query executed in 285 ms, 0 elements to check [o.e.m.ProcessesDocumentsUpgradePlugin<pool-25-thread-9>] 
2026-08-19 13:43:14,558 | INFO  | 0 documents converted. Start step 2 to update attachment table [o.e.m.ProcessesDocumentsUpgradePlugin<pool-25-thread-9>] 
2026-08-19 13:43:14,558 | INFO  | End Processes documents upgrade, execution time=286ms, 0 elements processed, 0 converted [o.e.m.ProcessesDocumentsUpgradePlugin<pool-25-thread-9>] 
2026-08-19 13:43:14,561 | INFO  | Upgrade of plugin CalendarPagesUpgradePlugin completed. [o.e.c.upgrade.UpgradeProductService<pool-25-thread-11>] 
2026-08-19 13:43:14,564 | INFO  | [] [o.e.migration.NavigationNotesMigration<pool-25-thread-15>] 
2026-08-19 13:43:14,565 | INFO  | End upgrade of '0' navigation node with name 'wiki' to use name 'notes'. It took 281 ms [o.e.migration.NavigationNotesMigration<pool-25-thread-15>] 
2026-08-19 13:43:14,570 | INFO  | End:: Upgrade of '1' node icons. It tooks 308 ms [o.e.m.PortalNavigationIconMigration<pool-25-thread-1>] 
2026-08-19 13:43:14,572 | ERROR | Deadlock found when trying to get lock; try restarting transaction [o.h.engine.jdbc.spi.SqlExceptionHelper<pool-25-thread-16>] 
2026-08-19 13:43:14,599 | INFO  | Upgrade of plugin CalendarWidgetPagesUpgradePlugin completed. [o.e.c.upgrade.UpgradeProductService<pool-25-thread-13>] 
2026-08-19 13:43:14,600 | INFO  | Upgrade of plugin HideDefaultFoldersUpgradePlugin completed. [o.e.c.upgrade.UpgradeProductService<pool-25-thread-2>] 
2026-08-19 13:43:14,599 | INFO  | Upgrade of plugin ContentPagesUpgradePlugin completed. [o.e.c.upgrade.UpgradeProductService<pool-25-thread-8>] 
2026-08-19 13:43:14,599 | INFO  | Upgrade of plugin NotesPagesUpgradePlugin completed. [o.e.c.upgrade.UpgradeProductService<pool-25-thread-14>] 
2026-08-19 13:43:14,599 | INFO  | Upgrade of plugin SpaceNavigationIconMigration completed. [o.e.c.upgrade.UpgradeProductService<pool-25-thread-4>] 
2026-08-19 13:43:14,640 | INFO  | Upgrade of plugin WikiPagesNavigationPlugin completed. [o.e.c.upgrade.UpgradeProductService<pool-25-thread-15>] 
2026-08-19 13:43:14,640 | INFO  | Upgrade of plugin PortalNavigationIconUpgradePlugin completed. [o.e.c.upgrade.UpgradeProductService<pool-25-thread-1>] 
2026-08-19 13:43:14,640 | INFO  | Upgrade of plugin DocumentsProcessesPlugin completed. [o.e.c.upgrade.UpgradeProductService<pool-25-thread-9>] 
2026-08-19 13:43:14,662 | INFO  | Upgrade of plugin WikiPagesNavigationPlugin1 completed. [o.e.c.upgrade.UpgradeProductService<pool-25-thread-16>] 
2026-08-19 13:43:14,879 | INFO  | Run 2 startup Tasks in asynchronous threads [i.m.s.common.ContainerStartupTaskService<main>] 
2026-08-19 13:43:14,944 | INFO  | Run startup Tasks in dedicated threads [i.m.s.common.ContainerStartupTaskService<virtual-206>] 
2026-08-19 13:43:14,951 | INFO  | Startup Asynchronous Task with chain id default [i.m.s.common.ContainerStartupTaskService<virtual-206>] 
2026-08-19 13:43:14,955 | INFO  | Importing Space Templates [i.m.s.s.t.s.i.SpaceTemplateImportService<virtual-209>] 
2026-08-19 13:43:14,987 | INFO  | Importing categories with version 1, force reimport = true [i.m.s.c.injection.CategoryImportService<ForkJoinPool.commonPool-worker-3>] 
2026-08-19 13:43:15,180 | INFO  | Time to treat user=root : 831ms [o.e.p.u.n.NotificationSettingsUpgradePlugin<pool-25-thread-3>] 
2026-08-19 13:43:15,181 | INFO  |   Progression of users Notifications settings initialisation : 1 users [o.e.p.u.n.NotificationSettingsUpgradePlugin<pool-25-thread-3>] 
2026-08-19 13:43:15,186 | INFO  |   Users Notifications settings initialised in 916 ms [o.e.p.u.n.NotificationSettingsUpgradePlugin<pool-25-thread-3>] 
2026-08-19 13:43:15,186 | INFO  | === 1 users with modified notifications settings have been found and processed successfully [o.e.p.u.n.NotificationSettingsUpgradePlugin<pool-25-thread-3>] 
2026-08-19 13:43:15,187 | INFO  | === End initialisation of Notifications settings [o.e.p.u.n.NotificationSettingsUpgradePlugin<pool-25-thread-3>] 
2026-08-19 13:43:15,231 | INFO  | Importing Space Template announcement [i.m.s.s.t.s.i.SpaceTemplateImportService<virtual-209>] 
2026-08-19 13:43:15,240 | INFO  | Obtaining singleton bean 'org.springframework.security.config.annotation.authentication.configuration.AuthenticationConfiguration' in thread "main" while other thread holds singleton lock for other beans [transactionManager, org.springframework.boot.autoconfigure.orm.jpa.HibernateJpaConfiguration] [o.s.b.f.s.DefaultListableBeanFactory<main>] 
2026-08-19 13:43:15,245 | INFO  | Obtaining singleton bean 'enableGlobalAuthenticationAutowiredConfigurer' in thread "main" while other thread holds singleton lock for other beans [spring.jpa-org.springframework.boot.autoconfigure.orm.jpa.JpaProperties, transactionManager, org.springframework.boot.autoconfigure.orm.jpa.HibernateJpaConfiguration] [o.s.b.f.s.DefaultListableBeanFactory<main>] 
2026-08-19 13:43:15,248 | INFO  | Obtaining singleton bean 'initializeUserDetailsBeanManagerConfigurer' in thread "main" while other thread holds singleton lock for other beans [spring.jpa-org.springframework.boot.autoconfigure.orm.jpa.JpaProperties, transactionManager, org.springframework.boot.autoconfigure.orm.jpa.HibernateJpaConfiguration] [o.s.b.f.s.DefaultListableBeanFactory<main>] 
2026-08-19 13:43:15,249 | INFO  | Obtaining singleton bean 'initializeAuthenticationProviderBeanManagerConfigurer' in thread "main" while other thread holds singleton lock for other beans [spring.jpa-org.springframework.boot.autoconfigure.orm.jpa.JpaProperties, transactionManager, org.springframework.boot.autoconfigure.orm.jpa.HibernateJpaConfiguration] [o.s.b.f.s.DefaultListableBeanFactory<main>] 
2026-08-19 13:43:15,250 | INFO  | Upgrade of plugin NotificationSettingsUpgradePlugin completed. [o.e.c.upgrade.UpgradeProductService<pool-25-thread-3>] 
2026-08-19 13:43:15,255 | INFO  | Obtaining singleton bean 'authenticationManagerBuilder' in thread "main" while other thread holds singleton lock for other beans [transactionManager, org.springframework.boot.autoconfigure.orm.jpa.HibernateJpaConfiguration] [o.s.b.f.s.DefaultListableBeanFactory<main>] 
2026-08-19 13:43:15,256 | INFO  | Obtaining singleton bean 'authenticationEventPublisher' in thread "main" while other thread holds singleton lock for other beans [transactionManager, org.springframework.boot.autoconfigure.orm.jpa.HibernateJpaConfiguration] [o.s.b.f.s.DefaultListableBeanFactory<main>] 
2026-08-19 13:43:15,257 | INFO  | Obtaining singleton bean 'org.springframework.boot.autoconfigure.security.servlet.SecurityAutoConfiguration' in thread "main" while other thread holds singleton lock for other beans [transactionManager, org.springframework.boot.autoconfigure.orm.jpa.HibernateJpaConfiguration] [o.s.b.f.s.DefaultListableBeanFactory<main>] 
2026-08-19 13:43:15,314 | INFO  | Obtaining singleton bean 'org.springframework.security.config.annotation.web.configuration.WebSecurityConfiguration' in thread "main" while other thread holds singleton lock for other beans [transactionManager] [o.s.b.f.s.DefaultListableBeanFactory<main>] 
2026-08-19 13:43:15,366 | INFO  | Importing Space Template announcement title translations [i.m.s.s.t.s.i.SpaceTemplateImportService<virtual-209>] 
2026-08-19 13:43:15,373 | INFO  | Importing Space Template announcement description translations [i.m.s.s.t.s.i.SpaceTemplateImportService<virtual-209>] 
2026-08-19 13:43:15,373 | INFO  | Importing Space Template announcement illustration [i.m.s.s.t.s.i.SpaceTemplateImportService<virtual-209>] 
2026-08-19 13:43:15,444 | INFO  | Importing category statusCategory [i.m.s.c.injection.CategoryImportService<ForkJoinPool.commonPool-worker-3>] 
2026-08-19 13:43:15,614 | INFO  | Importing category draftCategory [i.m.s.c.injection.CategoryImportService<ForkJoinPool.commonPool-worker-3>] 
2026-08-19 13:43:15,754 | INFO  | Importing Space Template announcement finished successfully [i.m.s.s.t.s.i.SpaceTemplateImportService<virtual-209>] 
2026-08-19 13:43:15,759 | INFO  | Importing Space Template circle [i.m.s.s.t.s.i.SpaceTemplateImportService<virtual-209>] 
2026-08-19 13:43:15,897 | INFO  | Importing category draftCategory title translations [i.m.s.c.injection.CategoryImportService<ForkJoinPool.commonPool-worker-3>] 
2026-08-19 13:43:16,032 | INFO  | Importing Space Template circle title translations [i.m.s.s.t.s.i.SpaceTemplateImportService<virtual-209>] 
2026-08-19 13:43:16,033 | INFO  | Importing Space Template circle description translations [i.m.s.s.t.s.i.SpaceTemplateImportService<virtual-209>] 
2026-08-19 13:43:16,035 | INFO  | Importing Space Template circle illustration [i.m.s.s.t.s.i.SpaceTemplateImportService<virtual-209>] 
2026-08-19 13:43:16,133 | INFO  | Importing category draftCategory finished successfully [i.m.s.c.injection.CategoryImportService<ForkJoinPool.commonPool-worker-3>] 
2026-08-19 13:43:16,140 | INFO  | Importing category publishedCategory [i.m.s.c.injection.CategoryImportService<ForkJoinPool.commonPool-worker-3>] 
2026-08-19 13:43:16,274 | INFO  | Importing category publishedCategory title translations [i.m.s.c.injection.CategoryImportService<ForkJoinPool.commonPool-worker-3>] 
2026-08-19 13:43:16,281 | INFO  | Global AuthenticationManager configured with AuthenticationProvider bean with name portalAuthenticationManager [o.s.s.c.a.a.c.InitializeAuthenticationProviderBeanManagerConfigurer$InitializeAuthenticationProviderManagerConfigurer<main>] 
2026-08-19 13:43:16,309 | INFO  | Importing category publishedCategory finished successfully [i.m.s.c.injection.CategoryImportService<ForkJoinPool.commonPool-worker-3>] 
2026-08-19 13:43:16,312 | INFO  | Importing category archiveCategory [i.m.s.c.injection.CategoryImportService<ForkJoinPool.commonPool-worker-3>] 
2026-08-19 13:43:16,469 | INFO  | Importing Space Template circle finished successfully [i.m.s.s.t.s.i.SpaceTemplateImportService<virtual-209>] 
2026-08-19 13:43:16,471 | INFO  | Importing Space Template community [i.m.s.s.t.s.i.SpaceTemplateImportService<virtual-209>] 
2026-08-19 13:43:16,524 | INFO  | Importing category archiveCategory title translations [i.m.s.c.injection.CategoryImportService<ForkJoinPool.commonPool-worker-3>] 
2026-08-19 13:43:16,545 | INFO  | Importing Space Template community title translations [i.m.s.s.t.s.i.SpaceTemplateImportService<virtual-209>] 
2026-08-19 13:43:16,546 | INFO  | Importing Space Template community description translations [i.m.s.s.t.s.i.SpaceTemplateImportService<virtual-209>] 
2026-08-19 13:43:16,546 | INFO  | Importing Space Template community illustration [i.m.s.s.t.s.i.SpaceTemplateImportService<virtual-209>] 
2026-08-19 13:43:16,776 | INFO  | Importing category archiveCategory finished successfully [i.m.s.c.injection.CategoryImportService<ForkJoinPool.commonPool-worker-3>] 
2026-08-19 13:43:16,777 | INFO  | Importing category statusCategory title translations [i.m.s.c.injection.CategoryImportService<ForkJoinPool.commonPool-worker-3>] 
2026-08-19 13:43:17,305 | INFO  | Importing category statusCategory finished successfully [i.m.s.c.injection.CategoryImportService<ForkJoinPool.commonPool-worker-3>] 
2026-08-19 13:43:17,310 | INFO  | Importing category companyResourcesCategory [i.m.s.c.injection.CategoryImportService<ForkJoinPool.commonPool-worker-3>] 
2026-08-19 13:43:17,499 | INFO  | Importing Space Template community finished successfully [i.m.s.s.t.s.i.SpaceTemplateImportService<virtual-209>] 
2026-08-19 13:43:17,502 | INFO  | Importing Space Template project [i.m.s.s.t.s.i.SpaceTemplateImportService<virtual-209>] 
2026-08-19 13:43:17,543 | INFO  | Importing category internalUpdatesCategory [i.m.s.c.injection.CategoryImportService<ForkJoinPool.commonPool-worker-3>] 
2026-08-19 13:43:17,593 | INFO  | Importing Space Template project title translations [i.m.s.s.t.s.i.SpaceTemplateImportService<virtual-209>] 
2026-08-19 13:43:17,593 | INFO  | Importing Space Template project description translations [i.m.s.s.t.s.i.SpaceTemplateImportService<virtual-209>] 
2026-08-19 13:43:17,593 | INFO  | Importing Space Template project illustration [i.m.s.s.t.s.i.SpaceTemplateImportService<virtual-209>] 
2026-08-19 13:43:17,701 | INFO  | Importing category internalUpdatesCategory title translations [i.m.s.c.injection.CategoryImportService<ForkJoinPool.commonPool-worker-3>] 
2026-08-19 13:43:17,826 | INFO  | Importing category internalUpdatesCategory finished successfully [i.m.s.c.injection.CategoryImportService<ForkJoinPool.commonPool-worker-3>] 
2026-08-19 13:43:17,832 | INFO  | Importing category humanResourcesCategory [i.m.s.c.injection.CategoryImportService<ForkJoinPool.commonPool-worker-3>] 
2026-08-19 13:43:18,006 | INFO  | Importing Space Template project finished successfully [i.m.s.s.t.s.i.SpaceTemplateImportService<virtual-209>] 
2026-08-19 13:43:18,008 | INFO  | Importing Space Templates finished successfully [i.m.s.s.t.s.i.SpaceTemplateImportService<virtual-209>] 
2026-08-19 13:43:18,008 | INFO  | Processing Post Space Templates import [i.m.s.s.t.s.i.SpaceTemplateImportService<virtual-209>] 
2026-08-19 13:43:18,010 | INFO  | Processing Post Space Templates import finished [i.m.s.s.t.s.i.SpaceTemplateImportService<virtual-209>] 
2026-08-19 13:43:18,047 | INFO  | Importing category humanResourcesCategory title translations [i.m.s.c.injection.CategoryImportService<ForkJoinPool.commonPool-worker-3>] 
2026-08-19 13:43:18,067 | INFO  | Asynchronous Task with chain id default finished within 3116ms [i.m.s.common.ContainerStartupTaskService<virtual-206>] 
2026-08-19 13:43:18,068 | INFO  | Startup Asynchronous Task with chain id default [i.m.s.common.ContainerStartupTaskService<virtual-206>] 
2026-08-19 13:43:18,088 | INFO  | Importing Default Navigation Configuration [i.m.s.n.s.NavigationConfigurationImportService<virtual-219>] 
2026-08-19 13:43:18,151 | INFO  | Importing category humanResourcesCategory finished successfully [i.m.s.c.injection.CategoryImportService<ForkJoinPool.commonPool-worker-3>] 
2026-08-19 13:43:18,155 | INFO  | Importing category financeAndAccountingCategory [i.m.s.c.injection.CategoryImportService<ForkJoinPool.commonPool-worker-3>] 
2026-08-19 13:43:18,278 | INFO  | Importing category financeAndAccountingCategory title translations [i.m.s.c.injection.CategoryImportService<ForkJoinPool.commonPool-worker-3>] 
2026-08-19 13:43:18,331 | INFO  | Importing category financeAndAccountingCategory finished successfully [i.m.s.c.injection.CategoryImportService<ForkJoinPool.commonPool-worker-3>] 
2026-08-19 13:43:18,335 | INFO  | Importing category marketingCategory [i.m.s.c.injection.CategoryImportService<ForkJoinPool.commonPool-worker-3>] 
2026-08-19 13:43:18,384 | INFO  | Importing category marketingCategory title translations [i.m.s.c.injection.CategoryImportService<ForkJoinPool.commonPool-worker-3>] 
2026-08-19 13:43:18,436 | INFO  | Importing category marketingCategory finished successfully [i.m.s.c.injection.CategoryImportService<ForkJoinPool.commonPool-worker-3>] 
2026-08-19 13:43:18,440 | INFO  | Importing category iTCategory [i.m.s.c.injection.CategoryImportService<ForkJoinPool.commonPool-worker-3>] 
2026-08-19 13:43:18,499 | INFO  | Importing category iTCategory title translations [i.m.s.c.injection.CategoryImportService<ForkJoinPool.commonPool-worker-3>] 
2026-08-19 13:43:18,604 | INFO  | Importing category iTCategory finished successfully [i.m.s.c.injection.CategoryImportService<ForkJoinPool.commonPool-worker-3>] 
2026-08-19 13:43:18,606 | INFO  | Importing category salesAndBusinessCategory [i.m.s.c.injection.CategoryImportService<ForkJoinPool.commonPool-worker-3>] 
2026-08-19 13:43:18,748 | INFO  | Importing category salesAndBusinessCategory title translations [i.m.s.c.injection.CategoryImportService<ForkJoinPool.commonPool-worker-3>] 
2026-08-19 13:43:18,858 | INFO  | Importing category salesAndBusinessCategory finished successfully [i.m.s.c.injection.CategoryImportService<ForkJoinPool.commonPool-worker-3>] 
2026-08-19 13:43:18,858 | INFO  | Importing category companyResourcesCategory title translations [i.m.s.c.injection.CategoryImportService<ForkJoinPool.commonPool-worker-3>] 
2026-08-19 13:43:18,930 | INFO  | Importing category companyResourcesCategory finished successfully [i.m.s.c.injection.CategoryImportService<ForkJoinPool.commonPool-worker-3>] 
2026-08-19 13:43:18,942 | INFO  | Importing category projectsAndInitiativesCategory [i.m.s.c.injection.CategoryImportService<ForkJoinPool.commonPool-worker-3>] 
2026-08-19 13:43:19,059 | INFO  | ES document generated for file with id=1ae0fe53ac14000841bc391b3a49163c path="/exo:services/ManageDriveServiceImpl/ManageDriveServiceImpl_DeletedDriveNames" [o.e.s.w.s.c.FileindexingConnector<ExoScheduler_Worker-4>] 
2026-08-19 13:43:19,083 | INFO  | Importing category productCategory [i.m.s.c.injection.CategoryImportService<ForkJoinPool.commonPool-worker-3>] 
2026-08-19 13:43:19,187 | INFO  | Importing category productCategory title translations [i.m.s.c.injection.CategoryImportService<ForkJoinPool.commonPool-worker-3>] 
2026-08-19 13:43:19,229 | INFO  | Navigation Configuration imported successfully in 1141ms [i.m.s.n.s.NavigationConfigurationImportService<virtual-219>] 
2026-08-19 13:43:19,232 | INFO  | Asynchronous Task with chain id default finished within 1164ms [i.m.s.common.ContainerStartupTaskService<virtual-206>] 
2026-08-19 13:43:19,233 | INFO  | Startup Tasks finished within 4286ms [i.m.s.common.ContainerStartupTaskService<virtual-206>] 
2026-08-19 13:43:19,241 | INFO  | Importing category productCategory finished successfully [i.m.s.c.injection.CategoryImportService<ForkJoinPool.commonPool-worker-3>] 
2026-08-19 13:43:19,264 | INFO  | Importing category innovationCategory [i.m.s.c.injection.CategoryImportService<ForkJoinPool.commonPool-worker-3>] 
2026-08-19 13:43:19,437 | INFO  | Importing category innovationCategory title translations [i.m.s.c.injection.CategoryImportService<ForkJoinPool.commonPool-worker-3>] 
2026-08-19 13:43:19,487 | INFO  | Importing category innovationCategory finished successfully [i.m.s.c.injection.CategoryImportService<ForkJoinPool.commonPool-worker-3>] 
2026-08-19 13:43:19,492 | INFO  | Importing category sustainabilityProgramsCategory [i.m.s.c.injection.CategoryImportService<ForkJoinPool.commonPool-worker-3>] 
2026-08-19 13:43:19,588 | INFO  | Importing category sustainabilityProgramsCategory title translations [i.m.s.c.injection.CategoryImportService<ForkJoinPool.commonPool-worker-3>] 
2026-08-19 13:43:19,637 | INFO  | Importing category sustainabilityProgramsCategory finished successfully [i.m.s.c.injection.CategoryImportService<ForkJoinPool.commonPool-worker-3>] 
2026-08-19 13:43:19,638 | INFO  | Importing category projectsAndInitiativesCategory title translations [i.m.s.c.injection.CategoryImportService<ForkJoinPool.commonPool-worker-3>] 
2026-08-19 13:43:19,698 | INFO  | Importing category projectsAndInitiativesCategory finished successfully [i.m.s.c.injection.CategoryImportService<ForkJoinPool.commonPool-worker-3>] 
2026-08-19 13:43:19,703 | INFO  | Importing category knowledgeSharingCategory [i.m.s.c.injection.CategoryImportService<ForkJoinPool.commonPool-worker-3>] 
2026-08-19 13:43:19,888 | INFO  | Importing category bestPracticesCategory [i.m.s.c.injection.CategoryImportService<ForkJoinPool.commonPool-worker-3>] 
2026-08-19 13:43:20,110 | INFO  | Importing category bestPracticesCategory title translations [i.m.s.c.injection.CategoryImportService<ForkJoinPool.commonPool-worker-3>] 
2026-08-19 13:43:20,264 | INFO  | Importing category bestPracticesCategory finished successfully [i.m.s.c.injection.CategoryImportService<ForkJoinPool.commonPool-worker-3>] 
2026-08-19 13:43:20,266 | INFO  | Importing category howToGuidesCategory [i.m.s.c.injection.CategoryImportService<ForkJoinPool.commonPool-worker-3>] 
2026-08-19 13:43:20,414 | INFO  | Importing category howToGuidesCategory title translations [i.m.s.c.injection.CategoryImportService<ForkJoinPool.commonPool-worker-3>] 
2026-08-19 13:43:20,468 | INFO  | Importing category howToGuidesCategory finished successfully [i.m.s.c.injection.CategoryImportService<ForkJoinPool.commonPool-worker-3>] 
2026-08-19 13:43:20,470 | INFO  | Importing category industryNewsCategory [i.m.s.c.injection.CategoryImportService<ForkJoinPool.commonPool-worker-3>] 
2026-08-19 13:43:20,516 | INFO  | Spring context 'social' initialized in 6222ms [i.m.s.kernel.PortalApplicationContext<main>] 
2026-08-19 13:43:20,516 | INFO  | Continue Spring context 'layout' initialization [i.m.s.kernel.PortalApplicationContext<main>] 
2026-08-19 13:43:20,595 | INFO  | Importing category industryNewsCategory title translations [i.m.s.c.injection.CategoryImportService<ForkJoinPool.commonPool-worker-3>] 
2026-08-19 13:43:20,671 | INFO  | Importing category industryNewsCategory finished successfully [i.m.s.c.injection.CategoryImportService<ForkJoinPool.commonPool-worker-3>] 
2026-08-19 13:43:20,672 | INFO  | Importing category knowledgeSharingCategory title translations [i.m.s.c.injection.CategoryImportService<ForkJoinPool.commonPool-worker-3>] 
2026-08-19 13:43:20,741 | INFO  | Importing category knowledgeSharingCategory finished successfully [i.m.s.c.injection.CategoryImportService<ForkJoinPool.commonPool-worker-3>] 
2026-08-19 13:43:20,741 | INFO  | Importing categories finished successfully. [i.m.s.c.injection.CategoryImportService<ForkJoinPool.commonPool-worker-3>] 
2026-08-19 13:43:20,742 | INFO  | Processing Post categories import [i.m.s.c.injection.CategoryImportService<ForkJoinPool.commonPool-worker-3>] 
2026-08-19 13:43:20,743 | INFO  | Importing Page Templates [i.m.l.s.i.PageTemplateImportService<ForkJoinPool.commonPool-worker-4>] 
2026-08-19 13:43:20,747 | INFO  | Processing Post categories import finished [i.m.s.c.injection.CategoryImportService<ForkJoinPool.commonPool-worker-3>] 
2026-08-19 13:43:20,796 | INFO  | Importing Section Templates with version 1, force reimport = true [i.m.l.s.i.SectionTemplateImportService<ForkJoinPool.commonPool-worker-5>] 
2026-08-19 13:43:20,818 | INFO  | Importing Portlet instances with version 5, force reimport = true [i.m.l.s.i.PortletInstanceImportService<ForkJoinPool.commonPool-worker-3>] 
2026-08-19 13:43:20,833 | INFO  | Importing Page Template columns [i.m.l.s.i.PageTemplateImportService<ForkJoinPool.commonPool-worker-4>] 
2026-08-19 13:43:20,977 | INFO  | Importing Page Template columns title translations [i.m.l.s.i.PageTemplateImportService<ForkJoinPool.commonPool-worker-4>] 
2026-08-19 13:43:20,977 | INFO  | Importing Page Template columns description translations [i.m.l.s.i.PageTemplateImportService<ForkJoinPool.commonPool-worker-4>] 
2026-08-19 13:43:20,977 | INFO  | Importing Page Template columns illustration [i.m.l.s.i.PageTemplateImportService<ForkJoinPool.commonPool-worker-4>] 
2026-08-19 13:43:21,622 | INFO  | Importing Page Template columns finished successfully [i.m.l.s.i.PageTemplateImportService<ForkJoinPool.commonPool-worker-4>] 
2026-08-19 13:43:21,630 | INFO  | Importing Page Template grid [i.m.l.s.i.PageTemplateImportService<ForkJoinPool.commonPool-worker-4>] 
2026-08-19 13:43:23,101 | INFO  | Importing Page Template grid title translations [i.m.l.s.i.PageTemplateImportService<ForkJoinPool.commonPool-worker-4>] 
2026-08-19 13:43:23,101 | INFO  | Importing Page Template grid description translations [i.m.l.s.i.PageTemplateImportService<ForkJoinPool.commonPool-worker-4>] 
2026-08-19 13:43:23,102 | INFO  | Importing Page Template grid illustration [i.m.l.s.i.PageTemplateImportService<ForkJoinPool.commonPool-worker-4>] 
2026-08-19 13:43:23,366 | WARN  | 'utf8' is currently an alias for the character set UTF8MB3, but will be an alias for UTF8MB4 in a future release. Please consider using UTF8MB4 in order to be unambiguous. [liquibase.executor.jvm.JdbcExecutor<main>] 
2026-08-19 13:43:23,368 | WARN  | 'utf8mb3_general_ci' is a collation of the deprecated character set UTF8MB3. Please consider using UTF8MB4 with an appropriate collation instead. [liquibase.executor.jvm.JdbcExecutor<main>] 
2026-08-19 13:43:23,589 | INFO  | Importing Section Templates finished successfully. [i.m.l.s.i.SectionTemplateImportService<ForkJoinPool.commonPool-worker-5>] 
2026-08-19 13:43:23,590 | INFO  | Processing Post Section Templates import [i.m.l.s.i.SectionTemplateImportService<ForkJoinPool.commonPool-worker-5>] 
2026-08-19 13:43:23,598 | INFO  | Processing Post Section Templates import finished [i.m.l.s.i.SectionTemplateImportService<ForkJoinPool.commonPool-worker-5>] 
2026-08-19 13:43:24,179 | INFO  | Importing Page Template grid finished successfully [i.m.l.s.i.PageTemplateImportService<ForkJoinPool.commonPool-worker-4>] 
2026-08-19 13:43:24,187 | INFO  | Importing Page Template analytics [i.m.l.s.i.PageTemplateImportService<ForkJoinPool.commonPool-worker-4>] 
2026-08-19 13:43:24,407 | INFO  | Importing Page Template analytics title translations [i.m.l.s.i.PageTemplateImportService<ForkJoinPool.commonPool-worker-4>] 
2026-08-19 13:43:24,408 | INFO  | Importing Page Template analytics description translations [i.m.l.s.i.PageTemplateImportService<ForkJoinPool.commonPool-worker-4>] 
2026-08-19 13:43:24,408 | INFO  | Importing Page Template analytics illustration [i.m.l.s.i.PageTemplateImportService<ForkJoinPool.commonPool-worker-4>] 
2026-08-19 13:43:25,262 | INFO  | Importing Page Template analytics finished successfully [i.m.l.s.i.PageTemplateImportService<ForkJoinPool.commonPool-worker-4>] 
2026-08-19 13:43:25,264 | INFO  | Importing Page Template spaceMembers [i.m.l.s.i.PageTemplateImportService<ForkJoinPool.commonPool-worker-4>] 
2026-08-19 13:43:25,405 | INFO  | Importing Page Template spaceMembers title translations [i.m.l.s.i.PageTemplateImportService<ForkJoinPool.commonPool-worker-4>] 
2026-08-19 13:43:25,405 | INFO  | Importing Page Template spaceMembers description translations [i.m.l.s.i.PageTemplateImportService<ForkJoinPool.commonPool-worker-4>] 
2026-08-19 13:43:25,406 | INFO  | Importing Page Template spaceMembers illustration [i.m.l.s.i.PageTemplateImportService<ForkJoinPool.commonPool-worker-4>] 
2026-08-19 13:43:26,041 | INFO  | Importing Page Template spaceMembers finished successfully [i.m.l.s.i.PageTemplateImportService<ForkJoinPool.commonPool-worker-4>] 
2026-08-19 13:43:26,044 | INFO  | Importing Page Template spaceContribute [i.m.l.s.i.PageTemplateImportService<ForkJoinPool.commonPool-worker-4>] 
2026-08-19 13:43:26,217 | INFO  | Importing Page Template spaceContribute title translations [i.m.l.s.i.PageTemplateImportService<ForkJoinPool.commonPool-worker-4>] 
2026-08-19 13:43:26,220 | INFO  | Importing Page Template spaceContribute description translations [i.m.l.s.i.PageTemplateImportService<ForkJoinPool.commonPool-worker-4>] 
2026-08-19 13:43:26,220 | INFO  | Importing Page Template spaceContribute illustration [i.m.l.s.i.PageTemplateImportService<ForkJoinPool.commonPool-worker-4>] 
2026-08-19 13:43:26,218 | WARN  | NATIONAL/NCHAR/NVARCHAR implies the character set UTF8MB3, which will be replaced by UTF8MB4 in a future release. Please consider using CHAR(x) CHARACTER SET UTF8MB4 in order to be unambiguous. [liquibase.executor.jvm.JdbcExecutor<main>] 
2026-08-19 13:43:26,713 | INFO  | Importing Page Template spaceContribute finished successfully [i.m.l.s.i.PageTemplateImportService<ForkJoinPool.commonPool-worker-4>] 
2026-08-19 13:43:26,715 | INFO  | Importing Page Template spaceNotes [i.m.l.s.i.PageTemplateImportService<ForkJoinPool.commonPool-worker-4>] 
2026-08-19 13:43:26,813 | INFO  | Importing Page Template spaceNotes title translations [i.m.l.s.i.PageTemplateImportService<ForkJoinPool.commonPool-worker-4>] 
2026-08-19 13:43:26,814 | INFO  | Importing Page Template spaceNotes description translations [i.m.l.s.i.PageTemplateImportService<ForkJoinPool.commonPool-worker-4>] 
2026-08-19 13:43:26,814 | INFO  | Importing Page Template spaceNotes illustration [i.m.l.s.i.PageTemplateImportService<ForkJoinPool.commonPool-worker-4>] 
2026-08-19 13:43:27,388 | INFO  | create_doc_pipeline;;file_alias;201;{"_index":"file_v4","_id":"1ae0fe53ac14000841bc391b3a49163c","_version":1,"result":"created","_shards":{"total":1,"successful":1,"failed":0},"_seq_no":0,"_primary_term":1};8278;{} [org.exoplatform.es.audittrail<ExoScheduler_Worker-4>] 
2026-08-19 13:43:27,406 | INFO  | ES document generated for file with id=1ae2c903ac14000833fba4a0d00ad614 path="/exo:services/ScriptServiceImpl/ScriptServiceImpl_EditedConfiguredScripts" [o.e.s.w.s.c.FileindexingConnector<ExoScheduler_Worker-4>] 
2026-08-19 13:43:27,699 | INFO  | create_doc_pipeline;;file_alias;201;{"_index":"file_v4","_id":"1ae2c903ac14000833fba4a0d00ad614","_version":1,"result":"created","_shards":{"total":1,"successful":1,"failed":0},"_seq_no":1,"_primary_term":1};243;{} [org.exoplatform.es.audittrail<ExoScheduler_Worker-4>] 
2026-08-19 13:43:27,862 | INFO  | Importing Page Template spaceNotes finished successfully [i.m.l.s.i.PageTemplateImportService<ForkJoinPool.commonPool-worker-4>] 
2026-08-19 13:43:27,864 | INFO  | Importing Page Template spaceTasks [i.m.l.s.i.PageTemplateImportService<ForkJoinPool.commonPool-worker-4>] 
2026-08-19 13:43:27,946 | INFO  | Importing Page Template spaceTasks title translations [i.m.l.s.i.PageTemplateImportService<ForkJoinPool.commonPool-worker-4>] 
2026-08-19 13:43:27,947 | INFO  | Importing Page Template spaceTasks description translations [i.m.l.s.i.PageTemplateImportService<ForkJoinPool.commonPool-worker-4>] 
2026-08-19 13:43:27,947 | INFO  | Importing Page Template spaceTasks illustration [i.m.l.s.i.PageTemplateImportService<ForkJoinPool.commonPool-worker-4>] 
2026-08-19 13:43:28,439 | INFO  | Importing Page Template spaceTasks finished successfully [i.m.l.s.i.PageTemplateImportService<ForkJoinPool.commonPool-worker-4>] 
2026-08-19 13:43:28,441 | INFO  | Importing Page Template spaceSettings [i.m.l.s.i.PageTemplateImportService<ForkJoinPool.commonPool-worker-4>] 
2026-08-19 13:43:28,575 | INFO  | Importing Page Template spaceSettings title translations [i.m.l.s.i.PageTemplateImportService<ForkJoinPool.commonPool-worker-4>] 
2026-08-19 13:43:28,576 | INFO  | Importing Page Template spaceSettings description translations [i.m.l.s.i.PageTemplateImportService<ForkJoinPool.commonPool-worker-4>] 
2026-08-19 13:43:28,576 | INFO  | Importing Page Template spaceSettings illustration [i.m.l.s.i.PageTemplateImportService<ForkJoinPool.commonPool-worker-4>] 
2026-08-19 13:43:28,799 | INFO  | Analytics Indices rollover process start [i.m.a.e.s.ElasticsearchAnalyticsStorage<ForkJoinPool.commonPool-worker-5>] 
2026-08-19 13:43:28,811 | INFO  | New analytics index analytics_2026-08-13 created. [i.m.a.e.s.ElasticsearchAnalyticsStorage<Analytics-ingestor-1>] 
2026-08-19 13:43:28,816 | INFO  | Analytics Indices rollover process finished successfully. [i.m.a.e.s.ElasticsearchAnalyticsStorage<ForkJoinPool.commonPool-worker-5>] 
2026-08-19 13:43:28,916 | INFO  | Importing Site Templates with version 1, force reimport = true [i.m.l.s.i.SiteTemplateImportService<ForkJoinPool.commonPool-worker-5>] 
2026-08-19 13:43:29,093 | INFO  | Importing Page Template spaceSettings finished successfully [i.m.l.s.i.PageTemplateImportService<ForkJoinPool.commonPool-worker-4>] 
2026-08-19 13:43:29,097 | INFO  | Importing Page Template spaceDocuments [i.m.l.s.i.PageTemplateImportService<ForkJoinPool.commonPool-worker-4>] 
2026-08-19 13:43:29,160 | INFO  | profile document generated for identity id=1 remote_id=root duration_ms=1460 [o.e.s.c.j.s.ProfileIndexingServiceConnector<ExoScheduler_Worker-4>] 
2026-08-19 13:43:29,162 | INFO  | Category document generated for id=2 [i.m.s.c.s.e.CategoryIndexingConnector<ExoScheduler_Worker-4>] 
2026-08-19 13:43:29,165 | INFO  | Category document generated for id=3 [i.m.s.c.s.e.CategoryIndexingConnector<ExoScheduler_Worker-4>] 
2026-08-19 13:43:29,246 | INFO  | Category document generated for id=5 [i.m.s.c.s.e.CategoryIndexingConnector<ExoScheduler_Worker-4>] 
2026-08-19 13:43:29,250 | INFO  | Category document generated for id=6 [i.m.s.c.s.e.CategoryIndexingConnector<ExoScheduler_Worker-4>] 
2026-08-19 13:43:29,255 | INFO  | Category document generated for id=8 [i.m.s.c.s.e.CategoryIndexingConnector<ExoScheduler_Worker-4>] 
2026-08-19 13:43:29,259 | INFO  | Category document generated for id=10 [i.m.s.c.s.e.CategoryIndexingConnector<ExoScheduler_Worker-4>] 
2026-08-19 13:43:29,265 | INFO  | Category document generated for id=11 [i.m.s.c.s.e.CategoryIndexingConnector<ExoScheduler_Worker-4>] 
2026-08-19 13:43:29,267 | INFO  | Global AuthenticationManager configured with AuthenticationProvider bean with name portalAuthenticationManager [o.s.s.c.a.a.c.InitializeAuthenticationProviderBeanManagerConfigurer$InitializeAuthenticationProviderManagerConfigurer<main>] 
2026-08-19 13:43:29,270 | INFO  | Category document generated for id=13 [i.m.s.c.s.e.CategoryIndexingConnector<ExoScheduler_Worker-4>] 
2026-08-19 13:43:29,276 | INFO  | Category document generated for id=14 [i.m.s.c.s.e.CategoryIndexingConnector<ExoScheduler_Worker-4>] 
2026-08-19 13:43:29,285 | INFO  | Category document generated for id=15 [i.m.s.c.s.e.CategoryIndexingConnector<ExoScheduler_Worker-4>] 
2026-08-19 13:43:29,288 | INFO  | Category document generated for id=16 [i.m.s.c.s.e.CategoryIndexingConnector<ExoScheduler_Worker-4>] 
2026-08-19 13:43:29,299 | INFO  | Category document generated for id=17 [i.m.s.c.s.e.CategoryIndexingConnector<ExoScheduler_Worker-4>] 
2026-08-19 13:43:29,511 | INFO  | Create ES Mapping for field 'identityId' with type 'keyword' [i.m.a.e.s.ElasticsearchAnalyticsStorage<Analytics-ingestor-1>] 
2026-08-19 13:43:29,512 | INFO  | Importing Page Template spaceDocuments title translations [i.m.l.s.i.PageTemplateImportService<ForkJoinPool.commonPool-worker-4>] 
2026-08-19 13:43:29,512 | INFO  | Importing Page Template spaceDocuments description translations [i.m.l.s.i.PageTemplateImportService<ForkJoinPool.commonPool-worker-4>] 
2026-08-19 13:43:29,512 | INFO  | Importing Page Template spaceDocuments illustration [i.m.l.s.i.PageTemplateImportService<ForkJoinPool.commonPool-worker-4>] 
2026-08-19 13:43:30,015 | INFO  | Spring context 'layout' initialized in 9499ms [i.m.s.kernel.PortalApplicationContext<main>] 
2026-08-19 13:43:30,018 | INFO  | Continue Spring context 'auth-server' initialization [i.m.s.kernel.PortalApplicationContext<main>] 
2026-08-19 13:43:30,225 | INFO  | Importing Page Template spaceDocuments finished successfully [i.m.l.s.i.PageTemplateImportService<ForkJoinPool.commonPool-worker-4>] 
2026-08-19 13:43:30,229 | INFO  | Importing Page Template spacePrograms [i.m.l.s.i.PageTemplateImportService<ForkJoinPool.commonPool-worker-4>] 
2026-08-19 13:43:30,318 | INFO  | Importing Page Template spacePrograms title translations [i.m.l.s.i.PageTemplateImportService<ForkJoinPool.commonPool-worker-4>] 
2026-08-19 13:43:30,319 | INFO  | Importing Page Template spacePrograms description translations [i.m.l.s.i.PageTemplateImportService<ForkJoinPool.commonPool-worker-4>] 
2026-08-19 13:43:30,320 | INFO  | Importing Page Template spacePrograms illustration [i.m.l.s.i.PageTemplateImportService<ForkJoinPool.commonPool-worker-4>] 
2026-08-19 13:43:30,768 | INFO  | Importing Page Template spacePrograms finished successfully [i.m.l.s.i.PageTemplateImportService<ForkJoinPool.commonPool-worker-4>] 
2026-08-19 13:43:30,773 | INFO  | Importing Page Template spaceAgenda [i.m.l.s.i.PageTemplateImportService<ForkJoinPool.commonPool-worker-4>] 
2026-08-19 13:43:30,990 | INFO  | Importing Page Template spaceAgenda title translations [i.m.l.s.i.PageTemplateImportService<ForkJoinPool.commonPool-worker-4>] 
2026-08-19 13:43:30,991 | INFO  | Importing Page Template spaceAgenda description translations [i.m.l.s.i.PageTemplateImportService<ForkJoinPool.commonPool-worker-4>] 
2026-08-19 13:43:30,991 | INFO  | Importing Page Template spaceAgenda illustration [i.m.l.s.i.PageTemplateImportService<ForkJoinPool.commonPool-worker-4>] 
2026-08-19 13:43:31,071 | INFO  | Create ES Mapping for field 'walletAddress' with type 'keyword' [i.m.a.e.s.ElasticsearchAnalyticsStorage<Analytics-ingestor-1>] 
2026-08-19 13:43:31,493 | INFO  | Importing Page Template spaceAgenda finished successfully [i.m.l.s.i.PageTemplateImportService<ForkJoinPool.commonPool-worker-4>] 
2026-08-19 13:43:31,494 | INFO  | Importing Page Templates finished successfully [i.m.l.s.i.PageTemplateImportService<ForkJoinPool.commonPool-worker-4>] 
2026-08-19 13:43:31,494 | INFO  | Processing Post Page Templates import [i.m.l.s.i.PageTemplateImportService<ForkJoinPool.commonPool-worker-4>] 
2026-08-19 13:43:31,986 | INFO  | Create ES Mapping for field 'user_social_id' with type 'keyword' [i.m.a.e.s.ElasticsearchAnalyticsStorage<Analytics-ingestor-1>] 
2026-08-19 13:43:32,379 | INFO  | Processing Post Page Templates import finished [i.m.l.s.i.PageTemplateImportService<ForkJoinPool.commonPool-worker-4>] 
2026-08-19 13:43:33,969 | INFO  | Importing Site Templates finished successfully. [i.m.l.s.i.SiteTemplateImportService<ForkJoinPool.commonPool-worker-5>] 
2026-08-19 13:43:33,969 | INFO  | Processing Post Site Templates import [i.m.l.s.i.SiteTemplateImportService<ForkJoinPool.commonPool-worker-5>] 
2026-08-19 13:43:34,007 | INFO  | Category document generated for id=18 [i.m.s.c.s.e.CategoryIndexingConnector<ExoScheduler_Worker-6>] 
2026-08-19 13:43:34,011 | INFO  | Category document generated for id=19 [i.m.s.c.s.e.CategoryIndexingConnector<ExoScheduler_Worker-6>] 
2026-08-19 13:43:34,014 | INFO  | Category document generated for id=20 [i.m.s.c.s.e.CategoryIndexingConnector<ExoScheduler_Worker-6>] 
2026-08-19 13:43:34,017 | INFO  | Category document generated for id=21 [i.m.s.c.s.e.CategoryIndexingConnector<ExoScheduler_Worker-6>] 
2026-08-19 13:43:34,021 | INFO  | Category document generated for id=22 [i.m.s.c.s.e.CategoryIndexingConnector<ExoScheduler_Worker-6>] 
2026-08-19 13:43:34,023 | INFO  | Category document generated for id=23 [i.m.s.c.s.e.CategoryIndexingConnector<ExoScheduler_Worker-6>] 
2026-08-19 13:43:34,026 | INFO  | Category document generated for id=24 [i.m.s.c.s.e.CategoryIndexingConnector<ExoScheduler_Worker-6>] 
2026-08-19 13:43:34,029 | INFO  | Category document generated for id=25 [i.m.s.c.s.e.CategoryIndexingConnector<ExoScheduler_Worker-6>] 
2026-08-19 13:43:34,193 | INFO  | Processing Post Site Templates import finished [i.m.l.s.i.SiteTemplateImportService<ForkJoinPool.commonPool-worker-5>] 
2026-08-19 13:43:43,331 | INFO  | Found 5 AuthenticationProvider beans, with names [OAuthRefreshTokenPublicAuthenticationProvider, OAuthCimdAuthenticationProvider, OAuthPortalAuthenticationProvider, portalAuthenticationManager, oauthAuthenticationProvider]. Global Authentication Manager will not be configured with AuthenticationProviders. Consider publishing a single AuthenticationProvider bean, or wiring your Providers directly using the DSL. [o.s.s.c.a.a.c.InitializeAuthenticationProviderBeanManagerConfigurer$InitializeAuthenticationProviderManagerConfigurer<main>] 
2026-08-19 13:43:44,228 | INFO  | Spring context 'auth-server' initialized in 14210ms [i.m.s.kernel.PortalApplicationContext<main>] 
2026-08-19 13:43:44,229 | INFO  | Continue Spring context 'analytics' initialization [i.m.s.kernel.PortalApplicationContext<main>] 
2026-08-19 13:43:44,353 | INFO  | HikariPool-1 - Starting... [com.zaxxer.hikari.HikariDataSource<main>] 
2026-08-19 13:43:45,222 | INFO  | HikariPool-1 - Driver does not support get/set network timeout for connections. (feature not supported) [com.zaxxer.hikari.pool.PoolBase<main>] 
2026-08-19 13:43:45,224 | INFO  | HikariPool-1 - Added connection org.hsqldb.jdbc.JDBCConnection@7aed70fc [com.zaxxer.hikari.pool.HikariPool<main>] 
2026-08-19 13:43:45,264 | INFO  | HikariPool-1 - Start completed. [com.zaxxer.hikari.HikariDataSource<main>] 
2026-08-19 13:43:45,379 | INFO  | No LoadTimeWeaver setup: ignoring JPA class transformer [o.s.o.j.p.SpringPersistenceUnitInfo<main>] 
2026-08-19 13:43:45,578 | INFO  | Initialized JPA EntityManagerFactory for persistence unit 'default' [o.s.o.j.LocalContainerEntityManagerFactoryBean<main>] 
2026-08-19 13:43:46,037 | INFO  | Global AuthenticationManager configured with AuthenticationProvider bean with name portalAuthenticationManager [o.s.s.c.a.a.c.InitializeAuthenticationProviderBeanManagerConfigurer$InitializeAuthenticationProviderManagerConfigurer<main>] 
2026-08-19 13:43:46,611 | INFO  | Spring context 'analytics' initialized in 2382ms [i.m.s.kernel.PortalApplicationContext<main>] 
2026-08-19 13:43:46,611 | INFO  | Continue Spring context 'gamification-portlets' initialization [i.m.s.kernel.PortalApplicationContext<main>] 
2026-08-19 13:43:46,706 | INFO  | Importing Default Programs [i.m.g.s.injection.ProgramImportService<ForkJoinPool.commonPool-worker-5>] 
2026-08-19 13:43:47,072 | INFO  | Global AuthenticationManager configured with AuthenticationProvider bean with name portalAuthenticationManager [o.s.s.c.a.a.c.InitializeAuthenticationProviderBeanManagerConfigurer$InitializeAuthenticationProviderManagerConfigurer<main>] 
2026-08-19 13:43:47,681 | INFO  | Spring context 'gamification-portlets' initialized in 1070ms [i.m.s.kernel.PortalApplicationContext<main>] 
2026-08-19 13:43:47,681 | INFO  | Continue Spring context 'content' initialization [i.m.s.kernel.PortalApplicationContext<main>] 
2026-08-19 13:43:49,062 | WARN  | NATIONAL/NCHAR/NVARCHAR implies the character set UTF8MB3, which will be replaced by UTF8MB4 in a future release. Please consider using CHAR(x) CHARACTER SET UTF8MB4 in order to be unambiguous. [liquibase.executor.jvm.JdbcExecutor<main>] 
2026-08-19 13:43:49,062 | WARN  | NATIONAL/NCHAR/NVARCHAR implies the character set UTF8MB3, which will be replaced by UTF8MB4 in a future release. Please consider using CHAR(x) CHARACTER SET UTF8MB4 in order to be unambiguous. [liquibase.executor.jvm.JdbcExecutor<main>] 
2026-08-19 13:43:49,062 | WARN  | NATIONAL/NCHAR/NVARCHAR implies the character set UTF8MB3, which will be replaced by UTF8MB4 in a future release. Please consider using CHAR(x) CHARACTER SET UTF8MB4 in order to be unambiguous. [liquibase.executor.jvm.JdbcExecutor<main>] 
2026-08-19 13:43:49,062 | WARN  | 'utf8' is currently an alias for the character set UTF8MB3, but will be an alias for UTF8MB4 in a future release. Please consider using UTF8MB4 in order to be unambiguous. [liquibase.executor.jvm.JdbcExecutor<main>] 
2026-08-19 13:43:49,062 | WARN  | 'utf8mb3_unicode_ci' is a collation of the deprecated character set UTF8MB3. Please consider using UTF8MB4 with an appropriate collation instead. [liquibase.executor.jvm.JdbcExecutor<main>] 
2026-08-19 13:43:50,123 | WARN  | NATIONAL/NCHAR/NVARCHAR implies the character set UTF8MB3, which will be replaced by UTF8MB4 in a future release. Please consider using CHAR(x) CHARACTER SET UTF8MB4 in order to be unambiguous. [liquibase.executor.jvm.JdbcExecutor<main>] 
2026-08-19 13:43:50,124 | WARN  | 'utf8' is currently an alias for the character set UTF8MB3, but will be an alias for UTF8MB4 in a future release. Please consider using UTF8MB4 in order to be unambiguous. [liquibase.executor.jvm.JdbcExecutor<main>] 
2026-08-19 13:43:50,125 | WARN  | 'utf8mb3_unicode_ci' is a collation of the deprecated character set UTF8MB3. Please consider using UTF8MB4 with an appropriate collation instead. [liquibase.executor.jvm.JdbcExecutor<main>] 
2026-08-19 13:43:52,886 | WARN  | NATIONAL/NCHAR/NVARCHAR implies the character set UTF8MB3, which will be replaced by UTF8MB4 in a future release. Please consider using CHAR(x) CHARACTER SET UTF8MB4 in order to be unambiguous. [liquibase.executor.jvm.JdbcExecutor<main>] 
2026-08-19 13:43:54,130 | INFO  | Create ES Mapping for field 'gamificationEventType' with type 'keyword' [i.m.a.e.s.ElasticsearchAnalyticsStorage<Analytics-ingestor-1>] 
2026-08-19 13:43:55,020 | INFO  | Create ES Mapping for field 'programType' with type 'keyword' [i.m.a.e.s.ElasticsearchAnalyticsStorage<Analytics-ingestor-1>] 
2026-08-19 13:43:55,799 | INFO  | Create ES Mapping for field 'gamificationEventTrigger' with type 'keyword' [i.m.a.e.s.ElasticsearchAnalyticsStorage<Analytics-ingestor-1>] 
2026-08-19 13:43:56,502 | INFO  | Create ES Mapping for field 'gamificationEventTitle' with type 'keyword' [i.m.a.e.s.ElasticsearchAnalyticsStorage<Analytics-ingestor-1>] 
2026-08-19 13:43:56,774 | INFO  | Importing Default Programs finished successfully. [i.m.g.s.injection.ProgramImportService<ForkJoinPool.commonPool-worker-5>] 
2026-08-19 13:43:57,219 | INFO  | Create ES Mapping for field 'ruleDescription' with type 'keyword' [i.m.a.e.s.ElasticsearchAnalyticsStorage<Analytics-ingestor-1>] 
2026-08-19 13:43:58,380 | INFO  | Create ES Mapping for field 'ruleBudget' with type 'keyword' [i.m.a.e.s.ElasticsearchAnalyticsStorage<Analytics-ingestor-1>] 
2026-08-19 13:43:58,951 | INFO  | Create ES Mapping for field 'programTitle' with type 'keyword' [i.m.a.e.s.ElasticsearchAnalyticsStorage<Analytics-ingestor-1>] 
2026-08-19 13:43:59,517 | INFO  | Create ES Mapping for field 'ruleTitle' with type 'keyword' [i.m.a.e.s.ElasticsearchAnalyticsStorage<Analytics-ingestor-1>] 
2026-08-19 13:44:00,198 | INFO  | Create ES Mapping for field 'programAvatarFileId' with type 'keyword' [i.m.a.e.s.ElasticsearchAnalyticsStorage<Analytics-ingestor-1>] 
2026-08-19 13:44:00,603 | INFO  | Create ES Mapping for field 'ruleType' with type 'keyword' [i.m.a.e.s.ElasticsearchAnalyticsStorage<Analytics-ingestor-1>] 
2026-08-19 13:44:01,189 | INFO  | Global AuthenticationManager configured with AuthenticationProvider bean with name portalAuthenticationManager [o.s.s.c.a.a.c.InitializeAuthenticationProviderBeanManagerConfigurer$InitializeAuthenticationProviderManagerConfigurer<main>] 
2026-08-19 13:44:01,359 | INFO  | Create ES Mapping for field 'ruleActivityId' with type 'keyword' [i.m.a.e.s.ElasticsearchAnalyticsStorage<Analytics-ingestor-1>] 
2026-08-19 13:44:01,684 | INFO  | Spring context 'content' initialized in 14003ms [i.m.s.kernel.PortalApplicationContext<main>] 
2026-08-19 13:44:01,684 | INFO  | Continue Spring context 'task-management' initialization [i.m.s.kernel.PortalApplicationContext<main>] 
2026-08-19 13:44:02,039 | INFO  | Create ES Mapping for field 'programCoverFileId' with type 'keyword' [i.m.a.e.s.ElasticsearchAnalyticsStorage<Analytics-ingestor-1>] 
2026-08-19 13:44:02,083 | INFO  | Global AuthenticationManager configured with AuthenticationProvider bean with name portalAuthenticationManager [o.s.s.c.a.a.c.InitializeAuthenticationProviderBeanManagerConfigurer$InitializeAuthenticationProviderManagerConfigurer<main>] 
2026-08-19 13:44:02,391 | INFO  | Spring context 'task-management' initialized in 707ms [i.m.s.kernel.PortalApplicationContext<main>] 
2026-08-19 13:44:02,391 | INFO  | Continue Spring context 'kudos' initialization [i.m.s.kernel.PortalApplicationContext<main>] 
2026-08-19 13:44:02,607 | INFO  | Create ES Mapping for field 'ruleId' with type 'keyword' [i.m.a.e.s.ElasticsearchAnalyticsStorage<Analytics-ingestor-1>] 
2026-08-19 13:44:03,779 | INFO  | Create ES Mapping for field 'programId' with type 'keyword' [i.m.a.e.s.ElasticsearchAnalyticsStorage<Analytics-ingestor-1>] 
2026-08-19 13:44:04,115 | WARN  | 'utf8' is currently an alias for the character set UTF8MB3, but will be an alias for UTF8MB4 in a future release. Please consider using UTF8MB4 in order to be unambiguous. [liquibase.executor.jvm.JdbcExecutor<main>] 
2026-08-19 13:44:04,115 | WARN  | 'utf8mb3_general_ci' is a collation of the deprecated character set UTF8MB3. Please consider using UTF8MB4 with an appropriate collation instead. [liquibase.executor.jvm.JdbcExecutor<main>] 
2026-08-19 13:44:04,283 | INFO  | Create ES Mapping for field 'gamificationEventId' with type 'keyword' [i.m.a.e.s.ElasticsearchAnalyticsStorage<Analytics-ingestor-1>] 
2026-08-19 13:44:04,866 | INFO  | Create ES Mapping for field 'programBudget' with type 'long' [i.m.a.e.s.ElasticsearchAnalyticsStorage<Analytics-ingestor-1>] 
2026-08-19 13:44:08,240 | INFO  | Importing Portlet instances finished successfully. [i.m.l.s.i.PortletInstanceImportService<ForkJoinPool.commonPool-worker-3>] 
2026-08-19 13:44:08,240 | INFO  | Processing Post Portlet instances import [i.m.l.s.i.PortletInstanceImportService<ForkJoinPool.commonPool-worker-3>] 
2026-08-19 13:44:08,240 | INFO  | Processing Post Portlet instances import finished [i.m.l.s.i.PortletInstanceImportService<ForkJoinPool.commonPool-worker-3>] 
2026-08-19 13:44:11,644 | INFO  | Global AuthenticationManager configured with AuthenticationProvider bean with name portalAuthenticationManager [o.s.s.c.a.a.c.InitializeAuthenticationProviderBeanManagerConfigurer$InitializeAuthenticationProviderManagerConfigurer<main>] 
2026-08-19 13:44:12,031 | INFO  | Spring context 'kudos' initialized in 9640ms [i.m.s.kernel.PortalApplicationContext<main>] 
2026-08-19 13:44:12,032 | INFO  | Continue Spring context 'notes' initialization [i.m.s.kernel.PortalApplicationContext<main>] 
2026-08-19 13:44:12,305 | INFO  | Global AuthenticationManager configured with AuthenticationProvider bean with name portalAuthenticationManager [o.s.s.c.a.a.c.InitializeAuthenticationProviderBeanManagerConfigurer$InitializeAuthenticationProviderManagerConfigurer<main>] 
2026-08-19 13:44:12,664 | INFO  | Spring context 'notes' initialized in 632ms [i.m.s.kernel.PortalApplicationContext<main>] 
2026-08-19 13:44:12,664 | INFO  | Continue Spring context 'wallet' initialization [i.m.s.kernel.PortalApplicationContext<main>] 
2026-08-19 13:44:13,259 | INFO  | Global AuthenticationManager configured with AuthenticationProvider bean with name portalAuthenticationManager [o.s.s.c.a.a.c.InitializeAuthenticationProviderBeanManagerConfigurer$InitializeAuthenticationProviderManagerConfigurer<main>] 
2026-08-19 13:44:13,660 | INFO  | Spring context 'wallet' initialized in 996ms [i.m.s.kernel.PortalApplicationContext<main>] 
2026-08-19 13:44:13,660 | INFO  | Continue Spring context 'agenda' initialization [i.m.s.kernel.PortalApplicationContext<main>] 
2026-08-19 13:44:14,010 | INFO  | Global AuthenticationManager configured with AuthenticationProvider bean with name portalAuthenticationManager [o.s.s.c.a.a.c.InitializeAuthenticationProviderBeanManagerConfigurer$InitializeAuthenticationProviderManagerConfigurer<main>] 
2026-08-19 13:44:14,483 | INFO  | Spring context 'agenda' initialized in 823ms [i.m.s.kernel.PortalApplicationContext<main>] 
2026-08-19 13:44:14,483 | INFO  | Continue Spring context 'deeds-tenant' initialization [i.m.s.kernel.PortalApplicationContext<main>] 
2026-08-19 13:44:14,789 | INFO  | Global AuthenticationManager configured with AuthenticationProvider bean with name portalAuthenticationManager [o.s.s.c.a.a.c.InitializeAuthenticationProviderBeanManagerConfigurer$InitializeAuthenticationProviderManagerConfigurer<main>] 
2026-08-19 13:44:15,141 | INFO  | Spring context 'deeds-tenant' initialized in 658ms [i.m.s.kernel.PortalApplicationContext<main>] 
2026-08-19 13:44:15,141 | INFO  | Continue Spring context 'documents-portlet' initialization [i.m.s.kernel.PortalApplicationContext<main>] 
2026-08-19 13:44:15,367 | INFO  | Global AuthenticationManager configured with AuthenticationProvider bean with name portalAuthenticationManager [o.s.s.c.a.a.c.InitializeAuthenticationProviderBeanManagerConfigurer$InitializeAuthenticationProviderManagerConfigurer<main>] 
2026-08-19 13:44:15,818 | INFO  | Spring context 'documents-portlet' initialized in 677ms [i.m.s.kernel.PortalApplicationContext<main>] 
2026-08-19 13:44:15,818 | INFO  | Continue Spring context 'poll' initialization [i.m.s.kernel.PortalApplicationContext<main>] 
2026-08-19 13:44:15,836 | INFO  | Autowired annotation is not supported on static fields: private static int io.meeds.poll.activity.processor.PollActivityProcessor.processorPriority [o.s.b.f.a.AutowiredAnnotationBeanPostProcessor<main>] 
2026-08-19 13:44:16,796 | WARN  | NATIONAL/NCHAR/NVARCHAR implies the character set UTF8MB3, which will be replaced by UTF8MB4 in a future release. Please consider using CHAR(x) CHARACTER SET UTF8MB4 in order to be unambiguous. [liquibase.executor.jvm.JdbcExecutor<main>] 
2026-08-19 13:44:16,796 | WARN  | 'utf8' is currently an alias for the character set UTF8MB3, but will be an alias for UTF8MB4 in a future release. Please consider using UTF8MB4 in order to be unambiguous. [liquibase.executor.jvm.JdbcExecutor<main>] 
2026-08-19 13:44:16,796 | WARN  | 'utf8mb3_general_ci' is a collation of the deprecated character set UTF8MB3. Please consider using UTF8MB4 with an appropriate collation instead. [liquibase.executor.jvm.JdbcExecutor<main>] 
2026-08-19 13:44:17,293 | WARN  | NATIONAL/NCHAR/NVARCHAR implies the character set UTF8MB3, which will be replaced by UTF8MB4 in a future release. Please consider using CHAR(x) CHARACTER SET UTF8MB4 in order to be unambiguous. [liquibase.executor.jvm.JdbcExecutor<main>] 
2026-08-19 13:44:17,294 | WARN  | 'utf8' is currently an alias for the character set UTF8MB3, but will be an alias for UTF8MB4 in a future release. Please consider using UTF8MB4 in order to be unambiguous. [liquibase.executor.jvm.JdbcExecutor<main>] 
2026-08-19 13:44:17,294 | WARN  | 'utf8mb3_general_ci' is a collation of the deprecated character set UTF8MB3. Please consider using UTF8MB4 with an appropriate collation instead. [liquibase.executor.jvm.JdbcExecutor<main>] 
2026-08-19 13:44:19,316 | WARN  | 'utf8' is currently an alias for the character set UTF8MB3, but will be an alias for UTF8MB4 in a future release. Please consider using UTF8MB4 in order to be unambiguous. [liquibase.executor.jvm.JdbcExecutor<main>] 
2026-08-19 13:44:19,317 | WARN  | 'utf8mb3_general_ci' is a collation of the deprecated character set UTF8MB3. Please consider using UTF8MB4 with an appropriate collation instead. [liquibase.executor.jvm.JdbcExecutor<main>] 
2026-08-19 13:44:20,417 | INFO  | Global AuthenticationManager configured with AuthenticationProvider bean with name portalAuthenticationManager [o.s.s.c.a.a.c.InitializeAuthenticationProviderBeanManagerConfigurer$InitializeAuthenticationProviderManagerConfigurer<main>] 
2026-08-19 13:44:20,693 | INFO  | Spring context 'poll' initialized in 4875ms [i.m.s.kernel.PortalApplicationContext<main>] 
2026-08-19 13:44:20,693 | INFO  | Continue Spring context 'app-center' initialization [i.m.s.kernel.PortalApplicationContext<main>] 
2026-08-19 13:44:20,887 | WARN  | Due to mysql SQL limitations, modifyDataType will lose primary key/autoincrement/not null/comment settings explicitly redefined in the change. Use <sql> or <modifySql> to re-specify all configuration if this is the case [liquibase.changelog.DatabaseChangeLog<main>] 
2026-08-19 13:44:20,932 | WARN  | Due to mysql SQL limitations, modifyDataType will lose primary key/autoincrement/not null/comment settings explicitly redefined in the change. Use <sql> or <modifySql> to re-specify all configuration if this is the case [liquibase.changelog.DatabaseChangeLog<main>] 
2026-08-19 13:44:21,739 | WARN  | 'utf8' is currently an alias for the character set UTF8MB3, but will be an alias for UTF8MB4 in a future release. Please consider using UTF8MB4 in order to be unambiguous. [liquibase.executor.jvm.JdbcExecutor<main>] 
2026-08-19 13:44:21,740 | WARN  | 'utf8mb3_general_ci' is a collation of the deprecated character set UTF8MB3. Please consider using UTF8MB4 with an appropriate collation instead. [liquibase.executor.jvm.JdbcExecutor<main>] 
2026-08-19 13:44:22,134 | WARN  | 'utf8' is currently an alias for the character set UTF8MB3, but will be an alias for UTF8MB4 in a future release. Please consider using UTF8MB4 in order to be unambiguous. [liquibase.executor.jvm.JdbcExecutor<main>] 
2026-08-19 13:44:22,134 | WARN  | 'utf8mb3_general_ci' is a collation of the deprecated character set UTF8MB3. Please consider using UTF8MB4 with an appropriate collation instead. [liquibase.executor.jvm.JdbcExecutor<main>] 
2026-08-19 13:44:39,478 | INFO  | Create system application 'Add a task' [i.m.a.s.ApplicationCenterInjectService<ForkJoinPool.commonPool-worker-3>] 
2026-08-19 13:44:39,480 | INFO  | Obtaining singleton bean 'transactionManager' in thread "ForkJoinPool.commonPool-worker-3" while other thread holds singleton lock for other beans [org.springframework.security.config.annotation.web.configuration.WebMvcSecurityConfiguration, org.springframework.boot.autoconfigure.web.servlet.WebMvcAutoConfiguration$EnableWebMvcConfiguration, mvcHandlerMappingIntrospector, org.springframework.security.config.annotation.web.configuration.WebSecurityConfiguration, mvcHandlerMappingIntrospectorRequestTransformer] [o.s.b.f.s.DefaultListableBeanFactory<ForkJoinPool.commonPool-worker-3>] 
2026-08-19 13:44:39,480 | INFO  | Obtaining singleton bean 'org.springframework.boot.autoconfigure.orm.jpa.HibernateJpaConfiguration' in thread "ForkJoinPool.commonPool-worker-3" while other thread holds singleton lock for other beans [org.springframework.security.config.annotation.web.configuration.WebMvcSecurityConfiguration, org.springframework.boot.autoconfigure.web.servlet.WebMvcAutoConfiguration$EnableWebMvcConfiguration, mvcHandlerMappingIntrospector, org.springframework.security.config.annotation.web.configuration.WebSecurityConfiguration, mvcHandlerMappingIntrospectorRequestTransformer] [o.s.b.f.s.DefaultListableBeanFactory<ForkJoinPool.commonPool-worker-3>] 
2026-08-19 13:44:39,481 | INFO  | Obtaining singleton bean 'spring.jpa-org.springframework.boot.autoconfigure.orm.jpa.JpaProperties' in thread "ForkJoinPool.commonPool-worker-3" while other thread holds singleton lock for other beans [org.springframework.boot.autoconfigure.web.servlet.WebMvcAutoConfiguration$EnableWebMvcConfiguration, mvcHandlerMappingIntrospector, org.springframework.security.config.annotation.web.configuration.OAuth2ClientConfiguration$OAuth2ClientWebMvcSecurityConfiguration, org.springframework.security.config.annotation.web.configuration.WebSecurityConfiguration, mvcHandlerMappingIntrospectorRequestTransformer] [o.s.b.f.s.DefaultListableBeanFactory<ForkJoinPool.commonPool-worker-3>] 
2026-08-19 13:44:39,514 | INFO  | Obtaining singleton bean 'spring.jpa.hibernate-org.springframework.boot.autoconfigure.orm.jpa.HibernateProperties' in thread "ForkJoinPool.commonPool-worker-3" while other thread holds singleton lock for other beans [jacksonObjectMapper, jsonMixinModule, org.springframework.boot.autoconfigure.web.servlet.WebMvcAutoConfiguration$EnableWebMvcConfiguration, hypermediaWebMvcConfigurer, mvcHandlerMappingIntrospector, org.springframework.security.config.annotation.web.configuration.WebSecurityConfiguration, hypermediaWebMvcConverters, standardJacksonObjectMapperBuilderCustomizer, mvcHandlerMappingIntrospectorRequestTransformer] [o.s.b.f.s.DefaultListableBeanFactory<ForkJoinPool.commonPool-worker-3>] 
2026-08-19 13:44:39,526 | INFO  | Obtaining singleton bean 'hikariPoolDataSourceMetadataProvider' in thread "ForkJoinPool.commonPool-worker-3" while other thread holds singleton lock for other beans [mvcHandlerMappingIntrospector, jacksonGeoModule, org.springframework.security.config.annotation.web.configuration.WebSecurityConfiguration, springDataWebSettings, spring.data.web-org.springframework.boot.autoconfigure.data.web.SpringDataWebProperties, org.springframework.data.web.config.SpringDataJacksonConfiguration, org.springframework.boot.autoconfigure.data.web.SpringDataWebAutoConfiguration, mvcHandlerMappingIntrospectorRequestTransformer, jacksonObjectMapper, org.springframework.boot.autoconfigure.web.servlet.WebMvcAutoConfiguration$EnableWebMvcConfiguration, hypermediaWebMvcConfigurer, hypermediaWebMvcConverters, standardJacksonObjectMapperBuilderCustomizer] [o.s.b.f.s.DefaultListableBeanFactory<ForkJoinPool.commonPool-worker-3>] 
2026-08-19 13:44:39,527 | INFO  | Obtaining singleton bean 'org.springframework.boot.autoconfigure.jdbc.metadata.DataSourcePoolMetadataProvidersConfiguration$HikariPoolDataSourceMetadataProviderConfiguration' in thread "ForkJoinPool.commonPool-worker-3" while other thread holds singleton lock for other beans [mvcHandlerMappingIntrospector, jacksonGeoModule, org.springframework.security.config.annotation.web.configuration.WebSecurityConfiguration, springDataWebSettings, spring.data.web-org.springframework.boot.autoconfigure.data.web.SpringDataWebProperties, org.springframework.data.web.config.SpringDataJacksonConfiguration, org.springframework.boot.autoconfigure.data.web.SpringDataWebAutoConfiguration, mvcHandlerMappingIntrospectorRequestTransformer, jacksonObjectMapper, org.springframework.boot.autoconfigure.web.servlet.WebMvcAutoConfiguration$EnableWebMvcConfiguration, hypermediaWebMvcConfigurer, hypermediaWebMvcConverters, standardJacksonObjectMapperBuilderCustomizer] [o.s.b.f.s.DefaultListableBeanFactory<ForkJoinPool.commonPool-worker-3>] 
2026-08-19 13:44:39,528 | INFO  | Obtaining singleton bean 'tomcatPoolDataSourceMetadataProvider' in thread "ForkJoinPool.commonPool-worker-3" while other thread holds singleton lock for other beans [mvcHandlerMappingIntrospector, jacksonGeoModule, org.springframework.security.config.annotation.web.configuration.WebSecurityConfiguration, springDataWebSettings, org.springframework.data.web.config.SpringDataJacksonConfiguration, org.springframework.boot.autoconfigure.data.web.SpringDataWebAutoConfiguration, mvcHandlerMappingIntrospectorRequestTransformer, jacksonObjectMapper, org.springframework.boot.autoconfigure.web.servlet.WebMvcAutoConfiguration$EnableWebMvcConfiguration, hypermediaWebMvcConfigurer, hypermediaWebMvcConverters, standardJacksonObjectMapperBuilderCustomizer] [o.s.b.f.s.DefaultListableBeanFactory<ForkJoinPool.commonPool-worker-3>] 
2026-08-19 13:44:39,529 | INFO  | Obtaining singleton bean 'org.springframework.boot.autoconfigure.jdbc.metadata.DataSourcePoolMetadataProvidersConfiguration$TomcatDataSourcePoolMetadataProviderConfiguration' in thread "ForkJoinPool.commonPool-worker-3" while other thread holds singleton lock for other beans [mvcHandlerMappingIntrospector, jacksonGeoModule, org.springframework.security.config.annotation.web.configuration.WebSecurityConfiguration, springDataWebSettings, org.springframework.data.web.config.SpringDataJacksonConfiguration, mvcHandlerMappingIntrospectorRequestTransformer, jacksonObjectMapper, org.springframework.boot.autoconfigure.web.servlet.WebMvcAutoConfiguration$EnableWebMvcConfiguration, hypermediaWebMvcConfigurer, hypermediaWebMvcConverters, standardJacksonObjectMapperBuilderCustomizer] [o.s.b.f.s.DefaultListableBeanFactory<ForkJoinPool.commonPool-worker-3>] 
2026-08-19 13:44:39,541 | INFO  | Obtaining singleton bean 'platformTransactionManagerCustomizers' in thread "ForkJoinPool.commonPool-worker-3" while other thread holds singleton lock for other beans [jacksonObjectMapper, org.springframework.boot.autoconfigure.web.servlet.WebMvcAutoConfiguration$EnableWebMvcConfiguration, hypermediaWebMvcConfigurer, mvcHandlerMappingIntrospector, org.springframework.security.config.annotation.web.configuration.WebSecurityConfiguration, hypermediaWebMvcConverters, mvcHandlerMappingIntrospectorRequestTransformer] [o.s.b.f.s.DefaultListableBeanFactory<ForkJoinPool.commonPool-worker-3>] 
2026-08-19 13:44:39,542 | INFO  | Obtaining singleton bean 'org.springframework.boot.autoconfigure.transaction.TransactionManagerCustomizationAutoConfiguration' in thread "ForkJoinPool.commonPool-worker-3" while other thread holds singleton lock for other beans [jacksonObjectMapper, org.springframework.boot.autoconfigure.web.servlet.WebMvcAutoConfiguration$EnableWebMvcConfiguration, hypermediaWebMvcConfigurer, mvcHandlerMappingIntrospector, org.springframework.security.config.annotation.web.configuration.WebSecurityConfiguration, hypermediaWebMvcConverters, mvcHandlerMappingIntrospectorRequestTransformer] [o.s.b.f.s.DefaultListableBeanFactory<ForkJoinPool.commonPool-worker-3>] 
2026-08-19 13:44:39,543 | INFO  | Obtaining singleton bean 'transactionExecutionListeners' in thread "ForkJoinPool.commonPool-worker-3" while other thread holds singleton lock for other beans [jacksonObjectMapper, org.springframework.boot.autoconfigure.web.servlet.WebMvcAutoConfiguration$EnableWebMvcConfiguration, hypermediaWebMvcConfigurer, mvcHandlerMappingIntrospector, org.springframework.security.config.annotation.web.configuration.WebSecurityConfiguration, hypermediaWebMvcConverters, mvcHandlerMappingIntrospectorRequestTransformer] [o.s.b.f.s.DefaultListableBeanFactory<ForkJoinPool.commonPool-worker-3>] 
2026-08-19 13:44:39,545 | INFO  | Obtaining singleton bean 'spring.transaction-org.springframework.boot.autoconfigure.transaction.TransactionProperties' in thread "ForkJoinPool.commonPool-worker-3" while other thread holds singleton lock for other beans [jacksonObjectMapper, org.springframework.boot.autoconfigure.web.servlet.WebMvcAutoConfiguration$EnableWebMvcConfiguration, hypermediaWebMvcConfigurer, mvcHandlerMappingIntrospector, org.springframework.security.config.annotation.web.configuration.WebSecurityConfiguration, hypermediaWebMvcConverters, mvcHandlerMappingIntrospectorRequestTransformer] [o.s.b.f.s.DefaultListableBeanFactory<ForkJoinPool.commonPool-worker-3>] 
2026-08-19 13:44:39,682 | INFO  | Global AuthenticationManager configured with AuthenticationProvider bean with name portalAuthenticationManager [o.s.s.c.a.a.c.InitializeAuthenticationProviderBeanManagerConfigurer$InitializeAuthenticationProviderManagerConfigurer<main>] 
2026-08-19 13:44:39,700 | INFO  | Create system application 'Contributions Review' [i.m.a.s.ApplicationCenterInjectService<ForkJoinPool.commonPool-worker-3>] 
2026-08-19 13:44:39,957 | INFO  | Create system application 'Add a post' [i.m.a.s.ApplicationCenterInjectService<ForkJoinPool.commonPool-worker-3>] 
2026-08-19 13:44:40,093 | INFO  | Create system application 'List Spaces' [i.m.a.s.ApplicationCenterInjectService<ForkJoinPool.commonPool-worker-3>] 
2026-08-19 13:44:40,110 | INFO  | Spring context 'app-center' initialized in 19417ms [i.m.s.kernel.PortalApplicationContext<main>] 
2026-08-19 13:44:40,110 | INFO  | Continue Spring context 'gamification-crowdin' initialization [i.m.s.kernel.PortalApplicationContext<main>] 
2026-08-19 13:44:40,211 | INFO  | Create system application 'List favorites' [i.m.a.s.ApplicationCenterInjectService<ForkJoinPool.commonPool-worker-3>] 
2026-08-19 13:44:40,286 | INFO  | Create system application 'Give a Kudos' [i.m.a.s.ApplicationCenterInjectService<ForkJoinPool.commonPool-worker-3>] 
2026-08-19 13:44:41,044 | WARN  | NATIONAL/NCHAR/NVARCHAR implies the character set UTF8MB3, which will be replaced by UTF8MB4 in a future release. Please consider using CHAR(x) CHARACTER SET UTF8MB4 in order to be unambiguous. [liquibase.executor.jvm.JdbcExecutor<main>] 
2026-08-19 13:44:41,044 | WARN  | NATIONAL/NCHAR/NVARCHAR implies the character set UTF8MB3, which will be replaced by UTF8MB4 in a future release. Please consider using CHAR(x) CHARACTER SET UTF8MB4 in order to be unambiguous. [liquibase.executor.jvm.JdbcExecutor<main>] 
2026-08-19 13:44:41,044 | WARN  | NATIONAL/NCHAR/NVARCHAR implies the character set UTF8MB3, which will be replaced by UTF8MB4 in a future release. Please consider using CHAR(x) CHARACTER SET UTF8MB4 in order to be unambiguous. [liquibase.executor.jvm.JdbcExecutor<main>] 
2026-08-19 13:44:41,044 | WARN  | NATIONAL/NCHAR/NVARCHAR implies the character set UTF8MB3, which will be replaced by UTF8MB4 in a future release. Please consider using CHAR(x) CHARACTER SET UTF8MB4 in order to be unambiguous. [liquibase.executor.jvm.JdbcExecutor<main>] 
2026-08-19 13:44:41,468 | INFO  | Global AuthenticationManager configured with AuthenticationProvider bean with name portalAuthenticationManager [o.s.s.c.a.a.c.InitializeAuthenticationProviderBeanManagerConfigurer$InitializeAuthenticationProviderManagerConfigurer<main>] 
2026-08-19 13:44:41,778 | INFO  | Spring context 'gamification-crowdin' initialized in 1668ms [i.m.s.kernel.PortalApplicationContext<main>] 
2026-08-19 13:44:41,778 | INFO  | Continue Spring context 'gamification-evm' initialization [i.m.s.kernel.PortalApplicationContext<main>] 
2026-08-19 13:44:41,948 | WARN  | Due to mysql SQL limitations, modifyDataType will lose primary key/autoincrement/not null/comment settings explicitly redefined in the change. Use <sql> or <modifySql> to re-specify all configuration if this is the case [liquibase.changelog.DatabaseChangeLog<main>] 
2026-08-19 13:44:41,983 | WARN  | Due to mysql SQL limitations, modifyDataType will lose primary key/autoincrement/not null/comment settings explicitly redefined in the change. Use <sql> or <modifySql> to re-specify all configuration if this is the case [liquibase.changelog.DatabaseChangeLog<main>] 
2026-08-19 13:44:42,743 | WARN  | NATIONAL/NCHAR/NVARCHAR implies the character set UTF8MB3, which will be replaced by UTF8MB4 in a future release. Please consider using CHAR(x) CHARACTER SET UTF8MB4 in order to be unambiguous. [liquibase.executor.jvm.JdbcExecutor<main>] 
2026-08-19 13:44:42,743 | WARN  | NATIONAL/NCHAR/NVARCHAR implies the character set UTF8MB3, which will be replaced by UTF8MB4 in a future release. Please consider using CHAR(x) CHARACTER SET UTF8MB4 in order to be unambiguous. [liquibase.executor.jvm.JdbcExecutor<main>] 
2026-08-19 13:44:42,743 | WARN  | NATIONAL/NCHAR/NVARCHAR implies the character set UTF8MB3, which will be replaced by UTF8MB4 in a future release. Please consider using CHAR(x) CHARACTER SET UTF8MB4 in order to be unambiguous. [liquibase.executor.jvm.JdbcExecutor<main>] 
2026-08-19 13:44:42,744 | WARN  | NATIONAL/NCHAR/NVARCHAR implies the character set UTF8MB3, which will be replaced by UTF8MB4 in a future release. Please consider using CHAR(x) CHARACTER SET UTF8MB4 in order to be unambiguous. [liquibase.executor.jvm.JdbcExecutor<main>] 
2026-08-19 13:44:47,933 | WARN  | NATIONAL/NCHAR/NVARCHAR implies the character set UTF8MB3, which will be replaced by UTF8MB4 in a future release. Please consider using CHAR(x) CHARACTER SET UTF8MB4 in order to be unambiguous. [liquibase.executor.jvm.JdbcExecutor<main>] 
2026-08-19 13:44:50,522 | INFO  | Global AuthenticationManager configured with AuthenticationProvider bean with name portalAuthenticationManager [o.s.s.c.a.a.c.InitializeAuthenticationProviderBeanManagerConfigurer$InitializeAuthenticationProviderManagerConfigurer<main>] 
2026-08-19 13:44:50,824 | INFO  | Spring context 'gamification-evm' initialized in 9046ms [i.m.s.kernel.PortalApplicationContext<main>] 
2026-08-19 13:44:50,824 | INFO  | Continue Spring context 'gamification-github' initialization [i.m.s.kernel.PortalApplicationContext<main>] 
2026-08-19 13:44:51,052 | INFO  | Global AuthenticationManager configured with AuthenticationProvider bean with name portalAuthenticationManager [o.s.s.c.a.a.c.InitializeAuthenticationProviderBeanManagerConfigurer$InitializeAuthenticationProviderManagerConfigurer<main>] 
2026-08-19 13:44:51,253 | WARN  | Cache 'social.SpaceCache' seems to have an excessive miss count '2.000' (hits count: '0'), please consider reviewing Max Size '500' and TTL '86.400s' configurations. [o.e.s.c.c.ConcurrentFIFOExoCache<pool-32-thread-1>] 
2026-08-19 13:44:51,444 | INFO  | Spring context 'gamification-github' initialized in 620ms [i.m.s.kernel.PortalApplicationContext<main>] 
2026-08-19 13:44:51,444 | INFO  | Continue Spring context 'gamification-twitter' initialization [i.m.s.kernel.PortalApplicationContext<main>] 
2026-08-19 13:44:52,207 | WARN  | NATIONAL/NCHAR/NVARCHAR implies the character set UTF8MB3, which will be replaced by UTF8MB4 in a future release. Please consider using CHAR(x) CHARACTER SET UTF8MB4 in order to be unambiguous. [liquibase.executor.jvm.JdbcExecutor<main>] 
2026-08-19 13:44:52,207 | WARN  | NATIONAL/NCHAR/NVARCHAR implies the character set UTF8MB3, which will be replaced by UTF8MB4 in a future release. Please consider using CHAR(x) CHARACTER SET UTF8MB4 in order to be unambiguous. [liquibase.executor.jvm.JdbcExecutor<main>] 
2026-08-19 13:44:53,455 | WARN  | NATIONAL/NCHAR/NVARCHAR implies the character set UTF8MB3, which will be replaced by UTF8MB4 in a future release. Please consider using CHAR(x) CHARACTER SET UTF8MB4 in order to be unambiguous. [liquibase.executor.jvm.JdbcExecutor<main>] 
2026-08-19 13:44:54,507 | WARN  | NATIONAL/NCHAR/NVARCHAR implies the character set UTF8MB3, which will be replaced by UTF8MB4 in a future release. Please consider using CHAR(x) CHARACTER SET UTF8MB4 in order to be unambiguous. [liquibase.executor.jvm.JdbcExecutor<main>] 
2026-08-19 13:44:55,362 | WARN  | NATIONAL/NCHAR/NVARCHAR implies the character set UTF8MB3, which will be replaced by UTF8MB4 in a future release. Please consider using CHAR(x) CHARACTER SET UTF8MB4 in order to be unambiguous. [liquibase.executor.jvm.JdbcExecutor<main>] 
2026-08-19 13:44:55,810 | INFO  | Global AuthenticationManager configured with AuthenticationProvider bean with name portalAuthenticationManager [o.s.s.c.a.a.c.InitializeAuthenticationProviderBeanManagerConfigurer$InitializeAuthenticationProviderManagerConfigurer<main>] 
2026-08-19 13:44:56,265 | INFO  | Spring context 'gamification-twitter' initialized in 4821ms [i.m.s.kernel.PortalApplicationContext<main>] 
2026-08-19 13:44:56,265 | INFO  | Continue Spring context 'ide' initialization [i.m.s.kernel.PortalApplicationContext<main>] 
2026-08-19 13:44:56,483 | INFO  | Global AuthenticationManager configured with AuthenticationProvider bean with name portalAuthenticationManager [o.s.s.c.a.a.c.InitializeAuthenticationProviderBeanManagerConfigurer$InitializeAuthenticationProviderManagerConfigurer<main>] 
2026-08-19 13:44:56,766 | INFO  | Spring context 'ide' initialized in 501ms [i.m.s.kernel.PortalApplicationContext<main>] 
2026-08-19 13:44:56,766 | INFO  | Continue Spring context 'pwa' initialization [i.m.s.kernel.PortalApplicationContext<main>] 
2026-08-19 13:44:57,445 | INFO  | PWA Manifest Thumbnail cleared [i.m.pwa.upgrade.PwaManifestImageUpgrade<main>] 
2026-08-19 13:44:57,655 | INFO  | Global AuthenticationManager configured with AuthenticationProvider bean with name portalAuthenticationManager [o.s.s.c.a.a.c.InitializeAuthenticationProviderBeanManagerConfigurer$InitializeAuthenticationProviderManagerConfigurer<main>] 
2026-08-19 13:44:57,990 | INFO  | Spring context 'pwa' initialized in 1224ms [i.m.s.kernel.PortalApplicationContext<main>] 
2026-08-19 13:44:57,990 | INFO  | Continue Spring context 'webdav' initialization [i.m.s.kernel.PortalApplicationContext<main>] 
2026-08-19 13:44:58,027 | INFO  | HikariPool-2 - Starting... [com.zaxxer.hikari.HikariDataSource<main>] 
2026-08-19 13:44:58,056 | INFO  | HikariPool-2 - Driver does not support get/set network timeout for connections. (feature not supported) [com.zaxxer.hikari.pool.PoolBase<main>] 
2026-08-19 13:44:58,057 | INFO  | HikariPool-2 - Added connection org.hsqldb.jdbc.JDBCConnection@5d0e01e6 [com.zaxxer.hikari.pool.HikariPool<main>] 
2026-08-19 13:44:58,057 | INFO  | HikariPool-2 - Start completed. [com.zaxxer.hikari.HikariDataSource<main>] 
2026-08-19 13:44:58,087 | INFO  | No LoadTimeWeaver setup: ignoring JPA class transformer [o.s.o.j.p.SpringPersistenceUnitInfo<main>] 
2026-08-19 13:44:58,116 | INFO  | Initialized JPA EntityManagerFactory for persistence unit 'default' [o.s.o.j.LocalContainerEntityManagerFactoryBean<main>] 
2026-08-19 13:44:58,321 | INFO  | Global AuthenticationManager configured with AuthenticationProvider bean with name authenticationManager [o.s.s.c.a.a.c.InitializeAuthenticationProviderBeanManagerConfigurer$InitializeAuthenticationProviderManagerConfigurer<main>] 
2026-08-19 13:44:58,687 | INFO  | Spring context 'webdav' initialized in 697ms [i.m.s.kernel.PortalApplicationContext<main>] 
2026-08-19 13:44:58,687 | INFO  | Continue Spring context 'mcp-server' initialization [i.m.s.kernel.PortalApplicationContext<main>] 
2026-08-19 13:44:59,756 | INFO  | Local Server HTTP URL: http://127.0.0.1:8080 [i.m.m.s.service.ServerAddressInfoService<main>] 
2026-08-19 13:45:00,001 | INFO  | Start treating GroupSpaceBinding queue [o.e.s.c.b.job.QueueGroupSpaceBindingJob<ExoScheduler_Worker-4>] 
2026-08-19 13:45:00,004 | INFO  | No GroupSpaceBindingQueue or UserBindingsQueue to process [o.e.s.c.b.job.QueueGroupSpaceBindingJob<ExoScheduler_Worker-4>] 
2026-08-19 13:45:00,004 | INFO  | End treating GroupSpaceBinding queue [o.e.s.c.b.job.QueueGroupSpaceBindingJob<ExoScheduler_Worker-4>] 
2026-08-19 13:45:00,375 | INFO  | Retrieved ToolCallbacks: 76 [i.m.m.s.s.McpToolCallbackProviderService<main>] 
2026-08-19 13:45:00,502 | INFO  | Enable tools capabilities, notification: true [o.s.a.m.s.c.a.McpServerAutoConfiguration<main>] 
2026-08-19 13:45:00,504 | INFO  | Registered tools: 76 [o.s.a.m.s.c.a.McpServerAutoConfiguration<main>] 
2026-08-19 13:45:00,665 | INFO  | Retrieved ToolCallbacks: 76 [i.m.m.s.s.McpToolCallbackProviderService<main>] 
2026-08-19 13:45:00,998 | INFO  | Spring context 'mcp-server' initialized in 2311ms [i.m.s.kernel.PortalApplicationContext<main>] 
2026-08-19 13:45:00,998 | INFO  | Continue Spring context 'matrix' initialization [i.m.s.kernel.PortalApplicationContext<main>] 
2026-08-19 13:45:01,244 | INFO  | Global AuthenticationManager configured with AuthenticationProvider bean with name portalAuthenticationManager [o.s.s.c.a.a.c.InitializeAuthenticationProviderBeanManagerConfigurer$InitializeAuthenticationProviderManagerConfigurer<main>] 
2026-08-19 13:45:01,743 | INFO  | Spring context 'matrix' initialized in 745ms [i.m.s.kernel.PortalApplicationContext<main>] 
2026-08-19 13:45:01,749 | INFO  | Start upgrade of pages with application references 'exoadmin/Branding' to use application 'social/Branding' [o.exoplatform.migration.PagesMigration<pool-25-thread-19>] 
2026-08-19 13:45:01,749 | INFO  | START:: spaces anonymously accessible documents [o.e.u.RemoveAnyPermissionUpgradePlugin<pool-25-thread-18>] 
2026-08-19 13:45:01,751 | INFO  | End upgrade of '0' pages with application references 'exoadmin/Branding' to use application 'social/Branding'. It took 2 ms [o.exoplatform.migration.PagesMigration<pool-25-thread-19>] 
2026-08-19 13:45:01,751 | INFO  | Start upgrade of pages with application references 'unified-search/UnifiedsearchPortlet' to use application 'legacy-social/Blank' [o.exoplatform.migration.PagesMigration<pool-25-thread-20>] 
2026-08-19 13:45:01,752 | INFO  | Start upgrade of pages with application references 'Branding' to use application 'social/Branding' [o.exoplatform.migration.PagesMigration<pool-25-thread-19>] 
2026-08-19 13:45:01,753 | INFO  | End upgrade of '0' pages with application references 'Branding' to use application 'social/Branding'. It took 4 ms [o.exoplatform.migration.PagesMigration<pool-25-thread-19>] 
2026-08-19 13:45:01,754 | INFO  | End upgrade of '0' pages with application references 'unified-search/UnifiedsearchPortlet' to use application 'legacy-social/Blank'. It took 2 ms [o.exoplatform.migration.PagesMigration<pool-25-thread-20>] 
2026-08-19 13:45:01,754 | INFO  | Start upgrade of pages with application references 'unified-search/QuicksearchPortlet' to use application 'legacy-social/Blank' [o.exoplatform.migration.PagesMigration<pool-25-thread-20>] 
2026-08-19 13:45:01,754 | INFO  | Start upgrade of pages with profiles 'news' to use profiles 'content' [o.e.m.PortalPagesProfilesMigration<pool-25-thread-21>] 
2026-08-19 13:45:01,754 | INFO  | Start:: Upgrade of 'settings' page of spaces to be accessible to managers only [i.m.s.u.SpaceSettingPermissionUpgradePlugin<pool-25-thread-22>] 
2026-08-19 13:45:01,755 | INFO  | End upgrade of '0' pages with application references 'unified-search/QuicksearchPortlet' to use application 'legacy-social/Blank'. It took 4 ms [o.exoplatform.migration.PagesMigration<pool-25-thread-20>] 
2026-08-19 13:45:01,756 | INFO  | Start upgrade of pages with application references 'NotificationSettingsPortlet' to use application 'social/UserSettingNotifications' [o.exoplatform.migration.PagesMigration<pool-25-thread-20>] 
2026-08-19 13:45:01,756 | INFO  | Start:: Upgrade Categories link permissions [i.m.s.c.p.CategoryLinkPermissionsUpgradePlugin<pool-25-thread-24>] 
2026-08-19 13:45:01,756 | INFO  | Start upgrade process to add external info in gatein user profile [o.e.m.UserSetExternalInGateinPortal<pool-25-thread-23>] 
2026-08-19 13:45:01,759 | INFO  | End:: Upgrade Categories link permissions: 0 successes. [i.m.s.c.p.CategoryLinkPermissionsUpgradePlugin<pool-25-thread-24>] 
2026-08-19 13:45:01,760 | INFO  | Start Upgrade:: Remove profile properties [i.m.s.u.RemoveProfilePropertyUpgradePlugin<pool-25-thread-25>] 
2026-08-19 13:45:01,761 | INFO  | End upgrade of '0' pages with profiles 'news' to use profiles 'content'. It took 7 ms [o.e.m.PortalPagesProfilesMigration<pool-25-thread-21>] 
2026-08-19 13:45:01,759 | INFO  | End upgrade of '0' pages with application references 'NotificationSettingsPortlet' to use application 'social/UserSettingNotifications'. It took 8 ms [o.exoplatform.migration.PagesMigration<pool-25-thread-20>] 
2026-08-19 13:45:01,762 | INFO  | Start upgrade of pages with application references 'social-juzu/NotificationSettingsPortlet' to use application 'social/UserSettingNotifications' [o.exoplatform.migration.PagesMigration<pool-25-thread-20>] 
2026-08-19 13:45:01,763 | INFO  | Profile property phones.work does not exist, nothing to remove. [i.m.s.u.RemoveProfilePropertyUpgradePlugin<pool-25-thread-25>] 
2026-08-19 13:45:01,764 | INFO  | Profile property phones.home does not exist, nothing to remove. [i.m.s.u.RemoveProfilePropertyUpgradePlugin<pool-25-thread-25>] 
2026-08-19 13:45:01,771 | INFO  | Start:: Update Space Home Page banner content id [i.m.l.p.u.SpaceBannerHomePageUpgradePlugin<pool-25-thread-27>] 
2026-08-19 13:45:01,775 | INFO  | Profile property phones.other does not exist, nothing to remove. [i.m.s.u.RemoveProfilePropertyUpgradePlugin<pool-25-thread-25>] 
2026-08-19 13:45:01,781 | INFO  | Start:: Remove the profile property MatrixId [i.m.c.u.RemoveProfilePropertyUpgradePlugin<pool-25-thread-26>] 
2026-08-19 13:45:01,784 | INFO  | Profile property ims.facebook does not exist, nothing to remove. [i.m.s.u.RemoveProfilePropertyUpgradePlugin<pool-25-thread-25>] 
2026-08-19 13:45:01,786 | INFO  | End upgrade of '0' pages with application references 'social-juzu/NotificationSettingsPortlet' to use application 'social/UserSettingNotifications'. It took 35 ms [o.exoplatform.migration.PagesMigration<pool-25-thread-20>] 
2026-08-19 13:45:01,789 | INFO  | Start upgrade of pages with application references 'ConnectionsPortlet' to use application 'social/PeopleList' [o.exoplatform.migration.PagesMigration<pool-25-thread-20>] 
2026-08-19 13:45:01,790 | INFO  | Profile property ims.msn does not exist, nothing to remove. [i.m.s.u.RemoveProfilePropertyUpgradePlugin<pool-25-thread-25>] 
2026-08-19 13:45:01,792 | INFO  | End upgrade of '0' pages with application references 'ConnectionsPortlet' to use application 'social/PeopleList'. It took 41 ms [o.exoplatform.migration.PagesMigration<pool-25-thread-20>] 
2026-08-19 13:45:01,794 | INFO  | Profile property ims.jitsi does not exist, nothing to remove. [i.m.s.u.RemoveProfilePropertyUpgradePlugin<pool-25-thread-25>] 
2026-08-19 13:45:01,794 | INFO  | Upgrade of plugin BrandingAdminPageUpgradePlugin completed. [o.e.c.upgrade.UpgradeProductService<pool-25-thread-19>] 
2026-08-19 13:45:01,795 | INFO  | Upgrade of plugin ContentPagesProfilesUpgradePlugin completed. [o.e.c.upgrade.UpgradeProductService<pool-25-thread-21>] 
2026-08-19 13:45:01,795 | INFO  | Upgrade of plugin CategoryLinkPermissionsUpgrade124 completed. [o.e.c.upgrade.UpgradeProductService<pool-25-thread-24>] 
2026-08-19 13:45:01,796 | INFO  | Start upgrade of pages with application references 'SocialUserToolBarGroupPortlet' to use application 'legacy-social/Blank' [o.exoplatform.migration.PagesMigration<pool-25-thread-20>] 
2026-08-19 13:45:01,796 | INFO  | Profile property ims.skype does not exist, nothing to remove. [i.m.s.u.RemoveProfilePropertyUpgradePlugin<pool-25-thread-25>] 
2026-08-19 13:45:01,798 | INFO  | Start:: Upgrade Application ContentId SpaceBannerHomePageUpdateContentId [i.m.l.p.u.LayoutApplicationReferenceUpgradePlugin<pool-25-thread-27>] 
2026-08-19 13:45:01,798 | INFO  | Profile property ims.other does not exist, nothing to remove. [i.m.s.u.RemoveProfilePropertyUpgradePlugin<pool-25-thread-25>] 
2026-08-19 13:45:01,800 | INFO  | Profile property phones does not exist, nothing to remove. [i.m.s.u.RemoveProfilePropertyUpgradePlugin<pool-25-thread-25>] 
2026-08-19 13:45:01,799 | INFO  | End upgrade of '0' pages with application references 'SocialUserToolBarGroupPortlet' to use application 'legacy-social/Blank'. It took 48 ms [o.exoplatform.migration.PagesMigration<pool-25-thread-20>] 
2026-08-19 13:45:01,802 | INFO  | Profile property ims does not exist, nothing to remove. [i.m.s.u.RemoveProfilePropertyUpgradePlugin<pool-25-thread-25>] 
2026-08-19 13:45:01,803 | INFO  | End Upgrade:: 0 profile properties removed. It took 43 ms [i.m.s.u.RemoveProfilePropertyUpgradePlugin<pool-25-thread-25>] 
2026-08-19 13:45:01,805 | INFO  | Start upgrade of pages with application references 'social/ConnectionsPortlet' to use application 'social/PeopleList' [o.exoplatform.migration.PagesMigration<pool-25-thread-20>] 
2026-08-19 13:45:01,808 | INFO  | End upgrade of '0' pages with application references 'social/ConnectionsPortlet' to use application 'social/PeopleList'. It took 57 ms [o.exoplatform.migration.PagesMigration<pool-25-thread-20>] 
2026-08-19 13:45:01,809 | INFO  | Start upgrade of pages with application references 'social/SocialDemoHomePagePortlet' to use application 'legacy-social/Blank' [o.exoplatform.migration.PagesMigration<pool-25-thread-20>] 
2026-08-19 13:45:01,814 | INFO  | End upgrade of '0' pages with application references 'social/SocialDemoHomePagePortlet' to use application 'legacy-social/Blank'. It took 63 ms [o.exoplatform.migration.PagesMigration<pool-25-thread-20>] 
2026-08-19 13:45:01,815 | INFO  | Start upgrade of pages with application references 'social/SocialUserToolBarGroupPortlet' to use application 'legacy-social/Blank' [o.exoplatform.migration.PagesMigration<pool-25-thread-20>] 
2026-08-19 13:45:01,815 | INFO  | End:: Upgrade Application ContentId SpaceBannerHomePageUpdateContentId in 17 ms [i.m.l.p.u.LayoutApplicationReferenceUpgradePlugin<pool-25-thread-27>] 
2026-08-19 13:45:01,815 | INFO  | End:: Update Space Home Page banner content id in 44 ms [i.m.l.p.u.SpaceBannerHomePageUpgradePlugin<pool-25-thread-27>] 
2026-08-19 13:45:01,817 | INFO  | End upgrade of '0' pages with application references 'social/SocialUserToolBarGroupPortlet' to use application 'legacy-social/Blank'. It took 66 ms [o.exoplatform.migration.PagesMigration<pool-25-thread-20>] 
2026-08-19 13:45:01,818 | INFO  | Number of users to update : 0 [o.e.m.UserSetExternalInGateinPortal<pool-25-thread-23>] 
2026-08-19 13:45:01,819 | INFO  | Start upgrade of pages with application references 'unified-search/SearchAdministrationPortlet' to use application 'legacy-social/Blank' [o.exoplatform.migration.PagesMigration<pool-25-thread-20>] 
2026-08-19 13:45:01,823 | INFO  | End upgrade of '0' pages with application references 'unified-search/SearchAdministrationPortlet' to use application 'legacy-social/Blank'. It took 72 ms [o.exoplatform.migration.PagesMigration<pool-25-thread-20>] 
2026-08-19 13:45:01,824 | INFO  | End:: Upgrade of 0 space pages finished successfully. It tooks 69 ms [i.m.s.u.SpaceSettingPermissionUpgradePlugin<pool-25-thread-22>] 
2026-08-19 13:45:01,824 | INFO  | Start upgrade of pages with application references 'social/SpacesToolbarPortlet' to use application 'legacy-social/Blank' [o.exoplatform.migration.PagesMigration<pool-25-thread-20>] 
2026-08-19 13:45:01,827 | INFO  | End upgrade of '0' pages with application references 'social/SpacesToolbarPortlet' to use application 'legacy-social/Blank'. It took 75 ms [o.exoplatform.migration.PagesMigration<pool-25-thread-20>] 
2026-08-19 13:45:01,828 | INFO  | Start upgrade of pages with application references 'social/HomeSpacePortlet' to use application 'legacy-social/Blank' [o.exoplatform.migration.PagesMigration<pool-25-thread-20>] 
2026-08-19 13:45:01,830 | INFO  | End upgrade of '0' pages with application references 'social/HomeSpacePortlet' to use application 'legacy-social/Blank'. It took 79 ms [o.exoplatform.migration.PagesMigration<pool-25-thread-20>] 
2026-08-19 13:45:01,831 | INFO  | Start upgrade of pages with application references 'UnifiedsearchPortlet' to use application 'legacy-social/Blank' [o.exoplatform.migration.PagesMigration<pool-25-thread-20>] 
2026-08-19 13:45:01,834 | INFO  | End upgrade of '0' pages with application references 'UnifiedsearchPortlet' to use application 'legacy-social/Blank'. It took 83 ms [o.exoplatform.migration.PagesMigration<pool-25-thread-20>] 
2026-08-19 13:45:01,835 | INFO  | Start upgrade of pages with application references 'social/EditUserProfilePortlet' to use application 'legacy-social/Blank' [o.exoplatform.migration.PagesMigration<pool-25-thread-20>] 
2026-08-19 13:45:01,838 | INFO  | End upgrade of '0' pages with application references 'social/EditUserProfilePortlet' to use application 'legacy-social/Blank'. It took 87 ms [o.exoplatform.migration.PagesMigration<pool-25-thread-20>] 
2026-08-19 13:45:01,840 | INFO  | Start upgrade of pages with application references 'SocialDemoHomePagePortlet' to use application 'legacy-social/Blank' [o.exoplatform.migration.PagesMigration<pool-25-thread-20>] 
2026-08-19 13:45:01,844 | INFO  | End upgrade of '0' pages with application references 'SocialDemoHomePagePortlet' to use application 'legacy-social/Blank'. It took 93 ms [o.exoplatform.migration.PagesMigration<pool-25-thread-20>] 
2026-08-19 13:45:01,844 | INFO  | Start upgrade of pages with application references 'UserProfilePortlet' to use application 'legacy-social/Blank' [o.exoplatform.migration.PagesMigration<pool-25-thread-20>] 
2026-08-19 13:45:01,852 | INFO  | PROGRESS:: anonymously accessible documents migration: Total: 0, Processed: 0, Errors: 0 within 102 ms [o.e.u.RemoveAnyPermissionUpgradePlugin<pool-25-thread-18>] 
2026-08-19 13:45:01,854 | INFO  | End upgrade of '0' pages with application references 'UserProfilePortlet' to use application 'legacy-social/Blank'. It took 103 ms [o.exoplatform.migration.PagesMigration<pool-25-thread-20>] 
2026-08-19 13:45:01,856 | INFO  | END:: spaces anonymously accessible documents migration: Total: 0, Processed: 0, Errors: 0 within 106 ms [o.e.u.RemoveAnyPermissionUpgradePlugin<pool-25-thread-18>] 
2026-08-19 13:45:01,857 | INFO  | Start upgrade of pages with application references 'InvitationSpacesPortlet' to use application 'social/SpacesList' [o.exoplatform.migration.PagesMigration<pool-25-thread-20>] 
2026-08-19 13:45:01,858 | INFO  | End upgrade of '0' pages with application references 'InvitationSpacesPortlet' to use application 'social/SpacesList'. It took 107 ms [o.exoplatform.migration.PagesMigration<pool-25-thread-20>] 
2026-08-19 13:45:01,861 | INFO  | Start upgrade of pages with application references 'social/UIUserNavigationPortlet' to use application 'legacy-social/Blank' [o.exoplatform.migration.PagesMigration<pool-25-thread-20>] 
2026-08-19 13:45:01,862 | INFO  | Upgrade of plugin SpaceBannerHomePageUpdateContentId completed. [o.e.c.upgrade.UpgradeProductService<pool-25-thread-27>] 
2026-08-19 13:45:01,862 | INFO  | Upgrade of plugin MatrixRemoveProfileProperty completed. [o.e.c.upgrade.UpgradeProductService<pool-25-thread-26>] 
2026-08-19 13:45:01,863 | INFO  | Upgrade of plugin RemoveProfilePropertyUpgradePlugin completed. [o.e.c.upgrade.UpgradeProductService<pool-25-thread-25>] 
2026-08-19 13:45:01,863 | INFO  | Upgrade of plugin ExternalUserUpgradePluginV1 completed. [o.e.c.upgrade.UpgradeProductService<pool-25-thread-23>] 
2026-08-19 13:45:01,863 | INFO  | Upgrade of plugin SpaceSettingPermissionUpgradePlugin completed. [o.e.c.upgrade.UpgradeProductService<pool-25-thread-22>] 
2026-08-19 13:45:01,863 | INFO  | End upgrade of '0' pages with application references 'social/UIUserNavigationPortlet' to use application 'legacy-social/Blank'. It took 112 ms [o.exoplatform.migration.PagesMigration<pool-25-thread-20>] 
2026-08-19 13:45:01,866 | INFO  | Start upgrade of pages with application references 'ConnectionsNavigationPortlet' to use application 'social/PeopleList' [o.exoplatform.migration.PagesMigration<pool-25-thread-20>] 
2026-08-19 13:45:01,868 | INFO  | End upgrade of '0' pages with application references 'ConnectionsNavigationPortlet' to use application 'social/PeopleList'. It took 117 ms [o.exoplatform.migration.PagesMigration<pool-25-thread-20>] 
2026-08-19 13:45:01,869 | INFO  | Start upgrade of pages with application references 'PeoplePortlet' to use application 'social/PeopleList' [o.exoplatform.migration.PagesMigration<pool-25-thread-20>] 
2026-08-19 13:45:01,870 | INFO  | End upgrade of '0' pages with application references 'PeoplePortlet' to use application 'social/PeopleList'. It took 119 ms [o.exoplatform.migration.PagesMigration<pool-25-thread-20>] 
2026-08-19 13:45:01,871 | INFO  | Start upgrade of pages with application references 'social/PeoplePortlet' to use application 'social/PeopleList' [o.exoplatform.migration.PagesMigration<pool-25-thread-20>] 
2026-08-19 13:45:01,872 | INFO  | End upgrade of '0' pages with application references 'social/PeoplePortlet' to use application 'social/PeopleList'. It took 121 ms [o.exoplatform.migration.PagesMigration<pool-25-thread-20>] 
2026-08-19 13:45:01,873 | INFO  | Start upgrade of pages with application references 'MySpacesPortlet' to use application 'social/SpacesList' [o.exoplatform.migration.PagesMigration<pool-25-thread-20>] 
2026-08-19 13:45:01,874 | INFO  | End upgrade of '0' pages with application references 'MySpacesPortlet' to use application 'social/SpacesList'. It took 123 ms [o.exoplatform.migration.PagesMigration<pool-25-thread-20>] 
2026-08-19 13:45:01,876 | INFO  | Start upgrade of pages with application references 'MyConnectionsNavigationPortlet' to use application 'legacy-social/Blank' [o.exoplatform.migration.PagesMigration<pool-25-thread-20>] 
2026-08-19 13:45:01,878 | INFO  | End upgrade of '0' pages with application references 'MyConnectionsNavigationPortlet' to use application 'legacy-social/Blank'. It took 127 ms [o.exoplatform.migration.PagesMigration<pool-25-thread-20>] 
2026-08-19 13:45:01,879 | INFO  | Start upgrade of pages with application references 'social/SocialNavigationPortlet' to use application 'legacy-social/Blank' [o.exoplatform.migration.PagesMigration<pool-25-thread-20>] 
2026-08-19 13:45:01,880 | INFO  | End upgrade of '0' pages with application references 'social/SocialNavigationPortlet' to use application 'legacy-social/Blank'. It took 129 ms [o.exoplatform.migration.PagesMigration<pool-25-thread-20>] 
2026-08-19 13:45:01,880 | INFO  | Start upgrade of pages with application references 'ProfileNavigationPortlet' to use application 'legacy-social/Blank' [o.exoplatform.migration.PagesMigration<pool-25-thread-20>] 
2026-08-19 13:45:01,882 | INFO  | End upgrade of '0' pages with application references 'ProfileNavigationPortlet' to use application 'legacy-social/Blank'. It took 131 ms [o.exoplatform.migration.PagesMigration<pool-25-thread-20>] 
2026-08-19 13:45:01,883 | INFO  | Start upgrade of pages with application references 'social/SocialFooterPortlet' to use application 'legacy-social/Blank' [o.exoplatform.migration.PagesMigration<pool-25-thread-20>] 
2026-08-19 13:45:01,884 | INFO  | End upgrade of '0' pages with application references 'social/SocialFooterPortlet' to use application 'legacy-social/Blank'. It took 133 ms [o.exoplatform.migration.PagesMigration<pool-25-thread-20>] 
2026-08-19 13:45:01,885 | INFO  | Start upgrade of pages with application references 'social/ConnectionsNavigationPortlet' to use application 'social/PeopleList' [o.exoplatform.migration.PagesMigration<pool-25-thread-20>] 
2026-08-19 13:45:01,886 | INFO  | End upgrade of '0' pages with application references 'social/ConnectionsNavigationPortlet' to use application 'social/PeopleList'. It took 135 ms [o.exoplatform.migration.PagesMigration<pool-25-thread-20>] 
2026-08-19 13:45:01,888 | INFO  | Start upgrade of pages with application references 'social/StatusProfilePortlet' to use application 'legacy-social/Blank' [o.exoplatform.migration.PagesMigration<pool-25-thread-20>] 
2026-08-19 13:45:01,890 | INFO  | End upgrade of '0' pages with application references 'social/StatusProfilePortlet' to use application 'legacy-social/Blank'. It took 139 ms [o.exoplatform.migration.PagesMigration<pool-25-thread-20>] 
2026-08-19 13:45:01,890 | INFO  | Start upgrade of pages with application references 'QuicksearchPortlet' to use application 'legacy-social/Blank' [o.exoplatform.migration.PagesMigration<pool-25-thread-20>] 
2026-08-19 13:45:01,892 | INFO  | End upgrade of '0' pages with application references 'QuicksearchPortlet' to use application 'legacy-social/Blank'. It took 141 ms [o.exoplatform.migration.PagesMigration<pool-25-thread-20>] 
2026-08-19 13:45:01,892 | INFO  | Start upgrade of pages with application references 'social/SocialLogoPortlet' to use application 'legacy-social/Blank' [o.exoplatform.migration.PagesMigration<pool-25-thread-20>] 
2026-08-19 13:45:01,894 | INFO  | End upgrade of '0' pages with application references 'social/SocialLogoPortlet' to use application 'legacy-social/Blank'. It took 143 ms [o.exoplatform.migration.PagesMigration<pool-25-thread-20>] 
2026-08-19 13:45:01,895 | INFO  | Start upgrade of pages with application references 'ExperienceProfilePortlet' to use application 'legacy-social/Blank' [o.exoplatform.migration.PagesMigration<pool-25-thread-20>] 
2026-08-19 13:45:01,896 | INFO  | End upgrade of '0' pages with application references 'ExperienceProfilePortlet' to use application 'legacy-social/Blank'. It took 145 ms [o.exoplatform.migration.PagesMigration<pool-25-thread-20>] 
2026-08-19 13:45:01,897 | INFO  | Start upgrade of pages with application references 'InvitationsPortlet' to use application 'social/PeopleList' [o.exoplatform.migration.PagesMigration<pool-25-thread-20>] 
2026-08-19 13:45:01,898 | INFO  | End upgrade of '0' pages with application references 'InvitationsPortlet' to use application 'social/PeopleList'. It took 147 ms [o.exoplatform.migration.PagesMigration<pool-25-thread-20>] 
2026-08-19 13:45:01,899 | INFO  | Start upgrade of pages with application references 'Invitations' to use application 'legacy-social/Blank' [o.exoplatform.migration.PagesMigration<pool-25-thread-20>] 
2026-08-19 13:45:01,900 | INFO  | End upgrade of '0' pages with application references 'Invitations' to use application 'legacy-social/Blank'. It took 149 ms [o.exoplatform.migration.PagesMigration<pool-25-thread-20>] 
2026-08-19 13:45:01,900 | INFO  | Start upgrade of pages with application references 'ActionProfilePortlet' to use application 'legacy-social/Blank' [o.exoplatform.migration.PagesMigration<pool-25-thread-20>] 
2026-08-19 13:45:01,902 | INFO  | End upgrade of '0' pages with application references 'ActionProfilePortlet' to use application 'legacy-social/Blank'. It took 151 ms [o.exoplatform.migration.PagesMigration<pool-25-thread-20>] 
2026-08-19 13:45:01,902 | INFO  | Start upgrade of pages with application references 'social/RecentActivitiesPortlet' to use application 'legacy-social/Blank' [o.exoplatform.migration.PagesMigration<pool-25-thread-20>] 
2026-08-19 13:45:01,904 | INFO  | End upgrade of '0' pages with application references 'social/RecentActivitiesPortlet' to use application 'legacy-social/Blank'. It took 153 ms [o.exoplatform.migration.PagesMigration<pool-25-thread-20>] 
2026-08-19 13:45:01,904 | INFO  | Start upgrade of pages with application references 'social/ProfileNavigationPortlet' to use application 'legacy-social/Blank' [o.exoplatform.migration.PagesMigration<pool-25-thread-20>] 
2026-08-19 13:45:01,906 | INFO  | End upgrade of '0' pages with application references 'social/ProfileNavigationPortlet' to use application 'legacy-social/Blank'. It took 155 ms [o.exoplatform.migration.PagesMigration<pool-25-thread-20>] 
2026-08-19 13:45:01,906 | INFO  | Start upgrade of pages with application references 'social-juzu/Invitations' to use application 'legacy-social/Blank' [o.exoplatform.migration.PagesMigration<pool-25-thread-20>] 
2026-08-19 13:45:01,907 | INFO  | End upgrade of '0' pages with application references 'social-juzu/Invitations' to use application 'legacy-social/Blank'. It took 156 ms [o.exoplatform.migration.PagesMigration<pool-25-thread-20>] 
2026-08-19 13:45:01,908 | INFO  | Start upgrade of pages with application references 'social/RequestsPortlet' to use application 'social/PeopleList' [o.exoplatform.migration.PagesMigration<pool-25-thread-20>] 
2026-08-19 13:45:01,909 | INFO  | End upgrade of '0' pages with application references 'social/RequestsPortlet' to use application 'social/PeopleList'. It took 158 ms [o.exoplatform.migration.PagesMigration<pool-25-thread-20>] 
2026-08-19 13:45:01,910 | INFO  | Start upgrade of pages with application references 'social/UISpaceNavigationPortlet' to use application 'legacy-social/Blank' [o.exoplatform.migration.PagesMigration<pool-25-thread-20>] 
2026-08-19 13:45:01,911 | INFO  | End upgrade of '0' pages with application references 'social/UISpaceNavigationPortlet' to use application 'legacy-social/Blank'. It took 160 ms [o.exoplatform.migration.PagesMigration<pool-25-thread-20>] 
2026-08-19 13:45:01,911 | INFO  | Start upgrade of pages with application references 'social/ExperienceProfilePortlet' to use application 'legacy-social/Blank' [o.exoplatform.migration.PagesMigration<pool-25-thread-20>] 
2026-08-19 13:45:01,912 | INFO  | End upgrade of '0' pages with application references 'social/ExperienceProfilePortlet' to use application 'legacy-social/Blank'. It took 161 ms [o.exoplatform.migration.PagesMigration<pool-25-thread-20>] 
2026-08-19 13:45:01,913 | INFO  | Start upgrade of pages with application references 'ProfilePortlet' to use application 'legacy-social/Blank' [o.exoplatform.migration.PagesMigration<pool-25-thread-20>] 
2026-08-19 13:45:01,914 | INFO  | End upgrade of '0' pages with application references 'ProfilePortlet' to use application 'legacy-social/Blank'. It took 163 ms [o.exoplatform.migration.PagesMigration<pool-25-thread-20>] 
2026-08-19 13:45:01,914 | INFO  | Start upgrade of pages with application references 'social/InvitationsPortlet' to use application 'social/PeopleList' [o.exoplatform.migration.PagesMigration<pool-25-thread-20>] 
2026-08-19 13:45:01,916 | INFO  | End upgrade of '0' pages with application references 'social/InvitationsPortlet' to use application 'social/PeopleList'. It took 165 ms [o.exoplatform.migration.PagesMigration<pool-25-thread-20>] 
2026-08-19 13:45:01,916 | INFO  | Start upgrade of pages with application references 'social/SocialBannerPortlet' to use application 'legacy-social/Blank' [o.exoplatform.migration.PagesMigration<pool-25-thread-20>] 
2026-08-19 13:45:01,917 | INFO  | End upgrade of '0' pages with application references 'social/SocialBannerPortlet' to use application 'legacy-social/Blank'. It took 166 ms [o.exoplatform.migration.PagesMigration<pool-25-thread-20>] 
2026-08-19 13:45:01,918 | INFO  | Start upgrade of pages with application references 'social/UserProfileToolBarPortlet' to use application 'legacy-social/Blank' [o.exoplatform.migration.PagesMigration<pool-25-thread-20>] 
2026-08-19 13:45:01,919 | INFO  | End upgrade of '0' pages with application references 'social/UserProfileToolBarPortlet' to use application 'legacy-social/Blank'. It took 168 ms [o.exoplatform.migration.PagesMigration<pool-25-thread-20>] 
2026-08-19 13:45:01,919 | INFO  | Start upgrade of pages with application references 'SearchAdministrationPortlet' to use application 'legacy-social/Blank' [o.exoplatform.migration.PagesMigration<pool-25-thread-20>] 
2026-08-19 13:45:01,920 | INFO  | End upgrade of '0' pages with application references 'SearchAdministrationPortlet' to use application 'legacy-social/Blank'. It took 169 ms [o.exoplatform.migration.PagesMigration<pool-25-thread-20>] 
2026-08-19 13:45:01,921 | INFO  | Start upgrade of pages with application references 'social/ProfilePortlet' to use application 'legacy-social/Blank' [o.exoplatform.migration.PagesMigration<pool-25-thread-20>] 
2026-08-19 13:45:01,922 | INFO  | End upgrade of '0' pages with application references 'social/ProfilePortlet' to use application 'legacy-social/Blank'. It took 171 ms [o.exoplatform.migration.PagesMigration<pool-25-thread-20>] 
2026-08-19 13:45:01,922 | INFO  | Start upgrade of pages with application references 'social/MySpacesPortlet' to use application 'social/SpacesList' [o.exoplatform.migration.PagesMigration<pool-25-thread-20>] 
2026-08-19 13:45:01,923 | INFO  | End upgrade of '0' pages with application references 'social/MySpacesPortlet' to use application 'social/SpacesList'. It took 172 ms [o.exoplatform.migration.PagesMigration<pool-25-thread-20>] 
2026-08-19 13:45:01,924 | INFO  | Start upgrade of pages with application references 'social/SocialExtensionLogoPortlet' to use application 'legacy-social/Blank' [o.exoplatform.migration.PagesMigration<pool-25-thread-20>] 
2026-08-19 13:45:01,925 | INFO  | End upgrade of '0' pages with application references 'social/SocialExtensionLogoPortlet' to use application 'legacy-social/Blank'. It took 174 ms [o.exoplatform.migration.PagesMigration<pool-25-thread-20>] 
2026-08-19 13:45:01,925 | INFO  | Start upgrade of pages with application references 'social/SocialExtensionHomePagePortlet' to use application 'legacy-social/Blank' [o.exoplatform.migration.PagesMigration<pool-25-thread-20>] 
2026-08-19 13:45:01,926 | INFO  | End upgrade of '0' pages with application references 'social/SocialExtensionHomePagePortlet' to use application 'legacy-social/Blank'. It took 175 ms [o.exoplatform.migration.PagesMigration<pool-25-thread-20>] 
2026-08-19 13:45:01,927 | INFO  | Start upgrade of pages with application references 'social/MyConnectionsNavigationPortlet' to use application 'legacy-social/Blank' [o.exoplatform.migration.PagesMigration<pool-25-thread-20>] 
2026-08-19 13:45:01,928 | INFO  | End upgrade of '0' pages with application references 'social/MyConnectionsNavigationPortlet' to use application 'legacy-social/Blank'. It took 177 ms [o.exoplatform.migration.PagesMigration<pool-25-thread-20>] 
2026-08-19 13:45:01,928 | INFO  | Start upgrade of pages with application references 'HomeSpacePortlet' to use application 'legacy-social/Blank' [o.exoplatform.migration.PagesMigration<pool-25-thread-20>] 
2026-08-19 13:45:01,929 | INFO  | End upgrade of '0' pages with application references 'HomeSpacePortlet' to use application 'legacy-social/Blank'. It took 178 ms [o.exoplatform.migration.PagesMigration<pool-25-thread-20>] 
2026-08-19 13:45:01,930 | INFO  | Start upgrade of pages with application references 'MiniConnectionsPortlet' to use application 'legacy-social/Blank' [o.exoplatform.migration.PagesMigration<pool-25-thread-20>] 
2026-08-19 13:45:01,931 | INFO  | End upgrade of '0' pages with application references 'MiniConnectionsPortlet' to use application 'legacy-social/Blank'. It took 180 ms [o.exoplatform.migration.PagesMigration<pool-25-thread-20>] 
2026-08-19 13:45:01,931 | INFO  | Start upgrade of pages with application references 'social/UserProfilePortlet' to use application 'legacy-social/Blank' [o.exoplatform.migration.PagesMigration<pool-25-thread-20>] 
2026-08-19 13:45:01,932 | INFO  | End upgrade of '0' pages with application references 'social/UserProfilePortlet' to use application 'legacy-social/Blank'. It took 181 ms [o.exoplatform.migration.PagesMigration<pool-25-thread-20>] 
2026-08-19 13:45:01,933 | INFO  | Start upgrade of pages with application references 'SocialNavigationPortlet' to use application 'legacy-social/Blank' [o.exoplatform.migration.PagesMigration<pool-25-thread-20>] 
2026-08-19 13:45:01,934 | INFO  | End upgrade of '0' pages with application references 'SocialNavigationPortlet' to use application 'legacy-social/Blank'. It took 183 ms [o.exoplatform.migration.PagesMigration<pool-25-thread-20>] 
2026-08-19 13:45:01,934 | INFO  | Start upgrade of pages with application references 'EditUserProfilePortlet' to use application 'legacy-social/Blank' [o.exoplatform.migration.PagesMigration<pool-25-thread-20>] 
2026-08-19 13:45:01,935 | INFO  | End upgrade of '0' pages with application references 'EditUserProfilePortlet' to use application 'legacy-social/Blank'. It took 184 ms [o.exoplatform.migration.PagesMigration<pool-25-thread-20>] 
2026-08-19 13:45:01,936 | INFO  | Start upgrade of pages with application references 'SuggestionsPeopleSpace' to use application 'legacy-social/Blank' [o.exoplatform.migration.PagesMigration<pool-25-thread-20>] 
2026-08-19 13:45:01,937 | INFO  | End upgrade of '0' pages with application references 'SuggestionsPeopleSpace' to use application 'legacy-social/Blank'. It took 186 ms [o.exoplatform.migration.PagesMigration<pool-25-thread-20>] 
2026-08-19 13:45:01,938 | INFO  | Start upgrade of pages with application references 'SocialBannerPortlet' to use application 'legacy-social/Blank' [o.exoplatform.migration.PagesMigration<pool-25-thread-20>] 
2026-08-19 13:45:01,939 | INFO  | End upgrade of '0' pages with application references 'SocialBannerPortlet' to use application 'legacy-social/Blank'. It took 188 ms [o.exoplatform.migration.PagesMigration<pool-25-thread-20>] 
2026-08-19 13:45:01,939 | INFO  | Start upgrade of pages with application references 'StatusProfilePortlet' to use application 'legacy-social/Blank' [o.exoplatform.migration.PagesMigration<pool-25-thread-20>] 
2026-08-19 13:45:01,940 | INFO  | End upgrade of '0' pages with application references 'StatusProfilePortlet' to use application 'legacy-social/Blank'. It took 189 ms [o.exoplatform.migration.PagesMigration<pool-25-thread-20>] 
2026-08-19 13:45:01,941 | INFO  | Start upgrade of pages with application references 'AllSpacesPortlet' to use application 'social/SpacesList' [o.exoplatform.migration.PagesMigration<pool-25-thread-20>] 
2026-08-19 13:45:01,942 | INFO  | End upgrade of '0' pages with application references 'AllSpacesPortlet' to use application 'social/SpacesList'. It took 191 ms [o.exoplatform.migration.PagesMigration<pool-25-thread-20>] 
2026-08-19 13:45:01,942 | INFO  | Start upgrade of pages with application references 'social-juzu/SuggestionsPeopleSpace' to use application 'legacy-social/Blank' [o.exoplatform.migration.PagesMigration<pool-25-thread-20>] 
2026-08-19 13:45:01,944 | INFO  | End upgrade of '0' pages with application references 'social-juzu/SuggestionsPeopleSpace' to use application 'legacy-social/Blank'. It took 193 ms [o.exoplatform.migration.PagesMigration<pool-25-thread-20>] 
2026-08-19 13:45:01,944 | INFO  | Start upgrade of pages with application references 'AllPeoplePortlet' to use application 'social/PeopleList' [o.exoplatform.migration.PagesMigration<pool-25-thread-20>] 
2026-08-19 13:45:01,945 | INFO  | End upgrade of '0' pages with application references 'AllPeoplePortlet' to use application 'social/PeopleList'. It took 194 ms [o.exoplatform.migration.PagesMigration<pool-25-thread-20>] 
2026-08-19 13:45:01,946 | INFO  | Start upgrade of pages with application references 'UserProfileToolBarPortlet' to use application 'legacy-social/Blank' [o.exoplatform.migration.PagesMigration<pool-25-thread-20>] 
2026-08-19 13:45:01,947 | INFO  | End upgrade of '0' pages with application references 'UserProfileToolBarPortlet' to use application 'legacy-social/Blank'. It took 196 ms [o.exoplatform.migration.PagesMigration<pool-25-thread-20>] 
2026-08-19 13:45:01,947 | INFO  | Start upgrade of pages with application references 'social/MiniConnectionsPortlet' to use application 'legacy-social/Blank' [o.exoplatform.migration.PagesMigration<pool-25-thread-20>] 
2026-08-19 13:45:01,948 | INFO  | End upgrade of '0' pages with application references 'social/MiniConnectionsPortlet' to use application 'legacy-social/Blank'. It took 197 ms [o.exoplatform.migration.PagesMigration<pool-25-thread-20>] 
2026-08-19 13:45:01,949 | INFO  | Start upgrade of pages with application references 'social/AllSpacesPortlet' to use application 'social/SpacesList' [o.exoplatform.migration.PagesMigration<pool-25-thread-20>] 
2026-08-19 13:45:01,950 | INFO  | End upgrade of '0' pages with application references 'social/AllSpacesPortlet' to use application 'social/SpacesList'. It took 199 ms [o.exoplatform.migration.PagesMigration<pool-25-thread-20>] 
2026-08-19 13:45:01,951 | INFO  | Start upgrade of pages with application references 'social/ActionProfilePortlet' to use application 'legacy-social/Blank' [o.exoplatform.migration.PagesMigration<pool-25-thread-20>] 
2026-08-19 13:45:01,952 | INFO  | End upgrade of '0' pages with application references 'social/ActionProfilePortlet' to use application 'legacy-social/Blank'. It took 201 ms [o.exoplatform.migration.PagesMigration<pool-25-thread-20>] 
2026-08-19 13:45:01,952 | INFO  | Start upgrade of pages with application references 'social/AllPeoplePortlet' to use application 'social/PeopleList' [o.exoplatform.migration.PagesMigration<pool-25-thread-20>] 
2026-08-19 13:45:01,954 | INFO  | End upgrade of '0' pages with application references 'social/AllPeoplePortlet' to use application 'social/PeopleList'. It took 202 ms [o.exoplatform.migration.PagesMigration<pool-25-thread-20>] 
2026-08-19 13:45:01,954 | INFO  | Start upgrade of pages with application references 'SocialFooterPortlet' to use application 'legacy-social/Blank' [o.exoplatform.migration.PagesMigration<pool-25-thread-20>] 
2026-08-19 13:45:01,956 | INFO  | End upgrade of '0' pages with application references 'SocialFooterPortlet' to use application 'legacy-social/Blank'. It took 204 ms [o.exoplatform.migration.PagesMigration<pool-25-thread-20>] 
2026-08-19 13:45:01,956 | INFO  | Start upgrade of pages with application references 'UISpaceNavigationPortlet' to use application 'legacy-social/Blank' [o.exoplatform.migration.PagesMigration<pool-25-thread-20>] 
2026-08-19 13:45:01,957 | INFO  | End upgrade of '0' pages with application references 'UISpaceNavigationPortlet' to use application 'legacy-social/Blank'. It took 206 ms [o.exoplatform.migration.PagesMigration<pool-25-thread-20>] 
2026-08-19 13:45:01,958 | INFO  | Start upgrade of pages with application references 'social/InvitationSpacesPortlet' to use application 'social/SpacesList' [o.exoplatform.migration.PagesMigration<pool-25-thread-20>] 
2026-08-19 13:45:01,959 | INFO  | End upgrade of '0' pages with application references 'social/InvitationSpacesPortlet' to use application 'social/SpacesList'. It took 208 ms [o.exoplatform.migration.PagesMigration<pool-25-thread-20>] 
2026-08-19 13:45:01,959 | INFO  | Start upgrade of pages with application references 'UIUserNavigationPortlet' to use application 'legacy-social/Blank' [o.exoplatform.migration.PagesMigration<pool-25-thread-20>] 
2026-08-19 13:45:01,961 | INFO  | End upgrade of '0' pages with application references 'UIUserNavigationPortlet' to use application 'legacy-social/Blank'. It took 210 ms [o.exoplatform.migration.PagesMigration<pool-25-thread-20>] 
2026-08-19 13:45:01,961 | INFO  | Start upgrade of pages with application references 'SocialExtensionHomePagePortlet' to use application 'legacy-social/Blank' [o.exoplatform.migration.PagesMigration<pool-25-thread-20>] 
2026-08-19 13:45:01,962 | INFO  | End upgrade of '0' pages with application references 'SocialExtensionHomePagePortlet' to use application 'legacy-social/Blank'. It took 211 ms [o.exoplatform.migration.PagesMigration<pool-25-thread-20>] 
2026-08-19 13:45:01,963 | INFO  | Start upgrade of pages with application references 'RecentActivitiesPortlet' to use application 'legacy-social/Blank' [o.exoplatform.migration.PagesMigration<pool-25-thread-20>] 
2026-08-19 13:45:01,964 | INFO  | End upgrade of '0' pages with application references 'RecentActivitiesPortlet' to use application 'legacy-social/Blank'. It took 213 ms [o.exoplatform.migration.PagesMigration<pool-25-thread-20>] 
2026-08-19 13:45:01,965 | INFO  | Start upgrade of pages with application references 'SpacesToolbarPortlet' to use application 'legacy-social/Blank' [o.exoplatform.migration.PagesMigration<pool-25-thread-20>] 
2026-08-19 13:45:01,966 | INFO  | End upgrade of '0' pages with application references 'SpacesToolbarPortlet' to use application 'legacy-social/Blank'. It took 215 ms [o.exoplatform.migration.PagesMigration<pool-25-thread-20>] 
2026-08-19 13:45:01,966 | INFO  | Start upgrade of pages with application references 'SocialExtensionLogoPortlet' to use application 'legacy-social/Blank' [o.exoplatform.migration.PagesMigration<pool-25-thread-20>] 
2026-08-19 13:45:01,968 | INFO  | End upgrade of '0' pages with application references 'SocialExtensionLogoPortlet' to use application 'legacy-social/Blank'. It took 217 ms [o.exoplatform.migration.PagesMigration<pool-25-thread-20>] 
2026-08-19 13:45:01,968 | INFO  | Start upgrade of pages with application references 'RequestsPortlet' to use application 'social/PeopleList' [o.exoplatform.migration.PagesMigration<pool-25-thread-20>] 
2026-08-19 13:45:01,969 | INFO  | End upgrade of '0' pages with application references 'RequestsPortlet' to use application 'social/PeopleList'. It took 218 ms [o.exoplatform.migration.PagesMigration<pool-25-thread-20>] 
2026-08-19 13:45:01,970 | INFO  | Start upgrade of pages with application references 'SocialLogoPortlet' to use application 'legacy-social/Blank' [o.exoplatform.migration.PagesMigration<pool-25-thread-20>] 
2026-08-19 13:45:01,971 | INFO  | End upgrade of '0' pages with application references 'SocialLogoPortlet' to use application 'legacy-social/Blank'. It took 220 ms [o.exoplatform.migration.PagesMigration<pool-25-thread-20>] 
2026-08-19 13:45:02,001 | INFO  | Upgrade of plugin RemoveAnyPermissionUpgradePlugin completed. [o.e.c.upgrade.UpgradeProductService<pool-25-thread-18>] 
2026-08-19 13:45:02,121 | INFO  | Cometd configured with type null [org.cometd.server.CometDServlet<main>] 
2026-08-19 13:45:02,133 | INFO  | Upgrade of plugin SocialLegacyPagesUpgradePlugin completed. [o.e.c.upgrade.UpgradeProductService<pool-25-thread-20>] 
2026-08-19 13:45:02,905 | INFO  | The WebAppController has been successfully initialized for the portal 'portal' [o.g.portal.application.PortalController<main>] 
2026-08-19 13:45:02,905 | INFO  | Proceed on resources caching initialization [o.e.p.a.ResourceInitContainerLifecyclePlugin<main>] 
2026-08-19 13:45:02,906 | INFO  | Start caching Javascript data [o.e.w.a.j.JavascriptConfigService<main>] 
2026-08-19 13:45:02,907 | INFO  | Start caching CSS data [portal.SkinService<main>] 
2026-08-19 13:45:03,052 | INFO  | The portal container 'portal' has been created successfully [exo.kernel.container.RootContainer<main>] 
2026-08-19 13:45:03,057 | INFO  | Starting ProtocolHandler ["http-nio-0.0.0.0-8080"] [o.apache.coyote.http11.Http11NioProtocol<main>] 
2026-08-19 13:45:03,293 | INFO  | Server startup in [1037705] milliseconds [org.apache.catalina.startup.Catalina<main>] 
2026-08-19 13:45:04,535 | INFO  | End caching CSS data within 1628ms [portal.SkinService<pool-38-thread-1>] 
2026-08-19 13:45:04,808 | INFO  | Create ES Mapping for field 'oauthClientId' with type 'keyword' [i.m.a.e.s.ElasticsearchAnalyticsStorage<Analytics-ingestor-1>] 
2026-08-19 13:45:05,359 | INFO  | Create ES Mapping for field 'oauthClientName' with type 'keyword' [i.m.a.e.s.ElasticsearchAnalyticsStorage<Analytics-ingestor-1>] 
2026-08-19 13:45:05,981 | INFO  | Create ES Mapping for field 'oauthClientGrantTypes' with type 'keyword' [i.m.a.e.s.ElasticsearchAnalyticsStorage<Analytics-ingestor-1>] 
2026-08-19 13:45:06,639 | INFO  | Create ES Mapping for field 'oauthClientAuthMethod' with type 'keyword' [i.m.a.e.s.ElasticsearchAnalyticsStorage<Analytics-ingestor-1>] 
2026-08-19 13:45:07,414 | INFO  | Create ES Mapping for field 'oauthClientScopes' with type 'keyword' [i.m.a.e.s.ElasticsearchAnalyticsStorage<Analytics-ingestor-1>] 
2026-08-19 13:45:21,037 | WARN  | GROUP/SpacesAdministration.js:6:4095: WARNING - [JSC_UNREACHABLE_CODE] unreachable code
 [o.g.p.controller.resource.ScriptLoader<ForkJoinPool.commonPool-worker-3>] 
2026-08-19 13:45:21,038 | WARN  | 0 error(s), 1 warning(s) [o.g.p.controller.resource.ScriptLoader<ForkJoinPool.commonPool-worker-3>] 
#logback.classic pattern: %date{ISO8601} | %-5level | %msg [%logger{40}<%thread>] %n%xEx
2026-08-19 13:45:32,829 | INFO  | Server version name:   Apache Tomcat/10.1.55 [o.a.c.startup.VersionLoggerListener<main>] 
2026-08-19 13:45:32,830 | INFO  | Server built:          May 5 2026 13:33:02 UTC [o.a.c.startup.VersionLoggerListener<main>] 
2026-08-19 13:45:32,830 | INFO  | Server version number: 10.1.55.0 [o.a.c.startup.VersionLoggerListener<main>] 
2026-08-19 13:45:32,830 | INFO  | OS Name:               Linux [o.a.c.startup.VersionLoggerListener<main>] 
2026-08-19 13:45:32,830 | INFO  | OS Version:            6.8.0-138-generic [o.a.c.startup.VersionLoggerListener<main>] 
2026-08-19 13:45:32,831 | INFO  | Architecture:          amd64 [o.a.c.startup.VersionLoggerListener<main>] 
2026-08-19 13:45:32,831 | INFO  | Java Home:             /usr/lib/jvm/zulu21-ca-amd64 [o.a.c.startup.VersionLoggerListener<main>] 
2026-08-19 13:45:32,831 | INFO  | JVM Version:           21.0.12+8-LTS [o.a.c.startup.VersionLoggerListener<main>] 
2026-08-19 13:45:32,831 | INFO  | JVM Vendor:            Azul Systems, Inc. [o.a.c.startup.VersionLoggerListener<main>] 
2026-08-19 13:45:32,831 | INFO  | CATALINA_BASE:         /opt/exo [o.a.c.startup.VersionLoggerListener<main>] 
2026-08-19 13:45:32,831 | INFO  | CATALINA_HOME:         /opt/exo [o.a.c.startup.VersionLoggerListener<main>] 
2026-08-19 13:45:32,833 | INFO  | Command line argument: --add-opens=java.base/java.io=ALL-UNNAMED [o.a.c.startup.VersionLoggerListener<main>] 
2026-08-19 13:45:32,833 | INFO  | Command line argument: --add-opens=java.base/java.lang=ALL-UNNAMED [o.a.c.startup.VersionLoggerListener<main>] 
2026-08-19 13:45:32,833 | INFO  | Command line argument: --add-opens=java.base/java.lang.invoke=ALL-UNNAMED [o.a.c.startup.VersionLoggerListener<main>] 
2026-08-19 13:45:32,834 | INFO  | Command line argument: --add-opens=java.base/java.lang.reflect=ALL-UNNAMED [o.a.c.startup.VersionLoggerListener<main>] 
2026-08-19 13:45:32,834 | INFO  | Command line argument: --add-opens=java.base/java.lang.module=ALL-UNNAMED [o.a.c.startup.VersionLoggerListener<main>] 
2026-08-19 13:45:32,834 | INFO  | Command line argument: --add-opens=java.base/jdk.internal.module=ALL-UNNAMED [o.a.c.startup.VersionLoggerListener<main>] 
2026-08-19 13:45:32,834 | INFO  | Command line argument: --add-opens=java.base/java.math=ALL-UNNAMED [o.a.c.startup.VersionLoggerListener<main>] 
2026-08-19 13:45:32,834 | INFO  | Command line argument: --add-opens=java.base/java.net=ALL-UNNAMED [o.a.c.startup.VersionLoggerListener<main>] 
2026-08-19 13:45:32,834 | INFO  | Command line argument: --add-opens=java.base/java.nio=ALL-UNNAMED [o.a.c.startup.VersionLoggerListener<main>] 
2026-08-19 13:45:32,834 | INFO  | Command line argument: --add-opens=java.base/java.text=ALL-UNNAMED [o.a.c.startup.VersionLoggerListener<main>] 
2026-08-19 13:45:32,834 | INFO  | Command line argument: --add-opens=java.base/java.util=ALL-UNNAMED [o.a.c.startup.VersionLoggerListener<main>] 
2026-08-19 13:45:32,834 | INFO  | Command line argument: --add-opens=java.base/java.util.concurrent=ALL-UNNAMED [o.a.c.startup.VersionLoggerListener<main>] 
2026-08-19 13:45:32,834 | INFO  | Command line argument: --add-opens=java.base/java.util.concurrent.atomic=ALL-UNNAMED [o.a.c.startup.VersionLoggerListener<main>] 
2026-08-19 13:45:32,835 | INFO  | Command line argument: --add-opens=java.base/sun.nio.ch=ALL-UNNAMED [o.a.c.startup.VersionLoggerListener<main>] 
2026-08-19 13:45:32,835 | INFO  | Command line argument: --add-opens=java.management/java.lang.management=ALL-UNNAMED [o.a.c.startup.VersionLoggerListener<main>] 
2026-08-19 13:45:32,835 | INFO  | Command line argument: --add-opens=java.desktop/java.awt.font=ALL-UNNAMED [o.a.c.startup.VersionLoggerListener<main>] 
2026-08-19 13:45:32,835 | INFO  | Command line argument: --add-opens=java.rmi/sun.rmi.transport=ALL-UNNAMED [o.a.c.startup.VersionLoggerListener<main>] 
2026-08-19 13:45:32,835 | INFO  | Command line argument: --add-opens=java.xml/com.sun.org.apache.xerces.internal.util=ALL-UNNAMED [o.a.c.startup.VersionLoggerListener<main>] 
2026-08-19 13:45:32,835 | INFO  | Command line argument: --add-opens=java.xml/com.sun.org.apache.xerces.internal.parsers=ALL-UNNAMED [o.a.c.startup.VersionLoggerListener<main>] 
2026-08-19 13:45:32,835 | INFO  | Command line argument: --add-opens=java.base/java.time=ALL-UNNAMED [o.a.c.startup.VersionLoggerListener<main>] 
2026-08-19 13:45:32,836 | INFO  | Command line argument: --add-opens=java.base/sun.security.util=ALL-UNNAMED [o.a.c.startup.VersionLoggerListener<main>] 
2026-08-19 13:45:32,836 | INFO  | Command line argument: --add-opens=java.base/sun.net.www.protocol.http=ALL-UNNAMED [o.a.c.startup.VersionLoggerListener<main>] 
2026-08-19 13:45:32,836 | INFO  | Command line argument: --add-opens=java.base/sun.net.www.protocol.https=ALL-UNNAMED [o.a.c.startup.VersionLoggerListener<main>] 
2026-08-19 13:45:32,836 | INFO  | Command line argument: --add-opens=java.base/sun.net.www.protocol.jar=ALL-UNNAMED [o.a.c.startup.VersionLoggerListener<main>] 
2026-08-19 13:45:32,836 | INFO  | Command line argument: --add-opens=java.base/javax.net.ssl=ALL-UNNAMED [o.a.c.startup.VersionLoggerListener<main>] 
2026-08-19 13:45:32,836 | INFO  | Command line argument: --add-opens=java.base/java.util.zip=ALL-UNNAMED [o.a.c.startup.VersionLoggerListener<main>] 
2026-08-19 13:45:32,836 | INFO  | Command line argument: --add-opens=java.base/java.util.jar=ALL-UNNAMED [o.a.c.startup.VersionLoggerListener<main>] 
2026-08-19 13:45:32,837 | INFO  | Command line argument: --add-opens=java.base/java.util.regex=ALL-UNNAMED [o.a.c.startup.VersionLoggerListener<main>] 
2026-08-19 13:45:32,837 | INFO  | Command line argument: --add-opens=java.base/java.security=ALL-UNNAMED [o.a.c.startup.VersionLoggerListener<main>] 
2026-08-19 13:45:32,837 | INFO  | Command line argument: --add-opens=java.base/java.nio.channels=ALL-UNNAMED [o.a.c.startup.VersionLoggerListener<main>] 
2026-08-19 13:45:32,837 | INFO  | Command line argument: --add-opens=java.base/java.nio.channels.spi=ALL-UNNAMED [o.a.c.startup.VersionLoggerListener<main>] 
2026-08-19 13:45:32,837 | INFO  | Command line argument: --add-opens=java.base/jdk.internal.reflect=ALL-UNNAMED [o.a.c.startup.VersionLoggerListener<main>] 
2026-08-19 13:45:32,837 | INFO  | Command line argument: --add-opens=java.xml/jdk.xml.internal=ALL-UNNAMED [o.a.c.startup.VersionLoggerListener<main>] 
2026-08-19 13:45:32,837 | INFO  | Command line argument: -Xverify:none [o.a.c.startup.VersionLoggerListener<main>] 
2026-08-19 13:45:32,837 | INFO  | Command line argument: -Djava.util.logging.config.file=/opt/exo/conf/logging.properties [o.a.c.startup.VersionLoggerListener<main>] 
2026-08-19 13:45:32,837 | INFO  | Command line argument: -Dnop [o.a.c.startup.VersionLoggerListener<main>] 
2026-08-19 13:45:32,837 | INFO  | Command line argument: -Donlyoffice.documentserver.host=192.168.1.59 [o.a.c.startup.VersionLoggerListener<main>] 
2026-08-19 13:45:32,837 | INFO  | Command line argument: -Donlyoffice.documentserver.schema=http [o.a.c.startup.VersionLoggerListener<main>] 
2026-08-19 13:45:32,838 | INFO  | Command line argument: -Donlyoffice.documentserver.allowedhosts=localhost,onlyoffice,192.168.1.59 [o.a.c.startup.VersionLoggerListener<main>] 
2026-08-19 13:45:32,838 | INFO  | Command line argument: -Donlyoffice.documentserver.accessOnly=false [o.a.c.startup.VersionLoggerListener<main>] 
2026-08-19 13:45:32,838 | INFO  | Command line argument: -Donlyoffice.documentserver.secret=34d5685886b554b5c3e1c185fb5f3a5700895b7f47421292fa45eb6f6ce10436 [o.a.c.startup.VersionLoggerListener<main>] 
2026-08-19 13:45:32,838 | INFO  | Command line argument: -DEXO_TOMCAT_UNPACK_WARS=true [o.a.c.startup.VersionLoggerListener<main>] 
2026-08-19 13:45:32,838 | INFO  | Command line argument: -DEXO_DEV=false [o.a.c.startup.VersionLoggerListener<main>] 
2026-08-19 13:45:32,838 | INFO  | Command line argument: -Djdk.tls.ephemeralDHKeySize=2048 [o.a.c.startup.VersionLoggerListener<main>] 
2026-08-19 13:45:32,838 | INFO  | Command line argument: -Djava.protocol.handler.pkgs=org.apache.catalina.webresources [o.a.c.startup.VersionLoggerListener<main>] 
2026-08-19 13:45:32,838 | INFO  | Command line argument: -Dsun.io.useCanonCaches=false [o.a.c.startup.VersionLoggerListener<main>] 
2026-08-19 13:45:32,838 | INFO  | Command line argument: -Dorg.apache.catalina.security.SecurityListener.UMASK=0022 [o.a.c.startup.VersionLoggerListener<main>] 
2026-08-19 13:45:32,839 | INFO  | Command line argument: --add-opens=java.base/java.lang=ALL-UNNAMED [o.a.c.startup.VersionLoggerListener<main>] 
2026-08-19 13:45:32,839 | INFO  | Command line argument: --add-opens=java.base/java.lang.reflect=ALL-UNNAMED [o.a.c.startup.VersionLoggerListener<main>] 
2026-08-19 13:45:32,839 | INFO  | Command line argument: --add-opens=java.base/java.io=ALL-UNNAMED [o.a.c.startup.VersionLoggerListener<main>] 
2026-08-19 13:45:32,839 | INFO  | Command line argument: --add-opens=java.base/java.util=ALL-UNNAMED [o.a.c.startup.VersionLoggerListener<main>] 
2026-08-19 13:45:32,839 | INFO  | Command line argument: --add-opens=java.base/java.util.concurrent=ALL-UNNAMED [o.a.c.startup.VersionLoggerListener<main>] 
2026-08-19 13:45:32,839 | INFO  | Command line argument: --add-opens=java.rmi/sun.rmi.transport=ALL-UNNAMED [o.a.c.startup.VersionLoggerListener<main>] 
2026-08-19 13:45:32,840 | INFO  | Command line argument: -Dlog4j2.formatMsgNoLookups=true [o.a.c.startup.VersionLoggerListener<main>] 
2026-08-19 13:45:32,840 | INFO  | Command line argument: -Dcom.sun.jndi.ldap.connect.pool.timeout=60000 [o.a.c.startup.VersionLoggerListener<main>] 
2026-08-19 13:45:32,840 | INFO  | Command line argument: -Dcom.sun.jndi.ldap.connect.pool.maxsize=100 [o.a.c.startup.VersionLoggerListener<main>] 
2026-08-19 13:45:32,840 | INFO  | Command line argument: -Dcom.sun.management.jmxremote=true [o.a.c.startup.VersionLoggerListener<main>] 
2026-08-19 13:45:32,840 | INFO  | Command line argument: -Dcom.sun.management.jmxremote.ssl=false [o.a.c.startup.VersionLoggerListener<main>] 
2026-08-19 13:45:32,840 | INFO  | Command line argument: -Djava.rmi.server.hostname=exo [o.a.c.startup.VersionLoggerListener<main>] 
2026-08-19 13:45:32,840 | INFO  | Command line argument: -Dcom.sun.management.jmxremote.port=10001 [o.a.c.startup.VersionLoggerListener<main>] 
2026-08-19 13:45:32,840 | INFO  | Command line argument: -Dcom.sun.management.jmxremote.rmi.port=10002 [o.a.c.startup.VersionLoggerListener<main>] 
2026-08-19 13:45:32,840 | INFO  | Command line argument: -Dcom.sun.management.jmxremote.authenticate=false [o.a.c.startup.VersionLoggerListener<main>] 
2026-08-19 13:45:32,840 | INFO  | Command line argument: -Xlog:gc=info:file=/var/log/exo/platform-gc.log:time [o.a.c.startup.VersionLoggerListener<main>] 
2026-08-19 13:45:32,841 | INFO  | Command line argument: -Djava.security.egd=file:/dev/./urandom [o.a.c.startup.VersionLoggerListener<main>] 
2026-08-19 13:45:32,841 | INFO  | Command line argument: -Dexo.es.index.server.url=http://es:9200 [o.a.c.startup.VersionLoggerListener<main>] 
2026-08-19 13:45:32,841 | INFO  | Command line argument: -Dexo.es.search.server.url=http://es:9200 [o.a.c.startup.VersionLoggerListener<main>] 
2026-08-19 13:45:32,841 | INFO  | Command line argument: -Dexo.cluster.node.name= [o.a.c.startup.VersionLoggerListener<main>] 
2026-08-19 13:45:32,841 | INFO  | Command line argument: -Dexo.jcr.session.tracking.active=false [o.a.c.startup.VersionLoggerListener<main>] 
2026-08-19 13:45:32,841 | INFO  | Command line argument: -Xms512m [o.a.c.startup.VersionLoggerListener<main>] 
2026-08-19 13:45:32,841 | INFO  | Command line argument: -Xmx2048m [o.a.c.startup.VersionLoggerListener<main>] 
2026-08-19 13:45:32,842 | INFO  | Command line argument: -XX:MaxMetaspaceSize=512m [o.a.c.startup.VersionLoggerListener<main>] 
2026-08-19 13:45:32,842 | INFO  | Command line argument: -Dsun.rmi.dgc.client.gcInterval=3600000 [o.a.c.startup.VersionLoggerListener<main>] 
2026-08-19 13:45:32,842 | INFO  | Command line argument: -Dsun.rmi.dgc.server.gcInterval=3600000 [o.a.c.startup.VersionLoggerListener<main>] 
2026-08-19 13:45:32,842 | INFO  | Command line argument: -Duser.language=pt [o.a.c.startup.VersionLoggerListener<main>] 
2026-08-19 13:45:32,842 | INFO  | Command line argument: -Duser.region=BR [o.a.c.startup.VersionLoggerListener<main>] 
2026-08-19 13:45:32,842 | INFO  | Command line argument: -Djava.net.preferIPv4Stack=true [o.a.c.startup.VersionLoggerListener<main>] 
2026-08-19 13:45:32,842 | INFO  | Command line argument: -Djava.awt.headless=true [o.a.c.startup.VersionLoggerListener<main>] 
2026-08-19 13:45:32,842 | INFO  | Command line argument: -Dexo.profiles=all [o.a.c.startup.VersionLoggerListener<main>] 
2026-08-19 13:45:32,843 | INFO  | Command line argument: -Dexo.conf.dir=/etc/exo [o.a.c.startup.VersionLoggerListener<main>] 
2026-08-19 13:45:32,843 | INFO  | Command line argument: -Dgatein.conf.dir=/etc/exo [o.a.c.startup.VersionLoggerListener<main>] 
2026-08-19 13:45:32,843 | INFO  | Command line argument: -Djava.security.auth.login.config=/opt/exo/conf/jaas.conf [o.a.c.startup.VersionLoggerListener<main>] 
2026-08-19 13:45:32,843 | INFO  | Command line argument: -Dexo.data.dir=/srv/exo [o.a.c.startup.VersionLoggerListener<main>] 
2026-08-19 13:45:32,843 | INFO  | Command line argument: -Dexo.jcr.data.dir=/srv/exo/jcr [o.a.c.startup.VersionLoggerListener<main>] 
2026-08-19 13:45:32,843 | INFO  | Command line argument: -Dexo.jcr.storage.data.dir=/srv/exo/jcr/values [o.a.c.startup.VersionLoggerListener<main>] 
2026-08-19 13:45:32,843 | INFO  | Command line argument: -Dexo.jcr.index.data.dir=/srv/exo/jcr/index [o.a.c.startup.VersionLoggerListener<main>] 
2026-08-19 13:45:32,843 | INFO  | Command line argument: -Dexo.files.storage.dir=/srv/exo/files [o.a.c.startup.VersionLoggerListener<main>] 
2026-08-19 13:45:32,844 | INFO  | Command line argument: -Dlogback.configurationFile=/opt/exo/conf/logback.xml [o.a.c.startup.VersionLoggerListener<main>] 
2026-08-19 13:45:32,844 | INFO  | Command line argument: -Dlogback.statusListenerClass=ch.qos.logback.core.status.NopStatusListener [o.a.c.startup.VersionLoggerListener<main>] 
2026-08-19 13:45:32,844 | INFO  | Command line argument: -Dliquibase.showBanner=false [o.a.c.startup.VersionLoggerListener<main>] 
2026-08-19 13:45:32,844 | INFO  | Command line argument: -Dliquibase.command.showSummary=OFF [o.a.c.startup.VersionLoggerListener<main>] 
2026-08-19 13:45:32,844 | INFO  | Command line argument: -Dliquibase.hub.mode=OFF [o.a.c.startup.VersionLoggerListener<main>] 
2026-08-19 13:45:32,844 | INFO  | Command line argument: -Dliquibase.logLevel=WARNING [o.a.c.startup.VersionLoggerListener<main>] 
2026-08-19 13:45:32,845 | INFO  | Command line argument: -Djavax.xml.stream.XMLOutputFactory=com.sun.xml.internal.stream.XMLOutputFactoryImpl [o.a.c.startup.VersionLoggerListener<main>] 
2026-08-19 13:45:32,845 | INFO  | Command line argument: -Djavax.xml.stream.XMLInputFactory=com.sun.xml.internal.stream.XMLInputFactoryImpl [o.a.c.startup.VersionLoggerListener<main>] 
2026-08-19 13:45:32,845 | INFO  | Command line argument: -Djavax.xml.stream.XMLEventFactory=com.sun.xml.internal.stream.events.XMLEventFactoryImpl [o.a.c.startup.VersionLoggerListener<main>] 
2026-08-19 13:45:32,845 | INFO  | Command line argument: -Djavax.xml.parsers.SAXParserFactory=com.sun.org.apache.xerces.internal.jaxp.SAXParserFactoryImpl [o.a.c.startup.VersionLoggerListener<main>] 
2026-08-19 13:45:32,845 | INFO  | Command line argument: -Djava.util.Arrays.useLegacyMergeSort=true [o.a.c.startup.VersionLoggerListener<main>] 
2026-08-19 13:45:32,845 | INFO  | Command line argument: -Djava.security.egd=file:/dev/./urandom [o.a.c.startup.VersionLoggerListener<main>] 
2026-08-19 13:45:32,846 | INFO  | Command line argument: -Dfile.encoding=UTF-8 [o.a.c.startup.VersionLoggerListener<main>] 
2026-08-19 13:45:32,846 | INFO  | Command line argument: -Dexo.cookie.samesite=Lax [o.a.c.startup.VersionLoggerListener<main>] 
2026-08-19 13:45:32,846 | INFO  | Command line argument: -Dcatalina.base=/opt/exo [o.a.c.startup.VersionLoggerListener<main>] 
2026-08-19 13:45:32,846 | INFO  | Command line argument: -Dcatalina.home=/opt/exo [o.a.c.startup.VersionLoggerListener<main>] 
2026-08-19 13:45:32,846 | INFO  | Command line argument: -Djava.io.tmpdir=/opt/exo/temp [o.a.c.startup.VersionLoggerListener<main>] 
2026-08-19 13:45:32,848 | INFO  | The Apache Tomcat Native library which allows using OpenSSL was not found on the java.library.path: [/usr/java/packages/lib:/usr/lib64:/lib64:/lib:/usr/lib] [o.a.catalina.core.AprLifecycleListener<main>] 
2026-08-19 13:45:33,025 | INFO  | The ["http-nio-0.0.0.0-8080"] connector has been configured to support HTTP upgrade to [h2c] [o.apache.coyote.http11.Http11NioProtocol<main>] 
2026-08-19 13:45:33,026 | INFO  | Initializing ProtocolHandler ["http-nio-0.0.0.0-8080"] [o.apache.coyote.http11.Http11NioProtocol<main>] 
2026-08-19 13:45:33,060 | INFO  | Server initialization in [857] milliseconds [org.apache.catalina.startup.Catalina<main>] 
2026-08-19 13:45:33,494 | INFO  | Starting service [Catalina] [o.apache.catalina.core.StandardService<main>] 
2026-08-19 13:45:33,495 | INFO  | Starting Servlet engine: [Apache Tomcat/10.1.55] [org.apache.catalina.core.StandardEngine<main>] 
2026-08-19 13:45:33,531 | INFO  | Deploying web application archive [/opt/exo/webapps/poll.war] [org.apache.catalina.startup.HostConfig<Catalina-utility-2>] 
2026-08-19 13:45:33,531 | INFO  | Deploying web application archive [/opt/exo/webapps/mcp-server.war] [org.apache.catalina.startup.HostConfig<Catalina-utility-3>] 
2026-08-19 13:45:33,539 | INFO  | Deploying web application archive [/opt/exo/webapps/rest.war] [org.apache.catalina.startup.HostConfig<Catalina-utility-1>] 
2026-08-19 13:45:33,944 | INFO  | No Spring WebApplicationInitializer types detected on classpath [o.a.c.c.C.[Catalina].[localhost].[/rest]<Catalina-utility-1>] 
2026-08-19 13:45:33,959 | INFO  | 1 Spring WebApplicationInitializers detected on classpath [o.a.c.c.C.[Catalina].[localhost].[/poll]<Catalina-utility-2>] 
2026-08-19 13:45:33,959 | INFO  | 1 Spring WebApplicationInitializers detected on classpath [o.a.c.c.C.[.[localhost].[/mcp-server]<Catalina-utility-3>] 
2026-08-19 13:45:33,982 | INFO  | Building root container [exo.kernel.container.RootContainer<Catalina-utility-2>] 
2026-08-19 13:45:34,033 | INFO  | Override exo-conf directory '/opt/exo/exo-conf' with location '/etc/exo' [exo.kernel.container.J2EEServerInfo<Catalina-utility-2>] 
2026-08-19 13:45:34,038 | INFO  | Active profiles for Root container: [exo_community, all, tomcat] [exo.kernel.container.RootContainer<Catalina-utility-2>] 
2026-08-19 13:45:34,188 | INFO  | Including addon configuration file ar:/opt/exo/webapps/agenda.war!/META-INF/exo-conf/configuration.xml in portal container [exo.kernel.container.RootContainer<Catalina-utility-2>] 
2026-08-19 13:45:34,188 | INFO  | Including addon configuration file ar:/opt/exo/webapps/analytics.war!/META-INF/exo-conf/configuration.xml in portal container [exo.kernel.container.RootContainer<Catalina-utility-2>] 
2026-08-19 13:45:34,189 | INFO  | Including addon configuration file ar:/opt/exo/webapps/app-center.war!/META-INF/exo-conf/configuration.xml in portal container [exo.kernel.container.RootContainer<Catalina-utility-2>] 
2026-08-19 13:45:34,189 | INFO  | Including addon configuration file ar:/opt/exo/webapps/auth-server.war!/META-INF/exo-conf/configuration.xml in portal container [exo.kernel.container.RootContainer<Catalina-utility-2>] 
2026-08-19 13:45:34,189 | INFO  | Including addon configuration file ar:/opt/exo/webapps/commons-exo-extension.war!/META-INF/exo-conf/configuration.xml in portal container [exo.kernel.container.RootContainer<Catalina-utility-2>] 
2026-08-19 13:45:34,190 | INFO  | Including addon configuration file ar:/opt/exo/webapps/content.war!/META-INF/exo-conf/configuration.xml in portal container [exo.kernel.container.RootContainer<Catalina-utility-2>] 
2026-08-19 13:45:34,190 | INFO  | Including addon configuration file ar:/opt/exo/webapps/deeds-tenant.war!/META-INF/exo-conf/configuration.xml in portal container [exo.kernel.container.RootContainer<Catalina-utility-2>] 
2026-08-19 13:45:34,190 | INFO  | Including addon configuration file ar:/opt/exo/webapps/digital-workplace.war!/META-INF/exo-conf/configuration.xml in portal container [exo.kernel.container.RootContainer<Catalina-utility-2>] 
2026-08-19 13:45:34,190 | INFO  | Including addon configuration file ar:/opt/exo/webapps/documents-portlet.war!/META-INF/exo-conf/configuration.xml in portal container [exo.kernel.container.RootContainer<Catalina-utility-2>] 
2026-08-19 13:45:34,191 | INFO  | Including addon configuration file ar:/opt/exo/webapps/eXoResources.war!/META-INF/exo-conf/configuration.xml in portal container [exo.kernel.container.RootContainer<Catalina-utility-2>] 
2026-08-19 13:45:34,191 | INFO  | Including addon configuration file ar:/opt/exo/webapps/eXoSkin.war!/META-INF/exo-conf/configuration.xml in portal container [exo.kernel.container.RootContainer<Catalina-utility-2>] 
2026-08-19 13:45:34,191 | INFO  | Including addon configuration file ar:/opt/exo/webapps/external-visio.war!/META-INF/exo-conf/configuration.xml in portal container [exo.kernel.container.RootContainer<Catalina-utility-2>] 
2026-08-19 13:45:34,192 | INFO  | Including addon configuration file ar:/opt/exo/webapps/gamification-crowdin.war!/META-INF/exo-conf/configuration.xml in portal container [exo.kernel.container.RootContainer<Catalina-utility-2>] 
2026-08-19 13:45:34,192 | INFO  | Including addon configuration file ar:/opt/exo/webapps/gamification-evm.war!/META-INF/exo-conf/configuration.xml in portal container [exo.kernel.container.RootContainer<Catalina-utility-2>] 
2026-08-19 13:45:34,192 | INFO  | Including addon configuration file ar:/opt/exo/webapps/gamification-github.war!/META-INF/exo-conf/configuration.xml in portal container [exo.kernel.container.RootContainer<Catalina-utility-2>] 
2026-08-19 13:45:34,192 | INFO  | Including addon configuration file ar:/opt/exo/webapps/gamification-portlets.war!/META-INF/exo-conf/configuration.xml in portal container [exo.kernel.container.RootContainer<Catalina-utility-2>] 
2026-08-19 13:45:34,193 | INFO  | Including addon configuration file ar:/opt/exo/webapps/gamification-twitter.war!/META-INF/exo-conf/configuration.xml in portal container [exo.kernel.container.RootContainer<Catalina-utility-2>] 
2026-08-19 13:45:34,193 | INFO  | Including addon configuration file ar:/opt/exo/webapps/ide.war!/META-INF/exo-conf/configuration.xml in portal container [exo.kernel.container.RootContainer<Catalina-utility-2>] 
2026-08-19 13:45:34,193 | INFO  | Including addon configuration file ar:/opt/exo/webapps/kudos.war!/META-INF/exo-conf/configuration.xml in portal container [exo.kernel.container.RootContainer<Catalina-utility-2>] 
2026-08-19 13:45:34,193 | INFO  | Including addon configuration file ar:/opt/exo/webapps/layout.war!/META-INF/exo-conf/configuration.xml in portal container [exo.kernel.container.RootContainer<Catalina-utility-2>] 
2026-08-19 13:45:34,194 | INFO  | Including addon configuration file ar:/opt/exo/webapps/matrix.war!/META-INF/exo-conf/configuration.xml in portal container [exo.kernel.container.RootContainer<Catalina-utility-2>] 
2026-08-19 13:45:34,194 | INFO  | Including addon configuration file ar:/opt/exo/webapps/mcp-server.war!/META-INF/exo-conf/configuration.xml in portal container [exo.kernel.container.RootContainer<Catalina-utility-2>] 
2026-08-19 13:45:34,194 | INFO  | Including addon configuration file ar:/opt/exo/webapps/notes.war!/META-INF/exo-conf/configuration.xml in portal container [exo.kernel.container.RootContainer<Catalina-utility-2>] 
2026-08-19 13:45:34,194 | INFO  | Including addon configuration file ar:/opt/exo/webapps/onlyoffice.war!/META-INF/exo-conf/configuration.xml in portal container [exo.kernel.container.RootContainer<Catalina-utility-2>] 
2026-08-19 13:45:34,195 | INFO  | Including addon configuration file ar:/opt/exo/webapps/perk-store.war!/META-INF/exo-conf/configuration.xml in portal container [exo.kernel.container.RootContainer<Catalina-utility-2>] 
2026-08-19 13:45:34,195 | INFO  | Including addon configuration file ar:/opt/exo/webapps/platform-ui.war!/META-INF/exo-conf/configuration.xml in portal container [exo.kernel.container.RootContainer<Catalina-utility-2>] 
2026-08-19 13:45:34,195 | INFO  | Including addon configuration file ar:/opt/exo/webapps/plf-community.war!/META-INF/exo-conf/configuration.xml in portal container [exo.kernel.container.RootContainer<Catalina-utility-2>] 
2026-08-19 13:45:34,195 | INFO  | Including addon configuration file ar:/opt/exo/webapps/poll.war!/META-INF/exo-conf/configuration.xml in portal container [exo.kernel.container.RootContainer<Catalina-utility-2>] 
2026-08-19 13:45:34,196 | INFO  | Including addon configuration file ar:/opt/exo/webapps/processes.war!/META-INF/exo-conf/configuration.xml in portal container [exo.kernel.container.RootContainer<Catalina-utility-2>] 
2026-08-19 13:45:34,196 | INFO  | Including addon configuration file ar:/opt/exo/webapps/push-notifications.war!/META-INF/exo-conf/configuration.xml in portal container [exo.kernel.container.RootContainer<Catalina-utility-2>] 
2026-08-19 13:45:34,196 | INFO  | Including addon configuration file ar:/opt/exo/webapps/pwa.war!/META-INF/exo-conf/configuration.xml in portal container [exo.kernel.container.RootContainer<Catalina-utility-2>] 
2026-08-19 13:45:34,196 | INFO  | Including addon configuration file ar:/opt/exo/webapps/sites.war!/META-INF/exo-conf/configuration.xml in portal container [exo.kernel.container.RootContainer<Catalina-utility-2>] 
2026-08-19 13:45:34,197 | INFO  | Including addon configuration file ar:/opt/exo/webapps/task-management.war!/META-INF/exo-conf/configuration.xml in portal container [exo.kernel.container.RootContainer<Catalina-utility-2>] 
2026-08-19 13:45:34,197 | INFO  | Including addon configuration file ar:/opt/exo/webapps/wallet.war!/META-INF/exo-conf/configuration.xml in portal container [exo.kernel.container.RootContainer<Catalina-utility-2>] 
2026-08-19 13:45:34,197 | INFO  | Including addon configuration file ar:/opt/exo/webapps/webconferencing.war!/META-INF/exo-conf/configuration.xml in portal container [exo.kernel.container.RootContainer<Catalina-utility-2>] 
2026-08-19 13:45:34,197 | INFO  | Including addon configuration file ar:/opt/exo/webapps/webdav.war!/META-INF/exo-conf/configuration.xml in portal container [exo.kernel.container.RootContainer<Catalina-utility-2>] 
2026-08-19 13:45:34,343 | INFO  | Using property file file:/etc/exo/docker.properties to set configuration properties. [o.e.c.ExtendedPropertyConfigurator<Catalina-utility-2>] 
2026-08-19 13:45:34,345 | INFO  | Skipping configuration file file:/etc/exo/exo.properties. File doesn't exist. [o.e.c.ExtendedPropertyConfigurator<Catalina-utility-2>] 
2026-08-19 13:45:34,346 | INFO  | Using property file jar:file:/opt/exo/lib/plf-community-edition-service.jar!/conf/platform/configuration.properties to set configuration properties. [o.e.c.ExtendedPropertyConfigurator<Catalina-utility-2>] 
2026-08-19 13:45:34,357 | INFO  | Using property file jar:file:/opt/exo/lib/exo-jcr-services.jar!/conf/jcr-local.properties to set configuration properties. [o.e.c.ExtendedPropertyConfigurator<Catalina-utility-2>] 
2026-08-19 13:45:34,358 | INFO  | Using property file jar:file:/opt/exo/lib/exo-jcr-services.jar!/conf/jcr.properties to set configuration properties. [o.e.c.ExtendedPropertyConfigurator<Catalina-utility-2>] 
2026-08-19 13:45:34,362 | INFO  | LiquibaseDataInitializer created with : datasourceName=java:/comp/env/exo-jpa_portal, contexts=production [o.e.c.p.impl.LiquibaseDataInitializer<Catalina-utility-2>] 
2026-08-19 13:45:34,421 | INFO  | Starting data initialization with Liquibase with datasource java:/comp/env/exo-jpa_portal [o.e.c.p.impl.LiquibaseDataInitializer<Catalina-utility-2>] 
2026-08-19 13:45:34,424 | INFO  | Processing changelogs of SettingsChangeLogsPlugin [o.e.c.p.impl.LiquibaseDataInitializer<Catalina-utility-2>] 
2026-08-19 13:45:34,429 | INFO  |   * processing changelog db/changelog/settings.db.changelog-1.0.0.xml [o.e.c.p.impl.LiquibaseDataInitializer<Catalina-utility-2>] 
2026-08-19 13:45:37,035 | INFO  | Processing changelogs of PortalRDBMSChangeLogsPlugin [o.e.c.p.impl.LiquibaseDataInitializer<Catalina-utility-2>] 
2026-08-19 13:45:37,035 | INFO  |   * processing changelog db/changelog/portal-rdbms.db.changelog-1.0.0.xml [o.e.c.p.impl.LiquibaseDataInitializer<Catalina-utility-2>] 
2026-08-19 13:45:37,551 | INFO  | Processing changelogs of WikiChangeLogsPlugin [o.e.c.p.impl.LiquibaseDataInitializer<Catalina-utility-2>] 
2026-08-19 13:45:37,551 | INFO  |   * processing changelog db/changelog/wiki.db.changelog-1.0.0.xml [o.e.c.p.impl.LiquibaseDataInitializer<Catalina-utility-2>] 
2026-08-19 13:45:38,054 | INFO  | Processing changelogs of CommonsChangeLogsPlugin [o.e.c.p.impl.LiquibaseDataInitializer<Catalina-utility-2>] 
2026-08-19 13:45:38,054 | INFO  |   * processing changelog db/changelog/notifications.db.changelog-1.0.0.xml [o.e.c.p.impl.LiquibaseDataInitializer<Catalina-utility-2>] 
2026-08-19 13:45:38,402 | INFO  | Processing changelogs of AgendaRDBMSChangeLogsPlugin [o.e.c.p.impl.LiquibaseDataInitializer<Catalina-utility-2>] 
2026-08-19 13:45:38,402 | INFO  |   * processing changelog db/changelog/agenda-rdbms.db.changelog.xml [o.e.c.p.impl.LiquibaseDataInitializer<Catalina-utility-2>] 
2026-08-19 13:45:38,792 | INFO  | Processing changelogs of IDMChangeLogsPlugin [o.e.c.p.impl.LiquibaseDataInitializer<Catalina-utility-2>] 
2026-08-19 13:45:38,792 | INFO  |   * processing changelog db/changelog/idm.queue.db.changelog-1.0.0.xml [o.e.c.p.impl.LiquibaseDataInitializer<Catalina-utility-2>] 
2026-08-19 13:45:39,108 | INFO  | Processing changelogs of IDMChangeLogsPlugin [o.e.c.p.impl.LiquibaseDataInitializer<Catalina-utility-2>] 
2026-08-19 13:45:39,108 | INFO  |   * processing changelog db/changelog/idm.db.changelog-1.0.0.xml [o.e.c.p.impl.LiquibaseDataInitializer<Catalina-utility-2>] 
2026-08-19 13:45:39,469 | INFO  | Processing changelogs of EXoEsSearchChangeLogsPlugin [o.e.c.p.impl.LiquibaseDataInitializer<Catalina-utility-2>] 
2026-08-19 13:45:39,469 | INFO  |   * processing changelog db/changelog/exo-search.db.changelog-1.0.0.xml [o.e.c.p.impl.LiquibaseDataInitializer<Catalina-utility-2>] 
2026-08-19 13:45:39,801 | INFO  | Processing changelogs of PortalRDBMSChangeLogsPlugin [o.e.c.p.impl.LiquibaseDataInitializer<Catalina-utility-2>] 
2026-08-19 13:45:39,801 | INFO  |   * processing changelog db/changelog/gatein-token.db.changelog-1.0.0.xml [o.e.c.p.impl.LiquibaseDataInitializer<Catalina-utility-2>] 
2026-08-19 13:45:40,110 | INFO  | Processing changelogs of SocialRDBMSChangeLogsPlugin [o.e.c.p.impl.LiquibaseDataInitializer<Catalina-utility-2>] 
2026-08-19 13:45:40,110 | INFO  |   * processing changelog db/changelog/social-rdbms.db.changelog-1.0.0.xml [o.e.c.p.impl.LiquibaseDataInitializer<Catalina-utility-2>] 
2026-08-19 13:45:40,581 | INFO  |   * processing changelog db/changelog/metadata-rdbms.db.changelog-1.0.0.xml [o.e.c.p.impl.LiquibaseDataInitializer<Catalina-utility-2>] 
2026-08-19 13:45:40,944 | INFO  | Root container is built (build time 6961ms) [exo.kernel.container.RootContainer<Catalina-utility-2>] 
2026-08-19 13:45:40,945 | INFO  | Set the top container in its context [e.kernel.container.ExoContainerContext<Catalina-utility-2>] 
2026-08-19 13:45:40,945 | INFO  | Root container booted [exo.kernel.container.RootContainer<Catalina-utility-2>] 
2026-08-19 13:45:40,947 | INFO  | Installing ThreadLocalSessionProviderInitializedFilter into context '/rest' [e.j.f.c.InstallJCRServletContextListener<Catalina-utility-1>] 
2026-08-19 13:45:40,998 | INFO  | Deployment of web application archive [/opt/exo/webapps/rest.war] has finished in [7.458] ms [org.apache.catalina.startup.HostConfig<Catalina-utility-1>] 
2026-08-19 13:45:40,999 | INFO  | Deploying web application archive [/opt/exo/webapps/pwa.war] [org.apache.catalina.startup.HostConfig<Catalina-utility-1>] 
2026-08-19 13:45:41,116 | INFO  | 1 Spring WebApplicationInitializers detected on classpath [o.a.c.c.C.[Catalina].[localhost].[/pwa]<Catalina-utility-1>] 
2026-08-19 13:45:41,768 | INFO  | Starting PollApplication v7.2.1-exo using Java 21.0.12 with PID 7 (/opt/exo/webapps/poll/WEB-INF/classes started by exo in /var/log/exo) [io.meeds.poll.PollApplication<Catalina-utility-2>] 
2026-08-19 13:45:41,768 | INFO  | Starting McpServerApplication v7.2.1-exo using Java 21.0.12 with PID 7 (/opt/exo/webapps/mcp-server/WEB-INF/classes started by exo in /var/log/exo) [i.meeds.mcp.server.McpServerApplication<Catalina-utility-3>] 
2026-08-19 13:45:41,769 | INFO  | The following 35 profiles are active: "notes", "kudos", "tomcat", "documents", "push-notifications", "sites", "poll", "webdav", "deeds-tenant", "matrix", "digital-workplace", "content", "external-visio-connector", "analytics", "gamification-evm", "jcr", "exo_community", "all", "processes", "wallet", "webconferencing", "auth-server", "ecms", "ide", "mcp-server", "agenda", "gamification-twitter", "onlyoffice", "layout", "gamification", "app-center", "task", "gamification-crowdin", "perk-store", "pwa" [i.meeds.mcp.server.McpServerApplication<Catalina-utility-3>] 
2026-08-19 13:45:41,770 | INFO  | The following 35 profiles are active: "notes", "kudos", "tomcat", "documents", "push-notifications", "sites", "poll", "webdav", "deeds-tenant", "matrix", "digital-workplace", "content", "external-visio-connector", "analytics", "gamification-evm", "jcr", "exo_community", "all", "processes", "wallet", "webconferencing", "auth-server", "ecms", "ide", "mcp-server", "agenda", "gamification-twitter", "onlyoffice", "layout", "gamification", "app-center", "task", "gamification-crowdin", "perk-store", "pwa" [io.meeds.poll.PollApplication<Catalina-utility-2>] 
2026-08-19 13:45:41,768 | INFO  | Starting PwaApplication v7.2.1-exo using Java 21.0.12 with PID 7 (/opt/exo/webapps/pwa/WEB-INF/classes started by exo in /var/log/exo) [io.meeds.pwa.PwaApplication<Catalina-utility-1>] 
2026-08-19 13:45:41,771 | INFO  | The following 35 profiles are active: "notes", "kudos", "tomcat", "documents", "push-notifications", "sites", "poll", "webdav", "deeds-tenant", "matrix", "digital-workplace", "content", "external-visio-connector", "analytics", "gamification-evm", "jcr", "exo_community", "all", "processes", "wallet", "webconferencing", "auth-server", "ecms", "ide", "mcp-server", "agenda", "gamification-twitter", "onlyoffice", "layout", "gamification", "app-center", "task", "gamification-crowdin", "perk-store", "pwa" [io.meeds.pwa.PwaApplication<Catalina-utility-1>] 
2026-08-19 13:45:43,284 | INFO  | Multiple Spring Data modules found, entering strict repository configuration mode [o.s.d.r.c.RepositoryConfigurationDelegate<Catalina-utility-2>] 
2026-08-19 13:45:43,288 | INFO  | Bootstrapping Spring Data JPA repositories in DEFAULT mode. [o.s.d.r.c.RepositoryConfigurationDelegate<Catalina-utility-2>] 
2026-08-19 13:45:43,457 | INFO  | Finished Spring Data repository scanning in 140 ms. Found 3 JPA repository interfaces. [o.s.d.r.c.RepositoryConfigurationDelegate<Catalina-utility-2>] 
2026-08-19 13:45:43,632 | INFO  | Multiple Spring Data modules found, entering strict repository configuration mode [o.s.d.r.c.RepositoryConfigurationDelegate<Catalina-utility-3>] 
2026-08-19 13:45:43,632 | INFO  | Bootstrapping Spring Data Elasticsearch repositories in DEFAULT mode. [o.s.d.r.c.RepositoryConfigurationDelegate<Catalina-utility-3>] 
2026-08-19 13:45:43,672 | INFO  | Finished Spring Data repository scanning in 38 ms. Found 0 Elasticsearch repository interfaces. [o.s.d.r.c.RepositoryConfigurationDelegate<Catalina-utility-3>] 
2026-08-19 13:45:43,680 | INFO  | Multiple Spring Data modules found, entering strict repository configuration mode [o.s.d.r.c.RepositoryConfigurationDelegate<Catalina-utility-3>] 
2026-08-19 13:45:43,681 | INFO  | Multiple Spring Data modules found, entering strict repository configuration mode [o.s.d.r.c.RepositoryConfigurationDelegate<Catalina-utility-1>] 
2026-08-19 13:45:43,682 | INFO  | Bootstrapping Spring Data Elasticsearch repositories in DEFAULT mode. [o.s.d.r.c.RepositoryConfigurationDelegate<Catalina-utility-1>] 
2026-08-19 13:45:43,683 | INFO  | Bootstrapping Spring Data Reactive Elasticsearch repositories in DEFAULT mode. [o.s.d.r.c.RepositoryConfigurationDelegate<Catalina-utility-3>] 
2026-08-19 13:45:43,688 | INFO  | Finished Spring Data repository scanning in 4 ms. Found 0 Reactive Elasticsearch repository interfaces. [o.s.d.r.c.RepositoryConfigurationDelegate<Catalina-utility-3>] 
2026-08-19 13:45:43,699 | INFO  | Finished Spring Data repository scanning in 14 ms. Found 0 Elasticsearch repository interfaces. [o.s.d.r.c.RepositoryConfigurationDelegate<Catalina-utility-1>] 
2026-08-19 13:45:43,703 | INFO  | Multiple Spring Data modules found, entering strict repository configuration mode [o.s.d.r.c.RepositoryConfigurationDelegate<Catalina-utility-1>] 
2026-08-19 13:45:43,704 | INFO  | Bootstrapping Spring Data Reactive Elasticsearch repositories in DEFAULT mode. [o.s.d.r.c.RepositoryConfigurationDelegate<Catalina-utility-1>] 
2026-08-19 13:45:43,710 | INFO  | Multiple Spring Data modules found, entering strict repository configuration mode [o.s.d.r.c.RepositoryConfigurationDelegate<Catalina-utility-2>] 
2026-08-19 13:45:43,710 | INFO  | Finished Spring Data repository scanning in 5 ms. Found 0 Reactive Elasticsearch repository interfaces. [o.s.d.r.c.RepositoryConfigurationDelegate<Catalina-utility-1>] 
2026-08-19 13:45:43,710 | INFO  | Bootstrapping Spring Data Elasticsearch repositories in DEFAULT mode. [o.s.d.r.c.RepositoryConfigurationDelegate<Catalina-utility-2>] 
2026-08-19 13:45:43,725 | INFO  | Spring Data Elasticsearch - Could not safely identify store assignment for repository candidate interface io.meeds.poll.dao.PollDAO; If you want this repository to be a Elasticsearch repository, consider annotating your entities with one of these annotations: org.springframework.data.elasticsearch.annotations.Document (preferred), or consider extending one of the following types with your repository: org.springframework.data.elasticsearch.repository.ElasticsearchRepository [o.s.d.r.c.RepositoryConfigurationExtensionSupport<Catalina-utility-2>] 
2026-08-19 13:45:43,725 | INFO  | Spring Data Elasticsearch - Could not safely identify store assignment for repository candidate interface io.meeds.poll.dao.PollOptionDAO; If you want this repository to be a Elasticsearch repository, consider annotating your entities with one of these annotations: org.springframework.data.elasticsearch.annotations.Document (preferred), or consider extending one of the following types with your repository: org.springframework.data.elasticsearch.repository.ElasticsearchRepository [o.s.d.r.c.RepositoryConfigurationExtensionSupport<Catalina-utility-2>] 
2026-08-19 13:45:43,726 | INFO  | Spring Data Elasticsearch - Could not safely identify store assignment for repository candidate interface io.meeds.poll.dao.PollVoteDAO; If you want this repository to be a Elasticsearch repository, consider annotating your entities with one of these annotations: org.springframework.data.elasticsearch.annotations.Document (preferred), or consider extending one of the following types with your repository: org.springframework.data.elasticsearch.repository.ElasticsearchRepository [o.s.d.r.c.RepositoryConfigurationExtensionSupport<Catalina-utility-2>] 
2026-08-19 13:45:43,726 | INFO  | Finished Spring Data repository scanning in 11 ms. Found 0 Elasticsearch repository interfaces. [o.s.d.r.c.RepositoryConfigurationDelegate<Catalina-utility-2>] 
2026-08-19 13:45:43,731 | INFO  | Multiple Spring Data modules found, entering strict repository configuration mode [o.s.d.r.c.RepositoryConfigurationDelegate<Catalina-utility-2>] 
2026-08-19 13:45:43,734 | INFO  | Bootstrapping Spring Data Reactive Elasticsearch repositories in DEFAULT mode. [o.s.d.r.c.RepositoryConfigurationDelegate<Catalina-utility-2>] 
2026-08-19 13:45:43,742 | INFO  | Spring Data Reactive Elasticsearch - Could not safely identify store assignment for repository candidate interface io.meeds.poll.dao.PollDAO; If you want this repository to be a Reactive Elasticsearch repository, consider annotating your entities with one of these annotations: org.springframework.data.elasticsearch.annotations.Document (preferred), or consider extending one of the following types with your repository: org.springframework.data.elasticsearch.repository.ReactiveElasticsearchRepository [o.s.d.r.c.RepositoryConfigurationExtensionSupport<Catalina-utility-2>] 
2026-08-19 13:45:43,744 | INFO  | Spring Data Reactive Elasticsearch - Could not safely identify store assignment for repository candidate interface io.meeds.poll.dao.PollOptionDAO; If you want this repository to be a Reactive Elasticsearch repository, consider annotating your entities with one of these annotations: org.springframework.data.elasticsearch.annotations.Document (preferred), or consider extending one of the following types with your repository: org.springframework.data.elasticsearch.repository.ReactiveElasticsearchRepository [o.s.d.r.c.RepositoryConfigurationExtensionSupport<Catalina-utility-2>] 
2026-08-19 13:45:43,745 | INFO  | Spring Data Reactive Elasticsearch - Could not safely identify store assignment for repository candidate interface io.meeds.poll.dao.PollVoteDAO; If you want this repository to be a Reactive Elasticsearch repository, consider annotating your entities with one of these annotations: org.springframework.data.elasticsearch.annotations.Document (preferred), or consider extending one of the following types with your repository: org.springframework.data.elasticsearch.repository.ReactiveElasticsearchRepository [o.s.d.r.c.RepositoryConfigurationExtensionSupport<Catalina-utility-2>] 
2026-08-19 13:45:43,745 | INFO  | Finished Spring Data repository scanning in 9 ms. Found 0 Reactive Elasticsearch repository interfaces. [o.s.d.r.c.RepositoryConfigurationDelegate<Catalina-utility-2>] 
2026-08-19 13:45:44,474 | INFO  | Initializing Spring embedded WebApplicationContext [o.a.c.c.C.[Catalina].[localhost].[/poll]<Catalina-utility-2>] 
2026-08-19 13:45:44,474 | INFO  | Initializing Spring embedded WebApplicationContext [o.a.c.c.C.[Catalina].[localhost].[/pwa]<Catalina-utility-1>] 
2026-08-19 13:45:44,475 | INFO  | Root WebApplicationContext: initialization completed in 2435 ms [o.s.b.w.s.c.ServletWebServerApplicationContext<Catalina-utility-1>] 
2026-08-19 13:45:44,475 | INFO  | Root WebApplicationContext: initialization completed in 2435 ms [o.s.b.w.s.c.ServletWebServerApplicationContext<Catalina-utility-2>] 
2026-08-19 13:45:44,474 | INFO  | Initializing Spring embedded WebApplicationContext [o.a.c.c.C.[.[localhost].[/mcp-server]<Catalina-utility-3>] 
2026-08-19 13:45:44,476 | INFO  | Root WebApplicationContext: initialization completed in 2436 ms [o.s.b.w.s.c.ServletWebServerApplicationContext<Catalina-utility-3>] 
2026-08-19 13:45:44,813 | INFO  | Add Spring context 'mcp-server' to inject its Beans in Kernel as available components [i.m.s.k.KernelContainerLifecyclePlugin<Catalina-utility-3>] 
2026-08-19 13:45:44,814 | INFO  | Started McpServerApplication in 3.706 seconds (process running for 13.266) [i.meeds.mcp.server.McpServerApplication<Catalina-utility-3>] 
2026-08-19 13:45:44,813 | INFO  | Add Spring context 'poll' to inject its Beans in Kernel as available components [i.m.s.k.KernelContainerLifecyclePlugin<Catalina-utility-2>] 
2026-08-19 13:45:44,813 | INFO  | Add Spring context 'pwa' to inject its Beans in Kernel as available components [i.m.s.k.KernelContainerLifecyclePlugin<Catalina-utility-1>] 
2026-08-19 13:45:44,818 | INFO  | Started PollApplication in 3.709 seconds (process running for 13.269) [io.meeds.poll.PollApplication<Catalina-utility-2>] 
2026-08-19 13:45:44,818 | INFO  | Started PwaApplication in 3.693 seconds (process running for 13.269) [io.meeds.pwa.PwaApplication<Catalina-utility-1>] 
2026-08-19 13:45:44,840 | INFO  | At least one JAR was scanned for TLDs yet contained no TLDs. Enable debug logging for this logger for a complete list of JARs that were scanned but no TLDs were found in them. Skipping unneeded JARs during scanning can improve startup time and JSP compilation time. [org.apache.jasper.servlet.TldScanner<Catalina-utility-3>] 
2026-08-19 13:45:44,840 | INFO  | Use maxAge "31536000" seconds for resource serving [o.e.p.application.ResourceRequestFilter<Catalina-utility-1>] 
2026-08-19 13:45:44,841 | INFO  | Use version "7.2.1-exo-20260730114738" for resource serving [o.e.p.application.ResourceRequestFilter<Catalina-utility-1>] 
2026-08-19 13:45:44,843 | INFO  | Deployment of web application archive [/opt/exo/webapps/poll.war] has finished in [11.312] ms [org.apache.catalina.startup.HostConfig<Catalina-utility-2>] 
2026-08-19 13:45:44,843 | INFO  | Deploying web application archive [/opt/exo/webapps/plf-community.war] [org.apache.catalina.startup.HostConfig<Catalina-utility-2>] 
2026-08-19 13:45:44,844 | INFO  | Deployment of web application archive [/opt/exo/webapps/mcp-server.war] has finished in [11.312] ms [org.apache.catalina.startup.HostConfig<Catalina-utility-3>] 
2026-08-19 13:45:44,844 | INFO  | Deploying web application archive [/opt/exo/webapps/layout.war] [org.apache.catalina.startup.HostConfig<Catalina-utility-3>] 
2026-08-19 13:45:44,853 | INFO  | Deployment of web application archive [/opt/exo/webapps/pwa.war] has finished in [3.854] ms [org.apache.catalina.startup.HostConfig<Catalina-utility-1>] 
2026-08-19 13:45:44,853 | INFO  | Deploying web application archive [/opt/exo/webapps/gamification-crowdin.war] [org.apache.catalina.startup.HostConfig<Catalina-utility-1>] 
2026-08-19 13:45:44,874 | INFO  | No Spring WebApplicationInitializer types detected on classpath [o.a.c.c.C.[.[localhost].[/plf-community]<Catalina-utility-2>] 
2026-08-19 13:45:44,880 | INFO  | Deployment of web application archive [/opt/exo/webapps/plf-community.war] has finished in [34] ms [org.apache.catalina.startup.HostConfig<Catalina-utility-2>] 
2026-08-19 13:45:44,881 | INFO  | Deploying web application archive [/opt/exo/webapps/analytics.war] [org.apache.catalina.startup.HostConfig<Catalina-utility-2>] 
2026-08-19 13:45:44,927 | INFO  | 1 Spring WebApplicationInitializers detected on classpath [o.a.c.c.C.[.[.[/gamification-crowdin]<Catalina-utility-1>] 
2026-08-19 13:45:44,981 | INFO  | 1 Spring WebApplicationInitializers detected on classpath [o.a.c.c.C.[.[localhost].[/layout]<Catalina-utility-3>] 
2026-08-19 13:45:45,074 | INFO  | 1 Spring WebApplicationInitializers detected on classpath [o.a.c.c.C.[.[localhost].[/analytics]<Catalina-utility-2>] 
2026-08-19 13:45:45,140 | INFO  | Starting GamificationCrowdinApplication v7.2.1-exo using Java 21.0.12 with PID 7 (/opt/exo/webapps/gamification-crowdin/WEB-INF/classes started by exo in /var/log/exo) [i.m.c.g.GamificationCrowdinApplication<Catalina-utility-1>] 
2026-08-19 13:45:45,141 | INFO  | The following 35 profiles are active: "notes", "kudos", "tomcat", "documents", "push-notifications", "sites", "poll", "webdav", "deeds-tenant", "matrix", "digital-workplace", "content", "external-visio-connector", "analytics", "gamification-evm", "jcr", "exo_community", "all", "processes", "wallet", "webconferencing", "auth-server", "ecms", "ide", "mcp-server", "agenda", "gamification-twitter", "onlyoffice", "layout", "gamification", "app-center", "task", "gamification-crowdin", "perk-store", "pwa" [i.m.c.g.GamificationCrowdinApplication<Catalina-utility-1>] 
2026-08-19 13:45:45,168 | INFO  | Starting LayoutApplication v7.2.1-exo using Java 21.0.12 with PID 7 (/opt/exo/webapps/layout/WEB-INF/classes started by exo in /var/log/exo) [io.meeds.layout.LayoutApplication<Catalina-utility-3>] 
2026-08-19 13:45:45,168 | INFO  | The following 35 profiles are active: "notes", "kudos", "tomcat", "documents", "push-notifications", "sites", "poll", "webdav", "deeds-tenant", "matrix", "digital-workplace", "content", "external-visio-connector", "analytics", "gamification-evm", "jcr", "exo_community", "all", "processes", "wallet", "webconferencing", "auth-server", "ecms", "ide", "mcp-server", "agenda", "gamification-twitter", "onlyoffice", "layout", "gamification", "app-center", "task", "gamification-crowdin", "perk-store", "pwa" [io.meeds.layout.LayoutApplication<Catalina-utility-3>] 
2026-08-19 13:45:45,265 | INFO  | Starting AnalyticsApplication v7.2.1-exo using Java 21.0.12 with PID 7 (/opt/exo/webapps/analytics/WEB-INF/classes started by exo in /var/log/exo) [io.meeds.analytics.AnalyticsApplication<Catalina-utility-2>] 
2026-08-19 13:45:45,265 | INFO  | The following 35 profiles are active: "notes", "kudos", "tomcat", "documents", "push-notifications", "sites", "poll", "webdav", "deeds-tenant", "matrix", "digital-workplace", "content", "external-visio-connector", "analytics", "gamification-evm", "jcr", "exo_community", "all", "processes", "wallet", "webconferencing", "auth-server", "ecms", "ide", "mcp-server", "agenda", "gamification-twitter", "onlyoffice", "layout", "gamification", "app-center", "task", "gamification-crowdin", "perk-store", "pwa" [io.meeds.analytics.AnalyticsApplication<Catalina-utility-2>] 
2026-08-19 13:45:45,681 | INFO  | Multiple Spring Data modules found, entering strict repository configuration mode [o.s.d.r.c.RepositoryConfigurationDelegate<Catalina-utility-1>] 
2026-08-19 13:45:45,681 | INFO  | Bootstrapping Spring Data JPA repositories in DEFAULT mode. [o.s.d.r.c.RepositoryConfigurationDelegate<Catalina-utility-1>] 
2026-08-19 13:45:45,694 | INFO  | Finished Spring Data repository scanning in 11 ms. Found 1 JPA repository interface. [o.s.d.r.c.RepositoryConfigurationDelegate<Catalina-utility-1>] 
2026-08-19 13:45:45,807 | INFO  | Multiple Spring Data modules found, entering strict repository configuration mode [o.s.d.r.c.RepositoryConfigurationDelegate<Catalina-utility-1>] 
2026-08-19 13:45:45,809 | INFO  | Bootstrapping Spring Data Elasticsearch repositories in DEFAULT mode. [o.s.d.r.c.RepositoryConfigurationDelegate<Catalina-utility-1>] 
2026-08-19 13:45:45,817 | INFO  | Spring Data Elasticsearch - Could not safely identify store assignment for repository candidate interface io.meeds.crowdin.gamification.dao.WebHookDAO; If you want this repository to be a Elasticsearch repository, consider annotating your entities with one of these annotations: org.springframework.data.elasticsearch.annotations.Document (preferred), or consider extending one of the following types with your repository: org.springframework.data.elasticsearch.repository.ElasticsearchRepository [o.s.d.r.c.RepositoryConfigurationExtensionSupport<Catalina-utility-1>] 
2026-08-19 13:45:45,819 | INFO  | Finished Spring Data repository scanning in 5 ms. Found 0 Elasticsearch repository interfaces. [o.s.d.r.c.RepositoryConfigurationDelegate<Catalina-utility-1>] 
2026-08-19 13:45:45,821 | INFO  | Multiple Spring Data modules found, entering strict repository configuration mode [o.s.d.r.c.RepositoryConfigurationDelegate<Catalina-utility-1>] 
2026-08-19 13:45:45,822 | INFO  | Bootstrapping Spring Data Reactive Elasticsearch repositories in DEFAULT mode. [o.s.d.r.c.RepositoryConfigurationDelegate<Catalina-utility-1>] 
2026-08-19 13:45:45,826 | INFO  | Spring Data Reactive Elasticsearch - Could not safely identify store assignment for repository candidate interface io.meeds.crowdin.gamification.dao.WebHookDAO; If you want this repository to be a Reactive Elasticsearch repository, consider annotating your entities with one of these annotations: org.springframework.data.elasticsearch.annotations.Document (preferred), or consider extending one of the following types with your repository: org.springframework.data.elasticsearch.repository.ReactiveElasticsearchRepository [o.s.d.r.c.RepositoryConfigurationExtensionSupport<Catalina-utility-1>] 
2026-08-19 13:45:45,826 | INFO  | Finished Spring Data repository scanning in 2 ms. Found 0 Reactive Elasticsearch repository interfaces. [o.s.d.r.c.RepositoryConfigurationDelegate<Catalina-utility-1>] 
2026-08-19 13:45:45,913 | INFO  | Multiple Spring Data modules found, entering strict repository configuration mode [o.s.d.r.c.RepositoryConfigurationDelegate<Catalina-utility-3>] 
2026-08-19 13:45:45,914 | INFO  | Bootstrapping Spring Data JPA repositories in DEFAULT mode. [o.s.d.r.c.RepositoryConfigurationDelegate<Catalina-utility-3>] 
2026-08-19 13:45:45,949 | INFO  | Finished Spring Data repository scanning in 34 ms. Found 4 JPA repository interfaces. [o.s.d.r.c.RepositoryConfigurationDelegate<Catalina-utility-3>] 
2026-08-19 13:45:45,988 | INFO  | Multiple Spring Data modules found, entering strict repository configuration mode [o.s.d.r.c.RepositoryConfigurationDelegate<Catalina-utility-2>] 
2026-08-19 13:45:45,991 | INFO  | Bootstrapping Spring Data Elasticsearch repositories in DEFAULT mode. [o.s.d.r.c.RepositoryConfigurationDelegate<Catalina-utility-2>] 
2026-08-19 13:45:46,016 | INFO  | Finished Spring Data repository scanning in 23 ms. Found 0 Elasticsearch repository interfaces. [o.s.d.r.c.RepositoryConfigurationDelegate<Catalina-utility-2>] 
2026-08-19 13:45:46,018 | INFO  | Multiple Spring Data modules found, entering strict repository configuration mode [o.s.d.r.c.RepositoryConfigurationDelegate<Catalina-utility-2>] 
2026-08-19 13:45:46,018 | INFO  | Bootstrapping Spring Data Reactive Elasticsearch repositories in DEFAULT mode. [o.s.d.r.c.RepositoryConfigurationDelegate<Catalina-utility-2>] 
2026-08-19 13:45:46,024 | INFO  | Finished Spring Data repository scanning in 3 ms. Found 0 Reactive Elasticsearch repository interfaces. [o.s.d.r.c.RepositoryConfigurationDelegate<Catalina-utility-2>] 
2026-08-19 13:45:46,102 | INFO  | Initializing Spring embedded WebApplicationContext [o.a.c.c.C.[.[.[/gamification-crowdin]<Catalina-utility-1>] 
2026-08-19 13:45:46,105 | INFO  | Root WebApplicationContext: initialization completed in 961 ms [o.s.b.w.s.c.ServletWebServerApplicationContext<Catalina-utility-1>] 
2026-08-19 13:45:46,116 | INFO  | Multiple Spring Data modules found, entering strict repository configuration mode [o.s.d.r.c.RepositoryConfigurationDelegate<Catalina-utility-3>] 
2026-08-19 13:45:46,116 | INFO  | Bootstrapping Spring Data Elasticsearch repositories in DEFAULT mode. [o.s.d.r.c.RepositoryConfigurationDelegate<Catalina-utility-3>] 
2026-08-19 13:45:46,121 | INFO  | Spring Data Elasticsearch - Could not safely identify store assignment for repository candidate interface io.meeds.layout.dao.PageTemplateDAO; If you want this repository to be a Elasticsearch repository, consider annotating your entities with one of these annotations: org.springframework.data.elasticsearch.annotations.Document (preferred), or consider extending one of the following types with your repository: org.springframework.data.elasticsearch.repository.ElasticsearchRepository [o.s.d.r.c.RepositoryConfigurationExtensionSupport<Catalina-utility-3>] 
2026-08-19 13:45:46,122 | INFO  | Spring Data Elasticsearch - Could not safely identify store assignment for repository candidate interface io.meeds.layout.dao.PortletInstanceCategoryDAO; If you want this repository to be a Elasticsearch repository, consider annotating your entities with one of these annotations: org.springframework.data.elasticsearch.annotations.Document (preferred), or consider extending one of the following types with your repository: org.springframework.data.elasticsearch.repository.ElasticsearchRepository [o.s.d.r.c.RepositoryConfigurationExtensionSupport<Catalina-utility-3>] 
2026-08-19 13:45:46,122 | INFO  | Spring Data Elasticsearch - Could not safely identify store assignment for repository candidate interface io.meeds.layout.dao.PortletInstanceDAO; If you want this repository to be a Elasticsearch repository, consider annotating your entities with one of these annotations: org.springframework.data.elasticsearch.annotations.Document (preferred), or consider extending one of the following types with your repository: org.springframework.data.elasticsearch.repository.ElasticsearchRepository [o.s.d.r.c.RepositoryConfigurationExtensionSupport<Catalina-utility-3>] 
2026-08-19 13:45:46,123 | INFO  | Spring Data Elasticsearch - Could not safely identify store assignment for repository candidate interface io.meeds.layout.dao.SectionTemplateDAO; If you want this repository to be a Elasticsearch repository, consider annotating your entities with one of these annotations: org.springframework.data.elasticsearch.annotations.Document (preferred), or consider extending one of the following types with your repository: org.springframework.data.elasticsearch.repository.ElasticsearchRepository [o.s.d.r.c.RepositoryConfigurationExtensionSupport<Catalina-utility-3>] 
2026-08-19 13:45:46,123 | INFO  | Finished Spring Data repository scanning in 5 ms. Found 0 Elasticsearch repository interfaces. [o.s.d.r.c.RepositoryConfigurationDelegate<Catalina-utility-3>] 
2026-08-19 13:45:46,124 | INFO  | Multiple Spring Data modules found, entering strict repository configuration mode [o.s.d.r.c.RepositoryConfigurationDelegate<Catalina-utility-3>] 
2026-08-19 13:45:46,125 | INFO  | Bootstrapping Spring Data Reactive Elasticsearch repositories in DEFAULT mode. [o.s.d.r.c.RepositoryConfigurationDelegate<Catalina-utility-3>] 
2026-08-19 13:45:46,129 | INFO  | Spring Data Reactive Elasticsearch - Could not safely identify store assignment for repository candidate interface io.meeds.layout.dao.PageTemplateDAO; If you want this repository to be a Reactive Elasticsearch repository, consider annotating your entities with one of these annotations: org.springframework.data.elasticsearch.annotations.Document (preferred), or consider extending one of the following types with your repository: org.springframework.data.elasticsearch.repository.ReactiveElasticsearchRepository [o.s.d.r.c.RepositoryConfigurationExtensionSupport<Catalina-utility-3>] 
2026-08-19 13:45:46,129 | INFO  | Spring Data Reactive Elasticsearch - Could not safely identify store assignment for repository candidate interface io.meeds.layout.dao.PortletInstanceCategoryDAO; If you want this repository to be a Reactive Elasticsearch repository, consider annotating your entities with one of these annotations: org.springframework.data.elasticsearch.annotations.Document (preferred), or consider extending one of the following types with your repository: org.springframework.data.elasticsearch.repository.ReactiveElasticsearchRepository [o.s.d.r.c.RepositoryConfigurationExtensionSupport<Catalina-utility-3>] 
2026-08-19 13:45:46,130 | INFO  | Spring Data Reactive Elasticsearch - Could not safely identify store assignment for repository candidate interface io.meeds.layout.dao.PortletInstanceDAO; If you want this repository to be a Reactive Elasticsearch repository, consider annotating your entities with one of these annotations: org.springframework.data.elasticsearch.annotations.Document (preferred), or consider extending one of the following types with your repository: org.springframework.data.elasticsearch.repository.ReactiveElasticsearchRepository [o.s.d.r.c.RepositoryConfigurationExtensionSupport<Catalina-utility-3>] 
2026-08-19 13:45:46,130 | INFO  | Spring Data Reactive Elasticsearch - Could not safely identify store assignment for repository candidate interface io.meeds.layout.dao.SectionTemplateDAO; If you want this repository to be a Reactive Elasticsearch repository, consider annotating your entities with one of these annotations: org.springframework.data.elasticsearch.annotations.Document (preferred), or consider extending one of the following types with your repository: org.springframework.data.elasticsearch.repository.ReactiveElasticsearchRepository [o.s.d.r.c.RepositoryConfigurationExtensionSupport<Catalina-utility-3>] 
2026-08-19 13:45:46,131 | INFO  | Finished Spring Data repository scanning in 4 ms. Found 0 Reactive Elasticsearch repository interfaces. [o.s.d.r.c.RepositoryConfigurationDelegate<Catalina-utility-3>] 
2026-08-19 13:45:46,316 | INFO  | Add Spring context 'gamification-crowdin' to inject its Beans in Kernel as available components [i.m.s.k.KernelContainerLifecyclePlugin<Catalina-utility-1>] 
2026-08-19 13:45:46,317 | INFO  | Started GamificationCrowdinApplication in 1.378 seconds (process running for 14.768) [i.m.c.g.GamificationCrowdinApplication<Catalina-utility-1>] 
2026-08-19 13:45:46,337 | INFO  | Deployment of web application archive [/opt/exo/webapps/gamification-crowdin.war] has finished in [1.484] ms [org.apache.catalina.startup.HostConfig<Catalina-utility-1>] 
2026-08-19 13:45:46,337 | INFO  | Deploying web application archive [/opt/exo/webapps/eXoSkin.war] [org.apache.catalina.startup.HostConfig<Catalina-utility-1>] 
2026-08-19 13:45:46,363 | INFO  | Initializing Spring embedded WebApplicationContext [o.a.c.c.C.[.[localhost].[/analytics]<Catalina-utility-2>] 
2026-08-19 13:45:46,363 | INFO  | Root WebApplicationContext: initialization completed in 1093 ms [o.s.b.w.s.c.ServletWebServerApplicationContext<Catalina-utility-2>] 
2026-08-19 13:45:46,379 | INFO  | Initializing Spring embedded WebApplicationContext [o.a.c.c.C.[.[localhost].[/layout]<Catalina-utility-3>] 
2026-08-19 13:45:46,379 | INFO  | Root WebApplicationContext: initialization completed in 1206 ms [o.s.b.w.s.c.ServletWebServerApplicationContext<Catalina-utility-3>] 
2026-08-19 13:45:46,581 | INFO  | Add Spring context 'layout' to inject its Beans in Kernel as available components [i.m.s.k.KernelContainerLifecyclePlugin<Catalina-utility-3>] 
2026-08-19 13:45:46,581 | INFO  | Started LayoutApplication in 1.592 seconds (process running for 15.033) [io.meeds.layout.LayoutApplication<Catalina-utility-3>] 
2026-08-19 13:45:46,592 | INFO  | Deployment of web application archive [/opt/exo/webapps/layout.war] has finished in [1.747] ms [org.apache.catalina.startup.HostConfig<Catalina-utility-3>] 
2026-08-19 13:45:46,594 | INFO  | No Spring WebApplicationInitializer types detected on classpath [o.a.c.c.C.[.[localhost].[/eXoSkin]<Catalina-utility-1>] 
2026-08-19 13:45:46,596 | INFO  | Deploying web application archive [/opt/exo/webapps/ide.war] [org.apache.catalina.startup.HostConfig<Catalina-utility-3>] 
2026-08-19 13:45:46,601 | INFO  | Deployment of web application archive [/opt/exo/webapps/eXoSkin.war] has finished in [264] ms [org.apache.catalina.startup.HostConfig<Catalina-utility-1>] 
2026-08-19 13:45:46,602 | INFO  | Deploying web application archive [/opt/exo/webapps/wallet.war] [org.apache.catalina.startup.HostConfig<Catalina-utility-1>] 
2026-08-19 13:45:46,609 | INFO  | Add Spring context 'analytics' to inject its Beans in Kernel as available components [i.m.s.k.KernelContainerLifecyclePlugin<Catalina-utility-2>] 
2026-08-19 13:45:46,610 | INFO  | Started AnalyticsApplication in 1.527 seconds (process running for 15.061) [io.meeds.analytics.AnalyticsApplication<Catalina-utility-2>] 
2026-08-19 13:45:46,623 | INFO  | Deployment of web application archive [/opt/exo/webapps/analytics.war] has finished in [1.742] ms [org.apache.catalina.startup.HostConfig<Catalina-utility-2>] 
2026-08-19 13:45:46,624 | INFO  | Deploying web application archive [/opt/exo/webapps/webdav.war] [org.apache.catalina.startup.HostConfig<Catalina-utility-2>] 
2026-08-19 13:45:46,665 | INFO  | 1 Spring WebApplicationInitializers detected on classpath [o.a.c.c.C.[.[localhost].[/webdav]<Catalina-utility-2>] 
2026-08-19 13:45:46,713 | INFO  | 1 Spring WebApplicationInitializers detected on classpath [o.a.c.c.C.[.[localhost].[/wallet]<Catalina-utility-1>] 
2026-08-19 13:45:46,783 | INFO  | 1 Spring WebApplicationInitializers detected on classpath [o.a.c.c.C.[Catalina].[localhost].[/ide]<Catalina-utility-3>] 
2026-08-19 13:45:46,875 | INFO  | Starting WebdavApplication v7.2.1 using Java 21.0.12 with PID 7 (/opt/exo/webapps/webdav/WEB-INF/classes started by exo in /var/log/exo) [o.e.documents.webdav.WebdavApplication<Catalina-utility-2>] 
2026-08-19 13:45:46,875 | INFO  | The following 35 profiles are active: "notes", "kudos", "tomcat", "documents", "push-notifications", "sites", "poll", "webdav", "deeds-tenant", "matrix", "digital-workplace", "content", "external-visio-connector", "analytics", "gamification-evm", "jcr", "exo_community", "all", "processes", "wallet", "webconferencing", "auth-server", "ecms", "ide", "mcp-server", "agenda", "gamification-twitter", "onlyoffice", "layout", "gamification", "app-center", "task", "gamification-crowdin", "perk-store", "pwa" [o.e.documents.webdav.WebdavApplication<Catalina-utility-2>] 
2026-08-19 13:45:46,928 | INFO  | Starting WalletApplication v7.2.1-exo using Java 21.0.12 with PID 7 (/opt/exo/webapps/wallet/WEB-INF/classes started by exo in /var/log/exo) [io.meeds.wallet.WalletApplication<Catalina-utility-1>] 
2026-08-19 13:45:46,928 | INFO  | The following 35 profiles are active: "notes", "kudos", "tomcat", "documents", "push-notifications", "sites", "poll", "webdav", "deeds-tenant", "matrix", "digital-workplace", "content", "external-visio-connector", "analytics", "gamification-evm", "jcr", "exo_community", "all", "processes", "wallet", "webconferencing", "auth-server", "ecms", "ide", "mcp-server", "agenda", "gamification-twitter", "onlyoffice", "layout", "gamification", "app-center", "task", "gamification-crowdin", "perk-store", "pwa" [io.meeds.wallet.WalletApplication<Catalina-utility-1>] 
2026-08-19 13:45:46,972 | INFO  | Starting IdeApplication v7.2.1-exo using Java 21.0.12 with PID 7 (/opt/exo/webapps/ide/WEB-INF/classes started by exo in /var/log/exo) [io.meeds.ide.IdeApplication<Catalina-utility-3>] 
2026-08-19 13:45:46,974 | INFO  | The following 35 profiles are active: "notes", "kudos", "tomcat", "documents", "push-notifications", "sites", "poll", "webdav", "deeds-tenant", "matrix", "digital-workplace", "content", "external-visio-connector", "analytics", "gamification-evm", "jcr", "exo_community", "all", "processes", "wallet", "webconferencing", "auth-server", "ecms", "ide", "mcp-server", "agenda", "gamification-twitter", "onlyoffice", "layout", "gamification", "app-center", "task", "gamification-crowdin", "perk-store", "pwa" [io.meeds.ide.IdeApplication<Catalina-utility-3>] 
2026-08-19 13:45:47,532 | INFO  | Multiple Spring Data modules found, entering strict repository configuration mode [o.s.d.r.c.RepositoryConfigurationDelegate<Catalina-utility-3>] 
2026-08-19 13:45:47,532 | INFO  | Bootstrapping Spring Data JPA repositories in DEFAULT mode. [o.s.d.r.c.RepositoryConfigurationDelegate<Catalina-utility-3>] 
2026-08-19 13:45:47,548 | INFO  | Finished Spring Data repository scanning in 15 ms. Found 1 JPA repository interface. [o.s.d.r.c.RepositoryConfigurationDelegate<Catalina-utility-3>] 
2026-08-19 13:45:47,550 | INFO  | Multiple Spring Data modules found, entering strict repository configuration mode [o.s.d.r.c.RepositoryConfigurationDelegate<Catalina-utility-2>] 
2026-08-19 13:45:47,550 | INFO  | Bootstrapping Spring Data Elasticsearch repositories in DEFAULT mode. [o.s.d.r.c.RepositoryConfigurationDelegate<Catalina-utility-2>] 
2026-08-19 13:45:47,576 | INFO  | Finished Spring Data repository scanning in 21 ms. Found 0 Elasticsearch repository interfaces. [o.s.d.r.c.RepositoryConfigurationDelegate<Catalina-utility-2>] 
2026-08-19 13:45:47,577 | INFO  | Multiple Spring Data modules found, entering strict repository configuration mode [o.s.d.r.c.RepositoryConfigurationDelegate<Catalina-utility-2>] 
2026-08-19 13:45:47,577 | INFO  | Bootstrapping Spring Data Reactive Elasticsearch repositories in DEFAULT mode. [o.s.d.r.c.RepositoryConfigurationDelegate<Catalina-utility-2>] 
2026-08-19 13:45:47,587 | INFO  | Finished Spring Data repository scanning in 6 ms. Found 0 Reactive Elasticsearch repository interfaces. [o.s.d.r.c.RepositoryConfigurationDelegate<Catalina-utility-2>] 
2026-08-19 13:45:47,590 | INFO  | Multiple Spring Data modules found, entering strict repository configuration mode [o.s.d.r.c.RepositoryConfigurationDelegate<Catalina-utility-1>] 
2026-08-19 13:45:47,590 | INFO  | Bootstrapping Spring Data JPA repositories in DEFAULT mode. [o.s.d.r.c.RepositoryConfigurationDelegate<Catalina-utility-1>] 
2026-08-19 13:45:47,608 | INFO  | Multiple Spring Data modules found, entering strict repository configuration mode [o.s.d.r.c.RepositoryConfigurationDelegate<Catalina-utility-3>] 
2026-08-19 13:45:47,608 | INFO  | Bootstrapping Spring Data Elasticsearch repositories in DEFAULT mode. [o.s.d.r.c.RepositoryConfigurationDelegate<Catalina-utility-3>] 
2026-08-19 13:45:47,612 | INFO  | Spring Data Elasticsearch - Could not safely identify store assignment for repository candidate interface io.meeds.ide.dao.WidgetDAO; If you want this repository to be a Elasticsearch repository, consider annotating your entities with one of these annotations: org.springframework.data.elasticsearch.annotations.Document (preferred), or consider extending one of the following types with your repository: org.springframework.data.elasticsearch.repository.ElasticsearchRepository [o.s.d.r.c.RepositoryConfigurationExtensionSupport<Catalina-utility-3>] 
2026-08-19 13:45:47,612 | INFO  | Finished Spring Data repository scanning in 2 ms. Found 0 Elasticsearch repository interfaces. [o.s.d.r.c.RepositoryConfigurationDelegate<Catalina-utility-3>] 
2026-08-19 13:45:47,614 | INFO  | Multiple Spring Data modules found, entering strict repository configuration mode [o.s.d.r.c.RepositoryConfigurationDelegate<Catalina-utility-3>] 
2026-08-19 13:45:47,614 | INFO  | Bootstrapping Spring Data Reactive Elasticsearch repositories in DEFAULT mode. [o.s.d.r.c.RepositoryConfigurationDelegate<Catalina-utility-3>] 
2026-08-19 13:45:47,617 | INFO  | Spring Data Reactive Elasticsearch - Could not safely identify store assignment for repository candidate interface io.meeds.ide.dao.WidgetDAO; If you want this repository to be a Reactive Elasticsearch repository, consider annotating your entities with one of these annotations: org.springframework.data.elasticsearch.annotations.Document (preferred), or consider extending one of the following types with your repository: org.springframework.data.elasticsearch.repository.ReactiveElasticsearchRepository [o.s.d.r.c.RepositoryConfigurationExtensionSupport<Catalina-utility-3>] 
2026-08-19 13:45:47,617 | INFO  | Finished Spring Data repository scanning in 1 ms. Found 0 Reactive Elasticsearch repository interfaces. [o.s.d.r.c.RepositoryConfigurationDelegate<Catalina-utility-3>] 
2026-08-19 13:45:47,653 | INFO  | Finished Spring Data repository scanning in 61 ms. Found 3 JPA repository interfaces. [o.s.d.r.c.RepositoryConfigurationDelegate<Catalina-utility-1>] 
2026-08-19 13:45:47,703 | INFO  | Multiple Spring Data modules found, entering strict repository configuration mode [o.s.d.r.c.RepositoryConfigurationDelegate<Catalina-utility-1>] 
2026-08-19 13:45:47,703 | INFO  | Bootstrapping Spring Data Elasticsearch repositories in DEFAULT mode. [o.s.d.r.c.RepositoryConfigurationDelegate<Catalina-utility-1>] 
2026-08-19 13:45:47,709 | INFO  | Spring Data Elasticsearch - Could not safely identify store assignment for repository candidate interface io.meeds.wallet.reward.dao.RewardDAO; If you want this repository to be a Elasticsearch repository, consider annotating your entities with one of these annotations: org.springframework.data.elasticsearch.annotations.Document (preferred), or consider extending one of the following types with your repository: org.springframework.data.elasticsearch.repository.ElasticsearchRepository [o.s.d.r.c.RepositoryConfigurationExtensionSupport<Catalina-utility-1>] 
2026-08-19 13:45:47,709 | INFO  | Spring Data Elasticsearch - Could not safely identify store assignment for repository candidate interface io.meeds.wallet.reward.dao.RewardPeriodDAO; If you want this repository to be a Elasticsearch repository, consider annotating your entities with one of these annotations: org.springframework.data.elasticsearch.annotations.Document (preferred), or consider extending one of the following types with your repository: org.springframework.data.elasticsearch.repository.ElasticsearchRepository [o.s.d.r.c.RepositoryConfigurationExtensionSupport<Catalina-utility-1>] 
2026-08-19 13:45:47,709 | INFO  | Spring Data Elasticsearch - Could not safely identify store assignment for repository candidate interface io.meeds.wallet.reward.dao.RewardPeriodSummaryDAO; If you want this repository to be a Elasticsearch repository, consider annotating your entities with one of these annotations: org.springframework.data.elasticsearch.annotations.Document (preferred), or consider extending one of the following types with your repository: org.springframework.data.elasticsearch.repository.ElasticsearchRepository [o.s.d.r.c.RepositoryConfigurationExtensionSupport<Catalina-utility-1>] 
2026-08-19 13:45:47,709 | INFO  | Finished Spring Data repository scanning in 4 ms. Found 0 Elasticsearch repository interfaces. [o.s.d.r.c.RepositoryConfigurationDelegate<Catalina-utility-1>] 
2026-08-19 13:45:47,715 | INFO  | Multiple Spring Data modules found, entering strict repository configuration mode [o.s.d.r.c.RepositoryConfigurationDelegate<Catalina-utility-1>] 
2026-08-19 13:45:47,715 | INFO  | Bootstrapping Spring Data Reactive Elasticsearch repositories in DEFAULT mode. [o.s.d.r.c.RepositoryConfigurationDelegate<Catalina-utility-1>] 
2026-08-19 13:45:47,721 | INFO  | Spring Data Reactive Elasticsearch - Could not safely identify store assignment for repository candidate interface io.meeds.wallet.reward.dao.RewardDAO; If you want this repository to be a Reactive Elasticsearch repository, consider annotating your entities with one of these annotations: org.springframework.data.elasticsearch.annotations.Document (preferred), or consider extending one of the following types with your repository: org.springframework.data.elasticsearch.repository.ReactiveElasticsearchRepository [o.s.d.r.c.RepositoryConfigurationExtensionSupport<Catalina-utility-1>] 
2026-08-19 13:45:47,722 | INFO  | Spring Data Reactive Elasticsearch - Could not safely identify store assignment for repository candidate interface io.meeds.wallet.reward.dao.RewardPeriodDAO; If you want this repository to be a Reactive Elasticsearch repository, consider annotating your entities with one of these annotations: org.springframework.data.elasticsearch.annotations.Document (preferred), or consider extending one of the following types with your repository: org.springframework.data.elasticsearch.repository.ReactiveElasticsearchRepository [o.s.d.r.c.RepositoryConfigurationExtensionSupport<Catalina-utility-1>] 
2026-08-19 13:45:47,722 | INFO  | Spring Data Reactive Elasticsearch - Could not safely identify store assignment for repository candidate interface io.meeds.wallet.reward.dao.RewardPeriodSummaryDAO; If you want this repository to be a Reactive Elasticsearch repository, consider annotating your entities with one of these annotations: org.springframework.data.elasticsearch.annotations.Document (preferred), or consider extending one of the following types with your repository: org.springframework.data.elasticsearch.repository.ReactiveElasticsearchRepository [o.s.d.r.c.RepositoryConfigurationExtensionSupport<Catalina-utility-1>] 
2026-08-19 13:45:47,722 | INFO  | Finished Spring Data repository scanning in 5 ms. Found 0 Reactive Elasticsearch repository interfaces. [o.s.d.r.c.RepositoryConfigurationDelegate<Catalina-utility-1>] 
2026-08-19 13:45:47,823 | INFO  | Initializing Spring embedded WebApplicationContext [o.a.c.c.C.[.[localhost].[/webdav]<Catalina-utility-2>] 
2026-08-19 13:45:47,826 | INFO  | Root WebApplicationContext: initialization completed in 941 ms [o.s.b.w.s.c.ServletWebServerApplicationContext<Catalina-utility-2>] 
2026-08-19 13:45:47,849 | INFO  | Initializing Spring embedded WebApplicationContext [o.a.c.c.C.[Catalina].[localhost].[/ide]<Catalina-utility-3>] 
2026-08-19 13:45:47,851 | INFO  | Root WebApplicationContext: initialization completed in 875 ms [o.s.b.w.s.c.ServletWebServerApplicationContext<Catalina-utility-3>] 
2026-08-19 13:45:47,924 | INFO  | Initializing Spring embedded WebApplicationContext [o.a.c.c.C.[.[localhost].[/wallet]<Catalina-utility-1>] 
2026-08-19 13:45:47,924 | INFO  | Root WebApplicationContext: initialization completed in 993 ms [o.s.b.w.s.c.ServletWebServerApplicationContext<Catalina-utility-1>] 
2026-08-19 13:45:47,930 | INFO  | Add Spring context 'webdav' to inject its Beans in Kernel as available components [i.m.s.k.KernelContainerLifecyclePlugin<Catalina-utility-2>] 
2026-08-19 13:45:47,932 | INFO  | Started WebdavApplication in 1.261 seconds (process running for 16.383) [o.e.documents.webdav.WebdavApplication<Catalina-utility-2>] 
2026-08-19 13:45:47,937 | ERROR | For security constraints with URL pattern [/*] the HTTP methods [OPTIONS] are uncovered. [o.a.c.c.C.[.[localhost].[/webdav]<Catalina-utility-2>] 
2026-08-19 13:45:47,941 | INFO  | Deployment of web application archive [/opt/exo/webapps/webdav.war] has finished in [1.317] ms [org.apache.catalina.startup.HostConfig<Catalina-utility-2>] 
2026-08-19 13:45:47,941 | INFO  | Deploying web application archive [/opt/exo/webapps/webconferencing.war] [org.apache.catalina.startup.HostConfig<Catalina-utility-2>] 
2026-08-19 13:45:48,027 | INFO  | Add Spring context 'wallet' to inject its Beans in Kernel as available components [i.m.s.k.KernelContainerLifecyclePlugin<Catalina-utility-1>] 
2026-08-19 13:45:48,027 | INFO  | Started WalletApplication in 1.307 seconds (process running for 16.479) [io.meeds.wallet.WalletApplication<Catalina-utility-1>] 
2026-08-19 13:45:48,030 | INFO  | No Spring WebApplicationInitializer types detected on classpath [o.a.c.c.C.[.[.[/webconferencing]<Catalina-utility-2>] 
2026-08-19 13:45:48,039 | INFO  | Deployment of web application archive [/opt/exo/webapps/webconferencing.war] has finished in [97] ms [org.apache.catalina.startup.HostConfig<Catalina-utility-2>] 
2026-08-19 13:45:48,040 | INFO  | Deployment of web application archive [/opt/exo/webapps/wallet.war] has finished in [1.438] ms [org.apache.catalina.startup.HostConfig<Catalina-utility-1>] 
2026-08-19 13:45:48,046 | INFO  | Deploying web application archive [/opt/exo/webapps/cometd.war] [org.apache.catalina.startup.HostConfig<Catalina-utility-2>] 
2026-08-19 13:45:48,046 | INFO  | Deploying web application archive [/opt/exo/webapps/perk-store.war] [org.apache.catalina.startup.HostConfig<Catalina-utility-1>] 
2026-08-19 13:45:48,053 | INFO  | Add Spring context 'ide' to inject its Beans in Kernel as available components [i.m.s.k.KernelContainerLifecyclePlugin<Catalina-utility-3>] 
2026-08-19 13:45:48,053 | INFO  | Started IdeApplication in 1.264 seconds (process running for 16.505) [io.meeds.ide.IdeApplication<Catalina-utility-3>] 
2026-08-19 13:45:48,061 | INFO  | Deployment of web application archive [/opt/exo/webapps/ide.war] has finished in [1.465] ms [org.apache.catalina.startup.HostConfig<Catalina-utility-3>] 
2026-08-19 13:45:48,062 | INFO  | Deploying web application archive [/opt/exo/webapps/eXoWCMResources.war] [org.apache.catalina.startup.HostConfig<Catalina-utility-3>] 
2026-08-19 13:45:48,074 | INFO  | No Spring WebApplicationInitializer types detected on classpath [o.a.c.c.C.[.[localhost].[/cometd]<Catalina-utility-2>] 
2026-08-19 13:45:48,082 | INFO  | Deployment of web application archive [/opt/exo/webapps/cometd.war] has finished in [36] ms [org.apache.catalina.startup.HostConfig<Catalina-utility-2>] 
2026-08-19 13:45:48,083 | INFO  | Deploying web application archive [/opt/exo/webapps/eXoResources.war] [org.apache.catalina.startup.HostConfig<Catalina-utility-2>] 
2026-08-19 13:45:48,115 | INFO  | No Spring WebApplicationInitializer types detected on classpath [o.a.c.c.C.[.[localhost].[/perk-store]<Catalina-utility-1>] 
2026-08-19 13:45:48,117 | INFO  | Deployment of web application archive [/opt/exo/webapps/perk-store.war] has finished in [71] ms [org.apache.catalina.startup.HostConfig<Catalina-utility-1>] 
2026-08-19 13:45:48,118 | INFO  | Deploying web application archive [/opt/exo/webapps/content.war] [org.apache.catalina.startup.HostConfig<Catalina-utility-1>] 
2026-08-19 13:45:48,157 | INFO  | No Spring WebApplicationInitializer types detected on classpath [o.a.c.c.C.[.[.[/eXoWCMResources]<Catalina-utility-3>] 
2026-08-19 13:45:48,159 | INFO  | Deployment of web application archive [/opt/exo/webapps/eXoWCMResources.war] has finished in [98] ms [org.apache.catalina.startup.HostConfig<Catalina-utility-3>] 
2026-08-19 13:45:48,160 | INFO  | Deploying web application archive [/opt/exo/webapps/notes.war] [org.apache.catalina.startup.HostConfig<Catalina-utility-3>] 
2026-08-19 13:45:48,217 | INFO  | No Spring WebApplicationInitializer types detected on classpath [o.a.c.c.C.[.[localhost].[/eXoResources]<Catalina-utility-2>] 
2026-08-19 13:45:48,220 | INFO  | Deployment of web application archive [/opt/exo/webapps/eXoResources.war] has finished in [137] ms [org.apache.catalina.startup.HostConfig<Catalina-utility-2>] 
2026-08-19 13:45:48,220 | INFO  | Deploying web application archive [/opt/exo/webapps/app-center.war] [org.apache.catalina.startup.HostConfig<Catalina-utility-2>] 
2026-08-19 13:45:48,304 | INFO  | 1 Spring WebApplicationInitializers detected on classpath [o.a.c.c.C.[.[localhost].[/app-center]<Catalina-utility-2>] 
2026-08-19 13:45:48,315 | INFO  | 1 Spring WebApplicationInitializers detected on classpath [o.a.c.c.C.[.[localhost].[/content]<Catalina-utility-1>] 
2026-08-19 13:45:48,375 | INFO  | 1 Spring WebApplicationInitializers detected on classpath [o.a.c.c.C.[.[localhost].[/notes]<Catalina-utility-3>] 
2026-08-19 13:45:48,454 | INFO  | Starting ContentApplication v7.2.1-exo using Java 21.0.12 with PID 7 (/opt/exo/webapps/content/WEB-INF/classes started by exo in /var/log/exo) [io.meeds.content.ContentApplication<Catalina-utility-1>] 
2026-08-19 13:45:48,454 | INFO  | The following 35 profiles are active: "notes", "kudos", "tomcat", "documents", "push-notifications", "sites", "poll", "webdav", "deeds-tenant", "matrix", "digital-workplace", "content", "external-visio-connector", "analytics", "gamification-evm", "jcr", "exo_community", "all", "processes", "wallet", "webconferencing", "auth-server", "ecms", "ide", "mcp-server", "agenda", "gamification-twitter", "onlyoffice", "layout", "gamification", "app-center", "task", "gamification-crowdin", "perk-store", "pwa" [io.meeds.content.ContentApplication<Catalina-utility-1>] 
2026-08-19 13:45:48,493 | INFO  | Starting NotesApplication v7.2.1-exo using Java 21.0.12 with PID 7 (/opt/exo/webapps/notes/WEB-INF/classes started by exo in /var/log/exo) [io.meeds.notes.NotesApplication<Catalina-utility-3>] 
2026-08-19 13:45:48,493 | INFO  | The following 35 profiles are active: "notes", "kudos", "tomcat", "documents", "push-notifications", "sites", "poll", "webdav", "deeds-tenant", "matrix", "digital-workplace", "content", "external-visio-connector", "analytics", "gamification-evm", "jcr", "exo_community", "all", "processes", "wallet", "webconferencing", "auth-server", "ecms", "ide", "mcp-server", "agenda", "gamification-twitter", "onlyoffice", "layout", "gamification", "app-center", "task", "gamification-crowdin", "perk-store", "pwa" [io.meeds.notes.NotesApplication<Catalina-utility-3>] 
2026-08-19 13:45:48,491 | INFO  | Starting AppCenterApplication v7.2.1-exo using Java 21.0.12 with PID 7 (/opt/exo/webapps/app-center/WEB-INF/classes started by exo in /var/log/exo) [io.meeds.appcenter.AppCenterApplication<Catalina-utility-2>] 
2026-08-19 13:45:48,493 | INFO  | The following 35 profiles are active: "notes", "kudos", "tomcat", "documents", "push-notifications", "sites", "poll", "webdav", "deeds-tenant", "matrix", "digital-workplace", "content", "external-visio-connector", "analytics", "gamification-evm", "jcr", "exo_community", "all", "processes", "wallet", "webconferencing", "auth-server", "ecms", "ide", "mcp-server", "agenda", "gamification-twitter", "onlyoffice", "layout", "gamification", "app-center", "task", "gamification-crowdin", "perk-store", "pwa" [io.meeds.appcenter.AppCenterApplication<Catalina-utility-2>] 
2026-08-19 13:45:48,936 | INFO  | Multiple Spring Data modules found, entering strict repository configuration mode [o.s.d.r.c.RepositoryConfigurationDelegate<Catalina-utility-1>] 
2026-08-19 13:45:48,937 | INFO  | Bootstrapping Spring Data JPA repositories in DEFAULT mode. [o.s.d.r.c.RepositoryConfigurationDelegate<Catalina-utility-1>] 
2026-08-19 13:45:48,988 | INFO  | Finished Spring Data repository scanning in 48 ms. Found 2 JPA repository interfaces. [o.s.d.r.c.RepositoryConfigurationDelegate<Catalina-utility-1>] 
2026-08-19 13:45:49,071 | INFO  | Multiple Spring Data modules found, entering strict repository configuration mode [o.s.d.r.c.RepositoryConfigurationDelegate<Catalina-utility-3>] 
2026-08-19 13:45:49,071 | INFO  | Bootstrapping Spring Data Elasticsearch repositories in DEFAULT mode. [o.s.d.r.c.RepositoryConfigurationDelegate<Catalina-utility-3>] 
2026-08-19 13:45:49,077 | INFO  | Multiple Spring Data modules found, entering strict repository configuration mode [o.s.d.r.c.RepositoryConfigurationDelegate<Catalina-utility-2>] 
2026-08-19 13:45:49,078 | INFO  | Bootstrapping Spring Data JPA repositories in DEFAULT mode. [o.s.d.r.c.RepositoryConfigurationDelegate<Catalina-utility-2>] 
2026-08-19 13:45:49,083 | INFO  | Finished Spring Data repository scanning in 10 ms. Found 0 Elasticsearch repository interfaces. [o.s.d.r.c.RepositoryConfigurationDelegate<Catalina-utility-3>] 
2026-08-19 13:45:49,085 | INFO  | Multiple Spring Data modules found, entering strict repository configuration mode [o.s.d.r.c.RepositoryConfigurationDelegate<Catalina-utility-3>] 
2026-08-19 13:45:49,085 | INFO  | Bootstrapping Spring Data Reactive Elasticsearch repositories in DEFAULT mode. [o.s.d.r.c.RepositoryConfigurationDelegate<Catalina-utility-3>] 
2026-08-19 13:45:49,089 | INFO  | Finished Spring Data repository scanning in 1 ms. Found 0 Reactive Elasticsearch repository interfaces. [o.s.d.r.c.RepositoryConfigurationDelegate<Catalina-utility-3>] 
2026-08-19 13:45:49,094 | INFO  | Multiple Spring Data modules found, entering strict repository configuration mode [o.s.d.r.c.RepositoryConfigurationDelegate<Catalina-utility-3>] 
2026-08-19 13:45:49,094 | INFO  | Bootstrapping Spring Data JPA repositories in DEFAULT mode. [o.s.d.r.c.RepositoryConfigurationDelegate<Catalina-utility-3>] 
2026-08-19 13:45:49,097 | INFO  | Finished Spring Data repository scanning in 1 ms. Found 0 JPA repository interfaces. [o.s.d.r.c.RepositoryConfigurationDelegate<Catalina-utility-3>] 
2026-08-19 13:45:49,108 | INFO  | Multiple Spring Data modules found, entering strict repository configuration mode [o.s.d.r.c.RepositoryConfigurationDelegate<Catalina-utility-1>] 
2026-08-19 13:45:49,108 | INFO  | Bootstrapping Spring Data Elasticsearch repositories in DEFAULT mode. [o.s.d.r.c.RepositoryConfigurationDelegate<Catalina-utility-1>] 
2026-08-19 13:45:49,112 | INFO  | Finished Spring Data repository scanning in 30 ms. Found 2 JPA repository interfaces. [o.s.d.r.c.RepositoryConfigurationDelegate<Catalina-utility-2>] 
2026-08-19 13:45:49,116 | INFO  | Spring Data Elasticsearch - Could not safely identify store assignment for repository candidate interface io.meeds.content.link.dao.LinkDAO; If you want this repository to be a Elasticsearch repository, consider annotating your entities with one of these annotations: org.springframework.data.elasticsearch.annotations.Document (preferred), or consider extending one of the following types with your repository: org.springframework.data.elasticsearch.repository.ElasticsearchRepository [o.s.d.r.c.RepositoryConfigurationExtensionSupport<Catalina-utility-1>] 
2026-08-19 13:45:49,117 | INFO  | Spring Data Elasticsearch - Could not safely identify store assignment for repository candidate interface io.meeds.content.link.dao.LinkSettingDAO; If you want this repository to be a Elasticsearch repository, consider annotating your entities with one of these annotations: org.springframework.data.elasticsearch.annotations.Document (preferred), or consider extending one of the following types with your repository: org.springframework.data.elasticsearch.repository.ElasticsearchRepository [o.s.d.r.c.RepositoryConfigurationExtensionSupport<Catalina-utility-1>] 
2026-08-19 13:45:49,117 | INFO  | Finished Spring Data repository scanning in 7 ms. Found 0 Elasticsearch repository interfaces. [o.s.d.r.c.RepositoryConfigurationDelegate<Catalina-utility-1>] 
2026-08-19 13:45:49,118 | INFO  | Multiple Spring Data modules found, entering strict repository configuration mode [o.s.d.r.c.RepositoryConfigurationDelegate<Catalina-utility-1>] 
2026-08-19 13:45:49,121 | INFO  | Bootstrapping Spring Data Reactive Elasticsearch repositories in DEFAULT mode. [o.s.d.r.c.RepositoryConfigurationDelegate<Catalina-utility-1>] 
2026-08-19 13:45:49,125 | INFO  | Spring Data Reactive Elasticsearch - Could not safely identify store assignment for repository candidate interface io.meeds.content.link.dao.LinkDAO; If you want this repository to be a Reactive Elasticsearch repository, consider annotating your entities with one of these annotations: org.springframework.data.elasticsearch.annotations.Document (preferred), or consider extending one of the following types with your repository: org.springframework.data.elasticsearch.repository.ReactiveElasticsearchRepository [o.s.d.r.c.RepositoryConfigurationExtensionSupport<Catalina-utility-1>] 
2026-08-19 13:45:49,127 | INFO  | Spring Data Reactive Elasticsearch - Could not safely identify store assignment for repository candidate interface io.meeds.content.link.dao.LinkSettingDAO; If you want this repository to be a Reactive Elasticsearch repository, consider annotating your entities with one of these annotations: org.springframework.data.elasticsearch.annotations.Document (preferred), or consider extending one of the following types with your repository: org.springframework.data.elasticsearch.repository.ReactiveElasticsearchRepository [o.s.d.r.c.RepositoryConfigurationExtensionSupport<Catalina-utility-1>] 
2026-08-19 13:45:49,127 | INFO  | Finished Spring Data repository scanning in 4 ms. Found 0 Reactive Elasticsearch repository interfaces. [o.s.d.r.c.RepositoryConfigurationDelegate<Catalina-utility-1>] 
2026-08-19 13:45:49,217 | INFO  | Multiple Spring Data modules found, entering strict repository configuration mode [o.s.d.r.c.RepositoryConfigurationDelegate<Catalina-utility-2>] 
2026-08-19 13:45:49,219 | INFO  | Bootstrapping Spring Data Elasticsearch repositories in DEFAULT mode. [o.s.d.r.c.RepositoryConfigurationDelegate<Catalina-utility-2>] 
2026-08-19 13:45:49,227 | INFO  | Spring Data Elasticsearch - Could not safely identify store assignment for repository candidate interface io.meeds.appcenter.dao.ApplicationDAO; If you want this repository to be a Elasticsearch repository, consider annotating your entities with one of these annotations: org.springframework.data.elasticsearch.annotations.Document (preferred), or consider extending one of the following types with your repository: org.springframework.data.elasticsearch.repository.ElasticsearchRepository [o.s.d.r.c.RepositoryConfigurationExtensionSupport<Catalina-utility-2>] 
2026-08-19 13:45:49,227 | INFO  | Spring Data Elasticsearch - Could not safely identify store assignment for repository candidate interface io.meeds.appcenter.dao.FavoriteApplicationDAO; If you want this repository to be a Elasticsearch repository, consider annotating your entities with one of these annotations: org.springframework.data.elasticsearch.annotations.Document (preferred), or consider extending one of the following types with your repository: org.springframework.data.elasticsearch.repository.ElasticsearchRepository [o.s.d.r.c.RepositoryConfigurationExtensionSupport<Catalina-utility-2>] 
2026-08-19 13:45:49,228 | INFO  | Finished Spring Data repository scanning in 7 ms. Found 0 Elasticsearch repository interfaces. [o.s.d.r.c.RepositoryConfigurationDelegate<Catalina-utility-2>] 
2026-08-19 13:45:49,232 | INFO  | Multiple Spring Data modules found, entering strict repository configuration mode [o.s.d.r.c.RepositoryConfigurationDelegate<Catalina-utility-2>] 
2026-08-19 13:45:49,232 | INFO  | Bootstrapping Spring Data Reactive Elasticsearch repositories in DEFAULT mode. [o.s.d.r.c.RepositoryConfigurationDelegate<Catalina-utility-2>] 
2026-08-19 13:45:49,235 | INFO  | Spring Data Reactive Elasticsearch - Could not safely identify store assignment for repository candidate interface io.meeds.appcenter.dao.ApplicationDAO; If you want this repository to be a Reactive Elasticsearch repository, consider annotating your entities with one of these annotations: org.springframework.data.elasticsearch.annotations.Document (preferred), or consider extending one of the following types with your repository: org.springframework.data.elasticsearch.repository.ReactiveElasticsearchRepository [o.s.d.r.c.RepositoryConfigurationExtensionSupport<Catalina-utility-2>] 
2026-08-19 13:45:49,238 | INFO  | Spring Data Reactive Elasticsearch - Could not safely identify store assignment for repository candidate interface io.meeds.appcenter.dao.FavoriteApplicationDAO; If you want this repository to be a Reactive Elasticsearch repository, consider annotating your entities with one of these annotations: org.springframework.data.elasticsearch.annotations.Document (preferred), or consider extending one of the following types with your repository: org.springframework.data.elasticsearch.repository.ReactiveElasticsearchRepository [o.s.d.r.c.RepositoryConfigurationExtensionSupport<Catalina-utility-2>] 
2026-08-19 13:45:49,238 | INFO  | Finished Spring Data repository scanning in 4 ms. Found 0 Reactive Elasticsearch repository interfaces. [o.s.d.r.c.RepositoryConfigurationDelegate<Catalina-utility-2>] 
2026-08-19 13:45:49,261 | INFO  | Initializing Spring embedded WebApplicationContext [o.a.c.c.C.[.[localhost].[/notes]<Catalina-utility-3>] 
2026-08-19 13:45:49,263 | INFO  | Root WebApplicationContext: initialization completed in 766 ms [o.s.b.w.s.c.ServletWebServerApplicationContext<Catalina-utility-3>] 
2026-08-19 13:45:49,384 | INFO  | Add Spring context 'notes' to inject its Beans in Kernel as available components [i.m.s.k.KernelContainerLifecyclePlugin<Catalina-utility-3>] 
2026-08-19 13:45:49,385 | INFO  | Started NotesApplication in 1.001 seconds (process running for 17.836) [io.meeds.notes.NotesApplication<Catalina-utility-3>] 
2026-08-19 13:45:49,398 | INFO  | Deployment of web application archive [/opt/exo/webapps/notes.war] has finished in [1.238] ms [org.apache.catalina.startup.HostConfig<Catalina-utility-3>] 
2026-08-19 13:45:49,402 | INFO  | Initializing Spring embedded WebApplicationContext [o.a.c.c.C.[.[localhost].[/app-center]<Catalina-utility-2>] 
2026-08-19 13:45:49,402 | INFO  | Root WebApplicationContext: initialization completed in 908 ms [o.s.b.w.s.c.ServletWebServerApplicationContext<Catalina-utility-2>] 
2026-08-19 13:45:49,403 | INFO  | Deploying web application archive [/opt/exo/webapps/portal.war] [org.apache.catalina.startup.HostConfig<Catalina-utility-3>] 
2026-08-19 13:45:49,400 | INFO  | Initializing Spring embedded WebApplicationContext [o.a.c.c.C.[.[localhost].[/content]<Catalina-utility-1>] 
2026-08-19 13:45:49,403 | INFO  | Root WebApplicationContext: initialization completed in 947 ms [o.s.b.w.s.c.ServletWebServerApplicationContext<Catalina-utility-1>] 
2026-08-19 13:45:49,509 | INFO  | Add Spring context 'content' to inject its Beans in Kernel as available components [i.m.s.k.KernelContainerLifecyclePlugin<Catalina-utility-1>] 
2026-08-19 13:45:49,510 | INFO  | Started ContentApplication in 1.185 seconds (process running for 17.961) [io.meeds.content.ContentApplication<Catalina-utility-1>] 
2026-08-19 13:45:49,511 | INFO  | No Spring WebApplicationInitializer types detected on classpath [o.a.c.c.C.[.[localhost].[/portal]<Catalina-utility-3>] 
2026-08-19 13:45:49,515 | INFO  | Installing ThreadLocalSessionProviderInitializedFilter into context '/portal' [e.j.f.c.InstallJCRServletContextListener<Catalina-utility-3>] 
2026-08-19 13:45:49,518 | INFO  | Deployment of web application archive [/opt/exo/webapps/content.war] has finished in [1.400] ms [org.apache.catalina.startup.HostConfig<Catalina-utility-1>] 
2026-08-19 13:45:49,519 | INFO  | Deploying web application archive [/opt/exo/webapps/gamification-twitter.war] [org.apache.catalina.startup.HostConfig<Catalina-utility-1>] 
2026-08-19 13:45:49,527 | INFO  | Deployment of web application archive [/opt/exo/webapps/portal.war] has finished in [124] ms [org.apache.catalina.startup.HostConfig<Catalina-utility-3>] 
2026-08-19 13:45:49,528 | INFO  | Deploying web application archive [/opt/exo/webapps/integration.war] [org.apache.catalina.startup.HostConfig<Catalina-utility-3>] 
2026-08-19 13:45:49,541 | INFO  | No Spring WebApplicationInitializer types detected on classpath [o.a.c.c.C.[.[localhost].[/integration]<Catalina-utility-3>] 
2026-08-19 13:45:49,553 | INFO  | 1 Spring WebApplicationInitializers detected on classpath [o.a.c.c.C.[.[.[/gamification-twitter]<Catalina-utility-1>] 
2026-08-19 13:45:49,555 | INFO  | Deployment of web application archive [/opt/exo/webapps/integration.war] has finished in [27] ms [org.apache.catalina.startup.HostConfig<Catalina-utility-3>] 
2026-08-19 13:45:49,556 | INFO  | Deploying web application archive [/opt/exo/webapps/processes.war] [org.apache.catalina.startup.HostConfig<Catalina-utility-3>] 
2026-08-19 13:45:49,587 | INFO  | Add Spring context 'app-center' to inject its Beans in Kernel as available components [i.m.s.k.KernelContainerLifecyclePlugin<Catalina-utility-2>] 
2026-08-19 13:45:49,590 | INFO  | Started AppCenterApplication in 1.281 seconds (process running for 18.042) [io.meeds.appcenter.AppCenterApplication<Catalina-utility-2>] 
2026-08-19 13:45:49,603 | INFO  | Deployment of web application archive [/opt/exo/webapps/app-center.war] has finished in [1.383] ms [org.apache.catalina.startup.HostConfig<Catalina-utility-2>] 
2026-08-19 13:45:49,606 | INFO  | Deploying web application archive [/opt/exo/webapps/gamification-evm.war] [org.apache.catalina.startup.HostConfig<Catalina-utility-2>] 
2026-08-19 13:45:49,619 | INFO  | No Spring WebApplicationInitializer types detected on classpath [o.a.c.c.C.[.[localhost].[/processes]<Catalina-utility-3>] 
2026-08-19 13:45:49,622 | INFO  | Deployment of web application archive [/opt/exo/webapps/processes.war] has finished in [66] ms [org.apache.catalina.startup.HostConfig<Catalina-utility-3>] 
2026-08-19 13:45:49,622 | INFO  | Deploying web application archive [/opt/exo/webapps/transfer-rules.war] [org.apache.catalina.startup.HostConfig<Catalina-utility-3>] 
2026-08-19 13:45:49,637 | INFO  | 1 Spring WebApplicationInitializers detected on classpath [o.a.c.c.C.[.[.[/gamification-evm]<Catalina-utility-2>] 
2026-08-19 13:45:49,664 | INFO  | No Spring WebApplicationInitializer types detected on classpath [o.a.c.c.C.[.[.[/transfer-rules]<Catalina-utility-3>] 
2026-08-19 13:45:49,669 | INFO  | Deployment of web application archive [/opt/exo/webapps/transfer-rules.war] has finished in [47] ms [org.apache.catalina.startup.HostConfig<Catalina-utility-3>] 
2026-08-19 13:45:49,670 | INFO  | Deploying web application archive [/opt/exo/webapps/ecm-wcm-core.war] [org.apache.catalina.startup.HostConfig<Catalina-utility-3>] 
2026-08-19 13:45:49,699 | INFO  | No Spring WebApplicationInitializer types detected on classpath [o.a.c.c.C.[.[localhost].[/ecm-wcm-core]<Catalina-utility-3>] 
2026-08-19 13:45:49,706 | INFO  | Deployment of web application archive [/opt/exo/webapps/ecm-wcm-core.war] has finished in [36] ms [org.apache.catalina.startup.HostConfig<Catalina-utility-3>] 
2026-08-19 13:45:49,708 | INFO  | Deploying web application archive [/opt/exo/webapps/sites.war] [org.apache.catalina.startup.HostConfig<Catalina-utility-3>] 
2026-08-19 13:45:49,721 | INFO  | Starting GamificationTwitterApplication v7.2.1-exo using Java 21.0.12 with PID 7 (/opt/exo/webapps/gamification-twitter/WEB-INF/classes started by exo in /var/log/exo) [i.m.t.g.GamificationTwitterApplication<Catalina-utility-1>] 
2026-08-19 13:45:49,721 | INFO  | The following 35 profiles are active: "notes", "kudos", "tomcat", "documents", "push-notifications", "sites", "poll", "webdav", "deeds-tenant", "matrix", "digital-workplace", "content", "external-visio-connector", "analytics", "gamification-evm", "jcr", "exo_community", "all", "processes", "wallet", "webconferencing", "auth-server", "ecms", "ide", "mcp-server", "agenda", "gamification-twitter", "onlyoffice", "layout", "gamification", "app-center", "task", "gamification-crowdin", "perk-store", "pwa" [i.m.t.g.GamificationTwitterApplication<Catalina-utility-1>] 
2026-08-19 13:45:49,747 | INFO  | Starting GamificationEvmApplication v7.2.1-exo using Java 21.0.12 with PID 7 (/opt/exo/webapps/gamification-evm/WEB-INF/classes started by exo in /var/log/exo) [i.m.e.g.GamificationEvmApplication<Catalina-utility-2>] 
2026-08-19 13:45:49,747 | INFO  | The following 35 profiles are active: "notes", "kudos", "tomcat", "documents", "push-notifications", "sites", "poll", "webdav", "deeds-tenant", "matrix", "digital-workplace", "content", "external-visio-connector", "analytics", "gamification-evm", "jcr", "exo_community", "all", "processes", "wallet", "webconferencing", "auth-server", "ecms", "ide", "mcp-server", "agenda", "gamification-twitter", "onlyoffice", "layout", "gamification", "app-center", "task", "gamification-crowdin", "perk-store", "pwa" [i.m.e.g.GamificationEvmApplication<Catalina-utility-2>] 
2026-08-19 13:45:49,797 | INFO  | No Spring WebApplicationInitializer types detected on classpath [o.a.c.c.C.[.[localhost].[/sites]<Catalina-utility-3>] 
2026-08-19 13:45:49,804 | INFO  | Deployment of web application archive [/opt/exo/webapps/sites.war] has finished in [96] ms [org.apache.catalina.startup.HostConfig<Catalina-utility-3>] 
2026-08-19 13:45:49,806 | INFO  | Deploying web application archive [/opt/exo/webapps/commons-extension.war] [org.apache.catalina.startup.HostConfig<Catalina-utility-3>] 
2026-08-19 13:45:50,308 | INFO  | Multiple Spring Data modules found, entering strict repository configuration mode [o.s.d.r.c.RepositoryConfigurationDelegate<Catalina-utility-2>] 
2026-08-19 13:45:50,308 | INFO  | Bootstrapping Spring Data JPA repositories in DEFAULT mode. [o.s.d.r.c.RepositoryConfigurationDelegate<Catalina-utility-2>] 
2026-08-19 13:45:50,332 | INFO  | Finished Spring Data repository scanning in 19 ms. Found 1 JPA repository interface. [o.s.d.r.c.RepositoryConfigurationDelegate<Catalina-utility-2>] 
2026-08-19 13:45:50,405 | INFO  | Multiple Spring Data modules found, entering strict repository configuration mode [o.s.d.r.c.RepositoryConfigurationDelegate<Catalina-utility-2>] 
2026-08-19 13:45:50,406 | INFO  | Bootstrapping Spring Data Elasticsearch repositories in DEFAULT mode. [o.s.d.r.c.RepositoryConfigurationDelegate<Catalina-utility-2>] 
2026-08-19 13:45:50,409 | INFO  | Spring Data Elasticsearch - Could not safely identify store assignment for repository candidate interface io.meeds.evm.gamification.dao.EvmTransactionDAO; If you want this repository to be a Elasticsearch repository, consider annotating your entities with one of these annotations: org.springframework.data.elasticsearch.annotations.Document (preferred), or consider extending one of the following types with your repository: org.springframework.data.elasticsearch.repository.ElasticsearchRepository [o.s.d.r.c.RepositoryConfigurationExtensionSupport<Catalina-utility-2>] 
2026-08-19 13:45:50,410 | INFO  | Finished Spring Data repository scanning in 2 ms. Found 0 Elasticsearch repository interfaces. [o.s.d.r.c.RepositoryConfigurationDelegate<Catalina-utility-2>] 
2026-08-19 13:45:50,416 | INFO  | Multiple Spring Data modules found, entering strict repository configuration mode [o.s.d.r.c.RepositoryConfigurationDelegate<Catalina-utility-2>] 
2026-08-19 13:45:50,417 | INFO  | Bootstrapping Spring Data Reactive Elasticsearch repositories in DEFAULT mode. [o.s.d.r.c.RepositoryConfigurationDelegate<Catalina-utility-2>] 
2026-08-19 13:45:50,421 | INFO  | Spring Data Reactive Elasticsearch - Could not safely identify store assignment for repository candidate interface io.meeds.evm.gamification.dao.EvmTransactionDAO; If you want this repository to be a Reactive Elasticsearch repository, consider annotating your entities with one of these annotations: org.springframework.data.elasticsearch.annotations.Document (preferred), or consider extending one of the following types with your repository: org.springframework.data.elasticsearch.repository.ReactiveElasticsearchRepository [o.s.d.r.c.RepositoryConfigurationExtensionSupport<Catalina-utility-2>] 
2026-08-19 13:45:50,422 | INFO  | Finished Spring Data repository scanning in 2 ms. Found 0 Reactive Elasticsearch repository interfaces. [o.s.d.r.c.RepositoryConfigurationDelegate<Catalina-utility-2>] 
2026-08-19 13:45:50,432 | INFO  | Multiple Spring Data modules found, entering strict repository configuration mode [o.s.d.r.c.RepositoryConfigurationDelegate<Catalina-utility-1>] 
2026-08-19 13:45:50,432 | INFO  | Bootstrapping Spring Data JPA repositories in DEFAULT mode. [o.s.d.r.c.RepositoryConfigurationDelegate<Catalina-utility-1>] 
2026-08-19 13:45:50,468 | INFO  | Finished Spring Data repository scanning in 32 ms. Found 2 JPA repository interfaces. [o.s.d.r.c.RepositoryConfigurationDelegate<Catalina-utility-1>] 
2026-08-19 13:45:50,524 | INFO  | Multiple Spring Data modules found, entering strict repository configuration mode [o.s.d.r.c.RepositoryConfigurationDelegate<Catalina-utility-1>] 
2026-08-19 13:45:50,524 | INFO  | Bootstrapping Spring Data Elasticsearch repositories in DEFAULT mode. [o.s.d.r.c.RepositoryConfigurationDelegate<Catalina-utility-1>] 
2026-08-19 13:45:50,528 | INFO  | Spring Data Elasticsearch - Could not safely identify store assignment for repository candidate interface io.meeds.twitter.gamification.dao.TwitterAccountDAO; If you want this repository to be a Elasticsearch repository, consider annotating your entities with one of these annotations: org.springframework.data.elasticsearch.annotations.Document (preferred), or consider extending one of the following types with your repository: org.springframework.data.elasticsearch.repository.ElasticsearchRepository [o.s.d.r.c.RepositoryConfigurationExtensionSupport<Catalina-utility-1>] 
2026-08-19 13:45:50,528 | INFO  | Spring Data Elasticsearch - Could not safely identify store assignment for repository candidate interface io.meeds.twitter.gamification.dao.TwitterTweetDAO; If you want this repository to be a Elasticsearch repository, consider annotating your entities with one of these annotations: org.springframework.data.elasticsearch.annotations.Document (preferred), or consider extending one of the following types with your repository: org.springframework.data.elasticsearch.repository.ElasticsearchRepository [o.s.d.r.c.RepositoryConfigurationExtensionSupport<Catalina-utility-1>] 
2026-08-19 13:45:50,529 | INFO  | Finished Spring Data repository scanning in 3 ms. Found 0 Elasticsearch repository interfaces. [o.s.d.r.c.RepositoryConfigurationDelegate<Catalina-utility-1>] 
2026-08-19 13:45:50,530 | INFO  | Multiple Spring Data modules found, entering strict repository configuration mode [o.s.d.r.c.RepositoryConfigurationDelegate<Catalina-utility-1>] 
2026-08-19 13:45:50,530 | INFO  | Bootstrapping Spring Data Reactive Elasticsearch repositories in DEFAULT mode. [o.s.d.r.c.RepositoryConfigurationDelegate<Catalina-utility-1>] 
2026-08-19 13:45:50,534 | INFO  | Spring Data Reactive Elasticsearch - Could not safely identify store assignment for repository candidate interface io.meeds.twitter.gamification.dao.TwitterAccountDAO; If you want this repository to be a Reactive Elasticsearch repository, consider annotating your entities with one of these annotations: org.springframework.data.elasticsearch.annotations.Document (preferred), or consider extending one of the following types with your repository: org.springframework.data.elasticsearch.repository.ReactiveElasticsearchRepository [o.s.d.r.c.RepositoryConfigurationExtensionSupport<Catalina-utility-1>] 
2026-08-19 13:45:50,534 | INFO  | Spring Data Reactive Elasticsearch - Could not safely identify store assignment for repository candidate interface io.meeds.twitter.gamification.dao.TwitterTweetDAO; If you want this repository to be a Reactive Elasticsearch repository, consider annotating your entities with one of these annotations: org.springframework.data.elasticsearch.annotations.Document (preferred), or consider extending one of the following types with your repository: org.springframework.data.elasticsearch.repository.ReactiveElasticsearchRepository [o.s.d.r.c.RepositoryConfigurationExtensionSupport<Catalina-utility-1>] 
2026-08-19 13:45:50,534 | INFO  | Finished Spring Data repository scanning in 2 ms. Found 0 Reactive Elasticsearch repository interfaces. [o.s.d.r.c.RepositoryConfigurationDelegate<Catalina-utility-1>] 
2026-08-19 13:45:50,548 | INFO  | No Spring WebApplicationInitializer types detected on classpath [o.a.c.c.C.[.[.[/commons-extension]<Catalina-utility-3>] 
2026-08-19 13:45:50,556 | INFO  | Deployment of web application archive [/opt/exo/webapps/commons-extension.war] has finished in [751] ms [org.apache.catalina.startup.HostConfig<Catalina-utility-3>] 
2026-08-19 13:45:50,556 | INFO  | Deploying web application archive [/opt/exo/webapps/matrix.war] [org.apache.catalina.startup.HostConfig<Catalina-utility-3>] 
2026-08-19 13:45:50,614 | INFO  | Initializing Spring embedded WebApplicationContext [o.a.c.c.C.[.[.[/gamification-evm]<Catalina-utility-2>] 
2026-08-19 13:45:50,615 | INFO  | Root WebApplicationContext: initialization completed in 866 ms [o.s.b.w.s.c.ServletWebServerApplicationContext<Catalina-utility-2>] 
2026-08-19 13:45:50,673 | INFO  | 1 Spring WebApplicationInitializers detected on classpath [o.a.c.c.C.[.[localhost].[/matrix]<Catalina-utility-3>] 
2026-08-19 13:45:50,684 | INFO  | Initializing Spring embedded WebApplicationContext [o.a.c.c.C.[.[.[/gamification-twitter]<Catalina-utility-1>] 
2026-08-19 13:45:50,684 | INFO  | Root WebApplicationContext: initialization completed in 961 ms [o.s.b.w.s.c.ServletWebServerApplicationContext<Catalina-utility-1>] 
2026-08-19 13:45:50,746 | INFO  | Add Spring context 'gamification-evm' to inject its Beans in Kernel as available components [i.m.s.k.KernelContainerLifecyclePlugin<Catalina-utility-2>] 
2026-08-19 13:45:50,746 | INFO  | Started GamificationEvmApplication in 1.103 seconds (process running for 19.198) [i.m.e.g.GamificationEvmApplication<Catalina-utility-2>] 
2026-08-19 13:45:50,751 | INFO  | Deployment of web application archive [/opt/exo/webapps/gamification-evm.war] has finished in [1.145] ms [org.apache.catalina.startup.HostConfig<Catalina-utility-2>] 
2026-08-19 13:45:50,753 | INFO  | Deploying web application archive [/opt/exo/webapps/deeds-tenant.war] [org.apache.catalina.startup.HostConfig<Catalina-utility-2>] 
2026-08-19 13:45:50,771 | INFO  | Starting MatrixApplication v7.2.1-exo using Java 21.0.12 with PID 7 (/opt/exo/webapps/matrix/WEB-INF/classes started by exo in /var/log/exo) [io.meeds.chat.MatrixApplication<Catalina-utility-3>] 
2026-08-19 13:45:50,772 | INFO  | The following 35 profiles are active: "notes", "kudos", "tomcat", "documents", "push-notifications", "sites", "poll", "webdav", "deeds-tenant", "matrix", "digital-workplace", "content", "external-visio-connector", "analytics", "gamification-evm", "jcr", "exo_community", "all", "processes", "wallet", "webconferencing", "auth-server", "ecms", "ide", "mcp-server", "agenda", "gamification-twitter", "onlyoffice", "layout", "gamification", "app-center", "task", "gamification-crowdin", "perk-store", "pwa" [io.meeds.chat.MatrixApplication<Catalina-utility-3>] 
2026-08-19 13:45:50,831 | INFO  | 1 Spring WebApplicationInitializers detected on classpath [o.a.c.c.C.[.[localhost].[/deeds-tenant]<Catalina-utility-2>] 
2026-08-19 13:45:50,839 | INFO  | Add Spring context 'gamification-twitter' to inject its Beans in Kernel as available components [i.m.s.k.KernelContainerLifecyclePlugin<Catalina-utility-1>] 
2026-08-19 13:45:50,840 | INFO  | Started GamificationTwitterApplication in 1.277 seconds (process running for 19.291) [i.m.t.g.GamificationTwitterApplication<Catalina-utility-1>] 
2026-08-19 13:45:50,844 | INFO  | Deployment of web application archive [/opt/exo/webapps/gamification-twitter.war] has finished in [1.325] ms [org.apache.catalina.startup.HostConfig<Catalina-utility-1>] 
2026-08-19 13:45:50,845 | INFO  | Deploying web application archive [/opt/exo/webapps/push-notifications.war] [org.apache.catalina.startup.HostConfig<Catalina-utility-1>] 
2026-08-19 13:45:50,862 | INFO  | No Spring WebApplicationInitializer types detected on classpath [o.a.c.c.C.[.[.[/push-notifications]<Catalina-utility-1>] 
2026-08-19 13:45:50,865 | INFO  | Deployment of web application archive [/opt/exo/webapps/push-notifications.war] has finished in [20] ms [org.apache.catalina.startup.HostConfig<Catalina-utility-1>] 
2026-08-19 13:45:50,865 | INFO  | Deploying web application archive [/opt/exo/webapps/ROOT.war] [org.apache.catalina.startup.HostConfig<Catalina-utility-1>] 
2026-08-19 13:45:50,885 | INFO  | No Spring WebApplicationInitializer types detected on classpath [o.a.c.c.C.[Catalina].[localhost].[/]<Catalina-utility-1>] 
2026-08-19 13:45:50,891 | INFO  | Deployment of web application archive [/opt/exo/webapps/ROOT.war] has finished in [26] ms [org.apache.catalina.startup.HostConfig<Catalina-utility-1>] 
2026-08-19 13:45:50,892 | INFO  | Deploying web application archive [/opt/exo/webapps/agenda.war] [org.apache.catalina.startup.HostConfig<Catalina-utility-1>] 
2026-08-19 13:45:50,967 | INFO  | Starting DeedTenantApplication v7.2.1-exo using Java 21.0.12 with PID 7 (/opt/exo/webapps/deeds-tenant/WEB-INF/classes started by exo in /var/log/exo) [io.meeds.tenant.DeedTenantApplication<Catalina-utility-2>] 
2026-08-19 13:45:50,967 | INFO  | The following 35 profiles are active: "notes", "kudos", "tomcat", "documents", "push-notifications", "sites", "poll", "webdav", "deeds-tenant", "matrix", "digital-workplace", "content", "external-visio-connector", "analytics", "gamification-evm", "jcr", "exo_community", "all", "processes", "wallet", "webconferencing", "auth-server", "ecms", "ide", "mcp-server", "agenda", "gamification-twitter", "onlyoffice", "layout", "gamification", "app-center", "task", "gamification-crowdin", "perk-store", "pwa" [io.meeds.tenant.DeedTenantApplication<Catalina-utility-2>] 
2026-08-19 13:45:51,042 | INFO  | 1 Spring WebApplicationInitializers detected on classpath [o.a.c.c.C.[.[localhost].[/agenda]<Catalina-utility-1>] 
2026-08-19 13:45:51,154 | INFO  | Starting AgendaApplication v7.2.1 using Java 21.0.12 with PID 7 (/opt/exo/webapps/agenda/WEB-INF/classes started by exo in /var/log/exo) [o.exoplatform.agenda.AgendaApplication<Catalina-utility-1>] 
2026-08-19 13:45:51,154 | INFO  | The following 35 profiles are active: "notes", "kudos", "tomcat", "documents", "push-notifications", "sites", "poll", "webdav", "deeds-tenant", "matrix", "digital-workplace", "content", "external-visio-connector", "analytics", "gamification-evm", "jcr", "exo_community", "all", "processes", "wallet", "webconferencing", "auth-server", "ecms", "ide", "mcp-server", "agenda", "gamification-twitter", "onlyoffice", "layout", "gamification", "app-center", "task", "gamification-crowdin", "perk-store", "pwa" [o.exoplatform.agenda.AgendaApplication<Catalina-utility-1>] 
2026-08-19 13:45:51,272 | INFO  | Multiple Spring Data modules found, entering strict repository configuration mode [o.s.d.r.c.RepositoryConfigurationDelegate<Catalina-utility-3>] 
2026-08-19 13:45:51,272 | INFO  | Bootstrapping Spring Data JPA repositories in DEFAULT mode. [o.s.d.r.c.RepositoryConfigurationDelegate<Catalina-utility-3>] 
2026-08-19 13:45:51,308 | INFO  | Finished Spring Data repository scanning in 30 ms. Found 1 JPA repository interface. [o.s.d.r.c.RepositoryConfigurationDelegate<Catalina-utility-3>] 
2026-08-19 13:45:51,394 | INFO  | Multiple Spring Data modules found, entering strict repository configuration mode [o.s.d.r.c.RepositoryConfigurationDelegate<Catalina-utility-3>] 
2026-08-19 13:45:51,395 | INFO  | Bootstrapping Spring Data Elasticsearch repositories in DEFAULT mode. [o.s.d.r.c.RepositoryConfigurationDelegate<Catalina-utility-3>] 
2026-08-19 13:45:51,397 | INFO  | Spring Data Elasticsearch - Could not safely identify store assignment for repository candidate interface io.meeds.chat.dao.MatrixRoomDAO; If you want this repository to be a Elasticsearch repository, consider annotating your entities with one of these annotations: org.springframework.data.elasticsearch.annotations.Document (preferred), or consider extending one of the following types with your repository: org.springframework.data.elasticsearch.repository.ElasticsearchRepository [o.s.d.r.c.RepositoryConfigurationExtensionSupport<Catalina-utility-3>] 
2026-08-19 13:45:51,398 | INFO  | Finished Spring Data repository scanning in 1 ms. Found 0 Elasticsearch repository interfaces. [o.s.d.r.c.RepositoryConfigurationDelegate<Catalina-utility-3>] 
2026-08-19 13:45:51,399 | INFO  | Multiple Spring Data modules found, entering strict repository configuration mode [o.s.d.r.c.RepositoryConfigurationDelegate<Catalina-utility-3>] 
2026-08-19 13:45:51,399 | INFO  | Bootstrapping Spring Data Reactive Elasticsearch repositories in DEFAULT mode. [o.s.d.r.c.RepositoryConfigurationDelegate<Catalina-utility-3>] 
2026-08-19 13:45:51,401 | INFO  | Spring Data Reactive Elasticsearch - Could not safely identify store assignment for repository candidate interface io.meeds.chat.dao.MatrixRoomDAO; If you want this repository to be a Reactive Elasticsearch repository, consider annotating your entities with one of these annotations: org.springframework.data.elasticsearch.annotations.Document (preferred), or consider extending one of the following types with your repository: org.springframework.data.elasticsearch.repository.ReactiveElasticsearchRepository [o.s.d.r.c.RepositoryConfigurationExtensionSupport<Catalina-utility-3>] 
2026-08-19 13:45:51,402 | INFO  | Finished Spring Data repository scanning in 1 ms. Found 0 Reactive Elasticsearch repository interfaces. [o.s.d.r.c.RepositoryConfigurationDelegate<Catalina-utility-3>] 
2026-08-19 13:45:51,568 | INFO  | Multiple Spring Data modules found, entering strict repository configuration mode [o.s.d.r.c.RepositoryConfigurationDelegate<Catalina-utility-2>] 
2026-08-19 13:45:51,568 | INFO  | Bootstrapping Spring Data Elasticsearch repositories in DEFAULT mode. [o.s.d.r.c.RepositoryConfigurationDelegate<Catalina-utility-2>] 
2026-08-19 13:45:51,590 | INFO  | Initializing Spring embedded WebApplicationContext [o.a.c.c.C.[.[localhost].[/matrix]<Catalina-utility-3>] 
2026-08-19 13:45:51,590 | INFO  | Root WebApplicationContext: initialization completed in 817 ms [o.s.b.w.s.c.ServletWebServerApplicationContext<Catalina-utility-3>] 
2026-08-19 13:45:51,632 | INFO  | Finished Spring Data repository scanning in 62 ms. Found 0 Elasticsearch repository interfaces. [o.s.d.r.c.RepositoryConfigurationDelegate<Catalina-utility-2>] 
2026-08-19 13:45:51,636 | INFO  | Multiple Spring Data modules found, entering strict repository configuration mode [o.s.d.r.c.RepositoryConfigurationDelegate<Catalina-utility-2>] 
2026-08-19 13:45:51,637 | INFO  | Bootstrapping Spring Data Reactive Elasticsearch repositories in DEFAULT mode. [o.s.d.r.c.RepositoryConfigurationDelegate<Catalina-utility-2>] 
2026-08-19 13:45:51,646 | INFO  | Finished Spring Data repository scanning in 7 ms. Found 0 Reactive Elasticsearch repository interfaces. [o.s.d.r.c.RepositoryConfigurationDelegate<Catalina-utility-2>] 
2026-08-19 13:45:51,703 | INFO  | Add Spring context 'matrix' to inject its Beans in Kernel as available components [i.m.s.k.KernelContainerLifecyclePlugin<Catalina-utility-3>] 
2026-08-19 13:45:51,704 | INFO  | Started MatrixApplication in 1.02 seconds (process running for 20.155) [io.meeds.chat.MatrixApplication<Catalina-utility-3>] 
2026-08-19 13:45:51,708 | WARN  | Failed to process TLD with path [/tld/portlet_2_0.tld] and URI [http://java.sun.com/portlet_2_0]. The specified path does not exist. [org.apache.jasper.servlet.TldScanner<Catalina-utility-3>] 
2026-08-19 13:45:51,711 | INFO  | Deployment of web application archive [/opt/exo/webapps/matrix.war] has finished in [1.155] ms [org.apache.catalina.startup.HostConfig<Catalina-utility-3>] 
2026-08-19 13:45:51,712 | INFO  | Deploying web application archive [/opt/exo/webapps/gamification-portlets.war] [org.apache.catalina.startup.HostConfig<Catalina-utility-3>] 
2026-08-19 13:45:51,772 | INFO  | Multiple Spring Data modules found, entering strict repository configuration mode [o.s.d.r.c.RepositoryConfigurationDelegate<Catalina-utility-1>] 
2026-08-19 13:45:51,772 | INFO  | Bootstrapping Spring Data JPA repositories in DEFAULT mode. [o.s.d.r.c.RepositoryConfigurationDelegate<Catalina-utility-1>] 
2026-08-19 13:45:51,789 | INFO  | Finished Spring Data repository scanning in 15 ms. Found 0 JPA repository interfaces. [o.s.d.r.c.RepositoryConfigurationDelegate<Catalina-utility-1>] 
2026-08-19 13:45:51,829 | INFO  | Multiple Spring Data modules found, entering strict repository configuration mode [o.s.d.r.c.RepositoryConfigurationDelegate<Catalina-utility-1>] 
2026-08-19 13:45:51,829 | INFO  | Bootstrapping Spring Data Elasticsearch repositories in DEFAULT mode. [o.s.d.r.c.RepositoryConfigurationDelegate<Catalina-utility-1>] 
2026-08-19 13:45:51,832 | INFO  | Initializing Spring embedded WebApplicationContext [o.a.c.c.C.[.[localhost].[/deeds-tenant]<Catalina-utility-2>] 
2026-08-19 13:45:51,833 | INFO  | Finished Spring Data repository scanning in 2 ms. Found 0 Elasticsearch repository interfaces. [o.s.d.r.c.RepositoryConfigurationDelegate<Catalina-utility-1>] 
2026-08-19 13:45:51,833 | INFO  | Root WebApplicationContext: initialization completed in 864 ms [o.s.b.w.s.c.ServletWebServerApplicationContext<Catalina-utility-2>] 
2026-08-19 13:45:51,834 | INFO  | Multiple Spring Data modules found, entering strict repository configuration mode [o.s.d.r.c.RepositoryConfigurationDelegate<Catalina-utility-1>] 
2026-08-19 13:45:51,834 | INFO  | Bootstrapping Spring Data Reactive Elasticsearch repositories in DEFAULT mode. [o.s.d.r.c.RepositoryConfigurationDelegate<Catalina-utility-1>] 
2026-08-19 13:45:51,838 | INFO  | Finished Spring Data repository scanning in 2 ms. Found 0 Reactive Elasticsearch repository interfaces. [o.s.d.r.c.RepositoryConfigurationDelegate<Catalina-utility-1>] 
2026-08-19 13:45:51,873 | INFO  | 1 Spring WebApplicationInitializers detected on classpath [o.a.c.c.C.[.[.[/gamification-portlets]<Catalina-utility-3>] 
2026-08-19 13:45:51,965 | INFO  | Initializing Spring embedded WebApplicationContext [o.a.c.c.C.[.[localhost].[/agenda]<Catalina-utility-1>] 
2026-08-19 13:45:51,965 | INFO  | Root WebApplicationContext: initialization completed in 810 ms [o.s.b.w.s.c.ServletWebServerApplicationContext<Catalina-utility-1>] 
2026-08-19 13:45:51,992 | INFO  | Add Spring context 'deeds-tenant' to inject its Beans in Kernel as available components [i.m.s.k.KernelContainerLifecyclePlugin<Catalina-utility-2>] 
2026-08-19 13:45:51,993 | INFO  | Started DeedTenantApplication in 1.156 seconds (process running for 20.444) [io.meeds.tenant.DeedTenantApplication<Catalina-utility-2>] 
2026-08-19 13:45:51,997 | INFO  | Deployment of web application archive [/opt/exo/webapps/deeds-tenant.war] has finished in [1.244] ms [org.apache.catalina.startup.HostConfig<Catalina-utility-2>] 
2026-08-19 13:45:51,999 | INFO  | Deploying web application archive [/opt/exo/webapps/social.war] [org.apache.catalina.startup.HostConfig<Catalina-utility-2>] 
2026-08-19 13:45:52,012 | INFO  | Starting GamificationApplication v7.2.1-exo using Java 21.0.12 with PID 7 (/opt/exo/webapps/gamification-portlets/WEB-INF/classes started by exo in /var/log/exo) [i.m.gamification.GamificationApplication<Catalina-utility-3>] 
2026-08-19 13:45:52,012 | INFO  | The following 35 profiles are active: "notes", "kudos", "tomcat", "documents", "push-notifications", "sites", "poll", "webdav", "deeds-tenant", "matrix", "digital-workplace", "content", "external-visio-connector", "analytics", "gamification-evm", "jcr", "exo_community", "all", "processes", "wallet", "webconferencing", "auth-server", "ecms", "ide", "mcp-server", "agenda", "gamification-twitter", "onlyoffice", "layout", "gamification", "app-center", "task", "gamification-crowdin", "perk-store", "pwa" [i.m.gamification.GamificationApplication<Catalina-utility-3>] 
2026-08-19 13:45:52,110 | INFO  | Add Spring context 'agenda' to inject its Beans in Kernel as available components [i.m.s.k.KernelContainerLifecyclePlugin<Catalina-utility-1>] 
2026-08-19 13:45:52,111 | INFO  | Started AgendaApplication in 1.064 seconds (process running for 20.563) [o.exoplatform.agenda.AgendaApplication<Catalina-utility-1>] 
2026-08-19 13:45:52,125 | INFO  | Deployment of web application archive [/opt/exo/webapps/agenda.war] has finished in [1.232] ms [org.apache.catalina.startup.HostConfig<Catalina-utility-1>] 
2026-08-19 13:45:52,126 | INFO  | Deploying web application archive [/opt/exo/webapps/kudos.war] [org.apache.catalina.startup.HostConfig<Catalina-utility-1>] 
2026-08-19 13:45:52,220 | INFO  | 1 Spring WebApplicationInitializers detected on classpath [o.a.c.c.C.[.[localhost].[/kudos]<Catalina-utility-1>] 
2026-08-19 13:45:52,371 | INFO  | Starting KudosApplication v7.2.1-exo using Java 21.0.12 with PID 7 (/opt/exo/webapps/kudos/WEB-INF/classes started by exo in /var/log/exo) [io.meeds.kudos.KudosApplication<Catalina-utility-1>] 
2026-08-19 13:45:52,372 | INFO  | The following 35 profiles are active: "notes", "kudos", "tomcat", "documents", "push-notifications", "sites", "poll", "webdav", "deeds-tenant", "matrix", "digital-workplace", "content", "external-visio-connector", "analytics", "gamification-evm", "jcr", "exo_community", "all", "processes", "wallet", "webconferencing", "auth-server", "ecms", "ide", "mcp-server", "agenda", "gamification-twitter", "onlyoffice", "layout", "gamification", "app-center", "task", "gamification-crowdin", "perk-store", "pwa" [io.meeds.kudos.KudosApplication<Catalina-utility-1>] 
2026-08-19 13:45:52,509 | INFO  | 1 Spring WebApplicationInitializers detected on classpath [o.a.c.c.C.[.[localhost].[/social]<Catalina-utility-2>] 
2026-08-19 13:45:52,547 | INFO  | Multiple Spring Data modules found, entering strict repository configuration mode [o.s.d.r.c.RepositoryConfigurationDelegate<Catalina-utility-3>] 
2026-08-19 13:45:52,547 | INFO  | Bootstrapping Spring Data Elasticsearch repositories in DEFAULT mode. [o.s.d.r.c.RepositoryConfigurationDelegate<Catalina-utility-3>] 
2026-08-19 13:45:52,569 | INFO  | Finished Spring Data repository scanning in 20 ms. Found 0 Elasticsearch repository interfaces. [o.s.d.r.c.RepositoryConfigurationDelegate<Catalina-utility-3>] 
2026-08-19 13:45:52,570 | INFO  | Multiple Spring Data modules found, entering strict repository configuration mode [o.s.d.r.c.RepositoryConfigurationDelegate<Catalina-utility-3>] 
2026-08-19 13:45:52,570 | INFO  | Bootstrapping Spring Data Reactive Elasticsearch repositories in DEFAULT mode. [o.s.d.r.c.RepositoryConfigurationDelegate<Catalina-utility-3>] 
2026-08-19 13:45:52,574 | INFO  | Finished Spring Data repository scanning in 2 ms. Found 0 Reactive Elasticsearch repository interfaces. [o.s.d.r.c.RepositoryConfigurationDelegate<Catalina-utility-3>] 
2026-08-19 13:45:52,578 | INFO  | Multiple Spring Data modules found, entering strict repository configuration mode [o.s.d.r.c.RepositoryConfigurationDelegate<Catalina-utility-3>] 
2026-08-19 13:45:52,580 | INFO  | Bootstrapping Spring Data JPA repositories in DEFAULT mode. [o.s.d.r.c.RepositoryConfigurationDelegate<Catalina-utility-3>] 
2026-08-19 13:45:52,589 | INFO  | Finished Spring Data repository scanning in 7 ms. Found 0 JPA repository interfaces. [o.s.d.r.c.RepositoryConfigurationDelegate<Catalina-utility-3>] 
2026-08-19 13:45:52,635 | INFO  | Starting SocialApplication v7.2.1-exo using Java 21.0.12 with PID 7 (/opt/exo/webapps/social/WEB-INF/classes started by exo in /var/log/exo) [io.meeds.social.SocialApplication<Catalina-utility-2>] 
2026-08-19 13:45:52,635 | INFO  | The following 35 profiles are active: "notes", "kudos", "tomcat", "documents", "push-notifications", "sites", "poll", "webdav", "deeds-tenant", "matrix", "digital-workplace", "content", "external-visio-connector", "analytics", "gamification-evm", "jcr", "exo_community", "all", "processes", "wallet", "webconferencing", "auth-server", "ecms", "ide", "mcp-server", "agenda", "gamification-twitter", "onlyoffice", "layout", "gamification", "app-center", "task", "gamification-crowdin", "perk-store", "pwa" [io.meeds.social.SocialApplication<Catalina-utility-2>] 
2026-08-19 13:45:52,786 | INFO  | Initializing Spring embedded WebApplicationContext [o.a.c.c.C.[.[.[/gamification-portlets]<Catalina-utility-3>] 
2026-08-19 13:45:52,786 | INFO  | Root WebApplicationContext: initialization completed in 771 ms [o.s.b.w.s.c.ServletWebServerApplicationContext<Catalina-utility-3>] 
2026-08-19 13:45:52,826 | INFO  | Multiple Spring Data modules found, entering strict repository configuration mode [o.s.d.r.c.RepositoryConfigurationDelegate<Catalina-utility-1>] 
2026-08-19 13:45:52,826 | INFO  | Bootstrapping Spring Data JPA repositories in DEFAULT mode. [o.s.d.r.c.RepositoryConfigurationDelegate<Catalina-utility-1>] 
2026-08-19 13:45:52,838 | INFO  | Finished Spring Data repository scanning in 10 ms. Found 1 JPA repository interface. [o.s.d.r.c.RepositoryConfigurationDelegate<Catalina-utility-1>] 
2026-08-19 13:45:52,877 | INFO  | Multiple Spring Data modules found, entering strict repository configuration mode [o.s.d.r.c.RepositoryConfigurationDelegate<Catalina-utility-1>] 
2026-08-19 13:45:52,877 | INFO  | Bootstrapping Spring Data Elasticsearch repositories in DEFAULT mode. [o.s.d.r.c.RepositoryConfigurationDelegate<Catalina-utility-1>] 
2026-08-19 13:45:52,880 | INFO  | Spring Data Elasticsearch - Could not safely identify store assignment for repository candidate interface io.meeds.kudos.dao.KudosDAO; If you want this repository to be a Elasticsearch repository, consider annotating your entities with one of these annotations: org.springframework.data.elasticsearch.annotations.Document (preferred), or consider extending one of the following types with your repository: org.springframework.data.elasticsearch.repository.ElasticsearchRepository [o.s.d.r.c.RepositoryConfigurationExtensionSupport<Catalina-utility-1>] 
2026-08-19 13:45:52,880 | INFO  | Finished Spring Data repository scanning in 2 ms. Found 0 Elasticsearch repository interfaces. [o.s.d.r.c.RepositoryConfigurationDelegate<Catalina-utility-1>] 
2026-08-19 13:45:52,881 | INFO  | Multiple Spring Data modules found, entering strict repository configuration mode [o.s.d.r.c.RepositoryConfigurationDelegate<Catalina-utility-1>] 
2026-08-19 13:45:52,882 | INFO  | Bootstrapping Spring Data Reactive Elasticsearch repositories in DEFAULT mode. [o.s.d.r.c.RepositoryConfigurationDelegate<Catalina-utility-1>] 
2026-08-19 13:45:52,884 | INFO  | Spring Data Reactive Elasticsearch - Could not safely identify store assignment for repository candidate interface io.meeds.kudos.dao.KudosDAO; If you want this repository to be a Reactive Elasticsearch repository, consider annotating your entities with one of these annotations: org.springframework.data.elasticsearch.annotations.Document (preferred), or consider extending one of the following types with your repository: org.springframework.data.elasticsearch.repository.ReactiveElasticsearchRepository [o.s.d.r.c.RepositoryConfigurationExtensionSupport<Catalina-utility-1>] 
2026-08-19 13:45:52,884 | INFO  | Finished Spring Data repository scanning in 1 ms. Found 0 Reactive Elasticsearch repository interfaces. [o.s.d.r.c.RepositoryConfigurationDelegate<Catalina-utility-1>] 
2026-08-19 13:45:52,935 | INFO  | Add Spring context 'gamification-portlets' to inject its Beans in Kernel as available components [i.m.s.k.KernelContainerLifecyclePlugin<Catalina-utility-3>] 
2026-08-19 13:45:52,935 | INFO  | Started GamificationApplication in 1.057 seconds (process running for 21.387) [i.m.gamification.GamificationApplication<Catalina-utility-3>] 
2026-08-19 13:45:52,946 | INFO  | Deployment of web application archive [/opt/exo/webapps/gamification-portlets.war] has finished in [1.234] ms [org.apache.catalina.startup.HostConfig<Catalina-utility-3>] 
2026-08-19 13:45:52,946 | INFO  | Deploying web application archive [/opt/exo/webapps/commons-exo-extension.war] [org.apache.catalina.startup.HostConfig<Catalina-utility-3>] 
2026-08-19 13:45:52,960 | INFO  | No Spring WebApplicationInitializer types detected on classpath [o.a.c.c.C.[.[.[/commons-exo-extension]<Catalina-utility-3>] 
2026-08-19 13:45:52,963 | INFO  | Deployment of web application archive [/opt/exo/webapps/commons-exo-extension.war] has finished in [17] ms [org.apache.catalina.startup.HostConfig<Catalina-utility-3>] 
2026-08-19 13:45:52,963 | INFO  | Deploying web application archive [/opt/exo/webapps/external-visio.war] [org.apache.catalina.startup.HostConfig<Catalina-utility-3>] 
2026-08-19 13:45:52,988 | INFO  | No Spring WebApplicationInitializer types detected on classpath [o.a.c.c.C.[.[.[/external-visio]<Catalina-utility-3>] 
2026-08-19 13:45:52,990 | INFO  | Deployment of web application archive [/opt/exo/webapps/external-visio.war] has finished in [27] ms [org.apache.catalina.startup.HostConfig<Catalina-utility-3>] 
2026-08-19 13:45:52,991 | INFO  | Deploying web application archive [/opt/exo/webapps/editors.war] [org.apache.catalina.startup.HostConfig<Catalina-utility-3>] 
2026-08-19 13:45:53,015 | INFO  | No Spring WebApplicationInitializer types detected on classpath [o.a.c.c.C.[.[localhost].[/editors]<Catalina-utility-3>] 
2026-08-19 13:45:53,020 | INFO  | Deployment of web application archive [/opt/exo/webapps/editors.war] has finished in [29] ms [org.apache.catalina.startup.HostConfig<Catalina-utility-3>] 
2026-08-19 13:45:53,021 | INFO  | Deploying web application archive [/opt/exo/webapps/documents-portlet.war] [org.apache.catalina.startup.HostConfig<Catalina-utility-3>] 
2026-08-19 13:45:53,140 | INFO  | Initializing Spring embedded WebApplicationContext [o.a.c.c.C.[.[localhost].[/kudos]<Catalina-utility-1>] 
2026-08-19 13:45:53,140 | INFO  | Root WebApplicationContext: initialization completed in 766 ms [o.s.b.w.s.c.ServletWebServerApplicationContext<Catalina-utility-1>] 
2026-08-19 13:45:53,224 | INFO  | Add Spring context 'kudos' to inject its Beans in Kernel as available components [i.m.s.k.KernelContainerLifecyclePlugin<Catalina-utility-1>] 
2026-08-19 13:45:53,224 | INFO  | Started KudosApplication in 0.996 seconds (process running for 21.676) [io.meeds.kudos.KudosApplication<Catalina-utility-1>] 
2026-08-19 13:45:53,229 | INFO  | Deployment of web application archive [/opt/exo/webapps/kudos.war] has finished in [1.103] ms [org.apache.catalina.startup.HostConfig<Catalina-utility-1>] 
2026-08-19 13:45:53,229 | INFO  | Deploying web application archive [/opt/exo/webapps/platform-ui.war] [org.apache.catalina.startup.HostConfig<Catalina-utility-1>] 
2026-08-19 13:45:53,264 | INFO  | 1 Spring WebApplicationInitializers detected on classpath [o.a.c.c.C.[.[.[/documents-portlet]<Catalina-utility-3>] 
2026-08-19 13:45:53,280 | INFO  | No Spring WebApplicationInitializer types detected on classpath [o.a.c.c.C.[.[localhost].[/platform-ui]<Catalina-utility-1>] 
2026-08-19 13:45:53,282 | INFO  | Deployment of web application archive [/opt/exo/webapps/platform-ui.war] has finished in [53] ms [org.apache.catalina.startup.HostConfig<Catalina-utility-1>] 
2026-08-19 13:45:53,282 | INFO  | Deploying web application archive [/opt/exo/webapps/digital-workplace.war] [org.apache.catalina.startup.HostConfig<Catalina-utility-1>] 
2026-08-19 13:45:53,332 | INFO  | Multiple Spring Data modules found, entering strict repository configuration mode [o.s.d.r.c.RepositoryConfigurationDelegate<Catalina-utility-2>] 
2026-08-19 13:45:53,332 | INFO  | Bootstrapping Spring Data JPA repositories in DEFAULT mode. [o.s.d.r.c.RepositoryConfigurationDelegate<Catalina-utility-2>] 
2026-08-19 13:45:53,363 | INFO  | No Spring WebApplicationInitializer types detected on classpath [o.a.c.c.C.[.[.[/digital-workplace]<Catalina-utility-1>] 
2026-08-19 13:45:53,371 | INFO  | Starting DocumentApplication v7.2.1 using Java 21.0.12 with PID 7 (/opt/exo/webapps/documents-portlet/WEB-INF/classes started by exo in /var/log/exo) [o.e.documents.DocumentApplication<Catalina-utility-3>] 
2026-08-19 13:45:53,371 | INFO  | The following 35 profiles are active: "notes", "kudos", "tomcat", "documents", "push-notifications", "sites", "poll", "webdav", "deeds-tenant", "matrix", "digital-workplace", "content", "external-visio-connector", "analytics", "gamification-evm", "jcr", "exo_community", "all", "processes", "wallet", "webconferencing", "auth-server", "ecms", "ide", "mcp-server", "agenda", "gamification-twitter", "onlyoffice", "layout", "gamification", "app-center", "task", "gamification-crowdin", "perk-store", "pwa" [o.e.documents.DocumentApplication<Catalina-utility-3>] 
2026-08-19 13:45:53,375 | INFO  | Deployment of web application archive [/opt/exo/webapps/digital-workplace.war] has finished in [92] ms [org.apache.catalina.startup.HostConfig<Catalina-utility-1>] 
2026-08-19 13:45:53,375 | INFO  | Deploying web application archive [/opt/exo/webapps/gamification-github.war] [org.apache.catalina.startup.HostConfig<Catalina-utility-1>] 
2026-08-19 13:45:53,402 | INFO  | Finished Spring Data repository scanning in 68 ms. Found 3 JPA repository interfaces. [o.s.d.r.c.RepositoryConfigurationDelegate<Catalina-utility-2>] 
2026-08-19 13:45:53,442 | INFO  | 1 Spring WebApplicationInitializers detected on classpath [o.a.c.c.C.[.[.[/gamification-github]<Catalina-utility-1>] 
2026-08-19 13:45:53,455 | INFO  | Multiple Spring Data modules found, entering strict repository configuration mode [o.s.d.r.c.RepositoryConfigurationDelegate<Catalina-utility-2>] 
2026-08-19 13:45:53,455 | INFO  | Bootstrapping Spring Data Elasticsearch repositories in DEFAULT mode. [o.s.d.r.c.RepositoryConfigurationDelegate<Catalina-utility-2>] 
2026-08-19 13:45:53,461 | INFO  | Spring Data Elasticsearch - Could not safely identify store assignment for repository candidate interface io.meeds.social.space.invitation.dao.SpaceInvitationLinkDAO; If you want this repository to be a Elasticsearch repository, consider annotating your entities with one of these annotations: org.springframework.data.elasticsearch.annotations.Document (preferred), or consider extending one of the following types with your repository: org.springframework.data.elasticsearch.repository.ElasticsearchRepository [o.s.d.r.c.RepositoryConfigurationExtensionSupport<Catalina-utility-2>] 
2026-08-19 13:45:53,461 | INFO  | Spring Data Elasticsearch - Could not safely identify store assignment for repository candidate interface io.meeds.social.space.template.dao.SpaceTemplateDAO; If you want this repository to be a Elasticsearch repository, consider annotating your entities with one of these annotations: org.springframework.data.elasticsearch.annotations.Document (preferred), or consider extending one of the following types with your repository: org.springframework.data.elasticsearch.repository.ElasticsearchRepository [o.s.d.r.c.RepositoryConfigurationExtensionSupport<Catalina-utility-2>] 
2026-08-19 13:45:53,461 | INFO  | Finished Spring Data repository scanning in 5 ms. Found 0 Elasticsearch repository interfaces. [o.s.d.r.c.RepositoryConfigurationDelegate<Catalina-utility-2>] 
2026-08-19 13:45:53,463 | INFO  | Multiple Spring Data modules found, entering strict repository configuration mode [o.s.d.r.c.RepositoryConfigurationDelegate<Catalina-utility-2>] 
2026-08-19 13:45:53,464 | INFO  | Bootstrapping Spring Data Reactive Elasticsearch repositories in DEFAULT mode. [o.s.d.r.c.RepositoryConfigurationDelegate<Catalina-utility-2>] 
2026-08-19 13:45:53,469 | INFO  | Spring Data Reactive Elasticsearch - Could not safely identify store assignment for repository candidate interface io.meeds.social.space.invitation.dao.SpaceInvitationLinkDAO; If you want this repository to be a Reactive Elasticsearch repository, consider annotating your entities with one of these annotations: org.springframework.data.elasticsearch.annotations.Document (preferred), or consider extending one of the following types with your repository: org.springframework.data.elasticsearch.repository.ReactiveElasticsearchRepository [o.s.d.r.c.RepositoryConfigurationExtensionSupport<Catalina-utility-2>] 
2026-08-19 13:45:53,469 | INFO  | Spring Data Reactive Elasticsearch - Could not safely identify store assignment for repository candidate interface io.meeds.social.space.template.dao.SpaceTemplateDAO; If you want this repository to be a Reactive Elasticsearch repository, consider annotating your entities with one of these annotations: org.springframework.data.elasticsearch.annotations.Document (preferred), or consider extending one of the following types with your repository: org.springframework.data.elasticsearch.repository.ReactiveElasticsearchRepository [o.s.d.r.c.RepositoryConfigurationExtensionSupport<Catalina-utility-2>] 
2026-08-19 13:45:53,470 | INFO  | Finished Spring Data repository scanning in 4 ms. Found 0 Reactive Elasticsearch repository interfaces. [o.s.d.r.c.RepositoryConfigurationDelegate<Catalina-utility-2>] 
2026-08-19 13:45:53,575 | INFO  | Starting GamificationGithubApplication v7.2.1-exo using Java 21.0.12 with PID 7 (/opt/exo/webapps/gamification-github/WEB-INF/classes started by exo in /var/log/exo) [i.m.g.g.GamificationGithubApplication<Catalina-utility-1>] 
2026-08-19 13:45:53,576 | INFO  | The following 35 profiles are active: "notes", "kudos", "tomcat", "documents", "push-notifications", "sites", "poll", "webdav", "deeds-tenant", "matrix", "digital-workplace", "content", "external-visio-connector", "analytics", "gamification-evm", "jcr", "exo_community", "all", "processes", "wallet", "webconferencing", "auth-server", "ecms", "ide", "mcp-server", "agenda", "gamification-twitter", "onlyoffice", "layout", "gamification", "app-center", "task", "gamification-crowdin", "perk-store", "pwa" [i.m.g.g.GamificationGithubApplication<Catalina-utility-1>] 
2026-08-19 13:45:53,621 | INFO  | Initializing Spring embedded WebApplicationContext [o.a.c.c.C.[.[localhost].[/social]<Catalina-utility-2>] 
2026-08-19 13:45:53,621 | INFO  | Root WebApplicationContext: initialization completed in 981 ms [o.s.b.w.s.c.ServletWebServerApplicationContext<Catalina-utility-2>] 
2026-08-19 13:45:53,702 | INFO  | Add Spring context 'social' to inject its Beans in Kernel as available components [i.m.s.k.KernelContainerLifecyclePlugin<Catalina-utility-2>] 
2026-08-19 13:45:53,703 | INFO  | Started SocialApplication in 1.184 seconds (process running for 22.154) [io.meeds.social.SocialApplication<Catalina-utility-2>] 
2026-08-19 13:45:53,713 | INFO  | Deployment of web application archive [/opt/exo/webapps/social.war] has finished in [1.713] ms [org.apache.catalina.startup.HostConfig<Catalina-utility-2>] 
2026-08-19 13:45:53,713 | INFO  | Deploying web application archive [/opt/exo/webapps/onlyoffice.war] [org.apache.catalina.startup.HostConfig<Catalina-utility-2>] 
2026-08-19 13:45:53,748 | INFO  | No Spring WebApplicationInitializer types detected on classpath [o.a.c.c.C.[.[localhost].[/onlyoffice]<Catalina-utility-2>] 
2026-08-19 13:45:53,751 | INFO  | Deployment of web application archive [/opt/exo/webapps/onlyoffice.war] has finished in [38] ms [org.apache.catalina.startup.HostConfig<Catalina-utility-2>] 
2026-08-19 13:45:53,751 | INFO  | Deploying web application archive [/opt/exo/webapps/ecm-wcm-extension.war] [org.apache.catalina.startup.HostConfig<Catalina-utility-2>] 
2026-08-19 13:45:53,770 | INFO  | No Spring WebApplicationInitializer types detected on classpath [o.a.c.c.C.[.[.[/ecm-wcm-extension]<Catalina-utility-2>] 
2026-08-19 13:45:53,774 | INFO  | Deployment of web application archive [/opt/exo/webapps/ecm-wcm-extension.war] has finished in [23] ms [org.apache.catalina.startup.HostConfig<Catalina-utility-2>] 
2026-08-19 13:45:53,774 | INFO  | Deploying web application archive [/opt/exo/webapps/auth-server.war] [org.apache.catalina.startup.HostConfig<Catalina-utility-2>] 
2026-08-19 13:45:53,835 | INFO  | 1 Spring WebApplicationInitializers detected on classpath [o.a.c.c.C.[.[localhost].[/auth-server]<Catalina-utility-2>] 
2026-08-19 13:45:53,945 | INFO  | Multiple Spring Data modules found, entering strict repository configuration mode [o.s.d.r.c.RepositoryConfigurationDelegate<Catalina-utility-3>] 
2026-08-19 13:45:53,945 | INFO  | Bootstrapping Spring Data JPA repositories in DEFAULT mode. [o.s.d.r.c.RepositoryConfigurationDelegate<Catalina-utility-3>] 
2026-08-19 13:45:53,980 | INFO  | Spring Data JPA - Could not safely identify store assignment for repository candidate interface org.exoplatform.documents.storage.jcr.webdav.cache.elasticsearch.dao.WebDavItemDao; If you want this repository to be a JPA repository, consider annotating your entities with one of these annotations: jakarta.persistence.Entity, jakarta.persistence.MappedSuperclass (preferred), or consider extending one of the following types with your repository: org.springframework.data.jpa.repository.JpaRepository [o.s.d.r.c.RepositoryConfigurationExtensionSupport<Catalina-utility-3>] 
2026-08-19 13:45:53,982 | INFO  | Spring Data JPA - Could not safely identify store assignment for repository candidate interface org.exoplatform.documents.storage.jcr.webdav.dao.WebDavPathMappingDao; If you want this repository to be a JPA repository, consider annotating your entities with one of these annotations: jakarta.persistence.Entity, jakarta.persistence.MappedSuperclass (preferred), or consider extending one of the following types with your repository: org.springframework.data.jpa.repository.JpaRepository [o.s.d.r.c.RepositoryConfigurationExtensionSupport<Catalina-utility-3>] 
2026-08-19 13:45:53,982 | INFO  | Finished Spring Data repository scanning in 36 ms. Found 0 JPA repository interfaces. [o.s.d.r.c.RepositoryConfigurationDelegate<Catalina-utility-3>] 
2026-08-19 13:45:53,983 | INFO  | Multiple Spring Data modules found, entering strict repository configuration mode [o.s.d.r.c.RepositoryConfigurationDelegate<Catalina-utility-3>] 
2026-08-19 13:45:53,983 | INFO  | Bootstrapping Spring Data Elasticsearch repositories in DEFAULT mode. [o.s.d.r.c.RepositoryConfigurationDelegate<Catalina-utility-3>] 
2026-08-19 13:45:53,993 | INFO  | Finished Spring Data repository scanning in 8 ms. Found 2 Elasticsearch repository interfaces. [o.s.d.r.c.RepositoryConfigurationDelegate<Catalina-utility-3>] 
2026-08-19 13:45:54,031 | INFO  | Multiple Spring Data modules found, entering strict repository configuration mode [o.s.d.r.c.RepositoryConfigurationDelegate<Catalina-utility-3>] 
2026-08-19 13:45:54,031 | INFO  | Bootstrapping Spring Data Reactive Elasticsearch repositories in DEFAULT mode. [o.s.d.r.c.RepositoryConfigurationDelegate<Catalina-utility-3>] 
2026-08-19 13:45:54,035 | INFO  | Finished Spring Data repository scanning in 2 ms. Found 0 Reactive Elasticsearch repository interfaces. [o.s.d.r.c.RepositoryConfigurationDelegate<Catalina-utility-3>] 
2026-08-19 13:45:54,057 | INFO  | Starting OauthServerApplication v7.2.1-exo using Java 21.0.12 with PID 7 (/opt/exo/webapps/auth-server/WEB-INF/classes started by exo in /var/log/exo) [i.m.oauth2.server.OauthServerApplication<Catalina-utility-2>] 
2026-08-19 13:45:54,058 | INFO  | The following 35 profiles are active: "notes", "kudos", "tomcat", "documents", "push-notifications", "sites", "poll", "webdav", "deeds-tenant", "matrix", "digital-workplace", "content", "external-visio-connector", "analytics", "gamification-evm", "jcr", "exo_community", "all", "processes", "wallet", "webconferencing", "auth-server", "ecms", "ide", "mcp-server", "agenda", "gamification-twitter", "onlyoffice", "layout", "gamification", "app-center", "task", "gamification-crowdin", "perk-store", "pwa" [i.m.oauth2.server.OauthServerApplication<Catalina-utility-2>] 
2026-08-19 13:45:54,081 | INFO  | Multiple Spring Data modules found, entering strict repository configuration mode [o.s.d.r.c.RepositoryConfigurationDelegate<Catalina-utility-1>] 
2026-08-19 13:45:54,081 | INFO  | Bootstrapping Spring Data JPA repositories in DEFAULT mode. [o.s.d.r.c.RepositoryConfigurationDelegate<Catalina-utility-1>] 
2026-08-19 13:45:54,112 | INFO  | Finished Spring Data repository scanning in 26 ms. Found 1 JPA repository interface. [o.s.d.r.c.RepositoryConfigurationDelegate<Catalina-utility-1>] 
2026-08-19 13:45:54,157 | INFO  | Multiple Spring Data modules found, entering strict repository configuration mode [o.s.d.r.c.RepositoryConfigurationDelegate<Catalina-utility-1>] 
2026-08-19 13:45:54,158 | INFO  | Bootstrapping Spring Data Elasticsearch repositories in DEFAULT mode. [o.s.d.r.c.RepositoryConfigurationDelegate<Catalina-utility-1>] 
2026-08-19 13:45:54,160 | INFO  | Spring Data Elasticsearch - Could not safely identify store assignment for repository candidate interface io.meeds.github.gamification.dao.WebHookDAO; If you want this repository to be a Elasticsearch repository, consider annotating your entities with one of these annotations: org.springframework.data.elasticsearch.annotations.Document (preferred), or consider extending one of the following types with your repository: org.springframework.data.elasticsearch.repository.ElasticsearchRepository [o.s.d.r.c.RepositoryConfigurationExtensionSupport<Catalina-utility-1>] 
2026-08-19 13:45:54,160 | INFO  | Finished Spring Data repository scanning in 1 ms. Found 0 Elasticsearch repository interfaces. [o.s.d.r.c.RepositoryConfigurationDelegate<Catalina-utility-1>] 
2026-08-19 13:45:54,161 | INFO  | Multiple Spring Data modules found, entering strict repository configuration mode [o.s.d.r.c.RepositoryConfigurationDelegate<Catalina-utility-1>] 
2026-08-19 13:45:54,162 | INFO  | Bootstrapping Spring Data Reactive Elasticsearch repositories in DEFAULT mode. [o.s.d.r.c.RepositoryConfigurationDelegate<Catalina-utility-1>] 
2026-08-19 13:45:54,164 | INFO  | Spring Data Reactive Elasticsearch - Could not safely identify store assignment for repository candidate interface io.meeds.github.gamification.dao.WebHookDAO; If you want this repository to be a Reactive Elasticsearch repository, consider annotating your entities with one of these annotations: org.springframework.data.elasticsearch.annotations.Document (preferred), or consider extending one of the following types with your repository: org.springframework.data.elasticsearch.repository.ReactiveElasticsearchRepository [o.s.d.r.c.RepositoryConfigurationExtensionSupport<Catalina-utility-1>] 
2026-08-19 13:45:54,164 | INFO  | Finished Spring Data repository scanning in 1 ms. Found 0 Reactive Elasticsearch repository interfaces. [o.s.d.r.c.RepositoryConfigurationDelegate<Catalina-utility-1>] 
2026-08-19 13:45:54,238 | INFO  | Initializing Spring embedded WebApplicationContext [o.a.c.c.C.[.[.[/documents-portlet]<Catalina-utility-3>] 
2026-08-19 13:45:54,238 | INFO  | Root WebApplicationContext: initialization completed in 864 ms [o.s.b.w.s.c.ServletWebServerApplicationContext<Catalina-utility-3>] 
2026-08-19 13:45:54,297 | INFO  | Initializing Spring embedded WebApplicationContext [o.a.c.c.C.[.[.[/gamification-github]<Catalina-utility-1>] 
2026-08-19 13:45:54,297 | INFO  | Root WebApplicationContext: initialization completed in 719 ms [o.s.b.w.s.c.ServletWebServerApplicationContext<Catalina-utility-1>] 
2026-08-19 13:45:54,372 | INFO  | Add Spring context 'documents-portlet' to inject its Beans in Kernel as available components [i.m.s.k.KernelContainerLifecyclePlugin<Catalina-utility-3>] 
2026-08-19 13:45:54,373 | INFO  | Started DocumentApplication in 1.103 seconds (process running for 22.824) [o.e.documents.DocumentApplication<Catalina-utility-3>] 
2026-08-19 13:45:54,379 | INFO  | Add Spring context 'gamification-github' to inject its Beans in Kernel as available components [i.m.s.k.KernelContainerLifecyclePlugin<Catalina-utility-1>] 
2026-08-19 13:45:54,381 | INFO  | Deployment of web application archive [/opt/exo/webapps/documents-portlet.war] has finished in [1.359] ms [org.apache.catalina.startup.HostConfig<Catalina-utility-3>] 
2026-08-19 13:45:54,381 | INFO  | Deploying web application archive [/opt/exo/webapps/task-management.war] [org.apache.catalina.startup.HostConfig<Catalina-utility-3>] 
2026-08-19 13:45:54,381 | INFO  | Started GamificationGithubApplication in 0.93 seconds (process running for 22.833) [i.m.g.g.GamificationGithubApplication<Catalina-utility-1>] 
2026-08-19 13:45:54,393 | INFO  | Deployment of web application archive [/opt/exo/webapps/gamification-github.war] has finished in [1.018] ms [org.apache.catalina.startup.HostConfig<Catalina-utility-1>] 
2026-08-19 13:45:54,486 | INFO  | Multiple Spring Data modules found, entering strict repository configuration mode [o.s.d.r.c.RepositoryConfigurationDelegate<Catalina-utility-2>] 
2026-08-19 13:45:54,487 | INFO  | Bootstrapping Spring Data JPA repositories in DEFAULT mode. [o.s.d.r.c.RepositoryConfigurationDelegate<Catalina-utility-2>] 
2026-08-19 13:45:54,487 | INFO  | 1 Spring WebApplicationInitializers detected on classpath [o.a.c.c.C.[.[.[/task-management]<Catalina-utility-3>] 
2026-08-19 13:45:54,517 | INFO  | Finished Spring Data repository scanning in 28 ms. Found 3 JPA repository interfaces. [o.s.d.r.c.RepositoryConfigurationDelegate<Catalina-utility-2>] 
2026-08-19 13:45:54,571 | INFO  | Starting TaskApplication v7.2.1-exo using Java 21.0.12 with PID 7 (/opt/exo/webapps/task-management/WEB-INF/classes started by exo in /var/log/exo) [io.meeds.task.TaskApplication<Catalina-utility-3>] 
2026-08-19 13:45:54,572 | INFO  | The following 35 profiles are active: "notes", "kudos", "tomcat", "documents", "push-notifications", "sites", "poll", "webdav", "deeds-tenant", "matrix", "digital-workplace", "content", "external-visio-connector", "analytics", "gamification-evm", "jcr", "exo_community", "all", "processes", "wallet", "webconferencing", "auth-server", "ecms", "ide", "mcp-server", "agenda", "gamification-twitter", "onlyoffice", "layout", "gamification", "app-center", "task", "gamification-crowdin", "perk-store", "pwa" [io.meeds.task.TaskApplication<Catalina-utility-3>] 
2026-08-19 13:45:54,595 | INFO  | Multiple Spring Data modules found, entering strict repository configuration mode [o.s.d.r.c.RepositoryConfigurationDelegate<Catalina-utility-2>] 
2026-08-19 13:45:54,595 | INFO  | Bootstrapping Spring Data Elasticsearch repositories in DEFAULT mode. [o.s.d.r.c.RepositoryConfigurationDelegate<Catalina-utility-2>] 
2026-08-19 13:45:54,598 | INFO  | Spring Data Elasticsearch - Could not safely identify store assignment for repository candidate interface io.meeds.oauth2.server.dao.OAuthClientAppDao; If you want this repository to be a Elasticsearch repository, consider annotating your entities with one of these annotations: org.springframework.data.elasticsearch.annotations.Document (preferred), or consider extending one of the following types with your repository: org.springframework.data.elasticsearch.repository.ElasticsearchRepository [o.s.d.r.c.RepositoryConfigurationExtensionSupport<Catalina-utility-2>] 
2026-08-19 13:45:54,599 | INFO  | Spring Data Elasticsearch - Could not safely identify store assignment for repository candidate interface io.meeds.oauth2.server.dao.OAuthConsentDao; If you want this repository to be a Elasticsearch repository, consider annotating your entities with one of these annotations: org.springframework.data.elasticsearch.annotations.Document (preferred), or consider extending one of the following types with your repository: org.springframework.data.elasticsearch.repository.ElasticsearchRepository [o.s.d.r.c.RepositoryConfigurationExtensionSupport<Catalina-utility-2>] 
2026-08-19 13:45:54,599 | INFO  | Spring Data Elasticsearch - Could not safely identify store assignment for repository candidate interface io.meeds.oauth2.server.dao.OAuthTokenDao; If you want this repository to be a Elasticsearch repository, consider annotating your entities with one of these annotations: org.springframework.data.elasticsearch.annotations.Document (preferred), or consider extending one of the following types with your repository: org.springframework.data.elasticsearch.repository.ElasticsearchRepository [o.s.d.r.c.RepositoryConfigurationExtensionSupport<Catalina-utility-2>] 
2026-08-19 13:45:54,599 | INFO  | Finished Spring Data repository scanning in 2 ms. Found 0 Elasticsearch repository interfaces. [o.s.d.r.c.RepositoryConfigurationDelegate<Catalina-utility-2>] 
2026-08-19 13:45:54,600 | INFO  | Multiple Spring Data modules found, entering strict repository configuration mode [o.s.d.r.c.RepositoryConfigurationDelegate<Catalina-utility-2>] 
2026-08-19 13:45:54,600 | INFO  | Bootstrapping Spring Data Reactive Elasticsearch repositories in DEFAULT mode. [o.s.d.r.c.RepositoryConfigurationDelegate<Catalina-utility-2>] 
2026-08-19 13:45:54,603 | INFO  | Spring Data Reactive Elasticsearch - Could not safely identify store assignment for repository candidate interface io.meeds.oauth2.server.dao.OAuthClientAppDao; If you want this repository to be a Reactive Elasticsearch repository, consider annotating your entities with one of these annotations: org.springframework.data.elasticsearch.annotations.Document (preferred), or consider extending one of the following types with your repository: org.springframework.data.elasticsearch.repository.ReactiveElasticsearchRepository [o.s.d.r.c.RepositoryConfigurationExtensionSupport<Catalina-utility-2>] 
2026-08-19 13:45:54,603 | INFO  | Spring Data Reactive Elasticsearch - Could not safely identify store assignment for repository candidate interface io.meeds.oauth2.server.dao.OAuthConsentDao; If you want this repository to be a Reactive Elasticsearch repository, consider annotating your entities with one of these annotations: org.springframework.data.elasticsearch.annotations.Document (preferred), or consider extending one of the following types with your repository: org.springframework.data.elasticsearch.repository.ReactiveElasticsearchRepository [o.s.d.r.c.RepositoryConfigurationExtensionSupport<Catalina-utility-2>] 
2026-08-19 13:45:54,603 | INFO  | Spring Data Reactive Elasticsearch - Could not safely identify store assignment for repository candidate interface io.meeds.oauth2.server.dao.OAuthTokenDao; If you want this repository to be a Reactive Elasticsearch repository, consider annotating your entities with one of these annotations: org.springframework.data.elasticsearch.annotations.Document (preferred), or consider extending one of the following types with your repository: org.springframework.data.elasticsearch.repository.ReactiveElasticsearchRepository [o.s.d.r.c.RepositoryConfigurationExtensionSupport<Catalina-utility-2>] 
2026-08-19 13:45:54,603 | INFO  | Finished Spring Data repository scanning in 2 ms. Found 0 Reactive Elasticsearch repository interfaces. [o.s.d.r.c.RepositoryConfigurationDelegate<Catalina-utility-2>] 
2026-08-19 13:45:54,737 | INFO  | Initializing Spring embedded WebApplicationContext [o.a.c.c.C.[.[localhost].[/auth-server]<Catalina-utility-2>] 
2026-08-19 13:45:54,737 | INFO  | Root WebApplicationContext: initialization completed in 677 ms [o.s.b.w.s.c.ServletWebServerApplicationContext<Catalina-utility-2>] 
2026-08-19 13:45:54,835 | INFO  | Add Spring context 'auth-server' to inject its Beans in Kernel as available components [i.m.s.k.KernelContainerLifecyclePlugin<Catalina-utility-2>] 
2026-08-19 13:45:54,835 | INFO  | Started OauthServerApplication in 0.987 seconds (process running for 23.286) [i.m.oauth2.server.OauthServerApplication<Catalina-utility-2>] 
2026-08-19 13:45:54,840 | INFO  | Deployment of web application archive [/opt/exo/webapps/auth-server.war] has finished in [1.065] ms [org.apache.catalina.startup.HostConfig<Catalina-utility-2>] 
2026-08-19 13:45:54,858 | INFO  | Multiple Spring Data modules found, entering strict repository configuration mode [o.s.d.r.c.RepositoryConfigurationDelegate<Catalina-utility-3>] 
2026-08-19 13:45:54,858 | INFO  | Bootstrapping Spring Data Elasticsearch repositories in DEFAULT mode. [o.s.d.r.c.RepositoryConfigurationDelegate<Catalina-utility-3>] 
2026-08-19 13:45:54,863 | INFO  | Finished Spring Data repository scanning in 3 ms. Found 0 Elasticsearch repository interfaces. [o.s.d.r.c.RepositoryConfigurationDelegate<Catalina-utility-3>] 
2026-08-19 13:45:54,864 | INFO  | Multiple Spring Data modules found, entering strict repository configuration mode [o.s.d.r.c.RepositoryConfigurationDelegate<Catalina-utility-3>] 
2026-08-19 13:45:54,864 | INFO  | Bootstrapping Spring Data Reactive Elasticsearch repositories in DEFAULT mode. [o.s.d.r.c.RepositoryConfigurationDelegate<Catalina-utility-3>] 
2026-08-19 13:45:54,866 | INFO  | Finished Spring Data repository scanning in 1 ms. Found 0 Reactive Elasticsearch repository interfaces. [o.s.d.r.c.RepositoryConfigurationDelegate<Catalina-utility-3>] 
2026-08-19 13:45:54,939 | INFO  | Initializing Spring embedded WebApplicationContext [o.a.c.c.C.[.[.[/task-management]<Catalina-utility-3>] 
2026-08-19 13:45:54,939 | INFO  | Root WebApplicationContext: initialization completed in 366 ms [o.s.b.w.s.c.ServletWebServerApplicationContext<Catalina-utility-3>] 
2026-08-19 13:45:55,032 | INFO  | Add Spring context 'task-management' to inject its Beans in Kernel as available components [i.m.s.k.KernelContainerLifecyclePlugin<Catalina-utility-3>] 
2026-08-19 13:45:55,033 | INFO  | Started TaskApplication in 0.539 seconds (process running for 23.485) [io.meeds.task.TaskApplication<Catalina-utility-3>] 
2026-08-19 13:45:55,043 | INFO  | Deployment of web application archive [/opt/exo/webapps/task-management.war] has finished in [661] ms [org.apache.catalina.startup.HostConfig<Catalina-utility-3>] 
2026-08-19 13:45:55,043 | INFO  | Trying to create the portal container 'portal' [exo.kernel.container.RootContainer<main>] 
2026-08-19 13:45:55,051 | INFO  | Active profiles for Portal container 'portal': [notes, kudos, tomcat, documents, push-notifications, sites, poll, webdav, deeds-tenant, matrix, digital-workplace, content, external-visio-connector, analytics, gamification-evm, jcr, exo_community, all, processes, wallet, webconferencing, auth-server, ecms, ide, mcp-server, agenda, gamification-twitter, onlyoffice, layout, gamification, app-center, task, gamification-crowdin, perk-store, pwa] [exo.kernel.container.RootContainer<main>] 
2026-08-19 13:45:56,035 | WARN  | Couldn't process the URL for war:/conf/plf-public/homepage-deployment-configuration.xml configuration file ignored  [e.k.container.ConfigurationManagerImpl<main>] 
2026-08-19 13:45:56,415 | INFO  | Start Spring Bean definitions of contexts [notes,kudos,gamification-github,webdav,poll,matrix,deeds-tenant,content,gamification-portlets,analytics,gamification-evm,documents-portlet,wallet,social,auth-server,ide,mcp-server,agenda,gamification-twitter,layout,task-management,app-center,gamification-crowdin,pwa] integration with Kernel Container [i.m.s.k.KernelContainerLifecyclePlugin<main>] 
2026-08-19 13:45:57,578 | INFO  | 1. Add Kernel Services in all Spring contexts [i.m.s.k.KernelContainerLifecyclePlugin<main>] 
2026-08-19 13:45:57,608 | INFO  | 2. Add Spring Beans of all contexts into Kernel [i.m.s.k.KernelContainerLifecyclePlugin<main>] 
2026-08-19 13:45:57,636 | INFO  | 3. Add Spring Beans into each other context [i.m.s.k.KernelContainerLifecyclePlugin<main>] 
2026-08-19 13:45:57,689 | INFO  | End spring integration with Kernel Container within 1274ms [i.m.s.k.KernelContainerLifecyclePlugin<main>] 
2026-08-19 13:45:57,692 | INFO  | LiquibaseDataInitializer created with : datasourceName=java:/comp/env/exo-jpa_portal, contexts=production [o.e.c.p.impl.LiquibaseDataInitializer<main>] 
2026-08-19 13:45:57,736 | INFO  | Starting data initialization with Liquibase with datasource java:/comp/env/exo-jpa_portal [o.e.c.p.impl.LiquibaseDataInitializer<main>] 
2026-08-19 13:45:57,753 | INFO  | Processing changelogs of TaskManagementChangeLogsPlugin [o.e.c.p.impl.LiquibaseDataInitializer<main>] 
2026-08-19 13:45:57,753 | INFO  |   * processing changelog db/changelog/task.db.changelog-1.0.0.xml [o.e.c.p.impl.LiquibaseDataInitializer<main>] 
2026-08-19 13:45:58,257 | INFO  |   * processing changelog db/changelog/task.db.changelog-1.1.0.xml [o.e.c.p.impl.LiquibaseDataInitializer<main>] 
2026-08-19 13:45:58,608 | INFO  |   * processing changelog db/changelog/task.db.changelog-1.3.0.xml [o.e.c.p.impl.LiquibaseDataInitializer<main>] 
2026-08-19 13:45:58,916 | INFO  |   * processing changelog db/changelog/task.db.changelog-2.1.0.xml [o.e.c.p.impl.LiquibaseDataInitializer<main>] 
2026-08-19 13:45:59,289 | INFO  |   * processing changelog db/changelog/task.db.changelog-3.0.0.xml [o.e.c.p.impl.LiquibaseDataInitializer<main>] 
2026-08-19 13:45:59,617 | INFO  |   * processing changelog db/changelog/task.db.changelog-3.1.0.xml [o.e.c.p.impl.LiquibaseDataInitializer<main>] 
2026-08-19 13:45:59,926 | INFO  |   * processing changelog db/changelog/task.db.changelog-3.2.0.xml [o.e.c.p.impl.LiquibaseDataInitializer<main>] 
2026-08-19 13:46:00,235 | INFO  |   * processing changelog db/changelog/task.db.changelog-7.2.0.xml [o.e.c.p.impl.LiquibaseDataInitializer<main>] 
2026-08-19 13:46:00,548 | INFO  | Processing changelogs of PushNotificationsManagementChangeLogsPlugin [o.e.c.p.impl.LiquibaseDataInitializer<main>] 
2026-08-19 13:46:00,548 | INFO  |   * processing changelog db/changelog/push-notifications.db.changelog-1.0.0.xml [o.e.c.p.impl.LiquibaseDataInitializer<main>] 
2026-08-19 13:46:00,871 | INFO  | Processing changelogs of ProcessesRDBMSChangeLogsPlugin [o.e.c.p.impl.LiquibaseDataInitializer<main>] 
2026-08-19 13:46:00,871 | INFO  |   * processing changelog db/changelog/processes-rdbms.db.changelog-master.xml [o.e.c.p.impl.LiquibaseDataInitializer<main>] 
2026-08-19 13:46:01,236 | INFO  | Processing changelogs of DocumentsAppRDBMSChangeLogsPlugin [o.e.c.p.impl.LiquibaseDataInitializer<main>] 
2026-08-19 13:46:01,237 | INFO  |   * processing changelog db/changelog/documents-rdbms.db.changelog-master.xml [o.e.c.p.impl.LiquibaseDataInitializer<main>] 
2026-08-19 13:46:01,564 | INFO  | Processing changelogs of AttachmentsContextRDBMSChangeLogsPlugin [o.e.c.p.impl.LiquibaseDataInitializer<main>] 
2026-08-19 13:46:01,565 | INFO  |   * processing changelog changelog/attachments-context-rdbms.db.changelog.xml [o.e.c.p.impl.LiquibaseDataInitializer<main>] 
2026-08-19 13:46:01,882 | INFO  | Processing changelogs of Only Office ChangeLogsPlugin [o.e.c.p.impl.LiquibaseDataInitializer<main>] 
2026-08-19 13:46:01,882 | INFO  |   * processing changelog db.changelogs/onlyoffice-changelog-1.0.0.xml [o.e.c.p.impl.LiquibaseDataInitializer<main>] 
2026-08-19 13:46:02,205 | INFO  | Processing changelogs of ExternalVisioConnectorRDBMSChangeLogsPlugin [o.e.c.p.impl.LiquibaseDataInitializer<main>] 
2026-08-19 13:46:02,205 | INFO  |   * processing changelog db/changelog/externalVisioConnector-rdbms.db.changelog.xml [o.e.c.p.impl.LiquibaseDataInitializer<main>] 
2026-08-19 13:46:02,503 | INFO  | Processing changelogs of PerkStoreRDBMSChangeLogsPlugin [o.e.c.p.impl.LiquibaseDataInitializer<main>] 
2026-08-19 13:46:02,503 | INFO  |   * processing changelog db/changelog/perkstore-rdbms.db.changelog-master.xml [o.e.c.p.impl.LiquibaseDataInitializer<main>] 
2026-08-19 13:46:02,892 | INFO  | Processing changelogs of CommonsChangeLogsPlugin [o.e.c.p.impl.LiquibaseDataInitializer<main>] 
2026-08-19 13:46:02,894 | INFO  |   * processing changelog db/changelog/idm.queue.db.changelog-1.0.0.xml [o.e.c.p.impl.LiquibaseDataInitializer<main>] 
2026-08-19 13:46:03,270 | INFO  | Processing changelogs of FilesChangeLogsPlugin [o.e.c.p.impl.LiquibaseDataInitializer<main>] 
2026-08-19 13:46:03,270 | INFO  |   * processing changelog db/changelog/file.db.changelog-1.0.0.xml [o.e.c.p.impl.LiquibaseDataInitializer<main>] 
2026-08-19 13:46:03,591 | INFO  | Processing changelogs of GamificationChangeLogsPlugin [o.e.c.p.impl.LiquibaseDataInitializer<main>] 
2026-08-19 13:46:03,592 | INFO  |   * processing changelog db/changelog/gamification.db.changelog-1.0.0.xml [o.e.c.p.impl.LiquibaseDataInitializer<main>] 
2026-08-19 13:46:04,047 | INFO  | Processing changelogs of WalletRDBMSChangeLogsPlugin [o.e.c.p.impl.LiquibaseDataInitializer<main>] 
2026-08-19 13:46:04,047 | INFO  |   * processing changelog db/changelog/wallet-rdbms.db.changelog-master.xml [o.e.c.p.impl.LiquibaseDataInitializer<main>] 
2026-08-19 13:46:04,409 | INFO  | Processing changelogs of WalletRDBMSChangeLogsPlugin [o.e.c.p.impl.LiquibaseDataInitializer<main>] 
2026-08-19 13:46:04,409 | INFO  |   * processing changelog db/changelog/reward-rdbms.db.changelog-master.xml [o.e.c.p.impl.LiquibaseDataInitializer<main>] 
2026-08-19 13:46:04,778 | INFO  | Processing changelogs of WebConferencingChangeLogsPlugin [o.e.c.p.impl.LiquibaseDataInitializer<main>] 
2026-08-19 13:46:04,778 | INFO  |   * processing changelog db/changelog/webconferencing.db.changelog-1.0.0.xml [o.e.c.p.impl.LiquibaseDataInitializer<main>] 
2026-08-19 13:46:05,124 | INFO  | Loading router configuration /etc/exo/controller.xml [org.exoplatform.web.WebAppController<main>] 
2026-08-19 13:46:05,125 | INFO  | Loading router configuration file:/etc/exo/controller.xml [org.exoplatform.web.WebAppController<main>] 
2026-08-19 13:46:07,976 | INFO  | ISPN000128: Infinispan version: Infinispan 'Chakra' 8.2.6.Final [o.i.factories.GlobalComponentRegistry<main>] 
2026-08-19 13:46:08,387 | INFO  | Using http://es:9200 as Searching URL [o.e.c.s.es.client.ElasticSearchingClient<main>] 
2026-08-19 13:46:08,434 | INFO  | Using default HTTP max connections for property exo.es.search.http.connections.max=100. [o.e.c.s.es.client.ElasticSearchingClient<main>] 
2026-08-19 13:46:08,610 | INFO  | Activity Type key:  files:spaces.ADD_PROPERTY,  registration status: disabled [o.e.s.core.manager.ActivityManagerImpl<main>] 
2026-08-19 13:46:08,610 | INFO  | Activity Type key:  files:spaces.CREATION_COMMENT,  registration status: disabled [o.e.s.core.manager.ActivityManagerImpl<main>] 
2026-08-19 13:46:08,610 | INFO  | Activity Type key:  files:spaces.REMOVE_PROPERTY,  registration status: disabled [o.e.s.core.manager.ActivityManagerImpl<main>] 
2026-08-19 13:46:08,610 | INFO  | Activity Type key:  files:spaces.MOVE_COMMENT,  registration status: disabled [o.e.s.core.manager.ActivityManagerImpl<main>] 
2026-08-19 13:46:08,610 | INFO  | Activity Type key:  contents:spaces,  registration status: disabled [o.e.s.core.manager.ActivityManagerImpl<main>] 
2026-08-19 13:46:08,610 | INFO  | Activity Type key:  files:spaces,  registration status: enabled [o.e.s.core.manager.ActivityManagerImpl<main>] 
2026-08-19 13:46:08,610 | INFO  | Activity Type key:  USER_ACTIVITIES_FOR_RELATIONSHIP,  registration status: disabled [o.e.s.core.manager.ActivityManagerImpl<main>] 
2026-08-19 13:46:08,610 | INFO  | Activity Type key:  files:spaces.UPDATE_COMMENT,  registration status: disabled [o.e.s.core.manager.ActivityManagerImpl<main>] 
2026-08-19 13:46:08,610 | INFO  | Activity Type key:  files:spaces.TAG_ACTION_COMMENT,  registration status: disabled [o.e.s.core.manager.ActivityManagerImpl<main>] 
2026-08-19 13:46:08,610 | INFO  | Activity Type key:  USER_PROFILE_ACTIVITY,  registration status: disabled [o.e.s.core.manager.ActivityManagerImpl<main>] 
2026-08-19 13:46:08,674 | INFO  | DAOHandlerJPAImpl is creating... [DAOHandlerJPAImpl<main>] 
2026-08-19 13:46:08,722 | INFO  | DAOHandlerJPAImpl is created [DAOHandlerJPAImpl<main>] 
2026-08-19 13:46:08,823 | INFO  | EntityManagerFactory [meeds-jpa] - Creating with datasource java:/comp/env/exo-jpa_portal. [o.e.c.p.impl.EntityManagerService<main>] 
2026-08-19 13:46:12,923 | INFO  | EntityManagerFactory [meeds-jpa] - Created. [o.e.c.p.impl.EntityManagerService<main>] 
2026-08-19 13:46:12,927 | INFO  | Activity Type key:  files:spaces.ADD_PROPERTY,  registration status: disabled [o.e.s.core.manager.ActivityManagerImpl<main>] 
2026-08-19 13:46:12,927 | INFO  | Activity Type key:  files:spaces.CREATION_COMMENT,  registration status: disabled [o.e.s.core.manager.ActivityManagerImpl<main>] 
2026-08-19 13:46:12,927 | INFO  | Activity Type key:  files:spaces.REMOVE_PROPERTY,  registration status: disabled [o.e.s.core.manager.ActivityManagerImpl<main>] 
2026-08-19 13:46:12,927 | INFO  | Activity Type key:  files:spaces.MOVE_COMMENT,  registration status: disabled [o.e.s.core.manager.ActivityManagerImpl<main>] 
2026-08-19 13:46:12,927 | INFO  | Activity Type key:  contents:spaces,  registration status: disabled [o.e.s.core.manager.ActivityManagerImpl<main>] 
2026-08-19 13:46:12,927 | INFO  | Activity Type key:  files:spaces,  registration status: enabled [o.e.s.core.manager.ActivityManagerImpl<main>] 
2026-08-19 13:46:12,927 | INFO  | Activity Type key:  USER_ACTIVITIES_FOR_RELATIONSHIP,  registration status: disabled [o.e.s.core.manager.ActivityManagerImpl<main>] 
2026-08-19 13:46:12,927 | INFO  | Activity Type key:  files:spaces.UPDATE_COMMENT,  registration status: disabled [o.e.s.core.manager.ActivityManagerImpl<main>] 
2026-08-19 13:46:12,927 | INFO  | Activity Type key:  files:spaces.TAG_ACTION_COMMENT,  registration status: disabled [o.e.s.core.manager.ActivityManagerImpl<main>] 
2026-08-19 13:46:12,927 | INFO  | Activity Type key:  USER_PROFILE_ACTIVITY,  registration status: disabled [o.e.s.core.manager.ActivityManagerImpl<main>] 
2026-08-19 13:46:13,137 | INFO  | Loading Firebase configuration for Push Notifications from file /etc/exo/fcm.json [o.e.push.service.fcm.FCMMessagePublisher<main>] 
2026-08-19 13:46:13,137 | WARN  | Push notifications - Firebase Cloud Messaging service account config file does not exist, meaning Push Notifications will not work. Add the file at /etc/exo/fcm.json to make it work. [o.e.push.service.fcm.FCMMessagePublisher<main>] 
2026-08-19 13:46:13,575 | INFO  | Activity Type key:  files:spaces.ADD_PROPERTY,  registration status: disabled [o.e.s.core.manager.ActivityManagerImpl<main>] 
2026-08-19 13:46:13,576 | INFO  | Activity Type key:  files:spaces.CREATION_COMMENT,  registration status: disabled [o.e.s.core.manager.ActivityManagerImpl<main>] 
2026-08-19 13:46:13,576 | INFO  | Activity Type key:  files:spaces.REMOVE_PROPERTY,  registration status: disabled [o.e.s.core.manager.ActivityManagerImpl<main>] 
2026-08-19 13:46:13,576 | INFO  | Activity Type key:  files:spaces.MOVE_COMMENT,  registration status: disabled [o.e.s.core.manager.ActivityManagerImpl<main>] 
2026-08-19 13:46:13,576 | INFO  | Activity Type key:  contents:spaces,  registration status: disabled [o.e.s.core.manager.ActivityManagerImpl<main>] 
2026-08-19 13:46:13,576 | INFO  | Activity Type key:  files:spaces,  registration status: enabled [o.e.s.core.manager.ActivityManagerImpl<main>] 
2026-08-19 13:46:13,576 | INFO  | Activity Type key:  USER_ACTIVITIES_FOR_RELATIONSHIP,  registration status: disabled [o.e.s.core.manager.ActivityManagerImpl<main>] 
2026-08-19 13:46:13,576 | INFO  | Activity Type key:  files:spaces.UPDATE_COMMENT,  registration status: disabled [o.e.s.core.manager.ActivityManagerImpl<main>] 
2026-08-19 13:46:13,576 | INFO  | Activity Type key:  files:spaces.TAG_ACTION_COMMENT,  registration status: disabled [o.e.s.core.manager.ActivityManagerImpl<main>] 
2026-08-19 13:46:13,576 | INFO  | Activity Type key:  USER_PROFILE_ACTIVITY,  registration status: disabled [o.e.s.core.manager.ActivityManagerImpl<main>] 
2026-08-19 13:46:13,751 | INFO  | Analytics Indices rollover process start [i.m.a.e.s.ElasticsearchAnalyticsStorage<ForkJoinPool.commonPool-worker-2>] 
2026-08-19 13:46:13,763 | INFO  | Analytics Indices rollover process finished successfully. [i.m.a.e.s.ElasticsearchAnalyticsStorage<ForkJoinPool.commonPool-worker-2>] 
2026-08-19 13:46:13,831 | INFO  | Adding DocumentMetadataPlugin [org.exoplatform.services.cms.documents.impl.ApachePOIMetadataPlugin@a3370a4] [o.e.s.c.d.impl.DocumentServiceImpl<main>] 
2026-08-19 13:46:13,832 | INFO  | Setting CommonEditorPlugin [org.exoplatform.services.cms.documents.impl.CommonEditorPluginImpl@635b5478] [o.e.s.c.d.impl.DocumentServiceImpl<main>] 
2026-08-19 13:46:13,854 | INFO  | Use DocumentTypePlugin application/vnd.openxmlformats-officedocument.presentationml.presentation,application/vnd.openxmlformats-officedocument.spreadsheetml.sheet,application/vnd.openxmlformats-officedocument.wordprocessingml.document,application/vnd.openxmlformats-officedocument.wordprocessingml.document.form,application/pdf [o.e.o.OnlyofficeEditorServiceImpl<main>] 
2026-08-19 13:46:13,888 | INFO  | Initialized codec using builder org.exoplatform.web.security.codec.JCASymmetricCodecBuilder [o.e.web.security.codec.CodecInitializer<main>] 
2026-08-19 13:46:14,887 | WARN  | J2KImageReader not loaded. JPEG2000 files will not be processed.
See https://pdfbox.apache.org/2.0/dependencies.html#jai-image-io
for optional dependencies.
 [org.apache.tika.parsers.PDFParser<main>] 
2026-08-19 13:46:14,916 | INFO  | Initializing command executor for max 200 threads, queue size 400 [o.e.s.cms.clouddrives.ThreadExecutor<main>] 
2026-08-19 13:46:14,922 | INFO  | Using http://es:9200 as Indexing URL [o.e.c.s.es.client.ElasticIndexingClient<main>] 
2026-08-19 13:46:14,923 | INFO  | Using default HTTP max connections for property exo.es.index.http.connections.max=100. [o.e.c.s.es.client.ElasticIndexingClient<main>] 
2026-08-19 13:46:14,925 | INFO  | Use ES Version 8.18 [o.e.c.s.i.i.ElasticIndexingOperationProcessor<main>] 
2026-08-19 13:46:14,928 | INFO  | An Indexing Connector has been added: wiki-page [o.e.c.s.i.i.ElasticIndexingOperationProcessor<main>] 
2026-08-19 13:46:14,929 | INFO  | An Indexing Connector has been added: note-version [o.e.c.s.i.i.ElasticIndexingOperationProcessor<main>] 
2026-08-19 13:46:14,931 | INFO  | An Indexing Connector has been added: event [o.e.c.s.i.i.ElasticIndexingOperationProcessor<main>] 
2026-08-19 13:46:14,934 | INFO  | An Indexing Connector has been added: profile [o.e.c.s.i.i.ElasticIndexingOperationProcessor<main>] 
2026-08-19 13:46:14,935 | INFO  | An Indexing Connector has been added: space [o.e.c.s.i.i.ElasticIndexingOperationProcessor<main>] 
2026-08-19 13:46:14,939 | INFO  | An Indexing Connector has been added: activity [o.e.c.s.i.i.ElasticIndexingOperationProcessor<main>] 
2026-08-19 13:46:14,940 | INFO  | An Indexing Connector has been added: category [o.e.c.s.i.i.ElasticIndexingOperationProcessor<main>] 
2026-08-19 13:46:14,942 | INFO  | An Indexing Connector has been added: rules [o.e.c.s.i.i.ElasticIndexingOperationProcessor<main>] 
2026-08-19 13:46:14,944 | INFO  | An Indexing Connector has been added: file [o.e.c.s.i.i.ElasticIndexingOperationProcessor<main>] 
2026-08-19 13:46:14,946 | INFO  | An Indexing Connector has been added: news [o.e.c.s.i.i.ElasticIndexingOperationProcessor<main>] 
2026-08-19 13:46:14,947 | INFO  | An Indexing Connector has been added: task [o.e.c.s.i.i.ElasticIndexingOperationProcessor<main>] 
2026-08-19 13:46:15,003 | INFO  | Failed to read default template file: war:/notification/templates/DEFAULT_ACTIVITY.gtmpl. An empty message will be used [o.e.c.n.template.TemplateUtils<main>] 
2026-08-19 13:46:15,209 | INFO  | Failed to read default template file: war:/notification/templates/gamificationRuleActivity.gtmpl. An empty message will be used [o.e.c.n.template.TemplateUtils<main>] 
2026-08-19 13:46:15,243 | INFO  | Failed to read default template file: war:/notification/templates/exokudos:activity.gtmpl. An empty message will be used [o.e.c.n.template.TemplateUtils<main>] 
2026-08-19 13:46:15,303 | INFO  | Using default implementation for ThreadExecutor [org.quartz.impl.StdSchedulerFactory<main>] 
2026-08-19 13:46:15,317 | INFO  | Initialized Scheduler Signaller of type: class org.quartz.core.SchedulerSignalerImpl [org.quartz.core.SchedulerSignalerImpl<main>] 
2026-08-19 13:46:15,318 | INFO  | Quartz Scheduler v2.5.2 created. [org.quartz.core.QuartzScheduler<main>] 
2026-08-19 13:46:15,319 | INFO  | RAMJobStore initialized. [org.quartz.simpl.RAMJobStore<main>] 
2026-08-19 13:46:15,319 | INFO  | Scheduler meta-data: Quartz Scheduler (v2.5.2) 'ExoScheduler' with instanceId 'NON_CLUSTERED'
  Scheduler class: 'org.quartz.core.QuartzScheduler' - running locally.
  NOT STARTED.
  Currently in standby mode.
  Number of jobs executed: 0
  Using thread pool 'org.quartz.simpl.SimpleThreadPool' - with 25 threads.
  Using job-store 'org.quartz.simpl.RAMJobStore' - which does not support persistence. and is not clustered.
 [org.quartz.core.QuartzScheduler<main>] 
2026-08-19 13:46:15,319 | INFO  | Quartz scheduler 'ExoScheduler' initialized from an externally provided properties instance. [org.quartz.impl.StdSchedulerFactory<main>] 
2026-08-19 13:46:15,319 | INFO  | Quartz scheduler version: 2.5.2 [org.quartz.impl.StdSchedulerFactory<main>] 
2026-08-19 13:46:15,320 | INFO  | Scheduler ExoScheduler_$_NON_CLUSTERED paused. [org.quartz.core.QuartzScheduler<main>] 
2026-08-19 13:46:15,321 | INFO  | Read products versions from jar:/conf/platform.properties [o.e.commons.info.ProductInformations<main>] 
2026-08-19 13:46:15,433 | INFO  | New entries to ResolvingService added (public) : -//W3C//ENTITIES Latin 1 for XHTML//EN : dtd/xhtml-lat1.ent [e.c.c.x.XMLResolvingServiceImpl<main>] 
2026-08-19 13:46:15,433 | INFO  | New entries to ResolvingService added (public) : -//W3C//DTD XHTML 1.0 Transitional//EN : dtd/xhtml1-transitional.dtd [e.c.c.x.XMLResolvingServiceImpl<main>] 
2026-08-19 13:46:15,433 | INFO  | New entries to ResolvingService added (public) : -//W3C//DTD XHTML 1.0 Strict//EN : dtd/xhtml1-strict.dtd [e.c.c.x.XMLResolvingServiceImpl<main>] 
2026-08-19 13:46:15,433 | INFO  | New entries to ResolvingService added (public) : -//W3C//DTD XMLSCHEMA 200102//EN : dtd/XMLSchema.dtd [e.c.c.x.XMLResolvingServiceImpl<main>] 
2026-08-19 13:46:15,433 | INFO  | New entries to ResolvingService added (public) : -//W3C//ENTITIES Special for XHTML//EN : dtd/xhtml-special.ent [e.c.c.x.XMLResolvingServiceImpl<main>] 
2026-08-19 13:46:15,433 | INFO  | New entries to ResolvingService added (public) : -//W3C//DTD XHTML 1.0 Frameset//EN : dtd/xhtml1-frameset.dtd [e.c.c.x.XMLResolvingServiceImpl<main>] 
2026-08-19 13:46:15,433 | INFO  | New entries to ResolvingService added (public) : -//Sun Microsystems, Inc.//DTD Web Application 2.3//EN : dtd/web-app_2_3.dtd [e.c.c.x.XMLResolvingServiceImpl<main>] 
2026-08-19 13:46:15,433 | INFO  | New entries to ResolvingService added (public) : -//W3C//ENTITIES Symbols for XHTML//EN : dtd/xhtml-symbol.ent [e.c.c.x.XMLResolvingServiceImpl<main>] 
2026-08-19 13:46:15,433 | INFO  | New entries to ResolvingService added (system) : http://www.w3.org/TR/xhtml1/DTD/xhtml1-frameset.dtd : dtd/xhtml1-frameset.dtd [e.c.c.x.XMLResolvingServiceImpl<main>] 
2026-08-19 13:46:15,433 | INFO  | New entries to ResolvingService added (system) : http://www.w3.org/TR/xhtml1/DTD/xhtml1-transitional.dtd : dtd/xhtml1-transitional.dtd [e.c.c.x.XMLResolvingServiceImpl<main>] 
2026-08-19 13:46:15,433 | INFO  | New entries to ResolvingService added (system) : http://www.w3.org/TR/xhtml1/DTD/xhtml-symbol.ent : dtd/xhtml-symbol.ent [e.c.c.x.XMLResolvingServiceImpl<main>] 
2026-08-19 13:46:15,433 | INFO  | New entries to ResolvingService added (system) : http://www.w3.org/TR/xhtml1/DTD/xhtml-special.ent : dtd/xhtml-special.ent [e.c.c.x.XMLResolvingServiceImpl<main>] 
2026-08-19 13:46:15,433 | INFO  | New entries to ResolvingService added (system) : http://www.w3.org/2001/datatypes.dtd : dtd/datatypes.dtd [e.c.c.x.XMLResolvingServiceImpl<main>] 
2026-08-19 13:46:15,433 | INFO  | New entries to ResolvingService added (system) : http://java.sun.com/dtd/web-app_2_3.dtd : dtd/web-app_2_3.dtd [e.c.c.x.XMLResolvingServiceImpl<main>] 
2026-08-19 13:46:15,433 | INFO  | New entries to ResolvingService added (system) : http://www.w3.org/TR/xhtml1/DTD/xhtml1-strict.dtd : dtd/xhtml1-strict.dtd [e.c.c.x.XMLResolvingServiceImpl<main>] 
2026-08-19 13:46:15,433 | INFO  | New entries to ResolvingService added (system) : http://www.w3.org/2001/XMLSchema.dtd : dtd/XMLSchema.dtd [e.c.c.x.XMLResolvingServiceImpl<main>] 
2026-08-19 13:46:15,433 | INFO  | New entries to ResolvingService added (system) : http://www.w3.org/TR/xhtml1/DTD/xhtml-lat1.ent : dtd/xhtml-lat1.ent [e.c.c.x.XMLResolvingServiceImpl<main>] 
2026-08-19 13:46:15,435 | INFO  | XSLT schema found by relative path: xslt/get-method.xsl [e.c.c.x.TRAXTemplatesServiceImpl<main>] 
2026-08-19 13:46:15,621 | INFO  | Using property file file:/etc/exo/docker.properties to set configuration properties. [o.e.c.ExtendedPropertyConfigurator<main>] 
2026-08-19 13:46:15,622 | INFO  | Skipping configuration file file:/etc/exo/exo.properties. File doesn't exist. [o.e.c.ExtendedPropertyConfigurator<main>] 
2026-08-19 13:46:15,622 | INFO  | Using property file jar:file:/opt/exo/lib/plf-community-edition-service.jar!/conf/platform/configuration.properties to set configuration properties. [o.e.c.ExtendedPropertyConfigurator<main>] 
2026-08-19 13:46:16,244 | INFO  | Starting data initialization with Liquibase with datasource java:/comp/env/exo-jpa_portal [o.e.c.p.impl.LiquibaseDataInitializer<main>] 
2026-08-19 13:46:16,245 | INFO  | Processing changelogs of TaskManagementChangeLogsPlugin [o.e.c.p.impl.LiquibaseDataInitializer<main>] 
2026-08-19 13:46:16,245 | INFO  |   * processing changelog db/changelog/task.db.changelog-1.0.0.xml [o.e.c.p.impl.LiquibaseDataInitializer<main>] 
2026-08-19 13:46:16,505 | INFO  |   * processing changelog db/changelog/task.db.changelog-1.1.0.xml [o.e.c.p.impl.LiquibaseDataInitializer<main>] 
2026-08-19 13:46:16,749 | INFO  |   * processing changelog db/changelog/task.db.changelog-1.3.0.xml [o.e.c.p.impl.LiquibaseDataInitializer<main>] 
2026-08-19 13:46:16,961 | INFO  |   * processing changelog db/changelog/task.db.changelog-2.1.0.xml [o.e.c.p.impl.LiquibaseDataInitializer<main>] 
2026-08-19 13:46:17,153 | INFO  |   * processing changelog db/changelog/task.db.changelog-3.0.0.xml [o.e.c.p.impl.LiquibaseDataInitializer<main>] 
2026-08-19 13:46:17,337 | INFO  |   * processing changelog db/changelog/task.db.changelog-3.1.0.xml [o.e.c.p.impl.LiquibaseDataInitializer<main>] 
2026-08-19 13:46:17,525 | INFO  |   * processing changelog db/changelog/task.db.changelog-3.2.0.xml [o.e.c.p.impl.LiquibaseDataInitializer<main>] 
2026-08-19 13:46:17,709 | INFO  |   * processing changelog db/changelog/task.db.changelog-7.2.0.xml [o.e.c.p.impl.LiquibaseDataInitializer<main>] 
2026-08-19 13:46:17,905 | INFO  | Processing changelogs of PushNotificationsManagementChangeLogsPlugin [o.e.c.p.impl.LiquibaseDataInitializer<main>] 
2026-08-19 13:46:17,905 | INFO  |   * processing changelog db/changelog/push-notifications.db.changelog-1.0.0.xml [o.e.c.p.impl.LiquibaseDataInitializer<main>] 
2026-08-19 13:46:18,128 | INFO  | Processing changelogs of ProcessesRDBMSChangeLogsPlugin [o.e.c.p.impl.LiquibaseDataInitializer<main>] 
2026-08-19 13:46:18,129 | INFO  |   * processing changelog db/changelog/processes-rdbms.db.changelog-master.xml [o.e.c.p.impl.LiquibaseDataInitializer<main>] 
2026-08-19 13:46:18,382 | INFO  | Processing changelogs of DocumentsAppRDBMSChangeLogsPlugin [o.e.c.p.impl.LiquibaseDataInitializer<main>] 
2026-08-19 13:46:18,382 | INFO  |   * processing changelog db/changelog/documents-rdbms.db.changelog-master.xml [o.e.c.p.impl.LiquibaseDataInitializer<main>] 
2026-08-19 13:46:18,599 | INFO  | Processing changelogs of AttachmentsContextRDBMSChangeLogsPlugin [o.e.c.p.impl.LiquibaseDataInitializer<main>] 
2026-08-19 13:46:18,599 | INFO  |   * processing changelog changelog/attachments-context-rdbms.db.changelog.xml [o.e.c.p.impl.LiquibaseDataInitializer<main>] 
2026-08-19 13:46:18,784 | INFO  | Processing changelogs of Only Office ChangeLogsPlugin [o.e.c.p.impl.LiquibaseDataInitializer<main>] 
2026-08-19 13:46:18,784 | INFO  |   * processing changelog db.changelogs/onlyoffice-changelog-1.0.0.xml [o.e.c.p.impl.LiquibaseDataInitializer<main>] 
2026-08-19 13:46:18,971 | INFO  | Processing changelogs of ExternalVisioConnectorRDBMSChangeLogsPlugin [o.e.c.p.impl.LiquibaseDataInitializer<main>] 
2026-08-19 13:46:18,971 | INFO  |   * processing changelog db/changelog/externalVisioConnector-rdbms.db.changelog.xml [o.e.c.p.impl.LiquibaseDataInitializer<main>] 
2026-08-19 13:46:19,168 | INFO  | Processing changelogs of PerkStoreRDBMSChangeLogsPlugin [o.e.c.p.impl.LiquibaseDataInitializer<main>] 
2026-08-19 13:46:19,168 | INFO  |   * processing changelog db/changelog/perkstore-rdbms.db.changelog-master.xml [o.e.c.p.impl.LiquibaseDataInitializer<main>] 
2026-08-19 13:46:19,368 | INFO  | Processing changelogs of CommonsChangeLogsPlugin [o.e.c.p.impl.LiquibaseDataInitializer<main>] 
2026-08-19 13:46:19,368 | INFO  |   * processing changelog db/changelog/idm.queue.db.changelog-1.0.0.xml [o.e.c.p.impl.LiquibaseDataInitializer<main>] 
2026-08-19 13:46:19,580 | INFO  | Processing changelogs of FilesChangeLogsPlugin [o.e.c.p.impl.LiquibaseDataInitializer<main>] 
2026-08-19 13:46:19,580 | INFO  |   * processing changelog db/changelog/file.db.changelog-1.0.0.xml [o.e.c.p.impl.LiquibaseDataInitializer<main>] 
2026-08-19 13:46:19,825 | INFO  | Processing changelogs of GamificationChangeLogsPlugin [o.e.c.p.impl.LiquibaseDataInitializer<main>] 
2026-08-19 13:46:19,825 | INFO  |   * processing changelog db/changelog/gamification.db.changelog-1.0.0.xml [o.e.c.p.impl.LiquibaseDataInitializer<main>] 
2026-08-19 13:46:20,105 | INFO  | Processing changelogs of WalletRDBMSChangeLogsPlugin [o.e.c.p.impl.LiquibaseDataInitializer<main>] 
2026-08-19 13:46:20,106 | INFO  |   * processing changelog db/changelog/wallet-rdbms.db.changelog-master.xml [o.e.c.p.impl.LiquibaseDataInitializer<main>] 
2026-08-19 13:46:20,323 | INFO  | Processing changelogs of WalletRDBMSChangeLogsPlugin [o.e.c.p.impl.LiquibaseDataInitializer<main>] 
2026-08-19 13:46:20,323 | INFO  |   * processing changelog db/changelog/reward-rdbms.db.changelog-master.xml [o.e.c.p.impl.LiquibaseDataInitializer<main>] 
2026-08-19 13:46:20,532 | INFO  | Processing changelogs of WebConferencingChangeLogsPlugin [o.e.c.p.impl.LiquibaseDataInitializer<main>] 
2026-08-19 13:46:20,533 | INFO  |   * processing changelog db/changelog/webconferencing.db.changelog-1.0.0.xml [o.e.c.p.impl.LiquibaseDataInitializer<main>] 
2026-08-19 13:46:20,814 | INFO  | dialect:MYSQL, source-name:java:/comp/env/exo-jcr_portal, db-structure-type:single, update-storage:true, max-buffer-size:204800, swap-directory:/srv/exo/jcr/swap/system_portal, acl-bloomfilter-enabled:true, value storage provider: [org.exoplatform.services.jcr.impl.storage.value.fs.TreeFileValueStorage@4c2725fd] [e.j.c.core.JDBCWorkspaceDataContainer<main>] 
2026-08-19 13:46:20,863 | INFO  | The DB schema of the workspace 'system' has been initialized succesfully. [exo.jcr.component.core.DBInitializer<main>] 
2026-08-19 13:46:20,896 | INFO  | Infinispan Cache configuration used: jar:/conf/jcr/cache/local/cache-config.xml [e.j.c.core.InfinispanCacheFactory<main>] 
2026-08-19 13:46:20,923 | INFO  | A new ISPN Cache Manager instance has been registered for the region Data_repository_system and the container portal [e.j.c.core.InfinispanCacheFactory<main>] 
2026-08-19 13:46:20,924 | INFO  | The region Data_repository_system has been registered for the container portal [e.j.c.core.InfinispanCacheFactory<main>] 
2026-08-19 13:46:21,418 | INFO  | dialect:MYSQL, source-name:java:/comp/env/exo-jcr_portal, db-structure-type:single, update-storage:true, max-buffer-size:204800, swap-directory:/srv/exo/jcr/swap/collaboration_portal, db-tablename-suffix:COLLAB, acl-bloomfilter-enabled:true, value storage provider: [org.exoplatform.services.jcr.impl.storage.value.fs.TreeFileValueStorage@275e556c] [e.j.c.core.JDBCWorkspaceDataContainer<main>] 
2026-08-19 13:46:21,425 | INFO  | The DB schema of the workspace 'collaboration' has been initialized succesfully. [exo.jcr.component.core.DBInitializer<main>] 
2026-08-19 13:46:21,426 | INFO  | Infinispan Cache configuration used: jar:/conf/jcr/cache/local/cache-config.xml [e.j.c.core.InfinispanCacheFactory<main>] 
2026-08-19 13:46:21,431 | INFO  | The region Data_repository_collaboration has been registered for the container portal [e.j.c.core.InfinispanCacheFactory<main>] 
2026-08-19 13:46:21,460 | INFO  | dialect:MYSQL, source-name:java:/comp/env/exo-jcr_portal, db-structure-type:single, update-storage:true, max-buffer-size:204800, swap-directory:/srv/exo/jcr/swap/dms-system_portal, db-tablename-suffix:DMSSYS, acl-bloomfilter-enabled:true, value storage provider: [org.exoplatform.services.jcr.impl.storage.value.fs.TreeFileValueStorage@21a28cc] [e.j.c.core.JDBCWorkspaceDataContainer<main>] 
2026-08-19 13:46:21,468 | INFO  | The DB schema of the workspace 'dms-system' has been initialized succesfully. [exo.jcr.component.core.DBInitializer<main>] 
2026-08-19 13:46:21,469 | INFO  | Infinispan Cache configuration used: jar:/conf/jcr/cache/local/cache-config.xml [e.j.c.core.InfinispanCacheFactory<main>] 
2026-08-19 13:46:21,474 | INFO  | The region Data_repository_dms_system has been registered for the container portal [e.j.c.core.InfinispanCacheFactory<main>] 
2026-08-19 13:46:21,584 | INFO  | ARJUNA012163: Starting service com.arjuna.ats.arjuna.recovery.ActionStatusService on port 39603 [com.arjuna.ats.arjuna<main>] 
2026-08-19 13:46:21,585 | INFO  | ARJUNA012337: TransactionStatusManagerItem host: 127.0.0.1 port: 39603 [com.arjuna.ats.arjuna<main>] 
2026-08-19 13:46:21,646 | INFO  | ARJUNA012170: TransactionStatusManager started on port 39603 and host 127.0.0.1 with service com.arjuna.ats.arjuna.recovery.ActionStatusService [com.arjuna.ats.arjuna<main>] 
2026-08-19 13:46:23,853 | INFO  | Infinispan Cache configuration used: jar:/conf/jcr/cache/local/lock-config.xml [e.j.c.core.InfinispanCacheFactory<main>] 
2026-08-19 13:46:23,889 | INFO  | The region Lrepositorysystem has been registered for the container portal [e.j.c.core.InfinispanCacheFactory<main>] 
2026-08-19 13:46:24,002 | INFO  | Indexer io mode=READ_WRITE [e.j.component.core.IndexerIoModeHandler<main>] 
2026-08-19 13:46:24,002 | INFO  | Index created: /srv/exo/jcr/index/system_portal_system [exo.jcr.component.core.SearchIndex<main>] 
2026-08-19 13:46:24,204 | INFO  | Index initialized: /srv/exo/jcr/index/system_portal_system Version: 4 [exo.jcr.component.core.SearchIndex<main>] 
2026-08-19 13:46:24,206 | INFO  | Index created: /srv/exo/jcr/index/system_portal [exo.jcr.component.core.SearchIndex<main>] 
2026-08-19 13:46:24,217 | INFO  | Index initialized: /srv/exo/jcr/index/system_portal Version: 4 [exo.jcr.component.core.SearchIndex<main>] 
2026-08-19 13:46:24,221 | INFO  | Infinispan Cache configuration used: jar:/conf/jcr/cache/local/lock-config.xml [e.j.c.core.InfinispanCacheFactory<main>] 
2026-08-19 13:46:24,227 | INFO  | The region Lrepositorycollaboration has been registered for the container portal [e.j.c.core.InfinispanCacheFactory<main>] 
2026-08-19 13:46:24,255 | INFO  | Indexer io mode=READ_WRITE [e.j.component.core.IndexerIoModeHandler<main>] 
2026-08-19 13:46:24,255 | INFO  | Index created: /srv/exo/jcr/index/collaboration_portal [exo.jcr.component.core.SearchIndex<main>] 
2026-08-19 13:46:24,297 | INFO  | Index initialized: /srv/exo/jcr/index/collaboration_portal Version: 4 [exo.jcr.component.core.SearchIndex<main>] 
2026-08-19 13:46:24,299 | INFO  | Infinispan Cache configuration used: jar:/conf/jcr/cache/local/lock-config.xml [e.j.c.core.InfinispanCacheFactory<main>] 
2026-08-19 13:46:24,309 | INFO  | The region Lrepositorydms_system has been registered for the container portal [e.j.c.core.InfinispanCacheFactory<main>] 
2026-08-19 13:46:24,330 | INFO  | Indexer io mode=READ_WRITE [e.j.component.core.IndexerIoModeHandler<main>] 
2026-08-19 13:46:24,330 | INFO  | Index created: /srv/exo/jcr/index/dms-system_portal [exo.jcr.component.core.SearchIndex<main>] 
2026-08-19 13:46:24,343 | INFO  | Index initialized: /srv/exo/jcr/index/dms-system_portal Version: 4 [exo.jcr.component.core.SearchIndex<main>] 
2026-08-19 13:46:24,411 | INFO  | Admin identity is read from configuration file [exo-jcr-services.AuditService<main>] 
2026-08-19 13:46:24,462 | INFO  | Algorithm SHA-256 will be used for password hashing [o.e.w.s.hash.Argon2IdPasswordEncoder<main>] 
2026-08-19 13:46:24,463 | INFO  | Registered SecureRandomProvider will be used for random generating of password salts [o.e.w.s.hash.Argon2IdPasswordEncoder<main>] 
2026-08-19 13:46:24,465 | INFO  | Binary provider used org.exoplatform.commons.file.resource.FileSystemResourceProvider [o.e.c.f.resource.BinaryProviderDelegate<main>] 
2026-08-19 13:46:24,472 | INFO  | Start Init Files nameSpaces  [o.e.c.file.services.NameSpaceService<main>] 
2026-08-19 13:46:24,477 | INFO  | ProcessesNameSpacePlugin declares the namespace processesApp [o.e.c.file.services.NameSpaceService<main>] 
2026-08-19 13:46:24,482 | INFO  | WikiNameSpacePlugin declares the namespace wiki [o.e.c.file.services.NameSpaceService<main>] 
2026-08-19 13:46:24,485 | INFO  | PerkStoreNameSpacePlugin declares the namespace PerkStore [o.e.c.file.services.NameSpaceService<main>] 
2026-08-19 13:46:24,489 | INFO  | SocialNameSpacePlugin declares the namespace social [o.e.c.file.services.NameSpaceService<main>] 
2026-08-19 13:46:24,494 | INFO  | AttachmentNameSpacePlugin declares the namespace attachment [o.e.c.file.services.NameSpaceService<main>] 
2026-08-19 13:46:24,497 | INFO  | LinksNameSpacePlugin declares the namespace links [o.e.c.file.services.NameSpaceService<main>] 
2026-08-19 13:46:24,500 | INFO  | AppCenterNameSpacePlugin declares the namespace appCenter [o.e.c.file.services.NameSpaceService<main>] 
2026-08-19 13:46:24,503 | INFO  | BrandingNameSpacePlugin declares the namespace CompanyBranding [o.e.c.file.services.NameSpaceService<main>] 
2026-08-19 13:46:24,507 | INFO  | SitesNameSpacePlugin declares the namespace sites [o.e.c.file.services.NameSpaceService<main>] 
2026-08-19 13:46:24,509 | INFO  | NewsNameSpacePlugin declares the namespace news [o.e.c.file.services.NameSpaceService<main>] 
2026-08-19 13:46:24,512 | INFO  | SocialNameSpacePlugin declares the namespace gamification [o.e.c.file.services.NameSpaceService<main>] 
2026-08-19 13:46:24,516 | INFO  | End Init Files nameSpaces  [o.e.c.file.services.NameSpaceService<main>] 
2026-08-19 13:46:24,537 | INFO  | Start initialization of the Profile settings service data [o.e.s.c.p.ProfilePropertyDatabaseInitializer<main>] 
2026-08-19 13:46:24,560 | INFO  |     Profile property fullName already exists, ignoring the entry [o.e.s.c.p.ProfilePropertyDatabaseInitializer<main>] 
2026-08-19 13:46:24,570 | INFO  |     Profile property firstName already exists, ignoring the entry [o.e.s.c.p.ProfilePropertyDatabaseInitializer<main>] 
2026-08-19 13:46:24,585 | INFO  |     Profile property lastName already exists, ignoring the entry [o.e.s.c.p.ProfilePropertyDatabaseInitializer<main>] 
2026-08-19 13:46:24,601 | INFO  |     Profile property email already exists, ignoring the entry [o.e.s.c.p.ProfilePropertyDatabaseInitializer<main>] 
2026-08-19 13:46:24,607 | INFO  |     Profile property position already exists, ignoring the entry [o.e.s.c.p.ProfilePropertyDatabaseInitializer<main>] 
2026-08-19 13:46:24,613 | INFO  |     Profile property company already exists, ignoring the entry [o.e.s.c.p.ProfilePropertyDatabaseInitializer<main>] 
2026-08-19 13:46:24,619 | INFO  |     Profile property location already exists, ignoring the entry [o.e.s.c.p.ProfilePropertyDatabaseInitializer<main>] 
2026-08-19 13:46:24,624 | INFO  |     Profile property department already exists, ignoring the entry [o.e.s.c.p.ProfilePropertyDatabaseInitializer<main>] 
2026-08-19 13:46:24,629 | INFO  |     Profile property team already exists, ignoring the entry [o.e.s.c.p.ProfilePropertyDatabaseInitializer<main>] 
2026-08-19 13:46:24,635 | INFO  |     Profile property profession already exists, ignoring the entry [o.e.s.c.p.ProfilePropertyDatabaseInitializer<main>] 
2026-08-19 13:46:24,640 | INFO  |     Profile property manager already exists, ignoring the entry [o.e.s.c.p.ProfilePropertyDatabaseInitializer<main>] 
2026-08-19 13:46:24,645 | INFO  |     Profile property country already exists, ignoring the entry [o.e.s.c.p.ProfilePropertyDatabaseInitializer<main>] 
2026-08-19 13:46:24,649 | INFO  |     Profile property city already exists, ignoring the entry [o.e.s.c.p.ProfilePropertyDatabaseInitializer<main>] 
2026-08-19 13:46:24,654 | INFO  |     Profile property urls already exists, ignoring the entry [o.e.s.c.p.ProfilePropertyDatabaseInitializer<main>] 
2026-08-19 13:46:24,654 | INFO  | Profile settings service data initialized [o.e.s.c.p.ProfilePropertyDatabaseInitializer<main>] 
2026-08-19 13:46:25,630 | INFO  | The JCR will throw an exception anytime we will try to use a dead session. [exo.jcr.component.core.SessionImpl<main>] 
2026-08-19 13:46:25,659 | INFO  | Create node with alias 'eXoApplications' 'collaboration:/exo:applications' [e.j.c.ext.NodeHierarchyCreatorImpl<main>] 
2026-08-19 13:46:25,665 | INFO  | Create node with alias 'eXoServices' 'collaboration:/exo:services' [e.j.c.ext.NodeHierarchyCreatorImpl<main>] 
2026-08-19 13:46:25,668 | INFO  | Create node with alias 'usersPath' 'collaboration:/Users' [e.j.c.ext.NodeHierarchyCreatorImpl<main>] 
2026-08-19 13:46:25,670 | INFO  | Create node with alias 'groupsPath' 'collaboration:/Groups' [e.j.c.ext.NodeHierarchyCreatorImpl<main>] 
2026-08-19 13:46:25,675 | INFO  | Create node with alias 'exoECMSystemPath' 'dms-system:/exo:ecm' [e.j.c.ext.NodeHierarchyCreatorImpl<main>] 
2026-08-19 13:46:25,678 | INFO  | Create node with alias 'exoTaxoTreesDefinitionPath' 'dms-system:/exo:ecm/exo:taxonomyTrees/definition' [e.j.c.ext.NodeHierarchyCreatorImpl<main>] 
2026-08-19 13:46:25,684 | INFO  | Create node with alias 'exoTaxoTreesStoragePath' 'dms-system:/exo:ecm/exo:taxonomyTrees/storage' [e.j.c.ext.NodeHierarchyCreatorImpl<main>] 
2026-08-19 13:46:25,687 | INFO  | Create node with alias 'exoFolksonomiesPath' 'dms-system:/exo:ecm/exo:folksonomies' [e.j.c.ext.NodeHierarchyCreatorImpl<main>] 
2026-08-19 13:46:25,689 | INFO  | Create node with alias 'exoTagStylePath' 'dms-system:/exo:ecm/exo:folksonomies/exo:tagStyles' [e.j.c.ext.NodeHierarchyCreatorImpl<main>] 
2026-08-19 13:46:25,692 | INFO  | Create node with alias 'exoDrivesPath' 'dms-system:/exo:ecm/exo:drives' [e.j.c.ext.NodeHierarchyCreatorImpl<main>] 
2026-08-19 13:46:25,695 | INFO  | Create node with alias 'templatesPath' 'dms-system:/exo:ecm/templates' [e.j.c.ext.NodeHierarchyCreatorImpl<main>] 
2026-08-19 13:46:25,697 | INFO  | Create node with alias 'cmsScriptsPath' 'dms-system:/exo:ecm/scripts' [e.j.c.ext.NodeHierarchyCreatorImpl<main>] 
2026-08-19 13:46:25,700 | INFO  | Create node with alias 'ecmExplorerScripts' 'dms-system:/exo:ecm/scripts/ecm-explorer' [e.j.c.ext.NodeHierarchyCreatorImpl<main>] 
2026-08-19 13:46:25,703 | INFO  | Create node with alias 'ecmActionScripts' 'dms-system:/exo:ecm/scripts/ecm-explorer/action' [e.j.c.ext.NodeHierarchyCreatorImpl<main>] 
2026-08-19 13:46:25,705 | INFO  | Create node with alias 'ecmInterceptorScripts' 'dms-system:/exo:ecm/scripts/ecm-explorer/interceptor' [e.j.c.ext.NodeHierarchyCreatorImpl<main>] 
2026-08-19 13:46:25,707 | INFO  | Create node with alias 'ecmWidgetScripts' 'dms-system:/exo:ecm/scripts/ecm-explorer/widget' [e.j.c.ext.NodeHierarchyCreatorImpl<main>] 
2026-08-19 13:46:25,710 | INFO  | Create node with alias 'metadataPath' 'dms-system:/exo:ecm/metadata' [e.j.c.ext.NodeHierarchyCreatorImpl<main>] 
2026-08-19 13:46:25,712 | INFO  | Create node with alias 'queriesPath' 'dms-system:/exo:ecm/queries' [e.j.c.ext.NodeHierarchyCreatorImpl<main>] 
2026-08-19 13:46:25,715 | INFO  | Create node with alias 'viewsPath' 'dms-system:/exo:ecm/views' [e.j.c.ext.NodeHierarchyCreatorImpl<main>] 
2026-08-19 13:46:25,717 | INFO  | Create node with alias 'viewTemplatesPath' 'dms-system:/exo:ecm/views/templates' [e.j.c.ext.NodeHierarchyCreatorImpl<main>] 
2026-08-19 13:46:25,719 | INFO  | Create node with alias 'userViewsPath' 'dms-system:/exo:ecm/views/userviews' [e.j.c.ext.NodeHierarchyCreatorImpl<main>] 
2026-08-19 13:46:25,720 | INFO  | Create node with alias 'ecmExplorerTemplates' 'dms-system:/exo:ecm/views/templates/ecm-explorer' [e.j.c.ext.NodeHierarchyCreatorImpl<main>] 
2026-08-19 13:46:25,722 | INFO  | Create node with alias 'digitalAssetsPath' 'collaboration:/Digital Assets' [e.j.c.ext.NodeHierarchyCreatorImpl<main>] 
2026-08-19 13:46:25,724 | INFO  | Create node with alias 'digitalPicturePath' 'collaboration:/Digital Assets/Pictures' [e.j.c.ext.NodeHierarchyCreatorImpl<main>] 
2026-08-19 13:46:25,727 | INFO  | Create node with alias 'digitalVideoPath' 'collaboration:/Digital Assets/Videos' [e.j.c.ext.NodeHierarchyCreatorImpl<main>] 
2026-08-19 13:46:25,729 | INFO  | Create node with alias 'digitalAudioPath' 'collaboration:/Digital Assets/Music' [e.j.c.ext.NodeHierarchyCreatorImpl<main>] 
2026-08-19 13:46:25,731 | INFO  | Create node with alias 'newDocumentsTrashPath' 'collaboration:/Trash' [e.j.c.ext.NodeHierarchyCreatorImpl<main>] 
2026-08-19 13:46:25,734 | INFO  | Create node with alias 'exoPublicTagNode' 'collaboration:/tags' [e.j.c.ext.NodeHierarchyCreatorImpl<main>] 
2026-08-19 13:46:25,736 | INFO  | Create node with alias 'exoLogosNode' 'collaboration:/Application Data' [e.j.c.ext.NodeHierarchyCreatorImpl<main>] 
2026-08-19 13:46:25,909 | INFO  | Importing Site of type 'portal' with name 'global' from location 'war:/conf/agenda/portal' wth mode 'insert' [o.e.p.config.NewPortalConfigListener<main>] 
2026-08-19 13:46:25,916 | INFO  | Importing Site of type 'portal' with name 'global' from location 'war:/conf/documents/portal' wth mode 'insert' [o.e.p.config.NewPortalConfigListener<main>] 
2026-08-19 13:46:25,922 | INFO  | Importing Site of type 'portal' with name 'global' from location 'war:/conf/processes/portal' wth mode 'merge' [o.e.p.config.NewPortalConfigListener<main>] 
2026-08-19 13:46:25,953 | INFO  | Importing Site of type 'portal' with name 'global' from location 'war:/conf/sites/' wth mode 'insert' [o.e.p.config.NewPortalConfigListener<main>] 
2026-08-19 13:46:26,059 | INFO  | Importing Site of type 'portal_template' with name 'public' from location 'war:/conf/sites/' wth mode 'insert' [o.e.p.config.NewPortalConfigListener<main>] 
2026-08-19 13:46:26,116 | INFO  | Importing Site of type 'portal_template' with name 'spacePublic' from location 'war:/conf/sites/' wth mode 'insert' [o.e.p.config.NewPortalConfigListener<main>] 
2026-08-19 13:46:26,130 | INFO  | Importing Site of type 'portal_template' with name 'basic' from location 'war:/conf/sites/' wth mode 'insert' [o.e.p.config.NewPortalConfigListener<main>] 
2026-08-19 13:46:26,145 | INFO  | Importing Site of type 'group_template' with name 'project' from location 'war:/conf/sites/' wth mode 'conserve' [o.e.p.config.NewPortalConfigListener<main>] 
2026-08-19 13:46:26,160 | INFO  | Importing Site of type 'group_template' with name 'circle' from location 'war:/conf/sites/' wth mode 'conserve' [o.e.p.config.NewPortalConfigListener<main>] 
2026-08-19 13:46:26,176 | INFO  | Importing Site of type 'group_template' with name 'community' from location 'war:/conf/sites/' wth mode 'conserve' [o.e.p.config.NewPortalConfigListener<main>] 
2026-08-19 13:46:26,194 | INFO  | Importing Site of type 'group_template' with name 'space' from location 'war:/conf/sites/' wth mode 'conserve' [o.e.p.config.NewPortalConfigListener<main>] 
2026-08-19 13:46:26,209 | INFO  | Importing Site of type 'group_template' with name 'announcement' from location 'war:/conf/sites/' wth mode 'conserve' [o.e.p.config.NewPortalConfigListener<main>] 
2026-08-19 13:46:26,222 | INFO  | Importing Site of type 'portal' with name 'dw' from location 'war:/conf/digital-workplace/' wth mode 'conserve' [o.e.p.config.NewPortalConfigListener<main>] 
2026-08-19 13:46:26,236 | INFO  | Importing Site of type 'portal' with name 'myworkspace' from location 'null' wth mode 'conserve' [o.e.p.config.NewPortalConfigListener<main>] 
2026-08-19 13:46:26,242 | INFO  | Importing Site of type 'portal' with name 'global' from location 'war:/conf/digital-workplace' wth mode 'insert' [o.e.p.config.NewPortalConfigListener<main>] 
2026-08-19 13:46:26,253 | INFO  | Importing Site of type 'group_template' with name 'project' from location 'war:/conf/digital-workplace/' wth mode 'conserve' [o.e.p.config.NewPortalConfigListener<main>] 
2026-08-19 13:46:26,258 | INFO  | Importing Site of type 'group_template' with name 'circle' from location 'war:/conf/digital-workplace/' wth mode 'conserve' [o.e.p.config.NewPortalConfigListener<main>] 
2026-08-19 13:46:26,263 | INFO  | Importing Site of type 'group_template' with name 'community' from location 'war:/conf/digital-workplace/' wth mode 'conserve' [o.e.p.config.NewPortalConfigListener<main>] 
2026-08-19 13:46:26,268 | INFO  | Importing Site of type 'group_template' with name 'space' from location 'war:/conf/digital-workplace/' wth mode 'conserve' [o.e.p.config.NewPortalConfigListener<main>] 
2026-08-19 13:46:26,275 | INFO  | Importing Site of type 'group_template' with name 'announcement' from location 'war:/conf/digital-workplace/' wth mode 'conserve' [o.e.p.config.NewPortalConfigListener<main>] 
2026-08-19 13:46:26,348 | INFO  | Importing Site of type 'portal' with name 'public' from location 'war:/conf/sites/' wth mode 'insert' [o.e.p.config.NewPortalConfigListener<main>] 
2026-08-19 13:46:26,393 | INFO  | Importing Site of type 'portal' with name 'administration' from location 'war:/conf/sites/' wth mode 'insert' [o.e.p.config.NewPortalConfigListener<main>] 
2026-08-19 13:46:26,396 | INFO  | Importing Site of type 'portal' with name 'administration' from location 'war:/conf/digital-workplace' wth mode 'insert' [o.e.p.config.NewPortalConfigListener<main>] 
2026-08-19 13:46:34,791 | INFO  | Clean all locked nodes in the system [o.e.s.cms.lock.impl.LockServiceImpl<main>] 
2026-08-19 13:46:34,840 | INFO  | Onlyoffice Editor service successfuly started [o.e.o.OnlyofficeEditorServiceImpl<main>] 
2026-08-19 13:46:34,845 | INFO  | Web Conferencing service started. [o.e.w.WebConferencingService<main>] 
2026-08-19 13:46:34,871 | INFO  | 0 Calls state were updated to stopped  [o.e.w.WebConferencingService<main>] 
2026-08-19 13:46:35,445 | INFO  | No Cloud Drive providers configured. [o.e.s.cms.clouddrives.CloudDriveService<main>] 
2026-08-19 13:46:36,143 | INFO  | Register WebDAV path mapping listener on '/Users' [o.e.d.s.j.w.plugin.PathCommandHandler<main>] 
2026-08-19 13:46:36,143 | INFO  | Register WebDAV path mapping listener on '/Groups/spaces' [o.e.d.s.j.w.plugin.PathCommandHandler<main>] 
2026-08-19 13:46:36,361 | INFO  | def-folder-node-type = nt:folder [e.j.c.webdav.WebDavServiceInitParams<main>] 
2026-08-19 13:46:36,361 | INFO  | def-file-node-type = nt:file [e.j.c.webdav.WebDavServiceInitParams<main>] 
2026-08-19 13:46:36,361 | INFO  | def-file-mimetype = application/octet-stream [e.j.c.webdav.WebDavServiceInitParams<main>] 
2026-08-19 13:46:36,361 | INFO  | update-policy = create-version [e.j.c.webdav.WebDavServiceInitParams<main>] 
2026-08-19 13:46:36,361 | INFO  | auto-version = checkin-checkout [e.j.c.webdav.WebDavServiceInitParams<main>] 
2026-08-19 13:46:36,361 | INFO  | folder-listing-paths-allowed-regex =  [e.j.c.webdav.WebDavServiceInitParams<main>] 
2026-08-19 13:46:36,361 | INFO  | untrusted-user-agents = gvfs/* [e.j.c.webdav.WebDavServiceInitParams<main>] 
2026-08-19 13:46:36,361 | INFO  | untrusted-user-agents = Microsoft Office .* [e.j.c.webdav.WebDavServiceInitParams<main>] 
2026-08-19 13:46:36,361 | INFO  | untrusted-user-agents = (Word|Excel|PowerPoint).* [e.j.c.webdav.WebDavServiceInitParams<main>] 
2026-08-19 13:46:36,361 | INFO  | folder-icon-path = /eXoWCMResources/skin/images/file/nt-folder.png [e.j.c.webdav.WebDavServiceInitParams<main>] 
2026-08-19 13:46:36,549 | INFO  | Index news_v1 already exists. Index creation requests will not be sent. [o.e.c.s.es.client.ElasticIndexingClient<main>] 
2026-08-19 13:46:36,553 | INFO  | Index notes_v1 already exists. Index creation requests will not be sent. [o.e.c.s.es.client.ElasticIndexingClient<main>] 
2026-08-19 13:46:36,556 | INFO  | Index file_v4 already exists. Index creation requests will not be sent. [o.e.c.s.es.client.ElasticIndexingClient<main>] 
2026-08-19 13:46:36,559 | INFO  | Pipeline already exists for index file_v4. Pipeline creation requests will not be sent. [o.e.c.s.es.client.ElasticIndexingClient<main>] 
2026-08-19 13:46:36,562 | INFO  | Index task_v1 already exists. Index creation requests will not be sent. [o.e.c.s.es.client.ElasticIndexingClient<main>] 
2026-08-19 13:46:36,566 | INFO  | Index activity_v1 already exists. Index creation requests will not be sent. [o.e.c.s.es.client.ElasticIndexingClient<main>] 
2026-08-19 13:46:36,601 | INFO  | Index profile_v4 already exists. Index creation requests will not be sent. [o.e.c.s.es.client.ElasticIndexingClient<main>] 
2026-08-19 13:46:36,605 | INFO  | Index rule_v1 already exists. Index creation requests will not be sent. [o.e.c.s.es.client.ElasticIndexingClient<main>] 
2026-08-19 13:46:36,608 | INFO  | Index event_v1 already exists. Index creation requests will not be sent. [o.e.c.s.es.client.ElasticIndexingClient<main>] 
2026-08-19 13:46:36,612 | INFO  | Index category_v2 already exists. Index creation requests will not be sent. [o.e.c.s.es.client.ElasticIndexingClient<main>] 
2026-08-19 13:46:36,616 | INFO  | Index notes_v1 already exists. Index creation requests will not be sent. [o.e.c.s.es.client.ElasticIndexingClient<main>] 
2026-08-19 13:46:36,620 | INFO  | Index space_v9 already exists. Index creation requests will not be sent. [o.e.c.s.es.client.ElasticIndexingClient<main>] 
2026-08-19 13:46:37,899 | INFO  | initializing CSS class icon files... [o.exoplatform.ecms.css.CssClassManager<main>] 
2026-08-19 13:46:37,913 | INFO  | Start ActionServiceContainerImpl... [o.e.s.c.a.i.ActionServiceContainerImpl<main>] 
2026-08-19 13:46:42,166 | INFO  | Property 'commons.upgrade.plugins.order' wasn't set, use execution order of each plugin. [o.e.c.upgrade.UpgradeProductService<main>] 
2026-08-19 13:46:42,170 | INFO  | Add Product UpgradePlugin 'DocumentsProcessesPlugin' [o.e.c.upgrade.UpgradeProductService<main>] 
2026-08-19 13:46:42,172 | INFO  | Add Product UpgradePlugin 'HideDefaultFoldersUpgradePlugin' [o.e.c.upgrade.UpgradeProductService<main>] 
2026-08-19 13:46:42,174 | INFO  | Add Product UpgradePlugin 'NotificationSettingsUpgradePlugin' [o.e.c.upgrade.UpgradeProductService<main>] 
2026-08-19 13:46:42,176 | INFO  | Add Product UpgradePlugin 'AddPublishersPermissionsUpgradePlugin' [o.e.c.upgrade.UpgradeProductService<main>] 
2026-08-19 13:46:42,177 | INFO  | Add Product UpgradePlugin 'RemoveAnyPermissionUpgradePlugin' [o.e.c.upgrade.UpgradeProductService<main>] 
2026-08-19 13:46:42,185 | INFO  | Add Product UpgradePlugin 'NewsArticlesUpgradePlugin' [o.e.c.upgrade.UpgradeProductService<main>] 
2026-08-19 13:46:42,188 | INFO  | Add Product UpgradePlugin 'ContentArticlePropertiesUpgrade' [o.e.c.upgrade.UpgradeProductService<main>] 
2026-08-19 13:46:42,191 | INFO  | Add Product UpgradePlugin 'ContentArticleAttachmentsUpgrade' [o.e.c.upgrade.UpgradeProductService<main>] 
2026-08-19 13:46:42,193 | INFO  | Add Product UpgradePlugin 'ArticleImagesPermissionsUpgradePlugin' [o.e.c.upgrade.UpgradeProductService<main>] 
2026-08-19 13:46:42,197 | INFO  | UpgradePlugin: name = 'ContentDraftArticlesUpgrade' is disabled. [o.e.c.upgrade.UpgradeProductService<main>] 
2026-08-19 13:46:42,199 | INFO  | Add Product UpgradePlugin 'CalendarPagesUpgradePlugin' [o.e.c.upgrade.UpgradeProductService<main>] 
2026-08-19 13:46:42,199 | INFO  | Add Product UpgradePlugin 'CalendarWidgetPagesUpgradePlugin' [o.e.c.upgrade.UpgradeProductService<main>] 
2026-08-19 13:46:42,199 | INFO  | Add Product UpgradePlugin 'BrandingAdminPageUpgradePlugin' [o.e.c.upgrade.UpgradeProductService<main>] 
2026-08-19 13:46:42,200 | INFO  | Add Product UpgradePlugin 'SocialLegacyPagesUpgradePlugin' [o.e.c.upgrade.UpgradeProductService<main>] 
2026-08-19 13:46:42,200 | INFO  | Add Product UpgradePlugin 'NotesPagesUpgradePlugin' [o.e.c.upgrade.UpgradeProductService<main>] 
2026-08-19 13:46:42,202 | INFO  | Add Product UpgradePlugin 'AddCSSClassToSnapshotHomePage' [o.e.c.upgrade.UpgradeProductService<main>] 
2026-08-19 13:46:42,202 | INFO  | Add Product UpgradePlugin 'ContentPagesUpgradePlugin' [o.e.c.upgrade.UpgradeProductService<main>] 
2026-08-19 13:46:42,203 | INFO  | Add Product UpgradePlugin 'ContentPagesProfilesUpgradePlugin' [o.e.c.upgrade.UpgradeProductService<main>] 
2026-08-19 13:46:42,205 | INFO  | Add Product UpgradePlugin 'ExternalUserUpgradePluginV1' [o.e.c.upgrade.UpgradeProductService<main>] 
2026-08-19 13:46:42,206 | INFO  | Add Product UpgradePlugin 'WikiPagesNavigationPlugin' [o.e.c.upgrade.UpgradeProductService<main>] 
2026-08-19 13:46:42,207 | INFO  | Add Product UpgradePlugin 'WikiPagesNavigationPlugin1' [o.e.c.upgrade.UpgradeProductService<main>] 
2026-08-19 13:46:42,209 | INFO  | Add Product UpgradePlugin 'PortalConfigPermissionNavigationPlugin' [o.e.c.upgrade.UpgradeProductService<main>] 
2026-08-19 13:46:42,211 | INFO  | Add Product UpgradePlugin 'PortalNavigationIconUpgradePlugin' [o.e.c.upgrade.UpgradeProductService<main>] 
2026-08-19 13:46:42,214 | INFO  | Add Product UpgradePlugin 'DocumentsFavoritsPlugin' [o.e.c.upgrade.UpgradeProductService<main>] 
2026-08-19 13:46:42,216 | INFO  | Add Product UpgradePlugin 'SpaceSettingPermissionUpgradePlugin' [o.e.c.upgrade.UpgradeProductService<main>] 
2026-08-19 13:46:42,218 | INFO  | Add Product UpgradePlugin 'SpaceNavigationIconMigration' [o.e.c.upgrade.UpgradeProductService<main>] 
2026-08-19 13:46:42,220 | INFO  | Add Product UpgradePlugin 'CategoryLinkPermissionsUpgrade124' [o.e.c.upgrade.UpgradeProductService<main>] 
2026-08-19 13:46:42,222 | INFO  | Add Product UpgradePlugin 'RemoveProfilePropertyUpgradePlugin' [o.e.c.upgrade.UpgradeProductService<main>] 
2026-08-19 13:46:42,224 | INFO  | Add Product UpgradePlugin 'ActivityCommentWatchPlugin' [o.e.c.upgrade.UpgradeProductService<main>] 
2026-08-19 13:46:42,224 | INFO  | Add Product UpgradePlugin 'GamificationNewActionAvailableNotification' [o.e.c.upgrade.UpgradeProductService<main>] 
2026-08-19 13:46:42,224 | INFO  | Add Product UpgradePlugin 'GamificationActionAnnouncedNotification' [o.e.c.upgrade.UpgradeProductService<main>] 
2026-08-19 13:46:42,224 | INFO  | Add Product UpgradePlugin 'GamificationContributionAcceptedNotification' [o.e.c.upgrade.UpgradeProductService<main>] 
2026-08-19 13:46:42,224 | INFO  | Add Product UpgradePlugin 'GamificationContributionRejectedNotification' [o.e.c.upgrade.UpgradeProductService<main>] 
2026-08-19 13:46:42,226 | INFO  | Add Product UpgradePlugin 'ProgramVisibilityUpgradePlugin' [o.e.c.upgrade.UpgradeProductService<main>] 
2026-08-19 13:46:42,904 | INFO  | Add Product UpgradePlugin 'ContributeSitePortletsUpgrade' [o.e.c.upgrade.UpgradeProductService<main>] 
2026-08-19 13:46:42,905 | INFO  | Add Product UpgradePlugin 'MyReputationInstanceRemovalPortletsUpgrade' [o.e.c.upgrade.UpgradeProductService<main>] 
2026-08-19 13:46:42,905 | INFO  | Add Product UpgradePlugin 'PopularSpacesInstanceRemovalPortletsUpgrade' [o.e.c.upgrade.UpgradeProductService<main>] 
2026-08-19 13:46:42,905 | INFO  | Add Product UpgradePlugin 'ECMSPortletInstancesRemovalUpgrade' [o.e.c.upgrade.UpgradeProductService<main>] 
2026-08-19 13:46:42,905 | INFO  | Add Product UpgradePlugin 'ECMSPortletInstanceRemovalUpgrade' [o.e.c.upgrade.UpgradeProductService<main>] 
2026-08-19 13:46:42,908 | INFO  | Add Product UpgradePlugin 'ECMSLegacyPagesRemovalUpgradePlugin' [o.e.c.upgrade.UpgradeProductService<main>] 
2026-08-19 13:46:42,909 | INFO  | Add Product UpgradePlugin 'OldDocumentsPortletInstanceRemovalPortletsUpgrade' [o.e.c.upgrade.UpgradeProductService<main>] 
2026-08-19 13:46:42,911 | INFO  | Add Product UpgradePlugin 'CleanDuplicatedEsIndexesUpgrade' [o.e.c.upgrade.UpgradeProductService<main>] 
2026-08-19 13:46:42,911 | INFO  | Add Product UpgradePlugin 'KudosActivityReceiverNotificationPlugin' [o.e.c.upgrade.UpgradeProductService<main>] 
2026-08-19 13:46:42,911 | INFO  | Add Product UpgradePlugin 'AgendaApplicationGlobalLayoutUpgrade' [o.e.c.upgrade.UpgradeProductService<main>] 
2026-08-19 13:46:42,911 | INFO  | Add Product UpgradePlugin 'AgendaApplicationPageUpgrade' [o.e.c.upgrade.UpgradeProductService<main>] 
2026-08-19 13:46:42,911 | INFO  | Add Product UpgradePlugin 'ExoDrivesPageUpgrade' [o.e.c.upgrade.UpgradeProductService<main>] 
2026-08-19 13:46:42,912 | INFO  | Add Product UpgradePlugin 'DocumentsApplicationPageUpgrade' [o.e.c.upgrade.UpgradeProductService<main>] 
2026-08-19 13:46:42,912 | INFO  | Add Product UpgradePlugin 'DocumentsGlobalPagePageUpgrade' [o.e.c.upgrade.UpgradeProductService<main>] 
2026-08-19 13:46:42,912 | INFO  | Add Product UpgradePlugin 'ImportDocumentsNotificationUpgradePluginV1' [o.e.c.upgrade.UpgradeProductService<main>] 
2026-08-19 13:46:42,912 | INFO  | Add Product UpgradePlugin 'OverviewPageLayoutUpgrade' [o.e.c.upgrade.UpgradeProductService<main>] 
2026-08-19 13:46:42,912 | INFO  | Add Product UpgradePlugin 'PublicPagesLayoutUpgrade' [o.e.c.upgrade.UpgradeProductService<main>] 
2026-08-19 13:46:42,912 | INFO  | Add Product UpgradePlugin 'GlobalSitePermissionsUpgrade' [o.e.c.upgrade.UpgradeProductService<main>] 
2026-08-19 13:46:42,912 | INFO  | Add Product UpgradePlugin 'RecognitionSetupApplicationsLayoutUpgrade' [o.e.c.upgrade.UpgradeProductService<main>] 
2026-08-19 13:46:42,912 | INFO  | Add Product UpgradePlugin 'ContentaPagesLayoutUpgrade' [o.e.c.upgrade.UpgradeProductService<main>] 
2026-08-19 13:46:42,912 | INFO  | Add Product UpgradePlugin 'ContentTargetsPagePermissionsUpgradePlugin' [o.e.c.upgrade.UpgradeProductService<main>] 
2026-08-19 13:46:42,912 | INFO  | Add Product UpgradePlugin 'GlobalSiteNavigationUpdate' [o.e.c.upgrade.UpgradeProductService<main>] 
2026-08-19 13:46:42,913 | INFO  | Add Product UpgradePlugin 'ContentEditorPageUpgradePlugin' [o.e.c.upgrade.UpgradeProductService<main>] 
2026-08-19 13:46:42,913 | INFO  | Add Product UpgradePlugin 'BottomAllContainerAdministrationSiteLayoutUpgrade' [o.e.c.upgrade.UpgradeProductService<main>] 
2026-08-19 13:46:42,913 | INFO  | Add Product UpgradePlugin 'sites/contribute/7.0-cleanActionsNavigation' [o.e.c.upgrade.UpgradeProductService<main>] 
2026-08-19 13:46:42,913 | INFO  | Add Product UpgradePlugin 'CMSPortletToContentUpgradePlugin' [o.e.c.upgrade.UpgradeProductService<main>] 
2026-08-19 13:46:42,913 | INFO  | Add Product UpgradePlugin 'RecognitionAdministrationSiteLayoutUpgrade' [o.e.c.upgrade.UpgradeProductService<main>] 
2026-08-19 13:46:42,913 | INFO  | Add Product UpgradePlugin 'ExternalSpacesListRemoval' [o.e.c.upgrade.UpgradeProductService<main>] 
2026-08-19 13:46:42,913 | WARN  | Duplicated upgrade plugin 'ContentEditorPageUpgradePlugin'. [o.e.c.upgrade.UpgradeProductService<main>] 
2026-08-19 13:46:42,913 | INFO  | Add Product UpgradePlugin 'SpaceInfosPortletInstanceRemovalUpgrade' [o.e.c.upgrade.UpgradeProductService<main>] 
2026-08-19 13:46:42,913 | INFO  | Add Product UpgradePlugin 'SpacesOverviewPortletInstanceRemovalUpgrade' [o.e.c.upgrade.UpgradeProductService<main>] 
2026-08-19 13:46:42,916 | INFO  | Add Product UpgradePlugin 'SpaceBannerHomePageUpdateContentId' [o.e.c.upgrade.UpgradeProductService<main>] 
2026-08-19 13:46:42,916 | INFO  | Add Product UpgradePlugin 'SocialPortletToSocialUpgradePlugin' [o.e.c.upgrade.UpgradeProductService<main>] 
2026-08-19 13:46:42,916 | INFO  | Add Product UpgradePlugin 'CommunitySpaceTemplateLayoutUpgrade' [o.e.c.upgrade.UpgradeProductService<main>] 
2026-08-19 13:46:42,916 | INFO  | Add Product UpgradePlugin 'AnnouncementSpaceTemplateLayoutUpgrade' [o.e.c.upgrade.UpgradeProductService<main>] 
2026-08-19 13:46:42,916 | INFO  | Add Product UpgradePlugin 'SitesPropsUpdgrade' [o.e.c.upgrade.UpgradeProductService<main>] 
2026-08-19 13:46:42,916 | INFO  | Add Product UpgradePlugin 'UserSettingsPageSecuritySectionUpgrade' [o.e.c.upgrade.UpgradeProductService<main>] 
2026-08-19 13:46:42,916 | INFO  | Add Product UpgradePlugin 'GlobalSitePermissionUpgrade' [o.e.c.upgrade.UpgradeProductService<main>] 
2026-08-19 13:46:42,916 | INFO  | Add Product UpgradePlugin 'AdministrationPageHomeSettingsUpgrade' [o.e.c.upgrade.UpgradeProductService<main>] 
2026-08-19 13:46:42,917 | INFO  | Add Product UpgradePlugin 'AdministrationSitePortalConfigUpgrade' [o.e.c.upgrade.UpgradeProductService<main>] 
2026-08-19 13:46:42,917 | INFO  | Add Product UpgradePlugin 'PublicSitePortalConfigUpgrade' [o.e.c.upgrade.UpgradeProductService<main>] 
2026-08-19 13:46:42,917 | INFO  | Add Product UpgradePlugin 'PublicSiteTemplatePortalConfigUpgrade' [o.e.c.upgrade.UpgradeProductService<main>] 
2026-08-19 13:46:42,917 | INFO  | Add Product UpgradePlugin 'SpacePublicSiteTemplatePortalConfigUpgrade' [o.e.c.upgrade.UpgradeProductService<main>] 
2026-08-19 13:46:42,917 | INFO  | Add Product UpgradePlugin 'LayoutEditorsPagesUpgrade' [o.e.c.upgrade.UpgradeProductService<main>] 
2026-08-19 13:46:42,917 | INFO  | Add Product UpgradePlugin 'NotesEditorPagesUpgrade-7.0' [o.e.c.upgrade.UpgradeProductService<main>] 
2026-08-19 13:46:42,917 | INFO  | Add Product UpgradePlugin 'GlobalSiteNewsEditorNavigationUpdate' [o.e.c.upgrade.UpgradeProductService<main>] 
2026-08-19 13:46:42,917 | INFO  | Add Product UpgradePlugin 'AdministrationPagesPermissionsUpdate' [o.e.c.upgrade.UpgradeProductService<main>] 
2026-08-19 13:46:42,917 | INFO  | Add Product UpgradePlugin 'AnalyticsPagesUpgrade' [o.e.c.upgrade.UpgradeProductService<main>] 
2026-08-19 13:46:42,917 | INFO  | Add Product UpgradePlugin 'ProfilePageUpgrade' [o.e.c.upgrade.UpgradeProductService<main>] 
2026-08-19 13:46:42,917 | INFO  | Add Product UpgradePlugin 'GlobalSiteAppCenterUserSetupNavigationDelete' [o.e.c.upgrade.UpgradeProductService<main>] 
2026-08-19 13:46:42,917 | INFO  | Add Product UpgradePlugin 'AppCenterUserSetupPortletRemoval' [o.e.c.upgrade.UpgradeProductService<main>] 
2026-08-19 13:46:42,917 | INFO  | Add Product UpgradePlugin 'SettingsPageUpgrade' [o.e.c.upgrade.UpgradeProductService<main>] 
2026-08-19 13:46:42,918 | INFO  | Add Product UpgradePlugin 'MeedsGlobalSiteAnalyticsNavigationUpgradePlugin' [o.e.c.upgrade.UpgradeProductService<main>] 
2026-08-19 13:46:42,918 | INFO  | Add Product UpgradePlugin 'GlobalPageViewerPermissionUpgrade' [o.e.c.upgrade.UpgradeProductService<main>] 
2026-08-19 13:46:42,918 | INFO  | Add Product UpgradePlugin 'CommunitySpaceTemplateContributeLayoutUpgrade' [o.e.c.upgrade.UpgradeProductService<main>] 
2026-08-19 13:46:42,918 | INFO  | Add Product UpgradePlugin 'ContributeSitePropertiesUpgrade-7.1' [o.e.c.upgrade.UpgradeProductService<main>] 
2026-08-19 13:46:42,918 | INFO  | Add Product UpgradePlugin 'NotesEditorPagesUpgrade-7.2' [o.e.c.upgrade.UpgradeProductService<main>] 
2026-08-19 13:46:42,918 | INFO  | Add Product UpgradePlugin 'DwSiteUpgrade' [o.e.c.upgrade.UpgradeProductService<main>] 
2026-08-19 13:46:42,918 | INFO  | Add Product UpgradePlugin 'ExoAdministrationSiteUpgrade' [o.e.c.upgrade.UpgradeProductService<main>] 
2026-08-19 13:46:42,918 | INFO  | Add Product UpgradePlugin 'SitesManagementUpgrade' [o.e.c.upgrade.UpgradeProductService<main>] 
2026-08-19 13:46:42,919 | INFO  | Add Product UpgradePlugin 'OrgChartPageUpgradePlugin' [o.e.c.upgrade.UpgradeProductService<main>] 
2026-08-19 13:46:42,919 | INFO  | Add Product UpgradePlugin 'OOEditorPageLayoutUpgrade3' [o.e.c.upgrade.UpgradeProductService<main>] 
2026-08-19 13:46:42,919 | INFO  | Add Product UpgradePlugin 'RecognitionAdministrationSiteLayoutUpgradePlugin' [o.e.c.upgrade.UpgradeProductService<main>] 
2026-08-19 13:46:42,919 | INFO  | Add Product UpgradePlugin 'eXoSitesPropsUpdgrade' [o.e.c.upgrade.UpgradeProductService<main>] 
2026-08-19 13:46:42,919 | INFO  | Add Product UpgradePlugin 'EmailAdminUpgrade' [o.e.c.upgrade.UpgradeProductService<main>] 
2026-08-19 13:46:42,919 | INFO  | Add Product UpgradePlugin 'MyWorkspaceNavigationUpgrade-7.2-01' [o.e.c.upgrade.UpgradeProductService<main>] 
2026-08-19 13:46:42,919 | INFO  | Add Product UpgradePlugin 'EmailAdminUpgrade-7.2' [o.e.c.upgrade.UpgradeProductService<main>] 
2026-08-19 13:46:43,365 | INFO  | Hibernate is in classpath; If applicable, HQL parser will be used. [o.s.d.j.r.query.QueryEnhancerFactory<main>] 
2026-08-19 13:46:43,595 | WARN  | Matrix service is not available yet (attempt 1/20), retrying in 15s. Cause: Cannot invoke "String.replaceAll(String, String)" because "userNameOnMatrix" is null [io.meeds.chat.service.MatrixService<main>] 
2026-08-19 13:46:58,596 | WARN  | Matrix service is not available yet (attempt 2/20), retrying in 15s. Cause: Cannot invoke "String.replaceAll(String, String)" because "userNameOnMatrix" is null [io.meeds.chat.service.MatrixService<main>] 
2026-08-19 13:47:13,596 | WARN  | Matrix service is not available yet (attempt 3/20), retrying in 15s. Cause: Cannot invoke "String.replaceAll(String, String)" because "userNameOnMatrix" is null [io.meeds.chat.service.MatrixService<main>] 
2026-08-19 13:47:28,597 | WARN  | Matrix service is not available yet (attempt 4/20), retrying in 15s. Cause: Cannot invoke "String.replaceAll(String, String)" because "userNameOnMatrix" is null [io.meeds.chat.service.MatrixService<main>] 
2026-08-19 13:47:43,597 | WARN  | Matrix service is not available yet (attempt 5/20), retrying in 15s. Cause: Cannot invoke "String.replaceAll(String, String)" because "userNameOnMatrix" is null [io.meeds.chat.service.MatrixService<main>] 
2026-08-19 13:47:58,598 | WARN  | Matrix service is not available yet (attempt 6/20), retrying in 15s. Cause: Cannot invoke "String.replaceAll(String, String)" because "userNameOnMatrix" is null [io.meeds.chat.service.MatrixService<main>] 
2026-08-19 13:48:13,599 | WARN  | Matrix service is not available yet (attempt 7/20), retrying in 15s. Cause: Cannot invoke "String.replaceAll(String, String)" because "userNameOnMatrix" is null [io.meeds.chat.service.MatrixService<main>] 
2026-08-19 13:48:28,599 | WARN  | Matrix service is not available yet (attempt 8/20), retrying in 15s. Cause: Cannot invoke "String.replaceAll(String, String)" because "userNameOnMatrix" is null [io.meeds.chat.service.MatrixService<main>] 
2026-08-19 13:48:43,600 | WARN  | Matrix service is not available yet (attempt 9/20), retrying in 15s. Cause: Cannot invoke "String.replaceAll(String, String)" because "userNameOnMatrix" is null [io.meeds.chat.service.MatrixService<main>] 
2026-08-19 13:48:58,600 | WARN  | Matrix service is not available yet (attempt 10/20), retrying in 15s. Cause: Cannot invoke "String.replaceAll(String, String)" because "userNameOnMatrix" is null [io.meeds.chat.service.MatrixService<main>] 
2026-08-19 13:49:13,601 | WARN  | Matrix service is not available yet (attempt 11/20), retrying in 15s. Cause: Cannot invoke "String.replaceAll(String, String)" because "userNameOnMatrix" is null [io.meeds.chat.service.MatrixService<main>] 
2026-08-19 13:49:28,601 | WARN  | Matrix service is not available yet (attempt 12/20), retrying in 15s. Cause: Cannot invoke "String.replaceAll(String, String)" because "userNameOnMatrix" is null [io.meeds.chat.service.MatrixService<main>] 
2026-08-19 13:49:43,602 | WARN  | Matrix service is not available yet (attempt 13/20), retrying in 15s. Cause: Cannot invoke "String.replaceAll(String, String)" because "userNameOnMatrix" is null [io.meeds.chat.service.MatrixService<main>] 
2026-08-19 13:49:58,602 | WARN  | Matrix service is not available yet (attempt 14/20), retrying in 15s. Cause: Cannot invoke "String.replaceAll(String, String)" because "userNameOnMatrix" is null [io.meeds.chat.service.MatrixService<main>] 
2026-08-19 13:50:13,603 | WARN  | Matrix service is not available yet (attempt 15/20), retrying in 15s. Cause: Cannot invoke "String.replaceAll(String, String)" because "userNameOnMatrix" is null [io.meeds.chat.service.MatrixService<main>] 
2026-08-19 13:50:28,603 | WARN  | Matrix service is not available yet (attempt 16/20), retrying in 15s. Cause: Cannot invoke "String.replaceAll(String, String)" because "userNameOnMatrix" is null [io.meeds.chat.service.MatrixService<main>] 
2026-08-19 13:50:43,604 | WARN  | Matrix service is not available yet (attempt 17/20), retrying in 15s. Cause: Cannot invoke "String.replaceAll(String, String)" because "userNameOnMatrix" is null [io.meeds.chat.service.MatrixService<main>] 
2026-08-19 13:50:58,604 | WARN  | Matrix service is not available yet (attempt 18/20), retrying in 15s. Cause: Cannot invoke "String.replaceAll(String, String)" because "userNameOnMatrix" is null [io.meeds.chat.service.MatrixService<main>] 
2026-08-19 13:51:13,605 | WARN  | Matrix service is not available yet (attempt 19/20), retrying in 15s. Cause: Cannot invoke "String.replaceAll(String, String)" because "userNameOnMatrix" is null [io.meeds.chat.service.MatrixService<main>] 
2026-08-19 13:51:28,605 | ERROR | Could not initialize Matrix service after 20 attempt(s), the service is unavailable [io.meeds.chat.service.MatrixService<main>] 
java.lang.NullPointerException: Cannot invoke "String.replaceAll(String, String)" because "userNameOnMatrix" is null
	at io.meeds.chat.service.MatrixService.getJWTSessionToken(MatrixService.java:431)
	at io.meeds.chat.service.MatrixService.getMatrixAccessToken(MatrixService.java:255)
	at io.meeds.chat.service.MatrixService.init(MatrixService.java:156)
	at java.base/jdk.internal.reflect.DirectMethodHandleAccessor.invoke(DirectMethodHandleAccessor.java:103)
	at java.base/java.lang.reflect.Method.invoke(Method.java:580)
	at org.springframework.beans.factory.annotation.InitDestroyAnnotationBeanPostProcessor$LifecycleMethod.invoke(InitDestroyAnnotationBeanPostProcessor.java:457)
	at org.springframework.beans.factory.annotation.InitDestroyAnnotationBeanPostProcessor$LifecycleMetadata.invokeInitMethods(InitDestroyAnnotationBeanPostProcessor.java:401)
	at org.springframework.beans.factory.annotation.InitDestroyAnnotationBeanPostProcessor.postProcessBeforeInitialization(InitDestroyAnnotationBeanPostProcessor.java:219)
	at org.springframework.beans.factory.support.AbstractAutowireCapableBeanFactory.applyBeanPostProcessorsBeforeInitialization(AbstractAutowireCapableBeanFactory.java:429)
	at org.springframework.beans.factory.support.AbstractAutowireCapableBeanFactory.initializeBean(AbstractAutowireCapableBeanFactory.java:1816)
	at org.springframework.beans.factory.support.AbstractAutowireCapableBeanFactory.doCreateBean(AbstractAutowireCapableBeanFactory.java:607)
	at org.springframework.beans.factory.support.AbstractAutowireCapableBeanFactory.createBean(AbstractAutowireCapableBeanFactory.java:529)
	at org.springframework.beans.factory.support.AbstractBeanFactory.lambda$doGetBean$0(AbstractBeanFactory.java:339)
	at org.springframework.beans.factory.support.DefaultSingletonBeanRegistry.getSingleton(DefaultSingletonBeanRegistry.java:373)
	at org.springframework.beans.factory.support.AbstractBeanFactory.doGetBean(AbstractBeanFactory.java:337)
	at org.springframework.beans.factory.support.AbstractBeanFactory.getBean(AbstractBeanFactory.java:202)
	at org.springframework.context.support.AbstractApplicationContext.getBean(AbstractApplicationContext.java:1296)
	at io.meeds.spring.kernel.KernelContainerLifecyclePlugin.getBeanInstance(KernelContainerLifecyclePlugin.java:442)
	at io.meeds.spring.kernel.KernelContainerLifecyclePlugin.lambda$addSpringToKernel$2(KernelContainerLifecyclePlugin.java:175)
	at io.meeds.spring.kernel.model.SpringBeanComponentAdapter.getComponentInstance(SpringBeanComponentAdapter.java:51)
	at org.exoplatform.container.ConcurrentContainer.getInstance(ConcurrentContainer.java:449)
	at org.exoplatform.container.ConcurrentContainer.getComponentInstanceOfType(ConcurrentContainer.java:397)
	at org.exoplatform.container.AbstractContainer.getComponentInstanceOfType(AbstractContainer.java:96)
	at org.exoplatform.container.CachingContainer.getComponentInstanceOfType(CachingContainer.java:140)
	at org.exoplatform.container.AbstractContainer.getComponentInstanceOfType(AbstractContainer.java:96)
	at org.exoplatform.container.AbstractContainer.getComponentInstanceOfType(AbstractContainer.java:96)
	at org.exoplatform.container.ExoContainer.getComponentInstanceOfType(ExoContainer.java:621)
	at org.exoplatform.container.ExoContainer.getComponentInstanceOfType(ExoContainer.java:606)
	at org.exoplatform.container.ConcurrentContainer.createComponent(ConcurrentContainer.java:599)
	at org.exoplatform.container.AbstractContainer.createComponent(AbstractContainer.java:215)
	at org.exoplatform.container.AbstractContainer.createComponent(AbstractContainer.java:215)
	at org.exoplatform.container.AbstractContainer.createComponent(AbstractContainer.java:215)
	at org.exoplatform.container.jmx.MX4JComponentAdapter.addComponentPlugin(MX4JComponentAdapter.java:340)
	at org.exoplatform.container.jmx.MX4JComponentAdapter.createInstance(MX4JComponentAdapter.java:302)
	at org.exoplatform.container.jmx.MX4JComponentAdapter.create(MX4JComponentAdapter.java:493)
	at org.exoplatform.container.management.ManageableComponentAdapter.create(ManageableComponentAdapter.java:94)
	at org.exoplatform.container.jmx.MX4JComponentAdapter.create(MX4JComponentAdapter.java:448)
	at org.exoplatform.container.jmx.MX4JComponentAdapter.getComponentInstance(MX4JComponentAdapter.java:131)
	at org.exoplatform.container.ConcurrentContainer.getInstance(ConcurrentContainer.java:449)
	at org.exoplatform.container.ConcurrentContainer.getComponentInstance(ConcurrentContainer.java:363)
	at org.exoplatform.container.AbstractContainer.getComponentInstance(AbstractContainer.java:88)
	at org.exoplatform.container.CachingContainer.getComponentInstance(CachingContainer.java:114)
	at org.exoplatform.container.AbstractContainer.getComponentInstance(AbstractContainer.java:88)
	at org.exoplatform.container.AbstractContainer.getComponentInstance(AbstractContainer.java:88)
	at org.exoplatform.container.ExoContainer.getComponentInstance(ExoContainer.java:810)
	at org.exoplatform.container.ExoContainer.getComponentInstance(ExoContainer.java:785)
	at org.exoplatform.container.ExoContainer.getComponentInstance(ExoContainer.java:507)
	at org.exoplatform.commons.cluster.StartableClusterService.start(StartableClusterService.java:104)
	at java.base/jdk.internal.reflect.DirectMethodHandleAccessor.invoke(DirectMethodHandleAccessor.java:103)
	at java.base/java.lang.reflect.Method.invoke(Method.java:580)
	at org.exoplatform.container.LifecycleVisitor.traverse(LifecycleVisitor.java:115)
	at org.exoplatform.container.LifecycleVisitor.start(LifecycleVisitor.java:181)
	at org.exoplatform.container.ConcurrentContainer.start(ConcurrentContainer.java:475)
	at org.exoplatform.container.AbstractContainer.start(AbstractContainer.java:64)
	at org.exoplatform.container.AbstractContainer.start(AbstractContainer.java:64)
	at org.exoplatform.container.AbstractContainer.start(AbstractContainer.java:64)
	at org.exoplatform.container.ExoContainer.start(ExoContainer.java:286)
	at org.exoplatform.container.PortalContainer.start(PortalContainer.java:603)
	at org.exoplatform.container.ExoContainer.start(ExoContainer.java:267)
	at org.exoplatform.container.PortalContainer.start(PortalContainer.java:610)
	at org.exoplatform.container.ExoContainer.start(ExoContainer.java:267)
	at org.exoplatform.container.RootContainer.createPortalContainer(RootContainer.java:739)
	at org.exoplatform.container.RootContainer.createPortalContainers(RootContainer.java:322)
	at org.exoplatform.platform.server.tomcat.PortalContainersCreator.createPortalContainers(PortalContainersCreator.java:45)
	at org.exoplatform.platform.server.tomcat.PortalContainersCreator.lifecycleEvent(PortalContainersCreator.java:34)
	at org.apache.catalina.util.LifecycleBase.fireLifecycleEvent(LifecycleBase.java:109)
	at org.apache.catalina.util.LifecycleBase.setStateInternal(LifecycleBase.java:389)
	at org.apache.catalina.util.LifecycleBase.setState(LifecycleBase.java:336)
	at org.apache.catalina.core.ContainerBase.startInternal(ContainerBase.java:774)
	at org.apache.catalina.core.StandardHost.startInternal(StandardHost.java:783)
	at org.apache.catalina.util.LifecycleBase.start(LifecycleBase.java:164)
	at org.apache.catalina.core.ContainerBase$StartChild.call(ContainerBase.java:1201)
	at org.apache.catalina.core.ContainerBase$StartChild.call(ContainerBase.java:1191)
	at java.base/java.util.concurrent.FutureTask.run(FutureTask.java:317)
	at org.apache.tomcat.util.threads.InlineExecutorService.execute(InlineExecutorService.java:81)
	at java.base/java.util.concurrent.AbstractExecutorService.submit(AbstractExecutorService.java:145)
	at org.apache.catalina.core.ContainerBase.startInternal(ContainerBase.java:747)
	at org.apache.catalina.core.StandardEngine.startInternal(StandardEngine.java:201)
	at org.apache.catalina.util.LifecycleBase.start(LifecycleBase.java:164)
	at org.apache.catalina.core.StandardService.startInternal(StandardService.java:410)
	at org.apache.catalina.util.LifecycleBase.start(LifecycleBase.java:164)
	at org.apache.catalina.core.StandardServer.startInternal(StandardServer.java:868)
	at org.apache.catalina.util.LifecycleBase.start(LifecycleBase.java:164)
	at org.apache.catalina.startup.Catalina.start(Catalina.java:758)
	at java.base/jdk.internal.reflect.DirectMethodHandleAccessor.invoke(DirectMethodHandleAccessor.java:103)
	at java.base/java.lang.reflect.Method.invoke(Method.java:580)
	at org.apache.catalina.startup.Bootstrap.start(Bootstrap.java:342)
	at org.apache.catalina.startup.Bootstrap.main(Bootstrap.java:473)
2026-08-19 13:51:28,613 | INFO  | Add Product UpgradePlugin 'MatrixRoomAndAccountsDataInitializer' [o.e.c.upgrade.UpgradeProductService<main>] 
2026-08-19 13:51:28,614 | INFO  | Add Product UpgradePlugin 'MatrixRoomUpdatePermissions' [o.e.c.upgrade.UpgradeProductService<main>] 
2026-08-19 13:51:28,615 | INFO  | Add Product UpgradePlugin 'MatrixRemoveProfileProperty' [o.e.c.upgrade.UpgradeProductService<main>] 
2026-08-19 13:51:28,619 | INFO  | Start transparent upgrade framework [o.e.c.upgrade.UpgradeProductService<main>] 
2026-08-19 13:51:28,627 | INFO  | Ignore upgrade plugin HideDefaultFoldersUpgradePlugin from version 7.2.1 to 7.2.1 [o.e.c.upgrade.UpgradeProductService<main>] 
2026-08-19 13:51:28,630 | INFO  | Ignore upgrade plugin NotificationSettingsUpgradePlugin from version 7.2.1 to 7.2.1 [o.e.c.upgrade.UpgradeProductService<main>] 
2026-08-19 13:51:28,634 | INFO  | Ignore upgrade plugin NewsArticlesUpgradePlugin from version 7.2.1 to 7.2.1 [o.e.c.upgrade.UpgradeProductService<main>] 
2026-08-19 13:51:28,640 | INFO  | Ignore upgrade plugin ContentArticlePropertiesUpgrade from version 7.2.1 to 7.2.1 [o.e.c.upgrade.UpgradeProductService<main>] 
2026-08-19 13:51:28,643 | INFO  | Ignore upgrade plugin ContentArticleAttachmentsUpgrade from version 7.2.1 to 7.2.1 [o.e.c.upgrade.UpgradeProductService<main>] 
2026-08-19 13:51:28,646 | INFO  | Ignore upgrade plugin ArticleImagesPermissionsUpgradePlugin from version 7.2.1 to 7.2.1 [o.e.c.upgrade.UpgradeProductService<main>] 
2026-08-19 13:51:28,652 | INFO  | Ignore upgrade plugin CleanDuplicatedEsIndexesUpgrade from version 7.2.1 to 7.2.1 [o.e.c.upgrade.UpgradeProductService<main>] 
2026-08-19 13:51:28,655 | INFO  | Ignore upgrade plugin ImportDocumentsNotificationUpgradePluginV1 from version 7.2.1-exo to 7.2.1-exo [o.e.c.upgrade.UpgradeProductService<main>] 
2026-08-19 13:51:28,658 | INFO  | Ignore upgrade plugin ActivityCommentWatchPlugin from version 7.2.1-exo to 7.2.1-exo [o.e.c.upgrade.UpgradeProductService<main>] 
2026-08-19 13:51:28,660 | INFO  | Ignore upgrade plugin GamificationNewActionAvailableNotification from version 7.2.1-exo to 7.2.1-exo [o.e.c.upgrade.UpgradeProductService<main>] 
2026-08-19 13:51:28,663 | INFO  | Ignore upgrade plugin ProgramVisibilityUpgradePlugin from version 7.2.1-exo to 7.2.1-exo [o.e.c.upgrade.UpgradeProductService<main>] 
2026-08-19 13:51:28,666 | INFO  | Ignore upgrade plugin ContributeSitePortletsUpgrade from version 7.2.1-exo to 7.2.1-exo [o.e.c.upgrade.UpgradeProductService<main>] 
2026-08-19 13:51:28,668 | INFO  | Ignore upgrade plugin MyReputationInstanceRemovalPortletsUpgrade from version 7.2.1-exo to 7.2.1-exo [o.e.c.upgrade.UpgradeProductService<main>] 
2026-08-19 13:51:28,671 | INFO  | Ignore upgrade plugin PopularSpacesInstanceRemovalPortletsUpgrade from version 7.2.1-exo to 7.2.1-exo [o.e.c.upgrade.UpgradeProductService<main>] 
2026-08-19 13:51:28,673 | INFO  | Ignore upgrade plugin ECMSPortletInstancesRemovalUpgrade from version 7.2.1-exo to 7.2.1-exo [o.e.c.upgrade.UpgradeProductService<main>] 
2026-08-19 13:51:28,675 | INFO  | Ignore upgrade plugin ECMSPortletInstanceRemovalUpgrade from version 7.2.1-exo to 7.2.1-exo [o.e.c.upgrade.UpgradeProductService<main>] 
2026-08-19 13:51:28,677 | INFO  | Ignore upgrade plugin ExternalSpacesListRemoval from version 7.2.1-exo to 7.2.1-exo [o.e.c.upgrade.UpgradeProductService<main>] 
2026-08-19 13:51:28,679 | INFO  | Ignore upgrade plugin SpaceInfosPortletInstanceRemovalUpgrade from version 7.2.1-exo to 7.2.1-exo [o.e.c.upgrade.UpgradeProductService<main>] 
2026-08-19 13:51:28,681 | INFO  | Ignore upgrade plugin SpacesOverviewPortletInstanceRemovalUpgrade from version 7.2.1-exo to 7.2.1-exo [o.e.c.upgrade.UpgradeProductService<main>] 
2026-08-19 13:51:28,684 | INFO  | Ignore upgrade plugin AppCenterUserSetupPortletRemoval from version 7.2.1-exo to 7.2.1-exo [o.e.c.upgrade.UpgradeProductService<main>] 
2026-08-19 13:51:28,686 | INFO  | Ignore upgrade plugin GamificationActionAnnouncedNotification from version 7.2.1-exo to 7.2.1-exo [o.e.c.upgrade.UpgradeProductService<main>] 
2026-08-19 13:51:28,689 | INFO  | Ignore upgrade plugin KudosActivityReceiverNotificationPlugin from version 7.2.1-exo to 7.2.1-exo [o.e.c.upgrade.UpgradeProductService<main>] 
2026-08-19 13:51:28,691 | INFO  | Ignore upgrade plugin GamificationContributionAcceptedNotification from version 7.2.1-exo to 7.2.1-exo [o.e.c.upgrade.UpgradeProductService<main>] 
2026-08-19 13:51:28,694 | INFO  | Ignore upgrade plugin GamificationContributionRejectedNotification from version 7.2.1-exo to 7.2.1-exo [o.e.c.upgrade.UpgradeProductService<main>] 
2026-08-19 13:51:28,696 | INFO  | Ignore upgrade plugin DocumentsProcessesPlugin from version 7.2.1 to 7.2.1 [o.e.c.upgrade.UpgradeProductService<main>] 
2026-08-19 13:51:28,698 | INFO  | Ignore upgrade plugin AddPublishersPermissionsUpgradePlugin from version 7.2.1 to 7.2.1 [o.e.c.upgrade.UpgradeProductService<main>] 
2026-08-19 13:51:28,701 | INFO  | Ignore upgrade plugin CalendarPagesUpgradePlugin from version 7.2.1 to 7.2.1 [o.e.c.upgrade.UpgradeProductService<main>] 
2026-08-19 13:51:28,703 | INFO  | Ignore upgrade plugin CalendarWidgetPagesUpgradePlugin from version 7.2.1 to 7.2.1 [o.e.c.upgrade.UpgradeProductService<main>] 
2026-08-19 13:51:28,706 | INFO  | Ignore upgrade plugin NotesPagesUpgradePlugin from version 7.2.1 to 7.2.1 [o.e.c.upgrade.UpgradeProductService<main>] 
2026-08-19 13:51:28,708 | INFO  | Ignore upgrade plugin AddCSSClassToSnapshotHomePage from version 7.2.1 to 7.2.1 [o.e.c.upgrade.UpgradeProductService<main>] 
2026-08-19 13:51:28,710 | INFO  | Ignore upgrade plugin WikiPagesNavigationPlugin from version 7.2.1 to 7.2.1 [o.e.c.upgrade.UpgradeProductService<main>] 
2026-08-19 13:51:28,713 | INFO  | Ignore upgrade plugin WikiPagesNavigationPlugin1 from version 7.2.1 to 7.2.1 [o.e.c.upgrade.UpgradeProductService<main>] 
2026-08-19 13:51:28,716 | INFO  | Ignore upgrade plugin PortalConfigPermissionNavigationPlugin from version 7.2.1 to 7.2.1 [o.e.c.upgrade.UpgradeProductService<main>] 
2026-08-19 13:51:28,719 | INFO  | Ignore upgrade plugin DocumentsFavoritsPlugin from version 7.2.1 to 7.2.1 [o.e.c.upgrade.UpgradeProductService<main>] 
2026-08-19 13:51:28,721 | INFO  | Ignore upgrade plugin RemoveAnyPermissionUpgradePlugin from version 7.2.1 to 7.2.1 [o.e.c.upgrade.UpgradeProductService<main>] 
2026-08-19 13:51:28,724 | INFO  | Ignore upgrade plugin BrandingAdminPageUpgradePlugin from version 7.2.1 to 7.2.1 [o.e.c.upgrade.UpgradeProductService<main>] 
2026-08-19 13:51:28,726 | INFO  | Ignore upgrade plugin SocialLegacyPagesUpgradePlugin from version 7.2.1 to 7.2.1 [o.e.c.upgrade.UpgradeProductService<main>] 
2026-08-19 13:51:28,729 | INFO  | Ignore upgrade plugin ContentPagesUpgradePlugin from version 7.2.1 to 7.2.1 [o.e.c.upgrade.UpgradeProductService<main>] 
2026-08-19 13:51:28,732 | INFO  | Ignore upgrade plugin ContentPagesProfilesUpgradePlugin from version 7.2.1 to 7.2.1 [o.e.c.upgrade.UpgradeProductService<main>] 
2026-08-19 13:51:28,735 | INFO  | Ignore upgrade plugin SpaceSettingPermissionUpgradePlugin from version 7.2.1 to 7.2.1 [o.e.c.upgrade.UpgradeProductService<main>] 
2026-08-19 13:51:28,738 | INFO  | Ignore upgrade plugin ExternalUserUpgradePluginV1 from version 7.2.1 to 7.2.1 [o.e.c.upgrade.UpgradeProductService<main>] 
2026-08-19 13:51:28,740 | INFO  | Ignore upgrade plugin SpaceNavigationIconMigration from version 7.2.1 to 7.2.1 [o.e.c.upgrade.UpgradeProductService<main>] 
2026-08-19 13:51:28,743 | INFO  | Ignore upgrade plugin CategoryLinkPermissionsUpgrade124 from version 7.2.1-exo to 7.2.1-exo [o.e.c.upgrade.UpgradeProductService<main>] 
2026-08-19 13:51:28,745 | INFO  | Ignore upgrade plugin RemoveProfilePropertyUpgradePlugin from version 7.2.1-exo to 7.2.1-exo [o.e.c.upgrade.UpgradeProductService<main>] 
2026-08-19 13:51:28,747 | INFO  | Ignore upgrade plugin MatrixRoomAndAccountsDataInitializer from version 7.2.1 to 7.2.1 [o.e.c.upgrade.UpgradeProductService<main>] 
2026-08-19 13:51:28,749 | INFO  | Ignore upgrade plugin MatrixRoomUpdatePermissions from version 7.2.1 to 7.2.1 [o.e.c.upgrade.UpgradeProductService<main>] 
2026-08-19 13:51:28,752 | INFO  | Ignore upgrade plugin MatrixRemoveProfileProperty from version 7.2.1 to 7.2.1 [o.e.c.upgrade.UpgradeProductService<main>] 
2026-08-19 13:51:28,754 | INFO  | Ignore upgrade plugin PortalNavigationIconUpgradePlugin from version 7.2.1 to 7.2.1 [o.e.c.upgrade.UpgradeProductService<main>] 
2026-08-19 13:51:28,757 | INFO  | Ignore upgrade plugin ECMSLegacyPagesRemovalUpgradePlugin from version 7.2.1-exo to 7.2.1-exo [o.e.c.upgrade.UpgradeProductService<main>] 
2026-08-19 13:51:28,760 | INFO  | Ignore upgrade plugin AgendaApplicationGlobalLayoutUpgrade from version 7.2.1-exo to 7.2.1-exo [o.e.c.upgrade.UpgradeProductService<main>] 
2026-08-19 13:51:28,762 | INFO  | Ignore upgrade plugin AgendaApplicationPageUpgrade from version 7.2.1-exo to 7.2.1-exo [o.e.c.upgrade.UpgradeProductService<main>] 
2026-08-19 13:51:28,766 | INFO  | Ignore upgrade plugin OverviewPageLayoutUpgrade from version 7.2.1-exo to 7.2.1-exo [o.e.c.upgrade.UpgradeProductService<main>] 
2026-08-19 13:51:28,769 | INFO  | Ignore upgrade plugin GlobalSitePermissionsUpgrade from version 7.2.1-exo to 7.2.1-exo [o.e.c.upgrade.UpgradeProductService<main>] 
2026-08-19 13:51:28,772 | INFO  | Ignore upgrade plugin RecognitionSetupApplicationsLayoutUpgrade from version 7.2.1-exo to 7.2.1-exo [o.e.c.upgrade.UpgradeProductService<main>] 
2026-08-19 13:51:28,775 | INFO  | Ignore upgrade plugin ContentaPagesLayoutUpgrade from version 7.2.1-exo to 7.2.1-exo [o.e.c.upgrade.UpgradeProductService<main>] 
2026-08-19 13:51:28,777 | INFO  | Ignore upgrade plugin GlobalSiteNavigationUpdate from version 7.2.1-exo to 7.2.1-exo [o.e.c.upgrade.UpgradeProductService<main>] 
2026-08-19 13:51:28,780 | INFO  | Ignore upgrade plugin BottomAllContainerAdministrationSiteLayoutUpgrade from version 7.2.1-exo to 7.2.1-exo [o.e.c.upgrade.UpgradeProductService<main>] 
2026-08-19 13:51:28,784 | INFO  | Ignore upgrade plugin sites/contribute/7.0-cleanActionsNavigation from version 7.2.1-exo to 7.2.1-exo [o.e.c.upgrade.UpgradeProductService<main>] 
2026-08-19 13:51:28,788 | INFO  | Ignore upgrade plugin RecognitionAdministrationSiteLayoutUpgrade from version 7.2.1-exo to 7.2.1-exo [o.e.c.upgrade.UpgradeProductService<main>] 
2026-08-19 13:51:28,791 | INFO  | Ignore upgrade plugin AdministrationSitePortalConfigUpgrade from version 7.2.1-exo to 7.2.1-exo [o.e.c.upgrade.UpgradeProductService<main>] 
2026-08-19 13:51:28,794 | INFO  | Ignore upgrade plugin LayoutEditorsPagesUpgrade from version 7.2.1-exo to 7.2.1-exo [o.e.c.upgrade.UpgradeProductService<main>] 
2026-08-19 13:51:28,797 | INFO  | Ignore upgrade plugin NotesEditorPagesUpgrade-7.0 from version 7.2.1-exo to 7.2.1-exo [o.e.c.upgrade.UpgradeProductService<main>] 
2026-08-19 13:51:28,799 | INFO  | Ignore upgrade plugin GlobalSiteNewsEditorNavigationUpdate from version 7.2.1-exo to 7.2.1-exo [o.e.c.upgrade.UpgradeProductService<main>] 
2026-08-19 13:51:28,803 | INFO  | Ignore upgrade plugin AdministrationPagesPermissionsUpdate from version 7.2.1-exo to 7.2.1-exo [o.e.c.upgrade.UpgradeProductService<main>] 
2026-08-19 13:51:28,806 | INFO  | Ignore upgrade plugin GlobalSiteAppCenterUserSetupNavigationDelete from version 7.2.1-exo to 7.2.1-exo [o.e.c.upgrade.UpgradeProductService<main>] 
2026-08-19 13:51:28,809 | INFO  | Ignore upgrade plugin MeedsGlobalSiteAnalyticsNavigationUpgradePlugin from version 7.2.1-exo to 7.2.1-exo [o.e.c.upgrade.UpgradeProductService<main>] 
2026-08-19 13:51:28,811 | INFO  | Ignore upgrade plugin DwSiteUpgrade from version 7.2.1-exo to 7.2.1-exo [o.e.c.upgrade.UpgradeProductService<main>] 
2026-08-19 13:51:28,814 | INFO  | Ignore upgrade plugin ExoAdministrationSiteUpgrade from version 7.2.1-exo to 7.2.1-exo [o.e.c.upgrade.UpgradeProductService<main>] 
2026-08-19 13:51:28,816 | INFO  | Ignore upgrade plugin SitesManagementUpgrade from version 7.2.1-exo to 7.2.1-exo [o.e.c.upgrade.UpgradeProductService<main>] 
2026-08-19 13:51:28,819 | INFO  | Ignore upgrade plugin OrgChartPageUpgradePlugin from version 7.2.1-exo to 7.2.1-exo [o.e.c.upgrade.UpgradeProductService<main>] 
2026-08-19 13:51:28,822 | INFO  | Ignore upgrade plugin RecognitionAdministrationSiteLayoutUpgradePlugin from version 7.2.1-exo to 7.2.1-exo [o.e.c.upgrade.UpgradeProductService<main>] 
2026-08-19 13:51:28,825 | INFO  | Ignore upgrade plugin EmailAdminUpgrade from version 7.2.1-exo to 7.2.1-exo [o.e.c.upgrade.UpgradeProductService<main>] 
2026-08-19 13:51:28,828 | INFO  | Ignore upgrade plugin MyWorkspaceNavigationUpgrade-7.2-01 from version 7.2.1-exo to 7.2.1-exo [o.e.c.upgrade.UpgradeProductService<main>] 
2026-08-19 13:51:28,831 | INFO  | Ignore upgrade plugin EmailAdminUpgrade-7.2 from version 7.2.1-exo to 7.2.1-exo [o.e.c.upgrade.UpgradeProductService<main>] 
2026-08-19 13:51:28,833 | INFO  | Ignore upgrade plugin PublicPagesLayoutUpgrade from version 7.2.1-exo to 7.2.1-exo [o.e.c.upgrade.UpgradeProductService<main>] 
2026-08-19 13:51:28,836 | INFO  | Ignore upgrade plugin CommunitySpaceTemplateLayoutUpgrade from version 7.2.1-exo to 7.2.1-exo [o.e.c.upgrade.UpgradeProductService<main>] 
2026-08-19 13:51:28,839 | INFO  | Ignore upgrade plugin AnnouncementSpaceTemplateLayoutUpgrade from version 7.2.1-exo to 7.2.1-exo [o.e.c.upgrade.UpgradeProductService<main>] 
2026-08-19 13:51:28,842 | INFO  | Ignore upgrade plugin SitesPropsUpdgrade from version 7.2.1-exo to 7.2.1-exo [o.e.c.upgrade.UpgradeProductService<main>] 
2026-08-19 13:51:28,845 | INFO  | Ignore upgrade plugin UserSettingsPageSecuritySectionUpgrade from version 7.2.1-exo to 7.2.1-exo [o.e.c.upgrade.UpgradeProductService<main>] 
2026-08-19 13:51:28,848 | INFO  | Ignore upgrade plugin GlobalSitePermissionUpgrade from version 7.2.1-exo to 7.2.1-exo [o.e.c.upgrade.UpgradeProductService<main>] 
2026-08-19 13:51:28,850 | INFO  | Ignore upgrade plugin AdministrationPageHomeSettingsUpgrade from version 7.2.1-exo to 7.2.1-exo [o.e.c.upgrade.UpgradeProductService<main>] 
2026-08-19 13:51:28,853 | INFO  | Ignore upgrade plugin PublicSitePortalConfigUpgrade from version 7.2.1-exo to 7.2.1-exo [o.e.c.upgrade.UpgradeProductService<main>] 
2026-08-19 13:51:28,856 | INFO  | Ignore upgrade plugin PublicSiteTemplatePortalConfigUpgrade from version 7.2.1-exo to 7.2.1-exo [o.e.c.upgrade.UpgradeProductService<main>] 
2026-08-19 13:51:28,859 | INFO  | Ignore upgrade plugin SpacePublicSiteTemplatePortalConfigUpgrade from version 7.2.1-exo to 7.2.1-exo [o.e.c.upgrade.UpgradeProductService<main>] 
2026-08-19 13:51:28,863 | INFO  | Ignore upgrade plugin AnalyticsPagesUpgrade from version 7.2.1-exo to 7.2.1-exo [o.e.c.upgrade.UpgradeProductService<main>] 
2026-08-19 13:51:28,866 | INFO  | Ignore upgrade plugin GlobalPageViewerPermissionUpgrade from version 7.2.1-exo to 7.2.1-exo [o.e.c.upgrade.UpgradeProductService<main>] 
2026-08-19 13:51:28,870 | INFO  | Ignore upgrade plugin CommunitySpaceTemplateContributeLayoutUpgrade from version 7.2.1-exo to 7.2.1-exo [o.e.c.upgrade.UpgradeProductService<main>] 
2026-08-19 13:51:28,873 | INFO  | Ignore upgrade plugin ContributeSitePropertiesUpgrade-7.1 from version 7.2.1-exo to 7.2.1-exo [o.e.c.upgrade.UpgradeProductService<main>] 
2026-08-19 13:51:28,876 | INFO  | Ignore upgrade plugin eXoSitesPropsUpdgrade from version 7.2.1-exo to 7.2.1-exo [o.e.c.upgrade.UpgradeProductService<main>] 
2026-08-19 13:51:28,879 | INFO  | Ignore upgrade plugin ExoDrivesPageUpgrade from version 7.2.1-exo to 7.2.1-exo [o.e.c.upgrade.UpgradeProductService<main>] 
2026-08-19 13:51:28,882 | INFO  | Ignore upgrade plugin ContentTargetsPagePermissionsUpgradePlugin from version 7.2.1-exo to 7.2.1-exo [o.e.c.upgrade.UpgradeProductService<main>] 
2026-08-19 13:51:28,885 | INFO  | Ignore upgrade plugin ProfilePageUpgrade from version 7.2.1-exo to 7.2.1-exo [o.e.c.upgrade.UpgradeProductService<main>] 
2026-08-19 13:51:28,887 | INFO  | Ignore upgrade plugin SettingsPageUpgrade from version 7.2.1-exo to 7.2.1-exo [o.e.c.upgrade.UpgradeProductService<main>] 
2026-08-19 13:51:28,890 | INFO  | Ignore upgrade plugin NotesEditorPagesUpgrade-7.2 from version 7.2.1-exo to 7.2.1-exo [o.e.c.upgrade.UpgradeProductService<main>] 
2026-08-19 13:51:28,894 | INFO  | Ignore upgrade plugin OldDocumentsPortletInstanceRemovalPortletsUpgrade from version 7.2.1-exo to 7.2.1-exo [o.e.c.upgrade.UpgradeProductService<main>] 
2026-08-19 13:51:28,897 | INFO  | Ignore upgrade plugin ContentEditorPageUpgradePlugin from version 7.2.1-exo to 7.2.1-exo [o.e.c.upgrade.UpgradeProductService<main>] 
2026-08-19 13:51:28,900 | INFO  | Ignore upgrade plugin OOEditorPageLayoutUpgrade3 from version 7.2.1-exo to 7.2.1-exo [o.e.c.upgrade.UpgradeProductService<main>] 
2026-08-19 13:51:28,902 | INFO  | Ignore upgrade plugin DocumentsApplicationPageUpgrade from version 7.2.1-exo to 7.2.1-exo [o.e.c.upgrade.UpgradeProductService<main>] 
2026-08-19 13:51:28,905 | INFO  | Ignore upgrade plugin DocumentsGlobalPagePageUpgrade from version 7.2.1-exo to 7.2.1-exo [o.e.c.upgrade.UpgradeProductService<main>] 
2026-08-19 13:51:28,908 | INFO  | Ignore upgrade plugin SpaceBannerHomePageUpdateContentId from version 7.2.1-exo to 7.2.1-exo [o.e.c.upgrade.UpgradeProductService<main>] 
2026-08-19 13:51:28,911 | INFO  | Ignore upgrade plugin CMSPortletToContentUpgradePlugin from version 7.2.1-exo to 7.2.1-exo [o.e.c.upgrade.UpgradeProductService<main>] 
2026-08-19 13:51:28,914 | INFO  | Ignore upgrade plugin SocialPortletToSocialUpgradePlugin from version 7.2.1-exo to 7.2.1-exo [o.e.c.upgrade.UpgradeProductService<main>] 
2026-08-19 13:51:29,662 | INFO  | No IDM external store was configured, store type = class org.picketlink.idm.impl.repository.WrapperIdentityStoreRepository [o.e.s.o.i.e.PicketLinkIDMExternalStoreService<main>] 
2026-08-19 13:51:29,748 | INFO  | NodeRepresentationFactory added nt:file org.exoplatform.services.jcr.ext.resource.representation.NtFileNodeRepresentationFactory [e.j.c.ext.NodeRepresentationService<main>] 
2026-08-19 13:51:29,749 | INFO  | NodeRepresentationFactory added nt:resource org.exoplatform.services.jcr.ext.resource.representation.NtResourceNodeRepresentationFactory [e.j.c.ext.NodeRepresentationService<main>] 
2026-08-19 13:51:29,753 | INFO  | Scheduler ExoScheduler_$_NON_CLUSTERED started. [org.quartz.core.QuartzScheduler<main>] 
2026-08-19 13:51:29,765 | INFO  | 4. Finish booting spring based contexts switch Addons Priority: [social, layout, auth-server, analytics, gamification-portlets, content, task-management, kudos, notes, wallet, agenda, deeds-tenant, documents-portlet, poll, app-center, gamification-crowdin, gamification-evm, gamification-github, gamification-twitter, ide, pwa, webdav, mcp-server, matrix] [i.m.s.k.KernelContainerLifecyclePlugin<main>] 
2026-08-19 13:51:29,767 | INFO  | Continue Spring context 'social' initialization [i.m.s.kernel.PortalApplicationContext<main>] 
2026-08-19 13:51:29,784 | INFO  | Start treating GroupSpaceBinding queue [o.e.s.c.b.job.QueueGroupSpaceBindingJob<ExoScheduler_Worker-2>] 
2026-08-19 13:51:29,810 | INFO  | No GroupSpaceBindingQueue or UserBindingsQueue to process [o.e.s.c.b.job.QueueGroupSpaceBindingJob<ExoScheduler_Worker-2>] 
2026-08-19 13:51:29,810 | INFO  | End treating GroupSpaceBinding queue [o.e.s.c.b.job.QueueGroupSpaceBindingJob<ExoScheduler_Worker-2>] 
2026-08-19 13:51:30,171 | INFO  | Run 2 startup Tasks in asynchronous threads [i.m.s.common.ContainerStartupTaskService<main>] 
2026-08-19 13:51:30,183 | INFO  | Run startup Tasks in dedicated threads [i.m.s.common.ContainerStartupTaskService<virtual-152>] 
2026-08-19 13:51:30,185 | INFO  | Startup Asynchronous Task with chain id default [i.m.s.common.ContainerStartupTaskService<virtual-152>] 
2026-08-19 13:51:30,189 | INFO  | Importing Space Templates [i.m.s.s.t.s.i.SpaceTemplateImportService<virtual-156>] 
2026-08-19 13:51:30,232 | INFO  | Importing categories with version 1, force reimport = false [i.m.s.c.injection.CategoryImportService<ForkJoinPool.commonPool-worker-3>] 
2026-08-19 13:51:30,274 | INFO  | Importing categories finished successfully. [i.m.s.c.injection.CategoryImportService<ForkJoinPool.commonPool-worker-3>] 
2026-08-19 13:51:30,274 | INFO  | Processing Post categories import [i.m.s.c.injection.CategoryImportService<ForkJoinPool.commonPool-worker-3>] 
2026-08-19 13:51:30,275 | INFO  | Processing Post categories import finished [i.m.s.c.injection.CategoryImportService<ForkJoinPool.commonPool-worker-3>] 
2026-08-19 13:51:30,281 | INFO  | Importing Space Templates finished successfully [i.m.s.s.t.s.i.SpaceTemplateImportService<virtual-156>] 
2026-08-19 13:51:30,281 | INFO  | Processing Post Space Templates import [i.m.s.s.t.s.i.SpaceTemplateImportService<virtual-156>] 
2026-08-19 13:51:30,282 | INFO  | Processing Post Space Templates import finished [i.m.s.s.t.s.i.SpaceTemplateImportService<virtual-156>] 
2026-08-19 13:51:30,293 | INFO  | Asynchronous Task with chain id default finished within 108ms [i.m.s.common.ContainerStartupTaskService<virtual-152>] 
2026-08-19 13:51:30,293 | INFO  | Startup Asynchronous Task with chain id default [i.m.s.common.ContainerStartupTaskService<virtual-152>] 
2026-08-19 13:51:30,294 | INFO  | Asynchronous Task with chain id default finished within 1ms [i.m.s.common.ContainerStartupTaskService<virtual-152>] 
2026-08-19 13:51:30,294 | INFO  | Startup Tasks finished within 110ms [i.m.s.common.ContainerStartupTaskService<virtual-152>] 
2026-08-19 13:51:31,495 | INFO  | Global AuthenticationManager configured with AuthenticationProvider bean with name portalAuthenticationManager [o.s.s.c.a.a.c.InitializeAuthenticationProviderBeanManagerConfigurer$InitializeAuthenticationProviderManagerConfigurer<main>] 
2026-08-19 13:51:34,327 | INFO  | Spring context 'social' initialized in 4560ms [i.m.s.kernel.PortalApplicationContext<main>] 
2026-08-19 13:51:34,328 | INFO  | Continue Spring context 'layout' initialization [i.m.s.kernel.PortalApplicationContext<main>] 
2026-08-19 13:51:34,497 | INFO  | Importing Page Templates [i.m.l.s.i.PageTemplateImportService<ForkJoinPool.commonPool-worker-3>] 
2026-08-19 13:51:34,566 | INFO  | Importing Section Templates with version 1, force reimport = false [i.m.l.s.i.SectionTemplateImportService<ForkJoinPool.commonPool-worker-4>] 
2026-08-19 13:51:34,609 | INFO  | Importing Portlet instances with version 5, force reimport = false [i.m.l.s.i.PortletInstanceImportService<ForkJoinPool.commonPool-worker-5>] 
2026-08-19 13:51:35,093 | INFO  | Importing Section Templates finished successfully. [i.m.l.s.i.SectionTemplateImportService<ForkJoinPool.commonPool-worker-4>] 
2026-08-19 13:51:35,093 | INFO  | Processing Post Section Templates import [i.m.l.s.i.SectionTemplateImportService<ForkJoinPool.commonPool-worker-4>] 
2026-08-19 13:51:35,093 | INFO  | Processing Post Section Templates import finished [i.m.l.s.i.SectionTemplateImportService<ForkJoinPool.commonPool-worker-4>] 
2026-08-19 13:51:35,136 | INFO  | Importing Page Templates finished successfully [i.m.l.s.i.PageTemplateImportService<ForkJoinPool.commonPool-worker-3>] 
2026-08-19 13:51:35,136 | INFO  | Processing Post Page Templates import [i.m.l.s.i.PageTemplateImportService<ForkJoinPool.commonPool-worker-3>] 
2026-08-19 13:51:35,136 | INFO  | Processing Post Page Templates import finished [i.m.l.s.i.PageTemplateImportService<ForkJoinPool.commonPool-worker-3>] 
2026-08-19 13:51:35,409 | INFO  | Importing Site Templates with version 1, force reimport = false [i.m.l.s.i.SiteTemplateImportService<ForkJoinPool.commonPool-worker-3>] 
2026-08-19 13:51:35,424 | INFO  | Importing Site Templates finished successfully. [i.m.l.s.i.SiteTemplateImportService<ForkJoinPool.commonPool-worker-3>] 
2026-08-19 13:51:35,424 | INFO  | Processing Post Site Templates import [i.m.l.s.i.SiteTemplateImportService<ForkJoinPool.commonPool-worker-3>] 
2026-08-19 13:51:35,425 | INFO  | Processing Post Site Templates import finished [i.m.l.s.i.SiteTemplateImportService<ForkJoinPool.commonPool-worker-3>] 
2026-08-19 13:51:35,465 | INFO  | Importing Portlet instances finished successfully. [i.m.l.s.i.PortletInstanceImportService<ForkJoinPool.commonPool-worker-5>] 
2026-08-19 13:51:35,465 | INFO  | Processing Post Portlet instances import [i.m.l.s.i.PortletInstanceImportService<ForkJoinPool.commonPool-worker-5>] 
2026-08-19 13:51:35,466 | INFO  | Processing Post Portlet instances import finished [i.m.l.s.i.PortletInstanceImportService<ForkJoinPool.commonPool-worker-5>] 
2026-08-19 13:51:35,681 | INFO  | Global AuthenticationManager configured with AuthenticationProvider bean with name portalAuthenticationManager [o.s.s.c.a.a.c.InitializeAuthenticationProviderBeanManagerConfigurer$InitializeAuthenticationProviderManagerConfigurer<main>] 
2026-08-19 13:51:36,107 | INFO  | Spring context 'layout' initialized in 1779ms [i.m.s.kernel.PortalApplicationContext<main>] 
2026-08-19 13:51:36,107 | INFO  | Continue Spring context 'auth-server' initialization [i.m.s.kernel.PortalApplicationContext<main>] 
2026-08-19 13:51:37,370 | INFO  | Found 5 AuthenticationProvider beans, with names [OAuthRefreshTokenPublicAuthenticationProvider, OAuthCimdAuthenticationProvider, OAuthPortalAuthenticationProvider, portalAuthenticationManager, oauthAuthenticationProvider]. Global Authentication Manager will not be configured with AuthenticationProviders. Consider publishing a single AuthenticationProvider bean, or wiring your Providers directly using the DSL. [o.s.s.c.a.a.c.InitializeAuthenticationProviderBeanManagerConfigurer$InitializeAuthenticationProviderManagerConfigurer<main>] 
2026-08-19 13:51:38,002 | INFO  | Spring context 'auth-server' initialized in 1895ms [i.m.s.kernel.PortalApplicationContext<main>] 
2026-08-19 13:51:38,002 | INFO  | Continue Spring context 'analytics' initialization [i.m.s.kernel.PortalApplicationContext<main>] 
2026-08-19 13:51:38,082 | INFO  | HikariPool-1 - Starting... [com.zaxxer.hikari.HikariDataSource<main>] 
2026-08-19 13:51:38,418 | INFO  | HikariPool-1 - Driver does not support get/set network timeout for connections. (feature not supported) [com.zaxxer.hikari.pool.PoolBase<main>] 
2026-08-19 13:51:38,419 | INFO  | HikariPool-1 - Added connection org.hsqldb.jdbc.JDBCConnection@6b40e27f [com.zaxxer.hikari.pool.HikariPool<main>] 
2026-08-19 13:51:38,422 | INFO  | HikariPool-1 - Start completed. [com.zaxxer.hikari.HikariDataSource<main>] 
2026-08-19 13:51:38,505 | INFO  | No LoadTimeWeaver setup: ignoring JPA class transformer [o.s.o.j.p.SpringPersistenceUnitInfo<main>] 
2026-08-19 13:51:38,599 | INFO  | Initialized JPA EntityManagerFactory for persistence unit 'default' [o.s.o.j.LocalContainerEntityManagerFactoryBean<main>] 
2026-08-19 13:51:38,912 | INFO  | Global AuthenticationManager configured with AuthenticationProvider bean with name portalAuthenticationManager [o.s.s.c.a.a.c.InitializeAuthenticationProviderBeanManagerConfigurer$InitializeAuthenticationProviderManagerConfigurer<main>] 
2026-08-19 13:51:39,240 | INFO  | Spring context 'analytics' initialized in 1238ms [i.m.s.kernel.PortalApplicationContext<main>] 
2026-08-19 13:51:39,240 | INFO  | Continue Spring context 'gamification-portlets' initialization [i.m.s.kernel.PortalApplicationContext<main>] 
2026-08-19 13:51:39,308 | INFO  | Importing Default Programs [i.m.g.s.injection.ProgramImportService<ForkJoinPool.commonPool-worker-5>] 
2026-08-19 13:51:39,532 | INFO  | Global AuthenticationManager configured with AuthenticationProvider bean with name portalAuthenticationManager [o.s.s.c.a.a.c.InitializeAuthenticationProviderBeanManagerConfigurer$InitializeAuthenticationProviderManagerConfigurer<main>] 
2026-08-19 13:51:39,926 | INFO  | Spring context 'gamification-portlets' initialized in 686ms [i.m.s.kernel.PortalApplicationContext<main>] 
2026-08-19 13:51:39,927 | INFO  | Continue Spring context 'content' initialization [i.m.s.kernel.PortalApplicationContext<main>] 
2026-08-19 13:51:41,162 | INFO  | Global AuthenticationManager configured with AuthenticationProvider bean with name portalAuthenticationManager [o.s.s.c.a.a.c.InitializeAuthenticationProviderBeanManagerConfigurer$InitializeAuthenticationProviderManagerConfigurer<main>] 
2026-08-19 13:51:41,553 | INFO  | Spring context 'content' initialized in 1626ms [i.m.s.kernel.PortalApplicationContext<main>] 
2026-08-19 13:51:41,553 | INFO  | Continue Spring context 'task-management' initialization [i.m.s.kernel.PortalApplicationContext<main>] 
2026-08-19 13:51:41,831 | INFO  | Global AuthenticationManager configured with AuthenticationProvider bean with name portalAuthenticationManager [o.s.s.c.a.a.c.InitializeAuthenticationProviderBeanManagerConfigurer$InitializeAuthenticationProviderManagerConfigurer<main>] 
2026-08-19 13:51:42,084 | INFO  | Spring context 'task-management' initialized in 531ms [i.m.s.kernel.PortalApplicationContext<main>] 
2026-08-19 13:51:42,085 | INFO  | Continue Spring context 'kudos' initialization [i.m.s.kernel.PortalApplicationContext<main>] 
2026-08-19 13:51:42,981 | INFO  | Global AuthenticationManager configured with AuthenticationProvider bean with name portalAuthenticationManager [o.s.s.c.a.a.c.InitializeAuthenticationProviderBeanManagerConfigurer$InitializeAuthenticationProviderManagerConfigurer<main>] 
2026-08-19 13:51:43,322 | INFO  | Spring context 'kudos' initialized in 1236ms [i.m.s.kernel.PortalApplicationContext<main>] 
2026-08-19 13:51:43,322 | INFO  | Continue Spring context 'notes' initialization [i.m.s.kernel.PortalApplicationContext<main>] 
2026-08-19 13:51:43,762 | INFO  | Global AuthenticationManager configured with AuthenticationProvider bean with name portalAuthenticationManager [o.s.s.c.a.a.c.InitializeAuthenticationProviderBeanManagerConfigurer$InitializeAuthenticationProviderManagerConfigurer<main>] 
2026-08-19 13:51:44,086 | INFO  | Spring context 'notes' initialized in 764ms [i.m.s.kernel.PortalApplicationContext<main>] 
2026-08-19 13:51:44,086 | INFO  | Continue Spring context 'wallet' initialization [i.m.s.kernel.PortalApplicationContext<main>] 
2026-08-19 13:51:44,612 | INFO  | Global AuthenticationManager configured with AuthenticationProvider bean with name portalAuthenticationManager [o.s.s.c.a.a.c.InitializeAuthenticationProviderBeanManagerConfigurer$InitializeAuthenticationProviderManagerConfigurer<main>] 
2026-08-19 13:51:44,928 | INFO  | Spring context 'wallet' initialized in 842ms [i.m.s.kernel.PortalApplicationContext<main>] 
2026-08-19 13:51:44,929 | INFO  | Continue Spring context 'agenda' initialization [i.m.s.kernel.PortalApplicationContext<main>] 
2026-08-19 13:51:45,211 | INFO  | Global AuthenticationManager configured with AuthenticationProvider bean with name portalAuthenticationManager [o.s.s.c.a.a.c.InitializeAuthenticationProviderBeanManagerConfigurer$InitializeAuthenticationProviderManagerConfigurer<main>] 
2026-08-19 13:51:45,582 | INFO  | Spring context 'agenda' initialized in 653ms [i.m.s.kernel.PortalApplicationContext<main>] 
2026-08-19 13:51:45,582 | INFO  | Continue Spring context 'deeds-tenant' initialization [i.m.s.kernel.PortalApplicationContext<main>] 
2026-08-19 13:51:45,830 | INFO  | Global AuthenticationManager configured with AuthenticationProvider bean with name portalAuthenticationManager [o.s.s.c.a.a.c.InitializeAuthenticationProviderBeanManagerConfigurer$InitializeAuthenticationProviderManagerConfigurer<main>] 
2026-08-19 13:51:46,126 | INFO  | Spring context 'deeds-tenant' initialized in 544ms [i.m.s.kernel.PortalApplicationContext<main>] 
2026-08-19 13:51:46,126 | INFO  | Continue Spring context 'documents-portlet' initialization [i.m.s.kernel.PortalApplicationContext<main>] 
2026-08-19 13:51:46,347 | INFO  | Global AuthenticationManager configured with AuthenticationProvider bean with name portalAuthenticationManager [o.s.s.c.a.a.c.InitializeAuthenticationProviderBeanManagerConfigurer$InitializeAuthenticationProviderManagerConfigurer<main>] 
2026-08-19 13:51:46,717 | INFO  | Spring context 'documents-portlet' initialized in 591ms [i.m.s.kernel.PortalApplicationContext<main>] 
2026-08-19 13:51:46,717 | INFO  | Continue Spring context 'poll' initialization [i.m.s.kernel.PortalApplicationContext<main>] 
2026-08-19 13:51:46,735 | INFO  | Autowired annotation is not supported on static fields: private static int io.meeds.poll.activity.processor.PollActivityProcessor.processorPriority [o.s.b.f.a.AutowiredAnnotationBeanPostProcessor<main>] 
2026-08-19 13:51:47,608 | INFO  | Global AuthenticationManager configured with AuthenticationProvider bean with name portalAuthenticationManager [o.s.s.c.a.a.c.InitializeAuthenticationProviderBeanManagerConfigurer$InitializeAuthenticationProviderManagerConfigurer<main>] 
2026-08-19 13:51:48,024 | INFO  | Spring context 'poll' initialized in 1307ms [i.m.s.kernel.PortalApplicationContext<main>] 
2026-08-19 13:51:48,024 | INFO  | Continue Spring context 'app-center' initialization [i.m.s.kernel.PortalApplicationContext<main>] 
2026-08-19 13:51:48,755 | INFO  | Obtaining singleton bean 'transactionManager' in thread "ForkJoinPool.commonPool-worker-5" while other thread holds singleton lock for other beans [messageResolver, org.springframework.boot.autoconfigure.web.servlet.WebMvcAutoConfiguration$EnableWebMvcConfiguration, hypermediaWebMvcConfigurer, mvcHandlerMappingIntrospector, org.springframework.security.config.annotation.web.configuration.WebSecurityConfiguration, hypermediaWebMvcConverters, org.springframework.hateoas.mediatype.hal.HalMediaTypeConfiguration, mvcHandlerMappingIntrospectorRequestTransformer] [o.s.b.f.s.DefaultListableBeanFactory<ForkJoinPool.commonPool-worker-5>] 
2026-08-19 13:51:48,755 | INFO  | Obtaining singleton bean 'org.springframework.boot.autoconfigure.orm.jpa.HibernateJpaConfiguration' in thread "ForkJoinPool.commonPool-worker-5" while other thread holds singleton lock for other beans [org.springframework.boot.autoconfigure.web.servlet.WebMvcAutoConfiguration$EnableWebMvcConfiguration, hypermediaWebMvcConfigurer, mvcHandlerMappingIntrospector, org.springframework.security.config.annotation.web.configuration.WebSecurityConfiguration, hypermediaWebMvcConverters, org.springframework.hateoas.mediatype.hal.HalMediaTypeConfiguration, mvcHandlerMappingIntrospectorRequestTransformer] [o.s.b.f.s.DefaultListableBeanFactory<ForkJoinPool.commonPool-worker-5>] 
2026-08-19 13:51:48,756 | INFO  | Obtaining singleton bean 'spring.jpa-org.springframework.boot.autoconfigure.orm.jpa.JpaProperties' in thread "ForkJoinPool.commonPool-worker-5" while other thread holds singleton lock for other beans [org.springframework.boot.autoconfigure.web.servlet.WebMvcAutoConfiguration$EnableWebMvcConfiguration, hypermediaWebMvcConfigurer, mvcHandlerMappingIntrospector, org.springframework.security.config.annotation.web.configuration.WebSecurityConfiguration, hypermediaWebMvcConverters, org.springframework.hateoas.mediatype.hal.HalMediaTypeConfiguration, mvcHandlerMappingIntrospectorRequestTransformer] [o.s.b.f.s.DefaultListableBeanFactory<ForkJoinPool.commonPool-worker-5>] 
2026-08-19 13:51:48,764 | INFO  | Obtaining singleton bean 'spring.jpa.hibernate-org.springframework.boot.autoconfigure.orm.jpa.HibernateProperties' in thread "ForkJoinPool.commonPool-worker-5" while other thread holds singleton lock for other beans [jacksonObjectMapper, org.springframework.boot.autoconfigure.web.servlet.WebMvcAutoConfiguration$EnableWebMvcConfiguration, hypermediaWebMvcConfigurer, mvcHandlerMappingIntrospector, org.springframework.security.config.annotation.web.configuration.WebSecurityConfiguration, hypermediaWebMvcConverters, standardJacksonObjectMapperBuilderCustomizer, mvcHandlerMappingIntrospectorRequestTransformer] [o.s.b.f.s.DefaultListableBeanFactory<ForkJoinPool.commonPool-worker-5>] 
2026-08-19 13:51:48,768 | INFO  | Obtaining singleton bean 'hikariPoolDataSourceMetadataProvider' in thread "ForkJoinPool.commonPool-worker-5" while other thread holds singleton lock for other beans [jacksonObjectMapper, org.springframework.boot.autoconfigure.web.servlet.WebMvcAutoConfiguration$EnableWebMvcConfiguration, hypermediaWebMvcConfigurer, mvcHandlerMappingIntrospector, org.springframework.security.config.annotation.web.configuration.WebSecurityConfiguration, spring.jackson-org.springframework.boot.autoconfigure.jackson.JacksonProperties, hypermediaWebMvcConverters, standardJacksonObjectMapperBuilderCustomizer, mvcHandlerMappingIntrospectorRequestTransformer] [o.s.b.f.s.DefaultListableBeanFactory<ForkJoinPool.commonPool-worker-5>] 
2026-08-19 13:51:48,768 | INFO  | Obtaining singleton bean 'org.springframework.boot.autoconfigure.jdbc.metadata.DataSourcePoolMetadataProvidersConfiguration$HikariPoolDataSourceMetadataProviderConfiguration' in thread "ForkJoinPool.commonPool-worker-5" while other thread holds singleton lock for other beans [jacksonObjectMapper, org.springframework.boot.autoconfigure.web.servlet.WebMvcAutoConfiguration$EnableWebMvcConfiguration, hypermediaWebMvcConfigurer, mvcHandlerMappingIntrospector, org.springframework.security.config.annotation.web.configuration.WebSecurityConfiguration, spring.jackson-org.springframework.boot.autoconfigure.jackson.JacksonProperties, hypermediaWebMvcConverters, standardJacksonObjectMapperBuilderCustomizer, mvcHandlerMappingIntrospectorRequestTransformer] [o.s.b.f.s.DefaultListableBeanFactory<ForkJoinPool.commonPool-worker-5>] 
2026-08-19 13:51:48,769 | INFO  | Obtaining singleton bean 'tomcatPoolDataSourceMetadataProvider' in thread "ForkJoinPool.commonPool-worker-5" while other thread holds singleton lock for other beans [jacksonObjectMapper, org.springframework.boot.autoconfigure.web.servlet.WebMvcAutoConfiguration$EnableWebMvcConfiguration, hypermediaWebMvcConfigurer, mvcHandlerMappingIntrospector, org.springframework.security.config.annotation.web.configuration.WebSecurityConfiguration, spring.jackson-org.springframework.boot.autoconfigure.jackson.JacksonProperties, hypermediaWebMvcConverters, standardJacksonObjectMapperBuilderCustomizer, mvcHandlerMappingIntrospectorRequestTransformer] [o.s.b.f.s.DefaultListableBeanFactory<ForkJoinPool.commonPool-worker-5>] 
2026-08-19 13:51:48,769 | INFO  | Obtaining singleton bean 'org.springframework.boot.autoconfigure.jdbc.metadata.DataSourcePoolMetadataProvidersConfiguration$TomcatDataSourcePoolMetadataProviderConfiguration' in thread "ForkJoinPool.commonPool-worker-5" while other thread holds singleton lock for other beans [jacksonObjectMapper, org.springframework.boot.autoconfigure.web.servlet.WebMvcAutoConfiguration$EnableWebMvcConfiguration, hypermediaWebMvcConfigurer, mvcHandlerMappingIntrospector, org.springframework.security.config.annotation.web.configuration.WebSecurityConfiguration, spring.jackson-org.springframework.boot.autoconfigure.jackson.JacksonProperties, hypermediaWebMvcConverters, standardJacksonObjectMapperBuilderCustomizer, mvcHandlerMappingIntrospectorRequestTransformer] [o.s.b.f.s.DefaultListableBeanFactory<ForkJoinPool.commonPool-worker-5>] 
2026-08-19 13:51:48,776 | INFO  | Obtaining singleton bean 'platformTransactionManagerCustomizers' in thread "ForkJoinPool.commonPool-worker-5" while other thread holds singleton lock for other beans [jacksonObjectMapper, org.springframework.boot.autoconfigure.web.servlet.WebMvcAutoConfiguration$EnableWebMvcConfiguration, hypermediaWebMvcConfigurer, mvcHandlerMappingIntrospector, org.springframework.security.config.annotation.web.configuration.WebSecurityConfiguration, parameterNamesModule, hypermediaWebMvcConverters, standardJacksonObjectMapperBuilderCustomizer, mvcHandlerMappingIntrospectorRequestTransformer] [o.s.b.f.s.DefaultListableBeanFactory<ForkJoinPool.commonPool-worker-5>] 
2026-08-19 13:51:48,777 | INFO  | Obtaining singleton bean 'org.springframework.boot.autoconfigure.transaction.TransactionManagerCustomizationAutoConfiguration' in thread "ForkJoinPool.commonPool-worker-5" while other thread holds singleton lock for other beans [jacksonObjectMapper, org.springframework.boot.autoconfigure.web.servlet.WebMvcAutoConfiguration$EnableWebMvcConfiguration, hypermediaWebMvcConfigurer, mvcHandlerMappingIntrospector, org.springframework.security.config.annotation.web.configuration.WebSecurityConfiguration, hypermediaWebMvcConverters, standardJacksonObjectMapperBuilderCustomizer, mvcHandlerMappingIntrospectorRequestTransformer] [o.s.b.f.s.DefaultListableBeanFactory<ForkJoinPool.commonPool-worker-5>] 
2026-08-19 13:51:48,778 | INFO  | Obtaining singleton bean 'transactionExecutionListeners' in thread "ForkJoinPool.commonPool-worker-5" while other thread holds singleton lock for other beans [jacksonObjectMapper, org.springframework.boot.autoconfigure.web.servlet.WebMvcAutoConfiguration$EnableWebMvcConfiguration, hypermediaWebMvcConfigurer, mvcHandlerMappingIntrospector, org.springframework.security.config.annotation.web.configuration.WebSecurityConfiguration, hypermediaWebMvcConverters, standardJacksonObjectMapperBuilderCustomizer, mvcHandlerMappingIntrospectorRequestTransformer] [o.s.b.f.s.DefaultListableBeanFactory<ForkJoinPool.commonPool-worker-5>] 
2026-08-19 13:51:48,780 | INFO  | Obtaining singleton bean 'spring.transaction-org.springframework.boot.autoconfigure.transaction.TransactionProperties' in thread "ForkJoinPool.commonPool-worker-5" while other thread holds singleton lock for other beans [jacksonObjectMapper, org.springframework.boot.autoconfigure.web.servlet.WebMvcAutoConfiguration$EnableWebMvcConfiguration, hypermediaWebMvcConfigurer, mvcHandlerMappingIntrospector, org.springframework.security.config.annotation.web.configuration.WebSecurityConfiguration, hypermediaWebMvcConverters, standardJacksonObjectMapperBuilderCustomizer, mvcHandlerMappingIntrospectorRequestTransformer] [o.s.b.f.s.DefaultListableBeanFactory<ForkJoinPool.commonPool-worker-5>] 
2026-08-19 13:51:48,871 | INFO  | Update system application 'Add a task' [i.m.a.s.ApplicationCenterInjectService<ForkJoinPool.commonPool-worker-5>] 
2026-08-19 13:51:48,942 | INFO  | Update system application 'Contributions Review' [i.m.a.s.ApplicationCenterInjectService<ForkJoinPool.commonPool-worker-5>] 
2026-08-19 13:51:48,984 | INFO  | Global AuthenticationManager configured with AuthenticationProvider bean with name portalAuthenticationManager [o.s.s.c.a.a.c.InitializeAuthenticationProviderBeanManagerConfigurer$InitializeAuthenticationProviderManagerConfigurer<main>] 
2026-08-19 13:51:49,085 | INFO  | Update system application 'Add a post' [i.m.a.s.ApplicationCenterInjectService<ForkJoinPool.commonPool-worker-5>] 
2026-08-19 13:51:49,116 | INFO  | Update system application 'List Spaces' [i.m.a.s.ApplicationCenterInjectService<ForkJoinPool.commonPool-worker-5>] 
2026-08-19 13:51:49,146 | INFO  | Update system application 'List favorites' [i.m.a.s.ApplicationCenterInjectService<ForkJoinPool.commonPool-worker-5>] 
2026-08-19 13:51:49,200 | INFO  | Update system application 'Give a Kudos' [i.m.a.s.ApplicationCenterInjectService<ForkJoinPool.commonPool-worker-5>] 
2026-08-19 13:51:49,545 | INFO  | Spring context 'app-center' initialized in 1521ms [i.m.s.kernel.PortalApplicationContext<main>] 
2026-08-19 13:51:49,546 | INFO  | Continue Spring context 'gamification-crowdin' initialization [i.m.s.kernel.PortalApplicationContext<main>] 
2026-08-19 13:51:50,243 | INFO  | Global AuthenticationManager configured with AuthenticationProvider bean with name portalAuthenticationManager [o.s.s.c.a.a.c.InitializeAuthenticationProviderBeanManagerConfigurer$InitializeAuthenticationProviderManagerConfigurer<main>] 
2026-08-19 13:51:50,623 | INFO  | Spring context 'gamification-crowdin' initialized in 1077ms [i.m.s.kernel.PortalApplicationContext<main>] 
2026-08-19 13:51:50,623 | INFO  | Continue Spring context 'gamification-evm' initialization [i.m.s.kernel.PortalApplicationContext<main>] 
2026-08-19 13:51:51,525 | INFO  | Global AuthenticationManager configured with AuthenticationProvider bean with name portalAuthenticationManager [o.s.s.c.a.a.c.InitializeAuthenticationProviderBeanManagerConfigurer$InitializeAuthenticationProviderManagerConfigurer<main>] 
2026-08-19 13:51:51,821 | INFO  | Spring context 'gamification-evm' initialized in 1198ms [i.m.s.kernel.PortalApplicationContext<main>] 
2026-08-19 13:51:51,821 | INFO  | Continue Spring context 'gamification-github' initialization [i.m.s.kernel.PortalApplicationContext<main>] 
2026-08-19 13:51:52,069 | INFO  | Global AuthenticationManager configured with AuthenticationProvider bean with name portalAuthenticationManager [o.s.s.c.a.a.c.InitializeAuthenticationProviderBeanManagerConfigurer$InitializeAuthenticationProviderManagerConfigurer<main>] 
2026-08-19 13:51:52,390 | INFO  | Spring context 'gamification-github' initialized in 569ms [i.m.s.kernel.PortalApplicationContext<main>] 
2026-08-19 13:51:52,390 | INFO  | Continue Spring context 'gamification-twitter' initialization [i.m.s.kernel.PortalApplicationContext<main>] 
2026-08-19 13:51:53,103 | INFO  | Global AuthenticationManager configured with AuthenticationProvider bean with name portalAuthenticationManager [o.s.s.c.a.a.c.InitializeAuthenticationProviderBeanManagerConfigurer$InitializeAuthenticationProviderManagerConfigurer<main>] 
2026-08-19 13:51:53,429 | INFO  | Spring context 'gamification-twitter' initialized in 1039ms [i.m.s.kernel.PortalApplicationContext<main>] 
2026-08-19 13:51:53,430 | INFO  | Continue Spring context 'ide' initialization [i.m.s.kernel.PortalApplicationContext<main>] 
2026-08-19 13:51:53,735 | INFO  | Global AuthenticationManager configured with AuthenticationProvider bean with name portalAuthenticationManager [o.s.s.c.a.a.c.InitializeAuthenticationProviderBeanManagerConfigurer$InitializeAuthenticationProviderManagerConfigurer<main>] 
2026-08-19 13:51:54,034 | INFO  | Spring context 'ide' initialized in 604ms [i.m.s.kernel.PortalApplicationContext<main>] 
2026-08-19 13:51:54,034 | INFO  | Continue Spring context 'pwa' initialization [i.m.s.kernel.PortalApplicationContext<main>] 
2026-08-19 13:51:54,559 | INFO  | Global AuthenticationManager configured with AuthenticationProvider bean with name portalAuthenticationManager [o.s.s.c.a.a.c.InitializeAuthenticationProviderBeanManagerConfigurer$InitializeAuthenticationProviderManagerConfigurer<main>] 
2026-08-19 13:51:54,870 | INFO  | Spring context 'pwa' initialized in 836ms [i.m.s.kernel.PortalApplicationContext<main>] 
2026-08-19 13:51:54,870 | INFO  | Continue Spring context 'webdav' initialization [i.m.s.kernel.PortalApplicationContext<main>] 
2026-08-19 13:51:54,912 | INFO  | HikariPool-2 - Starting... [com.zaxxer.hikari.HikariDataSource<main>] 
2026-08-19 13:51:54,962 | INFO  | HikariPool-2 - Driver does not support get/set network timeout for connections. (feature not supported) [com.zaxxer.hikari.pool.PoolBase<main>] 
2026-08-19 13:51:54,963 | INFO  | HikariPool-2 - Added connection org.hsqldb.jdbc.JDBCConnection@65a18402 [com.zaxxer.hikari.pool.HikariPool<main>] 
2026-08-19 13:51:54,963 | INFO  | HikariPool-2 - Start completed. [com.zaxxer.hikari.HikariDataSource<main>] 
2026-08-19 13:51:55,024 | INFO  | No LoadTimeWeaver setup: ignoring JPA class transformer [o.s.o.j.p.SpringPersistenceUnitInfo<main>] 
2026-08-19 13:51:55,072 | INFO  | Initialized JPA EntityManagerFactory for persistence unit 'default' [o.s.o.j.LocalContainerEntityManagerFactoryBean<main>] 
2026-08-19 13:51:55,280 | INFO  | Global AuthenticationManager configured with AuthenticationProvider bean with name authenticationManager [o.s.s.c.a.a.c.InitializeAuthenticationProviderBeanManagerConfigurer$InitializeAuthenticationProviderManagerConfigurer<main>] 
2026-08-19 13:51:55,592 | INFO  | Spring context 'webdav' initialized in 722ms [i.m.s.kernel.PortalApplicationContext<main>] 
2026-08-19 13:51:55,592 | INFO  | Continue Spring context 'mcp-server' initialization [i.m.s.kernel.PortalApplicationContext<main>] 
2026-08-19 13:51:56,119 | INFO  | Local Server HTTP URL: http://127.0.0.1:8080 [i.m.m.s.service.ServerAddressInfoService<main>] 
2026-08-19 13:51:56,434 | INFO  | Retrieved ToolCallbacks: 76 [i.m.m.s.s.McpToolCallbackProviderService<main>] 
2026-08-19 13:51:56,577 | INFO  | Enable tools capabilities, notification: true [o.s.a.m.s.c.a.McpServerAutoConfiguration<main>] 
2026-08-19 13:51:56,579 | INFO  | Registered tools: 76 [o.s.a.m.s.c.a.McpServerAutoConfiguration<main>] 
2026-08-19 13:51:56,681 | INFO  | Retrieved ToolCallbacks: 76 [i.m.m.s.s.McpToolCallbackProviderService<main>] 
2026-08-19 13:51:56,859 | INFO  | Spring context 'mcp-server' initialized in 1267ms [i.m.s.kernel.PortalApplicationContext<main>] 
2026-08-19 13:51:56,859 | INFO  | Continue Spring context 'matrix' initialization [i.m.s.kernel.PortalApplicationContext<main>] 
2026-08-19 13:51:57,102 | INFO  | Global AuthenticationManager configured with AuthenticationProvider bean with name portalAuthenticationManager [o.s.s.c.a.a.c.InitializeAuthenticationProviderBeanManagerConfigurer$InitializeAuthenticationProviderManagerConfigurer<main>] 
2026-08-19 13:51:57,477 | INFO  | Spring context 'matrix' initialized in 618ms [i.m.s.kernel.PortalApplicationContext<main>] 
2026-08-19 13:51:57,669 | INFO  | Cometd configured with type null [org.cometd.server.CometDServlet<main>] 
2026-08-19 13:51:58,537 | INFO  | The WebAppController has been successfully initialized for the portal 'portal' [o.g.portal.application.PortalController<main>] 
2026-08-19 13:51:58,540 | INFO  | Proceed on resources caching initialization [o.e.p.a.ResourceInitContainerLifecyclePlugin<main>] 
2026-08-19 13:51:58,540 | INFO  | Start caching Javascript data [o.e.w.a.j.JavascriptConfigService<main>] 
2026-08-19 13:51:58,547 | INFO  | Start caching CSS data [portal.SkinService<main>] 
2026-08-19 13:51:58,662 | INFO  | The portal container 'portal' has been created successfully [exo.kernel.container.RootContainer<main>] 
2026-08-19 13:51:58,670 | INFO  | Starting ProtocolHandler ["http-nio-0.0.0.0-8080"] [o.apache.coyote.http11.Http11NioProtocol<main>] 
2026-08-19 13:51:58,732 | INFO  | Server startup in [385669] milliseconds [org.apache.catalina.startup.Catalina<main>] 
2026-08-19 13:52:00,671 | INFO  | End caching CSS data within 2124ms [portal.SkinService<pool-38-thread-1>] 
2026-08-19 13:52:26,941 | WARN  | GROUP/SpacesAdministration.js:6:4095: WARNING - [JSC_UNREACHABLE_CODE] unreachable code
 [o.g.p.controller.resource.ScriptLoader<pool-37-thread-1>] 
2026-08-19 13:52:26,944 | WARN  | 0 error(s), 1 warning(s) [o.g.p.controller.resource.ScriptLoader<pool-37-thread-1>] 
2026-08-19 13:52:31,258 | WARN  | File not found: /js/loginCommon.bundle.js [o.g.p.controller.resource.script.Module<ForkJoinPool.commonPool-worker-3>] 
2026-08-19 13:52:40,795 | WARN  | GROUP/contentLinkGRP.js:6:613: WARNING - [JSC_UNREACHABLE_CODE] unreachable code
 [o.g.p.controller.resource.ScriptLoader<pool-37-thread-1>] 
2026-08-19 13:52:40,796 | WARN  | 0 error(s), 1 warning(s) [o.g.p.controller.resource.ScriptLoader<pool-37-thread-1>] 
2026-08-19 13:52:52,217 | WARN  | File not found: /js/metamaskSetupForm.js [o.g.p.controller.resource.script.Module<ForkJoinPool.commonPool-worker-3>] 
2026-08-19 13:52:57,049 | INFO  | End caching Javascript data within 58509ms [o.e.w.a.j.JavascriptConfigService<pool-37-thread-1>] 
2026-08-19 13:53:48,874 | INFO  | Create ES Mapping for field 'count' with type 'long' [i.m.a.e.s.ElasticsearchAnalyticsStorage<Analytics-ingestor-1>] 
2026-08-19 13:53:49,276 | INFO  | Create ES Mapping for field 'countType' with type 'keyword' [i.m.a.e.s.ElasticsearchAnalyticsStorage<Analytics-ingestor-1>] 
2026-08-19 13:55:00,002 | INFO  | Start treating GroupSpaceBinding queue [o.e.s.c.b.job.QueueGroupSpaceBindingJob<ExoScheduler_Worker-10>] 
2026-08-19 13:55:00,005 | INFO  | No GroupSpaceBindingQueue or UserBindingsQueue to process [o.e.s.c.b.job.QueueGroupSpaceBindingJob<ExoScheduler_Worker-10>] 
2026-08-19 13:55:00,006 | INFO  | End treating GroupSpaceBinding queue [o.e.s.c.b.job.QueueGroupSpaceBindingJob<ExoScheduler_Worker-10>] 
2026-08-19 13:55:53,440 | WARN  | Login failed for root [e.c.c.security.core.DefaultLoginModule<http-nio-0.0.0.0-8080-exec-2>] 
2026-08-19 13:55:54,081 | ERROR | Error while handling request [portal:PortalRequestHandler<http-nio-0.0.0.0-8080-exec-2>] 
org.exoplatform.groovyscript.TemplateRuntimeException: Groovy template exception at DataText[pos=Position[col=1,line=12],data=  uicomponent.renderChildren();] for template system:/groovy/portal/webui/workspace/UIPortalApplicationChildren.gtmpl
	at org.exoplatform.groovyscript.GroovyScript.buildRuntimeException(GroovyScript.java:146)
	at org.exoplatform.groovyscript.GroovyScript.render(GroovyScript.java:102)
	at org.exoplatform.groovyscript.GroovyTemplate.render(GroovyTemplate.java:121)
	at org.exoplatform.groovyscript.text.TemplateService.merge(TemplateService.java:138)
	at org.exoplatform.webui.core.lifecycle.Lifecycle.renderTemplate(Lifecycle.java:110)
	at org.exoplatform.portal.webui.workspace.UIPortalApplicationLifecycle.processRender(UIPortalApplicationLifecycle.java:140)
	at org.exoplatform.portal.webui.workspace.UIPortalApplicationLifecycle.processRender(UIPortalApplicationLifecycle.java:98)
	at org.exoplatform.portal.webui.workspace.UIPortalApplicationLifecycle.processRender(UIPortalApplicationLifecycle.java:36)
	at org.exoplatform.webui.core.UIComponent.processRender(UIComponent.java:119)
	at org.exoplatform.portal.webui.workspace.UIPortalApplication.processRender(UIPortalApplication.java:695)
	at org.exoplatform.portal.application.PortalRequestHandler.processRequest(PortalRequestHandler.java:268)
	at org.exoplatform.portal.application.PortalRequestHandler.processRequest(PortalRequestHandler.java:196)
	at org.exoplatform.portal.application.PortalRequestHandler.execute(PortalRequestHandler.java:162)
	at org.exoplatform.web.WebAppController.service(WebAppController.java:351)
	at org.exoplatform.portal.application.PortalController.onService(PortalController.java:109)
	at org.exoplatform.container.web.AbstractHttpServlet.service(AbstractHttpServlet.java:133)
	at jakarta.servlet.http.HttpServlet.service(HttpServlet.java:658)
	at org.apache.catalina.core.ApplicationFilterChain.internalDoFilter(ApplicationFilterChain.java:193)
	at org.apache.catalina.core.ApplicationFilterChain.doFilter(ApplicationFilterChain.java:138)
	at org.apache.tomcat.websocket.server.WsFilter.doFilter(WsFilter.java:51)
	at org.apache.catalina.core.ApplicationFilterChain.internalDoFilter(ApplicationFilterChain.java:162)
	at org.apache.catalina.core.ApplicationFilterChain.doFilter(ApplicationFilterChain.java:138)
	at org.exoplatform.portal.application.localization.LocalizationFilter.doFilter(LocalizationFilter.java:141)
	at org.apache.catalina.core.ApplicationFilterChain.internalDoFilter(ApplicationFilterChain.java:162)
	at org.apache.catalina.core.ApplicationFilterChain.doFilter(ApplicationFilterChain.java:138)
	at org.apache.catalina.core.ApplicationDispatcher.invoke(ApplicationDispatcher.java:610)
	at org.apache.catalina.core.ApplicationDispatcher.processRequest(ApplicationDispatcher.java:392)
	at org.apache.catalina.core.ApplicationDispatcher.doForward(ApplicationDispatcher.java:321)
	at org.apache.catalina.core.ApplicationDispatcher.forward(ApplicationDispatcher.java:266)
	at org.apache.catalina.authenticator.FormAuthenticator.forwardToErrorPage(FormAuthenticator.java:486)
	at org.apache.catalina.authenticator.FormAuthenticator.doAuthenticate(FormAuthenticator.java:270)
	at org.apache.catalina.authenticator.AuthenticatorBase.invoke(AuthenticatorBase.java:575)
	at org.gatein.sso.integration.SSODelegateValve.invoke(SSODelegateValve.java:136)
	at org.gatein.sso.agent.tomcat.ServletAccessValve.invoke(ServletAccessValve.java:50)
	at org.apache.catalina.valves.ErrorReportValve.invoke(ErrorReportValve.java:83)
	at org.gatein.sso.agent.tomcat.ServletAccessValve.invoke(ServletAccessValve.java:50)
	at org.apache.catalina.core.StandardHostValve.invoke(StandardHostValve.java:113)
	at org.apache.catalina.valves.AbstractAccessLogValve.invoke(AbstractAccessLogValve.java:782)
	at org.apache.catalina.valves.RemoteIpValve.invoke(RemoteIpValve.java:733)
	at org.apache.catalina.valves.ErrorReportValve.invoke(ErrorReportValve.java:83)
	at org.apache.catalina.authenticator.SingleSignOn.invoke(SingleSignOn.java:267)
	at org.apache.catalina.core.StandardEngineValve.invoke(StandardEngineValve.java:72)
	at org.apache.catalina.connector.CoyoteAdapter.service(CoyoteAdapter.java:342)
	at org.apache.coyote.http11.Http11Processor.service(Http11Processor.java:399)
	at org.apache.coyote.AbstractProcessorLight.process(AbstractProcessorLight.java:63)
	at org.apache.coyote.AbstractProtocol$ConnectionHandler.process(AbstractProtocol.java:1272)
	at org.apache.tomcat.util.net.NioEndpoint$SocketProcessor.doRun(NioEndpoint.java:1797)
	at org.apache.tomcat.util.net.SocketProcessorBase.run(SocketProcessorBase.java:52)
	at org.apache.tomcat.util.threads.ThreadPoolExecutor.runWorker(ThreadPoolExecutor.java:973)
	at org.apache.tomcat.util.threads.ThreadPoolExecutor$Worker.run(ThreadPoolExecutor.java:491)
	at org.apache.tomcat.util.threads.TaskThread$WrappingRunnable.run(TaskThread.java:63)
	at java.base/java.lang.Thread.run(Thread.java:1583)
Caused by: org.exoplatform.groovyscript.TemplateRuntimeException: Groovy template exception at DataText[pos=Position[col=6,line=2],data=uicomponent.renderChildren()] for template system:/groovy/portal/webui/workspace/UIWorkingWorkspace.gtmpl
	at org.exoplatform.groovyscript.GroovyScript.buildRuntimeException(GroovyScript.java:146)
	at org.exoplatform.groovyscript.GroovyScript.render(GroovyScript.java:102)
	at org.exoplatform.groovyscript.GroovyTemplate.render(GroovyTemplate.java:121)
	at org.exoplatform.groovyscript.text.TemplateService.merge(TemplateService.java:138)
	at org.exoplatform.webui.core.lifecycle.Lifecycle.renderTemplate(Lifecycle.java:110)
	at org.exoplatform.webui.core.lifecycle.Lifecycle.processRender(Lifecycle.java:76)
	at org.exoplatform.webui.core.UIComponent.processRender(UIComponent.java:119)
	at org.exoplatform.webui.core.UIContainer.renderChildren(UIContainer.java:281)
	at org.exoplatform.webui.core.UIContainer.renderChildren(UIContainer.java:275)
	at org.exoplatform.webui.core.UIApplication.renderChildren(UIApplication.java:106)
	at org.exoplatform.webui.core.UIApplication$renderChildren.call(Unknown Source)
	at org.codehaus.groovy.runtime.callsite.CallSiteArray.defaultCall(CallSiteArray.java:47)
	at org.codehaus.groovy.runtime.callsite.AbstractCallSite.call(AbstractCallSite.java:116)
	at org.codehaus.groovy.runtime.callsite.AbstractCallSite.call(AbstractCallSite.java:120)
	at UIPortalApplicationChildren.run(UIPortalApplicationChildren.gtmpl:12)
	at org.exoplatform.groovyscript.GroovyScript.render(GroovyScript.java:97)
	... 50 common frames omitted
Caused by: java.lang.NullPointerException: Cannot invoke "org.exoplatform.services.security.ConversationState.getIdentity()" because the return value of "org.exoplatform.services.security.ConversationState.getCurrent()" is null
	at org.exoplatform.portal.webui.portal.UIPortalComponent.hasAccessPermission(UIPortalComponent.java:82)
	at org.exoplatform.portal.webui.portal.UIPortalComponent.processRender(UIPortalComponent.java:88)
	at org.exoplatform.portal.webui.container.UIContainer.processRender(UIContainer.java:95)
	at org.exoplatform.webui.core.UIComponentDecorator$UIComponentDecoratorLifecycle.processRender(UIComponentDecorator.java:111)
	at org.exoplatform.webui.core.UIComponentDecorator$UIComponentDecoratorLifecycle.processRender(UIComponentDecorator.java:100)
	at org.exoplatform.webui.core.UIComponent.processRender(UIComponent.java:119)
	at org.exoplatform.webui.core.UIContainer.renderChildren(UIContainer.java:281)
	at org.exoplatform.webui.core.UIContainer.renderChildren(UIContainer.java:275)
	at org.exoplatform.webui.core.UIContainer$renderChildren.call(Unknown Source)
	at org.codehaus.groovy.runtime.callsite.CallSiteArray.defaultCall(CallSiteArray.java:47)
	at org.codehaus.groovy.runtime.callsite.AbstractCallSite.call(AbstractCallSite.java:116)
	at org.codehaus.groovy.runtime.callsite.AbstractCallSite.call(AbstractCallSite.java:120)
	at UIWorkingWorkspace.run(UIWorkingWorkspace.gtmpl:2)
	at org.exoplatform.groovyscript.GroovyScript.render(GroovyScript.java:97)
	... 64 common frames omitted
2026-08-19 14:00:00,019 | INFO  | Start treating GroupSpaceBinding queue [o.e.s.c.b.job.QueueGroupSpaceBindingJob<ExoScheduler_Worker-16>] 
2026-08-19 14:00:00,022 | INFO  | No GroupSpaceBindingQueue or UserBindingsQueue to process [o.e.s.c.b.job.QueueGroupSpaceBindingJob<ExoScheduler_Worker-16>] 
2026-08-19 14:00:00,022 | INFO  | End treating GroupSpaceBinding queue [o.e.s.c.b.job.QueueGroupSpaceBindingJob<ExoScheduler_Worker-16>] 
2026-08-19 14:00:26,344 | INFO  | Index closed: /srv/exo/jcr/index/collaboration_portal [exo.jcr.component.core.SearchIndex<Thread-2>] 
2026-08-19 14:00:26,348 | INFO  | Index closed: /srv/exo/jcr/index/dms-system_portal [exo.jcr.component.core.SearchIndex<Thread-2>] 
2026-08-19 14:00:26,350 | INFO  | Index closed: /srv/exo/jcr/index/system_portal_system [exo.jcr.component.core.SearchIndex<Thread-2>] 
2026-08-19 14:00:26,352 | INFO  | Index closed: /srv/exo/jcr/index/system_portal [exo.jcr.component.core.SearchIndex<Thread-2>] 
2026-08-19 14:00:26,374 | INFO  | Scheduler ExoScheduler_$_NON_CLUSTERED shutting down. [org.quartz.core.QuartzScheduler<Thread-2>] 
2026-08-19 14:00:26,375 | INFO  | Scheduler ExoScheduler_$_NON_CLUSTERED paused. [org.quartz.core.QuartzScheduler<Thread-2>] 
2026-08-19 14:00:26,876 | INFO  | Scheduler ExoScheduler_$_NON_CLUSTERED shutdown complete. [org.quartz.core.QuartzScheduler<Thread-2>] 
2026-08-19 14:00:26,877 | INFO  | Cloud Drive service successfuly stopped [o.e.s.cms.clouddrives.CloudDriveService<Thread-2>] 
2026-08-19 14:00:26,884 | INFO  | Onlyoffice  Editor service successfuly stopped [o.e.o.OnlyofficeEditorServiceImpl<Thread-2>] 
2026-08-19 14:00:26,886 | INFO  | All temp files were deleted [o.e.d.s.j.b.BulkStorageActionService<Thread-2>] 
2026-08-19 14:00:26,908 | INFO  | ServerSessionImpl@21e4fdb3[onlyoffice_1c96fiyrf6q8ffio7lw4wy44n,CONNECTED,q=0,cycle=9223372036854775807,last=0,expire=0,scheduler=None@37ac44ee[cycle=9223372036854775807],endPoint=null] denied creation of channel /meta/unsubscribe by org.mortbay.cometd.continuation.EXoContinuationBayeux$EXoSecurityPolicy@c8c024c [o.m.c.c.EXoContinuationBayeux@4678e08e<Thread-2>] 
2026-08-19 14:00:26,909 | INFO  | ServerSessionImpl@21e4fdb3[onlyoffice_1c96fiyrf6q8ffio7lw4wy44n,CONNECTED,q=0,cycle=9223372036854775807,last=0,expire=0,scheduler=None@37ac44ee[cycle=9223372036854775807],endPoint=null] denied creation of channel /meta/disconnect by org.mortbay.cometd.continuation.EXoContinuationBayeux$EXoSecurityPolicy@c8c024c [o.m.c.c.EXoContinuationBayeux@4678e08e<Thread-2>] 
2026-08-19 14:00:26,909 | INFO  | ServerSessionImpl@2494bfe6[webconferencing_2b0ev2r2eiayhlqxygd0rdw0l,CONNECTED,q=0,cycle=9223372036854775807,last=0,expire=0,scheduler=None@2ae5d076[cycle=9223372036854775807],endPoint=null] denied creation of channel /meta/unsubscribe by org.mortbay.cometd.continuation.EXoContinuationBayeux$EXoSecurityPolicy@c8c024c [o.m.c.c.EXoContinuationBayeux@4678e08e<Thread-2>] 
2026-08-19 14:00:26,909 | INFO  | ServerSessionImpl@2494bfe6[webconferencing_2b0ev2r2eiayhlqxygd0rdw0l,CONNECTED,q=0,cycle=9223372036854775807,last=0,expire=0,scheduler=None@2ae5d076[cycle=9223372036854775807],endPoint=null] denied creation of channel /meta/unsubscribe by org.mortbay.cometd.continuation.EXoContinuationBayeux$EXoSecurityPolicy@c8c024c [o.m.c.c.EXoContinuationBayeux@4678e08e<Thread-2>] 
2026-08-19 14:00:26,910 | INFO  | ServerSessionImpl@2494bfe6[webconferencing_2b0ev2r2eiayhlqxygd0rdw0l,CONNECTED,q=0,cycle=9223372036854775807,last=0,expire=0,scheduler=None@2ae5d076[cycle=9223372036854775807],endPoint=null] denied creation of channel /meta/disconnect by org.mortbay.cometd.continuation.EXoContinuationBayeux$EXoSecurityPolicy@c8c024c [o.m.c.c.EXoContinuationBayeux@4678e08e<Thread-2>] 
2026-08-19 14:00:26,910 | INFO  | ServerSessionImpl@2907ecbe[documents_3t4vu5m3fg2so15z0y29g72v6s,CONNECTED,q=0,cycle=9223372036854775807,last=0,expire=0,scheduler=None@7f3b7af0[cycle=9223372036854775807],endPoint=null] denied creation of channel /meta/unsubscribe by org.mortbay.cometd.continuation.EXoContinuationBayeux$EXoSecurityPolicy@c8c024c [o.m.c.c.EXoContinuationBayeux@4678e08e<Thread-2>] 
2026-08-19 14:00:26,910 | INFO  | ServerSessionImpl@2907ecbe[documents_3t4vu5m3fg2so15z0y29g72v6s,CONNECTED,q=0,cycle=9223372036854775807,last=0,expire=0,scheduler=None@7f3b7af0[cycle=9223372036854775807],endPoint=null] denied creation of channel /meta/disconnect by org.mortbay.cometd.continuation.EXoContinuationBayeux$EXoSecurityPolicy@c8c024c [o.m.c.c.EXoContinuationBayeux@4678e08e<Thread-2>] 
2026-08-19 14:00:26,910 | INFO  | Set the top container in its context [e.kernel.container.ExoContainerContext<Thread-2>] 
