#logback.classic pattern: %date{ISO8601} | %-5level | %msg [%logger{40}<%thread>] %n%xEx
2026-08-12 13:41:41,407 | INFO  | Server version name:   Apache Tomcat/10.1.55 [o.a.c.startup.VersionLoggerListener<main>] 
2026-08-12 13:41:41,408 | INFO  | Server built:          May 5 2026 13:33:02 UTC [o.a.c.startup.VersionLoggerListener<main>] 
2026-08-12 13:41:41,409 | INFO  | Server version number: 10.1.55.0 [o.a.c.startup.VersionLoggerListener<main>] 
2026-08-12 13:41:41,409 | INFO  | OS Name:               Linux [o.a.c.startup.VersionLoggerListener<main>] 
2026-08-12 13:41:41,409 | INFO  | OS Version:            6.8.0-137-generic [o.a.c.startup.VersionLoggerListener<main>] 
2026-08-12 13:41:41,409 | INFO  | Architecture:          amd64 [o.a.c.startup.VersionLoggerListener<main>] 
2026-08-12 13:41:41,409 | INFO  | Java Home:             /usr/lib/jvm/zulu21-ca-amd64 [o.a.c.startup.VersionLoggerListener<main>] 
2026-08-12 13:41:41,409 | INFO  | JVM Version:           21.0.11+10-LTS [o.a.c.startup.VersionLoggerListener<main>] 
2026-08-12 13:41:41,409 | INFO  | JVM Vendor:            Azul Systems, Inc. [o.a.c.startup.VersionLoggerListener<main>] 
2026-08-12 13:41:41,409 | INFO  | CATALINA_BASE:         /opt/exo [o.a.c.startup.VersionLoggerListener<main>] 
2026-08-12 13:41:41,410 | INFO  | CATALINA_HOME:         /opt/exo [o.a.c.startup.VersionLoggerListener<main>] 
2026-08-12 13:41:41,411 | INFO  | Command line argument: --add-opens=java.base/java.io=ALL-UNNAMED [o.a.c.startup.VersionLoggerListener<main>] 
2026-08-12 13:41:41,411 | INFO  | Command line argument: --add-opens=java.base/java.lang=ALL-UNNAMED [o.a.c.startup.VersionLoggerListener<main>] 
2026-08-12 13:41:41,413 | INFO  | Command line argument: --add-opens=java.base/java.lang.invoke=ALL-UNNAMED [o.a.c.startup.VersionLoggerListener<main>] 
2026-08-12 13:41:41,413 | INFO  | Command line argument: --add-opens=java.base/java.lang.reflect=ALL-UNNAMED [o.a.c.startup.VersionLoggerListener<main>] 
2026-08-12 13:41:41,413 | INFO  | Command line argument: --add-opens=java.base/java.lang.module=ALL-UNNAMED [o.a.c.startup.VersionLoggerListener<main>] 
2026-08-12 13:41:41,413 | INFO  | Command line argument: --add-opens=java.base/jdk.internal.module=ALL-UNNAMED [o.a.c.startup.VersionLoggerListener<main>] 
2026-08-12 13:41:41,414 | INFO  | Command line argument: --add-opens=java.base/java.math=ALL-UNNAMED [o.a.c.startup.VersionLoggerListener<main>] 
2026-08-12 13:41:41,414 | INFO  | Command line argument: --add-opens=java.base/java.net=ALL-UNNAMED [o.a.c.startup.VersionLoggerListener<main>] 
2026-08-12 13:41:41,414 | INFO  | Command line argument: --add-opens=java.base/java.nio=ALL-UNNAMED [o.a.c.startup.VersionLoggerListener<main>] 
2026-08-12 13:41:41,414 | INFO  | Command line argument: --add-opens=java.base/java.text=ALL-UNNAMED [o.a.c.startup.VersionLoggerListener<main>] 
2026-08-12 13:41:41,414 | INFO  | Command line argument: --add-opens=java.base/java.util=ALL-UNNAMED [o.a.c.startup.VersionLoggerListener<main>] 
2026-08-12 13:41:41,414 | INFO  | Command line argument: --add-opens=java.base/java.util.concurrent=ALL-UNNAMED [o.a.c.startup.VersionLoggerListener<main>] 
2026-08-12 13:41:41,414 | INFO  | Command line argument: --add-opens=java.base/java.util.concurrent.atomic=ALL-UNNAMED [o.a.c.startup.VersionLoggerListener<main>] 
2026-08-12 13:41:41,414 | INFO  | Command line argument: --add-opens=java.base/sun.nio.ch=ALL-UNNAMED [o.a.c.startup.VersionLoggerListener<main>] 
2026-08-12 13:41:41,414 | INFO  | Command line argument: --add-opens=java.management/java.lang.management=ALL-UNNAMED [o.a.c.startup.VersionLoggerListener<main>] 
2026-08-12 13:41:41,414 | INFO  | Command line argument: --add-opens=java.desktop/java.awt.font=ALL-UNNAMED [o.a.c.startup.VersionLoggerListener<main>] 
2026-08-12 13:41:41,414 | INFO  | Command line argument: --add-opens=java.rmi/sun.rmi.transport=ALL-UNNAMED [o.a.c.startup.VersionLoggerListener<main>] 
2026-08-12 13:41:41,415 | INFO  | Command line argument: --add-opens=java.xml/com.sun.org.apache.xerces.internal.util=ALL-UNNAMED [o.a.c.startup.VersionLoggerListener<main>] 
2026-08-12 13:41:41,415 | INFO  | Command line argument: --add-opens=java.xml/com.sun.org.apache.xerces.internal.parsers=ALL-UNNAMED [o.a.c.startup.VersionLoggerListener<main>] 
2026-08-12 13:41:41,415 | INFO  | Command line argument: --add-opens=java.base/java.time=ALL-UNNAMED [o.a.c.startup.VersionLoggerListener<main>] 
2026-08-12 13:41:41,415 | INFO  | Command line argument: --add-opens=java.base/sun.security.util=ALL-UNNAMED [o.a.c.startup.VersionLoggerListener<main>] 
2026-08-12 13:41:41,415 | INFO  | Command line argument: --add-opens=java.base/sun.net.www.protocol.http=ALL-UNNAMED [o.a.c.startup.VersionLoggerListener<main>] 
2026-08-12 13:41:41,415 | INFO  | Command line argument: --add-opens=java.base/sun.net.www.protocol.https=ALL-UNNAMED [o.a.c.startup.VersionLoggerListener<main>] 
2026-08-12 13:41:41,415 | INFO  | Command line argument: --add-opens=java.base/sun.net.www.protocol.jar=ALL-UNNAMED [o.a.c.startup.VersionLoggerListener<main>] 
2026-08-12 13:41:41,415 | INFO  | Command line argument: --add-opens=java.base/javax.net.ssl=ALL-UNNAMED [o.a.c.startup.VersionLoggerListener<main>] 
2026-08-12 13:41:41,415 | INFO  | Command line argument: --add-opens=java.base/java.util.zip=ALL-UNNAMED [o.a.c.startup.VersionLoggerListener<main>] 
2026-08-12 13:41:41,415 | INFO  | Command line argument: --add-opens=java.base/java.util.jar=ALL-UNNAMED [o.a.c.startup.VersionLoggerListener<main>] 
2026-08-12 13:41:41,415 | INFO  | Command line argument: --add-opens=java.base/java.util.regex=ALL-UNNAMED [o.a.c.startup.VersionLoggerListener<main>] 
2026-08-12 13:41:41,416 | INFO  | Command line argument: --add-opens=java.base/java.security=ALL-UNNAMED [o.a.c.startup.VersionLoggerListener<main>] 
2026-08-12 13:41:41,416 | INFO  | Command line argument: --add-opens=java.base/java.nio.channels=ALL-UNNAMED [o.a.c.startup.VersionLoggerListener<main>] 
2026-08-12 13:41:41,416 | INFO  | Command line argument: --add-opens=java.base/java.nio.channels.spi=ALL-UNNAMED [o.a.c.startup.VersionLoggerListener<main>] 
2026-08-12 13:41:41,416 | INFO  | Command line argument: --add-opens=java.base/jdk.internal.reflect=ALL-UNNAMED [o.a.c.startup.VersionLoggerListener<main>] 
2026-08-12 13:41:41,416 | INFO  | Command line argument: --add-opens=java.xml/jdk.xml.internal=ALL-UNNAMED [o.a.c.startup.VersionLoggerListener<main>] 
2026-08-12 13:41:41,416 | INFO  | Command line argument: -Xverify:none [o.a.c.startup.VersionLoggerListener<main>] 
2026-08-12 13:41:41,417 | INFO  | Command line argument: -Djava.util.logging.config.file=/opt/exo/conf/logging.properties [o.a.c.startup.VersionLoggerListener<main>] 
2026-08-12 13:41:41,417 | INFO  | Command line argument: -Dnop [o.a.c.startup.VersionLoggerListener<main>] 
2026-08-12 13:41:41,417 | INFO  | Command line argument: -Donlyoffice.documentserver.host=192.168.1.59 [o.a.c.startup.VersionLoggerListener<main>] 
2026-08-12 13:41:41,417 | INFO  | Command line argument: -Donlyoffice.documentserver.schema=http [o.a.c.startup.VersionLoggerListener<main>] 
2026-08-12 13:41:41,417 | INFO  | Command line argument: -Donlyoffice.documentserver.allowedhosts=localhost,192.168.1.59 [o.a.c.startup.VersionLoggerListener<main>] 
2026-08-12 13:41:41,417 | INFO  | Command line argument: -Donlyoffice.documentserver.accessOnly=false [o.a.c.startup.VersionLoggerListener<main>] 
2026-08-12 13:41:41,417 | INFO  | Command line argument: -Donlyoffice.documentserver.secret=555bf430e350f4bf0d1dc2309fe21436cbe42b0384e90e1a58698c289a38afbd [o.a.c.startup.VersionLoggerListener<main>] 
2026-08-12 13:41:41,417 | INFO  | Command line argument: -DEXO_TOMCAT_UNPACK_WARS=true [o.a.c.startup.VersionLoggerListener<main>] 
2026-08-12 13:41:41,417 | INFO  | Command line argument: -DEXO_DEV=false [o.a.c.startup.VersionLoggerListener<main>] 
2026-08-12 13:41:41,417 | INFO  | Command line argument: -Djdk.tls.ephemeralDHKeySize=2048 [o.a.c.startup.VersionLoggerListener<main>] 
2026-08-12 13:41:41,418 | INFO  | Command line argument: -Djava.protocol.handler.pkgs=org.apache.catalina.webresources [o.a.c.startup.VersionLoggerListener<main>] 
2026-08-12 13:41:41,418 | INFO  | Command line argument: -Dsun.io.useCanonCaches=false [o.a.c.startup.VersionLoggerListener<main>] 
2026-08-12 13:41:41,418 | INFO  | Command line argument: -Dorg.apache.catalina.security.SecurityListener.UMASK=0022 [o.a.c.startup.VersionLoggerListener<main>] 
2026-08-12 13:41:41,418 | INFO  | Command line argument: --add-opens=java.base/java.lang=ALL-UNNAMED [o.a.c.startup.VersionLoggerListener<main>] 
2026-08-12 13:41:41,418 | INFO  | Command line argument: --add-opens=java.base/java.lang.reflect=ALL-UNNAMED [o.a.c.startup.VersionLoggerListener<main>] 
2026-08-12 13:41:41,418 | INFO  | Command line argument: --add-opens=java.base/java.io=ALL-UNNAMED [o.a.c.startup.VersionLoggerListener<main>] 
2026-08-12 13:41:41,418 | INFO  | Command line argument: --add-opens=java.base/java.util=ALL-UNNAMED [o.a.c.startup.VersionLoggerListener<main>] 
2026-08-12 13:41:41,418 | INFO  | Command line argument: --add-opens=java.base/java.util.concurrent=ALL-UNNAMED [o.a.c.startup.VersionLoggerListener<main>] 
2026-08-12 13:41:41,418 | INFO  | Command line argument: --add-opens=java.rmi/sun.rmi.transport=ALL-UNNAMED [o.a.c.startup.VersionLoggerListener<main>] 
2026-08-12 13:41:41,419 | INFO  | Command line argument: -Dlog4j2.formatMsgNoLookups=true [o.a.c.startup.VersionLoggerListener<main>] 
2026-08-12 13:41:41,419 | INFO  | Command line argument: -Dcom.sun.jndi.ldap.connect.pool.timeout=60000 [o.a.c.startup.VersionLoggerListener<main>] 
2026-08-12 13:41:41,419 | INFO  | Command line argument: -Dcom.sun.jndi.ldap.connect.pool.maxsize=100 [o.a.c.startup.VersionLoggerListener<main>] 
2026-08-12 13:41:41,419 | INFO  | Command line argument: -Dcom.sun.management.jmxremote=true [o.a.c.startup.VersionLoggerListener<main>] 
2026-08-12 13:41:41,419 | INFO  | Command line argument: -Dcom.sun.management.jmxremote.ssl=false [o.a.c.startup.VersionLoggerListener<main>] 
2026-08-12 13:41:41,419 | INFO  | Command line argument: -Djava.rmi.server.hostname=localhost [o.a.c.startup.VersionLoggerListener<main>] 
2026-08-12 13:41:41,419 | INFO  | Command line argument: -Dcom.sun.management.jmxremote.port=10001 [o.a.c.startup.VersionLoggerListener<main>] 
2026-08-12 13:41:41,420 | INFO  | Command line argument: -Dcom.sun.management.jmxremote.rmi.port=10002 [o.a.c.startup.VersionLoggerListener<main>] 
2026-08-12 13:41:41,420 | INFO  | Command line argument: -Dcom.sun.management.jmxremote.authenticate=false [o.a.c.startup.VersionLoggerListener<main>] 
2026-08-12 13:41:41,420 | INFO  | Command line argument: -Xlog:gc=info:file=/var/log/exo/platform-gc.log:time [o.a.c.startup.VersionLoggerListener<main>] 
2026-08-12 13:41:41,420 | INFO  | Command line argument: -Djava.security.egd=file:/dev/./urandom [o.a.c.startup.VersionLoggerListener<main>] 
2026-08-12 13:41:41,420 | INFO  | Command line argument: -Dexo.es.index.server.url=http://es:9200 [o.a.c.startup.VersionLoggerListener<main>] 
2026-08-12 13:41:41,420 | INFO  | Command line argument: -Dexo.es.search.server.url=http://es:9200 [o.a.c.startup.VersionLoggerListener<main>] 
2026-08-12 13:41:41,420 | INFO  | Command line argument: -Dexo.cluster.node.name= [o.a.c.startup.VersionLoggerListener<main>] 
2026-08-12 13:41:41,420 | INFO  | Command line argument: -Dexo.jcr.session.tracking.active=false [o.a.c.startup.VersionLoggerListener<main>] 
2026-08-12 13:41:41,420 | INFO  | Command line argument: -Xms512m [o.a.c.startup.VersionLoggerListener<main>] 
2026-08-12 13:41:41,420 | INFO  | Command line argument: -Xmx3g [o.a.c.startup.VersionLoggerListener<main>] 
2026-08-12 13:41:41,420 | INFO  | Command line argument: -XX:MaxMetaspaceSize=512m [o.a.c.startup.VersionLoggerListener<main>] 
2026-08-12 13:41:41,420 | INFO  | Command line argument: -Dsun.rmi.dgc.client.gcInterval=3600000 [o.a.c.startup.VersionLoggerListener<main>] 
2026-08-12 13:41:41,420 | INFO  | Command line argument: -Dsun.rmi.dgc.server.gcInterval=3600000 [o.a.c.startup.VersionLoggerListener<main>] 
2026-08-12 13:41:41,421 | INFO  | Command line argument: -Duser.language=en [o.a.c.startup.VersionLoggerListener<main>] 
2026-08-12 13:41:41,421 | INFO  | Command line argument: -Duser.region=US [o.a.c.startup.VersionLoggerListener<main>] 
2026-08-12 13:41:41,421 | INFO  | Command line argument: -Djava.net.preferIPv4Stack=true [o.a.c.startup.VersionLoggerListener<main>] 
2026-08-12 13:41:41,421 | INFO  | Command line argument: -Djava.awt.headless=true [o.a.c.startup.VersionLoggerListener<main>] 
2026-08-12 13:41:41,421 | INFO  | Command line argument: -Dexo.profiles=all [o.a.c.startup.VersionLoggerListener<main>] 
2026-08-12 13:41:41,421 | INFO  | Command line argument: -Dexo.conf.dir=/etc/exo [o.a.c.startup.VersionLoggerListener<main>] 
2026-08-12 13:41:41,421 | INFO  | Command line argument: -Dgatein.conf.dir=/etc/exo [o.a.c.startup.VersionLoggerListener<main>] 
2026-08-12 13:41:41,421 | INFO  | Command line argument: -Djava.security.auth.login.config=/opt/exo/conf/jaas.conf [o.a.c.startup.VersionLoggerListener<main>] 
2026-08-12 13:41:41,421 | INFO  | Command line argument: -Dexo.data.dir=/srv/exo [o.a.c.startup.VersionLoggerListener<main>] 
2026-08-12 13:41:41,421 | INFO  | Command line argument: -Dexo.jcr.data.dir=/srv/exo/jcr [o.a.c.startup.VersionLoggerListener<main>] 
2026-08-12 13:41:41,421 | INFO  | Command line argument: -Dexo.jcr.storage.data.dir=/srv/exo/jcr/values [o.a.c.startup.VersionLoggerListener<main>] 
2026-08-12 13:41:41,421 | INFO  | Command line argument: -Dexo.jcr.index.data.dir=/srv/exo/jcr/index [o.a.c.startup.VersionLoggerListener<main>] 
2026-08-12 13:41:41,422 | INFO  | Command line argument: -Dexo.files.storage.dir=/srv/exo/files [o.a.c.startup.VersionLoggerListener<main>] 
2026-08-12 13:41:41,422 | INFO  | Command line argument: -Dlogback.configurationFile=/opt/exo/conf/logback.xml [o.a.c.startup.VersionLoggerListener<main>] 
2026-08-12 13:41:41,422 | INFO  | Command line argument: -Dlogback.statusListenerClass=ch.qos.logback.core.status.NopStatusListener [o.a.c.startup.VersionLoggerListener<main>] 
2026-08-12 13:41:41,422 | INFO  | Command line argument: -Dliquibase.showBanner=false [o.a.c.startup.VersionLoggerListener<main>] 
2026-08-12 13:41:41,422 | INFO  | Command line argument: -Dliquibase.command.showSummary=OFF [o.a.c.startup.VersionLoggerListener<main>] 
2026-08-12 13:41:41,422 | INFO  | Command line argument: -Dliquibase.hub.mode=OFF [o.a.c.startup.VersionLoggerListener<main>] 
2026-08-12 13:41:41,422 | INFO  | Command line argument: -Dliquibase.logLevel=WARNING [o.a.c.startup.VersionLoggerListener<main>] 
2026-08-12 13:41:41,422 | INFO  | Command line argument: -Djavax.xml.stream.XMLOutputFactory=com.sun.xml.internal.stream.XMLOutputFactoryImpl [o.a.c.startup.VersionLoggerListener<main>] 
2026-08-12 13:41:41,422 | INFO  | Command line argument: -Djavax.xml.stream.XMLInputFactory=com.sun.xml.internal.stream.XMLInputFactoryImpl [o.a.c.startup.VersionLoggerListener<main>] 
2026-08-12 13:41:41,422 | INFO  | Command line argument: -Djavax.xml.stream.XMLEventFactory=com.sun.xml.internal.stream.events.XMLEventFactoryImpl [o.a.c.startup.VersionLoggerListener<main>] 
2026-08-12 13:41:41,422 | INFO  | Command line argument: -Djavax.xml.parsers.SAXParserFactory=com.sun.org.apache.xerces.internal.jaxp.SAXParserFactoryImpl [o.a.c.startup.VersionLoggerListener<main>] 
2026-08-12 13:41:41,422 | INFO  | Command line argument: -Djava.util.Arrays.useLegacyMergeSort=true [o.a.c.startup.VersionLoggerListener<main>] 
2026-08-12 13:41:41,423 | INFO  | Command line argument: -Djava.security.egd=file:/dev/./urandom [o.a.c.startup.VersionLoggerListener<main>] 
2026-08-12 13:41:41,423 | INFO  | Command line argument: -Dfile.encoding=UTF-8 [o.a.c.startup.VersionLoggerListener<main>] 
2026-08-12 13:41:41,423 | INFO  | Command line argument: -Dexo.cookie.samesite=Lax [o.a.c.startup.VersionLoggerListener<main>] 
2026-08-12 13:41:41,423 | INFO  | Command line argument: -Dcatalina.base=/opt/exo [o.a.c.startup.VersionLoggerListener<main>] 
2026-08-12 13:41:41,423 | INFO  | Command line argument: -Dcatalina.home=/opt/exo [o.a.c.startup.VersionLoggerListener<main>] 
2026-08-12 13:41:41,423 | INFO  | Command line argument: -Djava.io.tmpdir=/opt/exo/temp [o.a.c.startup.VersionLoggerListener<main>] 
2026-08-12 13:41:41,425 | INFO  | The Apache Tomcat Native library which allows using OpenSSL was not found on the java.library.path: [/usr/java/packages/lib:/usr/lib64:/lib64:/lib:/usr/lib] [o.a.catalina.core.AprLifecycleListener<main>] 
2026-08-12 13:41:42,083 | INFO  | The ["http-nio-0.0.0.0-8080"] connector has been configured to support HTTP upgrade to [h2c] [o.apache.coyote.http11.Http11NioProtocol<main>] 
2026-08-12 13:41:42,083 | INFO  | Initializing ProtocolHandler ["http-nio-0.0.0.0-8080"] [o.apache.coyote.http11.Http11NioProtocol<main>] 
2026-08-12 13:41:42,164 | INFO  | Server initialization in [3642] milliseconds [org.apache.catalina.startup.Catalina<main>] 
2026-08-12 13:41:43,948 | INFO  | Starting service [Catalina] [o.apache.catalina.core.StandardService<main>] 
2026-08-12 13:41:43,949 | INFO  | Starting Servlet engine: [Apache Tomcat/10.1.55] [org.apache.catalina.core.StandardEngine<main>] 
2026-08-12 13:41:44,074 | INFO  | Deploying web application archive [/opt/exo/webapps/rest.war] [org.apache.catalina.startup.HostConfig<Catalina-utility-1>] 
2026-08-12 13:41:44,110 | INFO  | Deploying web application archive [/opt/exo/webapps/mcp-server.war] [org.apache.catalina.startup.HostConfig<Catalina-utility-3>] 
2026-08-12 13:41:44,127 | INFO  | Deploying web application archive [/opt/exo/webapps/poll.war] [org.apache.catalina.startup.HostConfig<Catalina-utility-2>] 
2026-08-12 13:41:44,582 | INFO  | No Spring WebApplicationInitializer types detected on classpath [o.a.c.c.C.[Catalina].[localhost].[/rest]<Catalina-utility-1>] 
2026-08-12 13:41:44,592 | INFO  | 1 Spring WebApplicationInitializers detected on classpath [o.a.c.c.C.[.[localhost].[/mcp-server]<Catalina-utility-3>] 
2026-08-12 13:41:44,592 | INFO  | 1 Spring WebApplicationInitializers detected on classpath [o.a.c.c.C.[Catalina].[localhost].[/poll]<Catalina-utility-2>] 
2026-08-12 13:41:44,604 | INFO  | Building root container [exo.kernel.container.RootContainer<Catalina-utility-2>] 
2026-08-12 13:41:44,775 | INFO  | Override exo-conf directory '/opt/exo/exo-conf' with location '/etc/exo' [exo.kernel.container.J2EEServerInfo<Catalina-utility-2>] 
2026-08-12 13:41:44,779 | INFO  | Active profiles for Root container: [exo_community, all, tomcat] [exo.kernel.container.RootContainer<Catalina-utility-2>] 
2026-08-12 13:41:45,058 | INFO  | Including addon configuration file ar:/opt/exo/webapps/agenda.war!/META-INF/exo-conf/configuration.xml in portal container [exo.kernel.container.RootContainer<Catalina-utility-2>] 
2026-08-12 13:41:45,058 | INFO  | Including addon configuration file ar:/opt/exo/webapps/analytics.war!/META-INF/exo-conf/configuration.xml in portal container [exo.kernel.container.RootContainer<Catalina-utility-2>] 
2026-08-12 13:41:45,058 | INFO  | Including addon configuration file ar:/opt/exo/webapps/app-center.war!/META-INF/exo-conf/configuration.xml in portal container [exo.kernel.container.RootContainer<Catalina-utility-2>] 
2026-08-12 13:41:45,058 | INFO  | Including addon configuration file ar:/opt/exo/webapps/auth-server.war!/META-INF/exo-conf/configuration.xml in portal container [exo.kernel.container.RootContainer<Catalina-utility-2>] 
2026-08-12 13:41:45,058 | INFO  | Including addon configuration file ar:/opt/exo/webapps/commons-exo-extension.war!/META-INF/exo-conf/configuration.xml in portal container [exo.kernel.container.RootContainer<Catalina-utility-2>] 
2026-08-12 13:41:45,058 | INFO  | Including addon configuration file ar:/opt/exo/webapps/content.war!/META-INF/exo-conf/configuration.xml in portal container [exo.kernel.container.RootContainer<Catalina-utility-2>] 
2026-08-12 13:41:45,058 | INFO  | Including addon configuration file ar:/opt/exo/webapps/deeds-tenant.war!/META-INF/exo-conf/configuration.xml in portal container [exo.kernel.container.RootContainer<Catalina-utility-2>] 
2026-08-12 13:41:45,058 | INFO  | Including addon configuration file ar:/opt/exo/webapps/digital-workplace.war!/META-INF/exo-conf/configuration.xml in portal container [exo.kernel.container.RootContainer<Catalina-utility-2>] 
2026-08-12 13:41:45,058 | INFO  | Including addon configuration file ar:/opt/exo/webapps/documents-portlet.war!/META-INF/exo-conf/configuration.xml in portal container [exo.kernel.container.RootContainer<Catalina-utility-2>] 
2026-08-12 13:41:45,058 | INFO  | Including addon configuration file ar:/opt/exo/webapps/eXoResources.war!/META-INF/exo-conf/configuration.xml in portal container [exo.kernel.container.RootContainer<Catalina-utility-2>] 
2026-08-12 13:41:45,058 | INFO  | Including addon configuration file ar:/opt/exo/webapps/eXoSkin.war!/META-INF/exo-conf/configuration.xml in portal container [exo.kernel.container.RootContainer<Catalina-utility-2>] 
2026-08-12 13:41:45,058 | INFO  | Including addon configuration file ar:/opt/exo/webapps/external-visio.war!/META-INF/exo-conf/configuration.xml in portal container [exo.kernel.container.RootContainer<Catalina-utility-2>] 
2026-08-12 13:41:45,059 | INFO  | Including addon configuration file ar:/opt/exo/webapps/gamification-crowdin.war!/META-INF/exo-conf/configuration.xml in portal container [exo.kernel.container.RootContainer<Catalina-utility-2>] 
2026-08-12 13:41:45,059 | INFO  | Including addon configuration file ar:/opt/exo/webapps/gamification-evm.war!/META-INF/exo-conf/configuration.xml in portal container [exo.kernel.container.RootContainer<Catalina-utility-2>] 
2026-08-12 13:41:45,059 | INFO  | Including addon configuration file ar:/opt/exo/webapps/gamification-github.war!/META-INF/exo-conf/configuration.xml in portal container [exo.kernel.container.RootContainer<Catalina-utility-2>] 
2026-08-12 13:41:45,059 | INFO  | Including addon configuration file ar:/opt/exo/webapps/gamification-portlets.war!/META-INF/exo-conf/configuration.xml in portal container [exo.kernel.container.RootContainer<Catalina-utility-2>] 
2026-08-12 13:41:45,059 | INFO  | Including addon configuration file ar:/opt/exo/webapps/gamification-twitter.war!/META-INF/exo-conf/configuration.xml in portal container [exo.kernel.container.RootContainer<Catalina-utility-2>] 
2026-08-12 13:41:45,059 | INFO  | Including addon configuration file ar:/opt/exo/webapps/ide.war!/META-INF/exo-conf/configuration.xml in portal container [exo.kernel.container.RootContainer<Catalina-utility-2>] 
2026-08-12 13:41:45,059 | INFO  | Including addon configuration file ar:/opt/exo/webapps/kudos.war!/META-INF/exo-conf/configuration.xml in portal container [exo.kernel.container.RootContainer<Catalina-utility-2>] 
2026-08-12 13:41:45,059 | INFO  | Including addon configuration file ar:/opt/exo/webapps/layout.war!/META-INF/exo-conf/configuration.xml in portal container [exo.kernel.container.RootContainer<Catalina-utility-2>] 
2026-08-12 13:41:45,059 | INFO  | Including addon configuration file ar:/opt/exo/webapps/matrix.war!/META-INF/exo-conf/configuration.xml in portal container [exo.kernel.container.RootContainer<Catalina-utility-2>] 
2026-08-12 13:41:45,059 | INFO  | Including addon configuration file ar:/opt/exo/webapps/mcp-server.war!/META-INF/exo-conf/configuration.xml in portal container [exo.kernel.container.RootContainer<Catalina-utility-2>] 
2026-08-12 13:41:45,059 | INFO  | Including addon configuration file ar:/opt/exo/webapps/notes.war!/META-INF/exo-conf/configuration.xml in portal container [exo.kernel.container.RootContainer<Catalina-utility-2>] 
2026-08-12 13:41:45,059 | INFO  | Including addon configuration file ar:/opt/exo/webapps/onlyoffice.war!/META-INF/exo-conf/configuration.xml in portal container [exo.kernel.container.RootContainer<Catalina-utility-2>] 
2026-08-12 13:41:45,059 | INFO  | Including addon configuration file ar:/opt/exo/webapps/perk-store.war!/META-INF/exo-conf/configuration.xml in portal container [exo.kernel.container.RootContainer<Catalina-utility-2>] 
2026-08-12 13:41:45,059 | INFO  | Including addon configuration file ar:/opt/exo/webapps/platform-ui.war!/META-INF/exo-conf/configuration.xml in portal container [exo.kernel.container.RootContainer<Catalina-utility-2>] 
2026-08-12 13:41:45,059 | INFO  | Including addon configuration file ar:/opt/exo/webapps/plf-community.war!/META-INF/exo-conf/configuration.xml in portal container [exo.kernel.container.RootContainer<Catalina-utility-2>] 
2026-08-12 13:41:45,059 | INFO  | Including addon configuration file ar:/opt/exo/webapps/poll.war!/META-INF/exo-conf/configuration.xml in portal container [exo.kernel.container.RootContainer<Catalina-utility-2>] 
2026-08-12 13:41:45,060 | INFO  | Including addon configuration file ar:/opt/exo/webapps/processes.war!/META-INF/exo-conf/configuration.xml in portal container [exo.kernel.container.RootContainer<Catalina-utility-2>] 
2026-08-12 13:41:45,060 | INFO  | Including addon configuration file ar:/opt/exo/webapps/push-notifications.war!/META-INF/exo-conf/configuration.xml in portal container [exo.kernel.container.RootContainer<Catalina-utility-2>] 
2026-08-12 13:41:45,060 | INFO  | Including addon configuration file ar:/opt/exo/webapps/pwa.war!/META-INF/exo-conf/configuration.xml in portal container [exo.kernel.container.RootContainer<Catalina-utility-2>] 
2026-08-12 13:41:45,060 | INFO  | Including addon configuration file ar:/opt/exo/webapps/sites.war!/META-INF/exo-conf/configuration.xml in portal container [exo.kernel.container.RootContainer<Catalina-utility-2>] 
2026-08-12 13:41:45,060 | INFO  | Including addon configuration file ar:/opt/exo/webapps/task-management.war!/META-INF/exo-conf/configuration.xml in portal container [exo.kernel.container.RootContainer<Catalina-utility-2>] 
2026-08-12 13:41:45,060 | INFO  | Including addon configuration file ar:/opt/exo/webapps/wallet.war!/META-INF/exo-conf/configuration.xml in portal container [exo.kernel.container.RootContainer<Catalina-utility-2>] 
2026-08-12 13:41:45,060 | INFO  | Including addon configuration file ar:/opt/exo/webapps/webconferencing.war!/META-INF/exo-conf/configuration.xml in portal container [exo.kernel.container.RootContainer<Catalina-utility-2>] 
2026-08-12 13:41:45,060 | INFO  | Including addon configuration file ar:/opt/exo/webapps/webdav.war!/META-INF/exo-conf/configuration.xml in portal container [exo.kernel.container.RootContainer<Catalina-utility-2>] 
2026-08-12 13:41:45,495 | INFO  | Using property file file:/etc/exo/docker.properties to set configuration properties. [o.e.c.ExtendedPropertyConfigurator<Catalina-utility-2>] 
2026-08-12 13:41:45,500 | INFO  | Skipping configuration file file:/etc/exo/exo.properties. File doesn't exist. [o.e.c.ExtendedPropertyConfigurator<Catalina-utility-2>] 
2026-08-12 13:41:45,501 | INFO  | Using property file jar:file:/opt/exo/lib/plf-community-edition-service.jar!/conf/platform/configuration.properties to set configuration properties. [o.e.c.ExtendedPropertyConfigurator<Catalina-utility-2>] 
2026-08-12 13:41:45,512 | INFO  | Using property file jar:file:/opt/exo/lib/exo-jcr-services.jar!/conf/jcr-local.properties to set configuration properties. [o.e.c.ExtendedPropertyConfigurator<Catalina-utility-2>] 
2026-08-12 13:41:45,519 | INFO  | Using property file jar:file:/opt/exo/lib/exo-jcr-services.jar!/conf/jcr.properties to set configuration properties. [o.e.c.ExtendedPropertyConfigurator<Catalina-utility-2>] 
2026-08-12 13:41:45,528 | INFO  | LiquibaseDataInitializer created with : datasourceName=java:/comp/env/exo-jpa_portal, contexts=production [o.e.c.p.impl.LiquibaseDataInitializer<Catalina-utility-2>] 
2026-08-12 13:41:46,581 | INFO  | Starting data initialization with Liquibase with datasource java:/comp/env/exo-jpa_portal [o.e.c.p.impl.LiquibaseDataInitializer<Catalina-utility-2>] 
2026-08-12 13:41:46,583 | INFO  | Processing changelogs of SettingsChangeLogsPlugin [o.e.c.p.impl.LiquibaseDataInitializer<Catalina-utility-2>] 
2026-08-12 13:41:46,588 | INFO  |   * processing changelog db/changelog/settings.db.changelog-1.0.0.xml [o.e.c.p.impl.LiquibaseDataInitializer<Catalina-utility-2>] 
2026-08-12 13:41:55,980 | WARN  | NATIONAL/NCHAR/NVARCHAR implies the character set UTF8MB3, which will be replaced by UTF8MB4 in a future release. Please consider using CHAR(x) CHARACTER SET UTF8MB4 in order to be unambiguous. [liquibase.executor.jvm.JdbcExecutor<Catalina-utility-2>] 
2026-08-12 13:41:55,980 | WARN  | NATIONAL/NCHAR/NVARCHAR implies the character set UTF8MB3, which will be replaced by UTF8MB4 in a future release. Please consider using CHAR(x) CHARACTER SET UTF8MB4 in order to be unambiguous. [liquibase.executor.jvm.JdbcExecutor<Catalina-utility-2>] 
2026-08-12 13:41:55,980 | WARN  | 'utf8' is currently an alias for the character set UTF8MB3, but will be an alias for UTF8MB4 in a future release. Please consider using UTF8MB4 in order to be unambiguous. [liquibase.executor.jvm.JdbcExecutor<Catalina-utility-2>] 
2026-08-12 13:41:55,980 | WARN  | 'utf8mb3_general_ci' is a collation of the deprecated character set UTF8MB3. Please consider using UTF8MB4 with an appropriate collation instead. [liquibase.executor.jvm.JdbcExecutor<Catalina-utility-2>] 
2026-08-12 13:41:58,350 | WARN  | NATIONAL/NCHAR/NVARCHAR implies the character set UTF8MB3, which will be replaced by UTF8MB4 in a future release. Please consider using CHAR(x) CHARACTER SET UTF8MB4 in order to be unambiguous. [liquibase.executor.jvm.JdbcExecutor<Catalina-utility-2>] 
2026-08-12 13:41:58,351 | WARN  | NATIONAL/NCHAR/NVARCHAR implies the character set UTF8MB3, which will be replaced by UTF8MB4 in a future release. Please consider using CHAR(x) CHARACTER SET UTF8MB4 in order to be unambiguous. [liquibase.executor.jvm.JdbcExecutor<Catalina-utility-2>] 
2026-08-12 13:41:58,351 | WARN  | 'utf8' is currently an alias for the character set UTF8MB3, but will be an alias for UTF8MB4 in a future release. Please consider using UTF8MB4 in order to be unambiguous. [liquibase.executor.jvm.JdbcExecutor<Catalina-utility-2>] 
2026-08-12 13:41:58,351 | WARN  | 'utf8mb3_general_ci' is a collation of the deprecated character set UTF8MB3. Please consider using UTF8MB4 with an appropriate collation instead. [liquibase.executor.jvm.JdbcExecutor<Catalina-utility-2>] 
2026-08-12 13:41:59,844 | WARN  | NATIONAL/NCHAR/NVARCHAR implies the character set UTF8MB3, which will be replaced by UTF8MB4 in a future release. Please consider using CHAR(x) CHARACTER SET UTF8MB4 in order to be unambiguous. [liquibase.executor.jvm.JdbcExecutor<Catalina-utility-2>] 
2026-08-12 13:41:59,844 | WARN  | 'utf8' is currently an alias for the character set UTF8MB3, but will be an alias for UTF8MB4 in a future release. Please consider using UTF8MB4 in order to be unambiguous. [liquibase.executor.jvm.JdbcExecutor<Catalina-utility-2>] 
2026-08-12 13:41:59,844 | WARN  | 'utf8mb3_general_ci' is a collation of the deprecated character set UTF8MB3. Please consider using UTF8MB4 with an appropriate collation instead. [liquibase.executor.jvm.JdbcExecutor<Catalina-utility-2>] 
2026-08-12 13:42:18,196 | INFO  | Processing changelogs of PortalRDBMSChangeLogsPlugin [o.e.c.p.impl.LiquibaseDataInitializer<Catalina-utility-2>] 
2026-08-12 13:42:18,196 | INFO  |   * processing changelog db/changelog/portal-rdbms.db.changelog-1.0.0.xml [o.e.c.p.impl.LiquibaseDataInitializer<Catalina-utility-2>] 
2026-08-12 13:42:18,383 | WARN  | Due to mysql SQL limitations, modifyDataType will lose primary key/autoincrement/not null/comment settings explicitly redefined in the change. Use <sql> or <modifySql> to re-specify all configuration if this is the case [liquibase.changelog.DatabaseChangeLog<Catalina-utility-2>] 
2026-08-12 13:42:18,411 | WARN  | Due to mysql SQL limitations, modifyDataType will lose primary key/autoincrement/not null/comment settings explicitly redefined in the change. Use <sql> or <modifySql> to re-specify all configuration if this is the case [liquibase.changelog.DatabaseChangeLog<Catalina-utility-2>] 
2026-08-12 13:42:20,596 | WARN  | NATIONAL/NCHAR/NVARCHAR implies the character set UTF8MB3, which will be replaced by UTF8MB4 in a future release. Please consider using CHAR(x) CHARACTER SET UTF8MB4 in order to be unambiguous. [liquibase.executor.jvm.JdbcExecutor<Catalina-utility-2>] 
2026-08-12 13:42:20,596 | WARN  | NATIONAL/NCHAR/NVARCHAR implies the character set UTF8MB3, which will be replaced by UTF8MB4 in a future release. Please consider using CHAR(x) CHARACTER SET UTF8MB4 in order to be unambiguous. [liquibase.executor.jvm.JdbcExecutor<Catalina-utility-2>] 
2026-08-12 13:42:20,596 | WARN  | NATIONAL/NCHAR/NVARCHAR implies the character set UTF8MB3, which will be replaced by UTF8MB4 in a future release. Please consider using CHAR(x) CHARACTER SET UTF8MB4 in order to be unambiguous. [liquibase.executor.jvm.JdbcExecutor<Catalina-utility-2>] 
2026-08-12 13:42:20,596 | WARN  | 'utf8' is currently an alias for the character set UTF8MB3, but will be an alias for UTF8MB4 in a future release. Please consider using UTF8MB4 in order to be unambiguous. [liquibase.executor.jvm.JdbcExecutor<Catalina-utility-2>] 
2026-08-12 13:42:20,596 | WARN  | 'utf8mb3_general_ci' is a collation of the deprecated character set UTF8MB3. Please consider using UTF8MB4 with an appropriate collation instead. [liquibase.executor.jvm.JdbcExecutor<Catalina-utility-2>] 
2026-08-12 13:42:22,829 | WARN  | NATIONAL/NCHAR/NVARCHAR implies the character set UTF8MB3, which will be replaced by UTF8MB4 in a future release. Please consider using CHAR(x) CHARACTER SET UTF8MB4 in order to be unambiguous. [liquibase.executor.jvm.JdbcExecutor<Catalina-utility-2>] 
2026-08-12 13:42:22,829 | WARN  | NATIONAL/NCHAR/NVARCHAR implies the character set UTF8MB3, which will be replaced by UTF8MB4 in a future release. Please consider using CHAR(x) CHARACTER SET UTF8MB4 in order to be unambiguous. [liquibase.executor.jvm.JdbcExecutor<Catalina-utility-2>] 
2026-08-12 13:42:22,829 | WARN  | NATIONAL/NCHAR/NVARCHAR implies the character set UTF8MB3, which will be replaced by UTF8MB4 in a future release. Please consider using CHAR(x) CHARACTER SET UTF8MB4 in order to be unambiguous. [liquibase.executor.jvm.JdbcExecutor<Catalina-utility-2>] 
2026-08-12 13:42:22,829 | WARN  | 'utf8' is currently an alias for the character set UTF8MB3, but will be an alias for UTF8MB4 in a future release. Please consider using UTF8MB4 in order to be unambiguous. [liquibase.executor.jvm.JdbcExecutor<Catalina-utility-2>] 
2026-08-12 13:42:22,829 | WARN  | 'utf8mb3_general_ci' is a collation of the deprecated character set UTF8MB3. Please consider using UTF8MB4 with an appropriate collation instead. [liquibase.executor.jvm.JdbcExecutor<Catalina-utility-2>] 
2026-08-12 13:42:28,245 | WARN  | NATIONAL/NCHAR/NVARCHAR implies the character set UTF8MB3, which will be replaced by UTF8MB4 in a future release. Please consider using CHAR(x) CHARACTER SET UTF8MB4 in order to be unambiguous. [liquibase.executor.jvm.JdbcExecutor<Catalina-utility-2>] 
2026-08-12 13:42:28,245 | WARN  | NATIONAL/NCHAR/NVARCHAR implies the character set UTF8MB3, which will be replaced by UTF8MB4 in a future release. Please consider using CHAR(x) CHARACTER SET UTF8MB4 in order to be unambiguous. [liquibase.executor.jvm.JdbcExecutor<Catalina-utility-2>] 
2026-08-12 13:42:28,245 | WARN  | NATIONAL/NCHAR/NVARCHAR implies the character set UTF8MB3, which will be replaced by UTF8MB4 in a future release. Please consider using CHAR(x) CHARACTER SET UTF8MB4 in order to be unambiguous. [liquibase.executor.jvm.JdbcExecutor<Catalina-utility-2>] 
2026-08-12 13:42:28,245 | WARN  | 'utf8' is currently an alias for the character set UTF8MB3, but will be an alias for UTF8MB4 in a future release. Please consider using UTF8MB4 in order to be unambiguous. [liquibase.executor.jvm.JdbcExecutor<Catalina-utility-2>] 
2026-08-12 13:42:28,245 | WARN  | 'utf8mb3_general_ci' is a collation of the deprecated character set UTF8MB3. Please consider using UTF8MB4 with an appropriate collation instead. [liquibase.executor.jvm.JdbcExecutor<Catalina-utility-2>] 
2026-08-12 13:42:34,029 | WARN  | 'utf8' is currently an alias for the character set UTF8MB3, but will be an alias for UTF8MB4 in a future release. Please consider using UTF8MB4 in order to be unambiguous. [liquibase.executor.jvm.JdbcExecutor<Catalina-utility-2>] 
2026-08-12 13:42:34,029 | WARN  | 'utf8mb3_general_ci' is a collation of the deprecated character set UTF8MB3. Please consider using UTF8MB4 with an appropriate collation instead. [liquibase.executor.jvm.JdbcExecutor<Catalina-utility-2>] 
2026-08-12 13:42:39,844 | WARN  | NATIONAL/NCHAR/NVARCHAR implies the character set UTF8MB3, which will be replaced by UTF8MB4 in a future release. Please consider using CHAR(x) CHARACTER SET UTF8MB4 in order to be unambiguous. [liquibase.executor.jvm.JdbcExecutor<Catalina-utility-2>] 
2026-08-12 13:42:39,844 | WARN  | NATIONAL/NCHAR/NVARCHAR implies the character set UTF8MB3, which will be replaced by UTF8MB4 in a future release. Please consider using CHAR(x) CHARACTER SET UTF8MB4 in order to be unambiguous. [liquibase.executor.jvm.JdbcExecutor<Catalina-utility-2>] 
2026-08-12 13:42:39,844 | WARN  | 'utf8' is currently an alias for the character set UTF8MB3, but will be an alias for UTF8MB4 in a future release. Please consider using UTF8MB4 in order to be unambiguous. [liquibase.executor.jvm.JdbcExecutor<Catalina-utility-2>] 
2026-08-12 13:42:39,844 | WARN  | 'utf8mb3_general_ci' is a collation of the deprecated character set UTF8MB3. Please consider using UTF8MB4 with an appropriate collation instead. [liquibase.executor.jvm.JdbcExecutor<Catalina-utility-2>] 
2026-08-12 13:42:40,757 | WARN  | NATIONAL/NCHAR/NVARCHAR implies the character set UTF8MB3, which will be replaced by UTF8MB4 in a future release. Please consider using CHAR(x) CHARACTER SET UTF8MB4 in order to be unambiguous. [liquibase.executor.jvm.JdbcExecutor<Catalina-utility-2>] 
2026-08-12 13:42:40,757 | WARN  | NATIONAL/NCHAR/NVARCHAR implies the character set UTF8MB3, which will be replaced by UTF8MB4 in a future release. Please consider using CHAR(x) CHARACTER SET UTF8MB4 in order to be unambiguous. [liquibase.executor.jvm.JdbcExecutor<Catalina-utility-2>] 
2026-08-12 13:42:40,757 | WARN  | 'utf8' is currently an alias for the character set UTF8MB3, but will be an alias for UTF8MB4 in a future release. Please consider using UTF8MB4 in order to be unambiguous. [liquibase.executor.jvm.JdbcExecutor<Catalina-utility-2>] 
2026-08-12 13:42:40,757 | WARN  | 'utf8mb3_general_ci' is a collation of the deprecated character set UTF8MB3. Please consider using UTF8MB4 with an appropriate collation instead. [liquibase.executor.jvm.JdbcExecutor<Catalina-utility-2>] 
2026-08-12 13:42:43,531 | WARN  | NATIONAL/NCHAR/NVARCHAR implies the character set UTF8MB3, which will be replaced by UTF8MB4 in a future release. Please consider using CHAR(x) CHARACTER SET UTF8MB4 in order to be unambiguous. [liquibase.executor.jvm.JdbcExecutor<Catalina-utility-2>] 
2026-08-12 13:42:43,532 | WARN  | NATIONAL/NCHAR/NVARCHAR implies the character set UTF8MB3, which will be replaced by UTF8MB4 in a future release. Please consider using CHAR(x) CHARACTER SET UTF8MB4 in order to be unambiguous. [liquibase.executor.jvm.JdbcExecutor<Catalina-utility-2>] 
2026-08-12 13:42:43,532 | WARN  | NATIONAL/NCHAR/NVARCHAR implies the character set UTF8MB3, which will be replaced by UTF8MB4 in a future release. Please consider using CHAR(x) CHARACTER SET UTF8MB4 in order to be unambiguous. [liquibase.executor.jvm.JdbcExecutor<Catalina-utility-2>] 
2026-08-12 13:42:43,532 | WARN  | NATIONAL/NCHAR/NVARCHAR implies the character set UTF8MB3, which will be replaced by UTF8MB4 in a future release. Please consider using CHAR(x) CHARACTER SET UTF8MB4 in order to be unambiguous. [liquibase.executor.jvm.JdbcExecutor<Catalina-utility-2>] 
2026-08-12 13:42:43,532 | WARN  | NATIONAL/NCHAR/NVARCHAR implies the character set UTF8MB3, which will be replaced by UTF8MB4 in a future release. Please consider using CHAR(x) CHARACTER SET UTF8MB4 in order to be unambiguous. [liquibase.executor.jvm.JdbcExecutor<Catalina-utility-2>] 
2026-08-12 13:42:43,532 | WARN  | 'utf8' is currently an alias for the character set UTF8MB3, but will be an alias for UTF8MB4 in a future release. Please consider using UTF8MB4 in order to be unambiguous. [liquibase.executor.jvm.JdbcExecutor<Catalina-utility-2>] 
2026-08-12 13:42:43,532 | WARN  | 'utf8mb3_general_ci' is a collation of the deprecated character set UTF8MB3. Please consider using UTF8MB4 with an appropriate collation instead. [liquibase.executor.jvm.JdbcExecutor<Catalina-utility-2>] 
2026-08-12 13:42:45,688 | WARN  | NATIONAL/NCHAR/NVARCHAR implies the character set UTF8MB3, which will be replaced by UTF8MB4 in a future release. Please consider using CHAR(x) CHARACTER SET UTF8MB4 in order to be unambiguous. [liquibase.executor.jvm.JdbcExecutor<Catalina-utility-2>] 
2026-08-12 13:42:45,688 | WARN  | NATIONAL/NCHAR/NVARCHAR implies the character set UTF8MB3, which will be replaced by UTF8MB4 in a future release. Please consider using CHAR(x) CHARACTER SET UTF8MB4 in order to be unambiguous. [liquibase.executor.jvm.JdbcExecutor<Catalina-utility-2>] 
2026-08-12 13:42:45,688 | WARN  | NATIONAL/NCHAR/NVARCHAR implies the character set UTF8MB3, which will be replaced by UTF8MB4 in a future release. Please consider using CHAR(x) CHARACTER SET UTF8MB4 in order to be unambiguous. [liquibase.executor.jvm.JdbcExecutor<Catalina-utility-2>] 
2026-08-12 13:42:45,688 | WARN  | NATIONAL/NCHAR/NVARCHAR implies the character set UTF8MB3, which will be replaced by UTF8MB4 in a future release. Please consider using CHAR(x) CHARACTER SET UTF8MB4 in order to be unambiguous. [liquibase.executor.jvm.JdbcExecutor<Catalina-utility-2>] 
2026-08-12 13:42:45,688 | WARN  | 'utf8' is currently an alias for the character set UTF8MB3, but will be an alias for UTF8MB4 in a future release. Please consider using UTF8MB4 in order to be unambiguous. [liquibase.executor.jvm.JdbcExecutor<Catalina-utility-2>] 
2026-08-12 13:42:45,688 | WARN  | 'utf8mb3_general_ci' is a collation of the deprecated character set UTF8MB3. Please consider using UTF8MB4 with an appropriate collation instead. [liquibase.executor.jvm.JdbcExecutor<Catalina-utility-2>] 
2026-08-12 13:42:47,064 | WARN  | NATIONAL/NCHAR/NVARCHAR implies the character set UTF8MB3, which will be replaced by UTF8MB4 in a future release. Please consider using CHAR(x) CHARACTER SET UTF8MB4 in order to be unambiguous. [liquibase.executor.jvm.JdbcExecutor<Catalina-utility-2>] 
2026-08-12 13:42:47,064 | WARN  | 'utf8' is currently an alias for the character set UTF8MB3, but will be an alias for UTF8MB4 in a future release. Please consider using UTF8MB4 in order to be unambiguous. [liquibase.executor.jvm.JdbcExecutor<Catalina-utility-2>] 
2026-08-12 13:42:47,064 | WARN  | 'utf8mb3_general_ci' is a collation of the deprecated character set UTF8MB3. Please consider using UTF8MB4 with an appropriate collation instead. [liquibase.executor.jvm.JdbcExecutor<Catalina-utility-2>] 
2026-08-12 13:43:16,987 | WARN  | NATIONAL/NCHAR/NVARCHAR implies the character set UTF8MB3, which will be replaced by UTF8MB4 in a future release. Please consider using CHAR(x) CHARACTER SET UTF8MB4 in order to be unambiguous. [liquibase.executor.jvm.JdbcExecutor<Catalina-utility-2>] 
2026-08-12 13:43:18,687 | WARN  | NATIONAL/NCHAR/NVARCHAR implies the character set UTF8MB3, which will be replaced by UTF8MB4 in a future release. Please consider using CHAR(x) CHARACTER SET UTF8MB4 in order to be unambiguous. [liquibase.executor.jvm.JdbcExecutor<Catalina-utility-2>] 
2026-08-12 13:43:23,394 | INFO  | Processing changelogs of WikiChangeLogsPlugin [o.e.c.p.impl.LiquibaseDataInitializer<Catalina-utility-2>] 
2026-08-12 13:43:23,394 | INFO  |   * processing changelog db/changelog/wiki.db.changelog-1.0.0.xml [o.e.c.p.impl.LiquibaseDataInitializer<Catalina-utility-2>] 
2026-08-12 13:43:23,611 | WARN  | Due to mysql SQL limitations, setNullable will lose primary key/autoincrement/not null/comment settings explicitly redefined in the change. Use <sql> or <modifySql> to re-specify all configuration if this is the case [liquibase.changelog.DatabaseChangeLog<Catalina-utility-2>] 
2026-08-12 13:43:23,612 | WARN  | Due to mysql SQL limitations, modifyDataType will lose primary key/autoincrement/not null/comment settings explicitly redefined in the change. Use <sql> or <modifySql> to re-specify all configuration if this is the case [liquibase.changelog.DatabaseChangeLog<Catalina-utility-2>] 
2026-08-12 13:43:23,612 | WARN  | liquibase.statement.core.CreateSequenceStatement is not supported on mysql, but createSequence will still execute [liquibase.changelog.DatabaseChangeLog<Catalina-utility-2>] 
2026-08-12 13:43:23,644 | WARN  | Due to mysql SQL limitations, setNullable will lose primary key/autoincrement/not null/comment settings explicitly redefined in the change. Use <sql> or <modifySql> to re-specify all configuration if this is the case [liquibase.changelog.DatabaseChangeLog<Catalina-utility-2>] 
2026-08-12 13:43:23,645 | WARN  | Due to mysql SQL limitations, modifyDataType will lose primary key/autoincrement/not null/comment settings explicitly redefined in the change. Use <sql> or <modifySql> to re-specify all configuration if this is the case [liquibase.changelog.DatabaseChangeLog<Catalina-utility-2>] 
2026-08-12 13:43:23,645 | WARN  | liquibase.statement.core.CreateSequenceStatement is not supported on mysql, but createSequence will still execute [liquibase.changelog.DatabaseChangeLog<Catalina-utility-2>] 
2026-08-12 13:43:24,244 | WARN  | NATIONAL/NCHAR/NVARCHAR implies the character set UTF8MB3, which will be replaced by UTF8MB4 in a future release. Please consider using CHAR(x) CHARACTER SET UTF8MB4 in order to be unambiguous. [liquibase.executor.jvm.JdbcExecutor<Catalina-utility-2>] 
2026-08-12 13:43:24,245 | WARN  | NATIONAL/NCHAR/NVARCHAR implies the character set UTF8MB3, which will be replaced by UTF8MB4 in a future release. Please consider using CHAR(x) CHARACTER SET UTF8MB4 in order to be unambiguous. [liquibase.executor.jvm.JdbcExecutor<Catalina-utility-2>] 
2026-08-12 13:43:24,245 | WARN  | NATIONAL/NCHAR/NVARCHAR implies the character set UTF8MB3, which will be replaced by UTF8MB4 in a future release. Please consider using CHAR(x) CHARACTER SET UTF8MB4 in order to be unambiguous. [liquibase.executor.jvm.JdbcExecutor<Catalina-utility-2>] 
2026-08-12 13:43:24,245 | WARN  | NATIONAL/NCHAR/NVARCHAR implies the character set UTF8MB3, which will be replaced by UTF8MB4 in a future release. Please consider using CHAR(x) CHARACTER SET UTF8MB4 in order to be unambiguous. [liquibase.executor.jvm.JdbcExecutor<Catalina-utility-2>] 
2026-08-12 13:43:24,245 | WARN  | 'utf8' is currently an alias for the character set UTF8MB3, but will be an alias for UTF8MB4 in a future release. Please consider using UTF8MB4 in order to be unambiguous. [liquibase.executor.jvm.JdbcExecutor<Catalina-utility-2>] 
2026-08-12 13:43:24,245 | WARN  | 'utf8mb3_general_ci' is a collation of the deprecated character set UTF8MB3. Please consider using UTF8MB4 with an appropriate collation instead. [liquibase.executor.jvm.JdbcExecutor<Catalina-utility-2>] 
2026-08-12 13:43:24,952 | WARN  | NATIONAL/NCHAR/NVARCHAR implies the character set UTF8MB3, which will be replaced by UTF8MB4 in a future release. Please consider using CHAR(x) CHARACTER SET UTF8MB4 in order to be unambiguous. [liquibase.executor.jvm.JdbcExecutor<Catalina-utility-2>] 
2026-08-12 13:43:24,952 | WARN  | NATIONAL/NCHAR/NVARCHAR implies the character set UTF8MB3, which will be replaced by UTF8MB4 in a future release. Please consider using CHAR(x) CHARACTER SET UTF8MB4 in order to be unambiguous. [liquibase.executor.jvm.JdbcExecutor<Catalina-utility-2>] 
2026-08-12 13:43:24,952 | WARN  | NATIONAL/NCHAR/NVARCHAR implies the character set UTF8MB3, which will be replaced by UTF8MB4 in a future release. Please consider using CHAR(x) CHARACTER SET UTF8MB4 in order to be unambiguous. [liquibase.executor.jvm.JdbcExecutor<Catalina-utility-2>] 
2026-08-12 13:43:24,952 | WARN  | NATIONAL/NCHAR/NVARCHAR implies the character set UTF8MB3, which will be replaced by UTF8MB4 in a future release. Please consider using CHAR(x) CHARACTER SET UTF8MB4 in order to be unambiguous. [liquibase.executor.jvm.JdbcExecutor<Catalina-utility-2>] 
2026-08-12 13:43:24,952 | WARN  | NATIONAL/NCHAR/NVARCHAR implies the character set UTF8MB3, which will be replaced by UTF8MB4 in a future release. Please consider using CHAR(x) CHARACTER SET UTF8MB4 in order to be unambiguous. [liquibase.executor.jvm.JdbcExecutor<Catalina-utility-2>] 
2026-08-12 13:43:24,952 | WARN  | NATIONAL/NCHAR/NVARCHAR implies the character set UTF8MB3, which will be replaced by UTF8MB4 in a future release. Please consider using CHAR(x) CHARACTER SET UTF8MB4 in order to be unambiguous. [liquibase.executor.jvm.JdbcExecutor<Catalina-utility-2>] 
2026-08-12 13:43:24,952 | WARN  | NATIONAL/NCHAR/NVARCHAR implies the character set UTF8MB3, which will be replaced by UTF8MB4 in a future release. Please consider using CHAR(x) CHARACTER SET UTF8MB4 in order to be unambiguous. [liquibase.executor.jvm.JdbcExecutor<Catalina-utility-2>] 
2026-08-12 13:43:24,952 | WARN  | NATIONAL/NCHAR/NVARCHAR implies the character set UTF8MB3, which will be replaced by UTF8MB4 in a future release. Please consider using CHAR(x) CHARACTER SET UTF8MB4 in order to be unambiguous. [liquibase.executor.jvm.JdbcExecutor<Catalina-utility-2>] 
2026-08-12 13:43:24,952 | WARN  | 'utf8' is currently an alias for the character set UTF8MB3, but will be an alias for UTF8MB4 in a future release. Please consider using UTF8MB4 in order to be unambiguous. [liquibase.executor.jvm.JdbcExecutor<Catalina-utility-2>] 
2026-08-12 13:43:24,952 | WARN  | 'utf8mb3_general_ci' is a collation of the deprecated character set UTF8MB3. Please consider using UTF8MB4 with an appropriate collation instead. [liquibase.executor.jvm.JdbcExecutor<Catalina-utility-2>] 
2026-08-12 13:43:25,613 | WARN  | NATIONAL/NCHAR/NVARCHAR implies the character set UTF8MB3, which will be replaced by UTF8MB4 in a future release. Please consider using CHAR(x) CHARACTER SET UTF8MB4 in order to be unambiguous. [liquibase.executor.jvm.JdbcExecutor<Catalina-utility-2>] 
2026-08-12 13:43:25,614 | WARN  | NATIONAL/NCHAR/NVARCHAR implies the character set UTF8MB3, which will be replaced by UTF8MB4 in a future release. Please consider using CHAR(x) CHARACTER SET UTF8MB4 in order to be unambiguous. [liquibase.executor.jvm.JdbcExecutor<Catalina-utility-2>] 
2026-08-12 13:43:25,614 | WARN  | NATIONAL/NCHAR/NVARCHAR implies the character set UTF8MB3, which will be replaced by UTF8MB4 in a future release. Please consider using CHAR(x) CHARACTER SET UTF8MB4 in order to be unambiguous. [liquibase.executor.jvm.JdbcExecutor<Catalina-utility-2>] 
2026-08-12 13:43:25,614 | WARN  | NATIONAL/NCHAR/NVARCHAR implies the character set UTF8MB3, which will be replaced by UTF8MB4 in a future release. Please consider using CHAR(x) CHARACTER SET UTF8MB4 in order to be unambiguous. [liquibase.executor.jvm.JdbcExecutor<Catalina-utility-2>] 
2026-08-12 13:43:25,614 | WARN  | NATIONAL/NCHAR/NVARCHAR implies the character set UTF8MB3, which will be replaced by UTF8MB4 in a future release. Please consider using CHAR(x) CHARACTER SET UTF8MB4 in order to be unambiguous. [liquibase.executor.jvm.JdbcExecutor<Catalina-utility-2>] 
2026-08-12 13:43:25,614 | WARN  | 'utf8' is currently an alias for the character set UTF8MB3, but will be an alias for UTF8MB4 in a future release. Please consider using UTF8MB4 in order to be unambiguous. [liquibase.executor.jvm.JdbcExecutor<Catalina-utility-2>] 
2026-08-12 13:43:25,614 | WARN  | 'utf8mb3_general_ci' is a collation of the deprecated character set UTF8MB3. Please consider using UTF8MB4 with an appropriate collation instead. [liquibase.executor.jvm.JdbcExecutor<Catalina-utility-2>] 
2026-08-12 13:43:26,050 | WARN  | NATIONAL/NCHAR/NVARCHAR implies the character set UTF8MB3, which will be replaced by UTF8MB4 in a future release. Please consider using CHAR(x) CHARACTER SET UTF8MB4 in order to be unambiguous. [liquibase.executor.jvm.JdbcExecutor<Catalina-utility-2>] 
2026-08-12 13:43:26,050 | WARN  | NATIONAL/NCHAR/NVARCHAR implies the character set UTF8MB3, which will be replaced by UTF8MB4 in a future release. Please consider using CHAR(x) CHARACTER SET UTF8MB4 in order to be unambiguous. [liquibase.executor.jvm.JdbcExecutor<Catalina-utility-2>] 
2026-08-12 13:43:26,050 | WARN  | NATIONAL/NCHAR/NVARCHAR implies the character set UTF8MB3, which will be replaced by UTF8MB4 in a future release. Please consider using CHAR(x) CHARACTER SET UTF8MB4 in order to be unambiguous. [liquibase.executor.jvm.JdbcExecutor<Catalina-utility-2>] 
2026-08-12 13:43:26,050 | WARN  | 'utf8' is currently an alias for the character set UTF8MB3, but will be an alias for UTF8MB4 in a future release. Please consider using UTF8MB4 in order to be unambiguous. [liquibase.executor.jvm.JdbcExecutor<Catalina-utility-2>] 
2026-08-12 13:43:26,050 | WARN  | 'utf8mb3_general_ci' is a collation of the deprecated character set UTF8MB3. Please consider using UTF8MB4 with an appropriate collation instead. [liquibase.executor.jvm.JdbcExecutor<Catalina-utility-2>] 
2026-08-12 13:43:26,313 | WARN  | NATIONAL/NCHAR/NVARCHAR implies the character set UTF8MB3, which will be replaced by UTF8MB4 in a future release. Please consider using CHAR(x) CHARACTER SET UTF8MB4 in order to be unambiguous. [liquibase.executor.jvm.JdbcExecutor<Catalina-utility-2>] 
2026-08-12 13:43:26,313 | WARN  | 'utf8' is currently an alias for the character set UTF8MB3, but will be an alias for UTF8MB4 in a future release. Please consider using UTF8MB4 in order to be unambiguous. [liquibase.executor.jvm.JdbcExecutor<Catalina-utility-2>] 
2026-08-12 13:43:26,313 | WARN  | 'utf8mb3_general_ci' is a collation of the deprecated character set UTF8MB3. Please consider using UTF8MB4 with an appropriate collation instead. [liquibase.executor.jvm.JdbcExecutor<Catalina-utility-2>] 
2026-08-12 13:43:26,607 | WARN  | NATIONAL/NCHAR/NVARCHAR implies the character set UTF8MB3, which will be replaced by UTF8MB4 in a future release. Please consider using CHAR(x) CHARACTER SET UTF8MB4 in order to be unambiguous. [liquibase.executor.jvm.JdbcExecutor<Catalina-utility-2>] 
2026-08-12 13:43:26,607 | WARN  | 'utf8' is currently an alias for the character set UTF8MB3, but will be an alias for UTF8MB4 in a future release. Please consider using UTF8MB4 in order to be unambiguous. [liquibase.executor.jvm.JdbcExecutor<Catalina-utility-2>] 
2026-08-12 13:43:26,607 | WARN  | 'utf8mb3_general_ci' is a collation of the deprecated character set UTF8MB3. Please consider using UTF8MB4 with an appropriate collation instead. [liquibase.executor.jvm.JdbcExecutor<Catalina-utility-2>] 
2026-08-12 13:43:26,956 | WARN  | NATIONAL/NCHAR/NVARCHAR implies the character set UTF8MB3, which will be replaced by UTF8MB4 in a future release. Please consider using CHAR(x) CHARACTER SET UTF8MB4 in order to be unambiguous. [liquibase.executor.jvm.JdbcExecutor<Catalina-utility-2>] 
2026-08-12 13:43:26,956 | WARN  | NATIONAL/NCHAR/NVARCHAR implies the character set UTF8MB3, which will be replaced by UTF8MB4 in a future release. Please consider using CHAR(x) CHARACTER SET UTF8MB4 in order to be unambiguous. [liquibase.executor.jvm.JdbcExecutor<Catalina-utility-2>] 
2026-08-12 13:43:26,956 | WARN  | NATIONAL/NCHAR/NVARCHAR implies the character set UTF8MB3, which will be replaced by UTF8MB4 in a future release. Please consider using CHAR(x) CHARACTER SET UTF8MB4 in order to be unambiguous. [liquibase.executor.jvm.JdbcExecutor<Catalina-utility-2>] 
2026-08-12 13:43:26,956 | WARN  | NATIONAL/NCHAR/NVARCHAR implies the character set UTF8MB3, which will be replaced by UTF8MB4 in a future release. Please consider using CHAR(x) CHARACTER SET UTF8MB4 in order to be unambiguous. [liquibase.executor.jvm.JdbcExecutor<Catalina-utility-2>] 
2026-08-12 13:43:26,956 | WARN  | NATIONAL/NCHAR/NVARCHAR implies the character set UTF8MB3, which will be replaced by UTF8MB4 in a future release. Please consider using CHAR(x) CHARACTER SET UTF8MB4 in order to be unambiguous. [liquibase.executor.jvm.JdbcExecutor<Catalina-utility-2>] 
2026-08-12 13:43:26,956 | WARN  | 'utf8' is currently an alias for the character set UTF8MB3, but will be an alias for UTF8MB4 in a future release. Please consider using UTF8MB4 in order to be unambiguous. [liquibase.executor.jvm.JdbcExecutor<Catalina-utility-2>] 
2026-08-12 13:43:26,956 | WARN  | 'utf8mb3_general_ci' is a collation of the deprecated character set UTF8MB3. Please consider using UTF8MB4 with an appropriate collation instead. [liquibase.executor.jvm.JdbcExecutor<Catalina-utility-2>] 
2026-08-12 13:43:27,452 | WARN  | NATIONAL/NCHAR/NVARCHAR implies the character set UTF8MB3, which will be replaced by UTF8MB4 in a future release. Please consider using CHAR(x) CHARACTER SET UTF8MB4 in order to be unambiguous. [liquibase.executor.jvm.JdbcExecutor<Catalina-utility-2>] 
2026-08-12 13:43:27,452 | WARN  | NATIONAL/NCHAR/NVARCHAR implies the character set UTF8MB3, which will be replaced by UTF8MB4 in a future release. Please consider using CHAR(x) CHARACTER SET UTF8MB4 in order to be unambiguous. [liquibase.executor.jvm.JdbcExecutor<Catalina-utility-2>] 
2026-08-12 13:43:27,452 | WARN  | NATIONAL/NCHAR/NVARCHAR implies the character set UTF8MB3, which will be replaced by UTF8MB4 in a future release. Please consider using CHAR(x) CHARACTER SET UTF8MB4 in order to be unambiguous. [liquibase.executor.jvm.JdbcExecutor<Catalina-utility-2>] 
2026-08-12 13:43:27,452 | WARN  | NATIONAL/NCHAR/NVARCHAR implies the character set UTF8MB3, which will be replaced by UTF8MB4 in a future release. Please consider using CHAR(x) CHARACTER SET UTF8MB4 in order to be unambiguous. [liquibase.executor.jvm.JdbcExecutor<Catalina-utility-2>] 
2026-08-12 13:43:27,452 | WARN  | NATIONAL/NCHAR/NVARCHAR implies the character set UTF8MB3, which will be replaced by UTF8MB4 in a future release. Please consider using CHAR(x) CHARACTER SET UTF8MB4 in order to be unambiguous. [liquibase.executor.jvm.JdbcExecutor<Catalina-utility-2>] 
2026-08-12 13:43:27,452 | WARN  | 'utf8' is currently an alias for the character set UTF8MB3, but will be an alias for UTF8MB4 in a future release. Please consider using UTF8MB4 in order to be unambiguous. [liquibase.executor.jvm.JdbcExecutor<Catalina-utility-2>] 
2026-08-12 13:43:27,452 | WARN  | 'utf8mb3_general_ci' is a collation of the deprecated character set UTF8MB3. Please consider using UTF8MB4 with an appropriate collation instead. [liquibase.executor.jvm.JdbcExecutor<Catalina-utility-2>] 
2026-08-12 13:43:27,743 | WARN  | 'utf8' is currently an alias for the character set UTF8MB3, but will be an alias for UTF8MB4 in a future release. Please consider using UTF8MB4 in order to be unambiguous. [liquibase.executor.jvm.JdbcExecutor<Catalina-utility-2>] 
2026-08-12 13:43:27,743 | WARN  | 'utf8mb3_general_ci' is a collation of the deprecated character set UTF8MB3. Please consider using UTF8MB4 with an appropriate collation instead. [liquibase.executor.jvm.JdbcExecutor<Catalina-utility-2>] 
2026-08-12 13:44:06,457 | WARN  | NATIONAL/NCHAR/NVARCHAR implies the character set UTF8MB3, which will be replaced by UTF8MB4 in a future release. Please consider using CHAR(x) CHARACTER SET UTF8MB4 in order to be unambiguous. [liquibase.executor.jvm.JdbcExecutor<Catalina-utility-2>] 
2026-08-12 13:44:06,638 | WARN  | NATIONAL/NCHAR/NVARCHAR implies the character set UTF8MB3, which will be replaced by UTF8MB4 in a future release. Please consider using CHAR(x) CHARACTER SET UTF8MB4 in order to be unambiguous. [liquibase.executor.jvm.JdbcExecutor<Catalina-utility-2>] 
2026-08-12 13:44:07,699 | WARN  | NATIONAL/NCHAR/NVARCHAR implies the character set UTF8MB3, which will be replaced by UTF8MB4 in a future release. Please consider using CHAR(x) CHARACTER SET UTF8MB4 in order to be unambiguous. [liquibase.executor.jvm.JdbcExecutor<Catalina-utility-2>] 
2026-08-12 13:44:07,867 | WARN  | NATIONAL/NCHAR/NVARCHAR implies the character set UTF8MB3, which will be replaced by UTF8MB4 in a future release. Please consider using CHAR(x) CHARACTER SET UTF8MB4 in order to be unambiguous. [liquibase.executor.jvm.JdbcExecutor<Catalina-utility-2>] 
2026-08-12 13:44:08,941 | WARN  | NATIONAL/NCHAR/NVARCHAR implies the character set UTF8MB3, which will be replaced by UTF8MB4 in a future release. Please consider using CHAR(x) CHARACTER SET UTF8MB4 in order to be unambiguous. [liquibase.executor.jvm.JdbcExecutor<Catalina-utility-2>] 
2026-08-12 13:44:09,904 | WARN  | NATIONAL/NCHAR/NVARCHAR implies the character set UTF8MB3, which will be replaced by UTF8MB4 in a future release. Please consider using CHAR(x) CHARACTER SET UTF8MB4 in order to be unambiguous. [liquibase.executor.jvm.JdbcExecutor<Catalina-utility-2>] 
2026-08-12 13:44:10,054 | WARN  | NATIONAL/NCHAR/NVARCHAR implies the character set UTF8MB3, which will be replaced by UTF8MB4 in a future release. Please consider using CHAR(x) CHARACTER SET UTF8MB4 in order to be unambiguous. [liquibase.executor.jvm.JdbcExecutor<Catalina-utility-2>] 
2026-08-12 13:44:11,324 | WARN  | NATIONAL/NCHAR/NVARCHAR implies the character set UTF8MB3, which will be replaced by UTF8MB4 in a future release. Please consider using CHAR(x) CHARACTER SET UTF8MB4 in order to be unambiguous. [liquibase.executor.jvm.JdbcExecutor<Catalina-utility-2>] 
2026-08-12 13:44:11,508 | WARN  | NATIONAL/NCHAR/NVARCHAR implies the character set UTF8MB3, which will be replaced by UTF8MB4 in a future release. Please consider using CHAR(x) CHARACTER SET UTF8MB4 in order to be unambiguous. [liquibase.executor.jvm.JdbcExecutor<Catalina-utility-2>] 
2026-08-12 13:44:15,359 | WARN  | NATIONAL/NCHAR/NVARCHAR implies the character set UTF8MB3, which will be replaced by UTF8MB4 in a future release. Please consider using CHAR(x) CHARACTER SET UTF8MB4 in order to be unambiguous. [liquibase.executor.jvm.JdbcExecutor<Catalina-utility-2>] 
2026-08-12 13:44:16,648 | WARN  | NATIONAL/NCHAR/NVARCHAR implies the character set UTF8MB3, which will be replaced by UTF8MB4 in a future release. Please consider using CHAR(x) CHARACTER SET UTF8MB4 in order to be unambiguous. [liquibase.executor.jvm.JdbcExecutor<Catalina-utility-2>] 
2026-08-12 13:44:20,241 | INFO  | Processing changelogs of CommonsChangeLogsPlugin [o.e.c.p.impl.LiquibaseDataInitializer<Catalina-utility-2>] 
2026-08-12 13:44:20,242 | INFO  |   * processing changelog db/changelog/notifications.db.changelog-1.0.0.xml [o.e.c.p.impl.LiquibaseDataInitializer<Catalina-utility-2>] 
2026-08-12 13:44:20,361 | WARN  | Due to mysql SQL limitations, setNullable will lose primary key/autoincrement/not null/comment settings explicitly redefined in the change. Use <sql> or <modifySql> to re-specify all configuration if this is the case [liquibase.changelog.DatabaseChangeLog<Catalina-utility-2>] 
2026-08-12 13:44:20,377 | WARN  | Due to mysql SQL limitations, setNullable will lose primary key/autoincrement/not null/comment settings explicitly redefined in the change. Use <sql> or <modifySql> to re-specify all configuration if this is the case [liquibase.changelog.DatabaseChangeLog<Catalina-utility-2>] 
2026-08-12 13:44:20,751 | WARN  | NATIONAL/NCHAR/NVARCHAR implies the character set UTF8MB3, which will be replaced by UTF8MB4 in a future release. Please consider using CHAR(x) CHARACTER SET UTF8MB4 in order to be unambiguous. [liquibase.executor.jvm.JdbcExecutor<Catalina-utility-2>] 
2026-08-12 13:44:20,752 | WARN  | NATIONAL/NCHAR/NVARCHAR implies the character set UTF8MB3, which will be replaced by UTF8MB4 in a future release. Please consider using CHAR(x) CHARACTER SET UTF8MB4 in order to be unambiguous. [liquibase.executor.jvm.JdbcExecutor<Catalina-utility-2>] 
2026-08-12 13:44:20,752 | WARN  | 'utf8' is currently an alias for the character set UTF8MB3, but will be an alias for UTF8MB4 in a future release. Please consider using UTF8MB4 in order to be unambiguous. [liquibase.executor.jvm.JdbcExecutor<Catalina-utility-2>] 
2026-08-12 13:44:20,752 | WARN  | 'utf8mb3_general_ci' is a collation of the deprecated character set UTF8MB3. Please consider using UTF8MB4 with an appropriate collation instead. [liquibase.executor.jvm.JdbcExecutor<Catalina-utility-2>] 
2026-08-12 13:44:21,905 | WARN  | NATIONAL/NCHAR/NVARCHAR implies the character set UTF8MB3, which will be replaced by UTF8MB4 in a future release. Please consider using CHAR(x) CHARACTER SET UTF8MB4 in order to be unambiguous. [liquibase.executor.jvm.JdbcExecutor<Catalina-utility-2>] 
2026-08-12 13:44:21,906 | WARN  | 'utf8' is currently an alias for the character set UTF8MB3, but will be an alias for UTF8MB4 in a future release. Please consider using UTF8MB4 in order to be unambiguous. [liquibase.executor.jvm.JdbcExecutor<Catalina-utility-2>] 
2026-08-12 13:44:21,906 | WARN  | 'utf8mb3_general_ci' is a collation of the deprecated character set UTF8MB3. Please consider using UTF8MB4 with an appropriate collation instead. [liquibase.executor.jvm.JdbcExecutor<Catalina-utility-2>] 
2026-08-12 13:44:22,187 | WARN  | NATIONAL/NCHAR/NVARCHAR implies the character set UTF8MB3, which will be replaced by UTF8MB4 in a future release. Please consider using CHAR(x) CHARACTER SET UTF8MB4 in order to be unambiguous. [liquibase.executor.jvm.JdbcExecutor<Catalina-utility-2>] 
2026-08-12 13:44:22,187 | WARN  | 'utf8' is currently an alias for the character set UTF8MB3, but will be an alias for UTF8MB4 in a future release. Please consider using UTF8MB4 in order to be unambiguous. [liquibase.executor.jvm.JdbcExecutor<Catalina-utility-2>] 
2026-08-12 13:44:22,188 | WARN  | 'utf8mb3_general_ci' is a collation of the deprecated character set UTF8MB3. Please consider using UTF8MB4 with an appropriate collation instead. [liquibase.executor.jvm.JdbcExecutor<Catalina-utility-2>] 
2026-08-12 13:44:26,808 | WARN  | NATIONAL/NCHAR/NVARCHAR implies the character set UTF8MB3, which will be replaced by UTF8MB4 in a future release. Please consider using CHAR(x) CHARACTER SET UTF8MB4 in order to be unambiguous. [liquibase.executor.jvm.JdbcExecutor<Catalina-utility-2>] 
2026-08-12 13:44:26,809 | WARN  | NATIONAL/NCHAR/NVARCHAR implies the character set UTF8MB3, which will be replaced by UTF8MB4 in a future release. Please consider using CHAR(x) CHARACTER SET UTF8MB4 in order to be unambiguous. [liquibase.executor.jvm.JdbcExecutor<Catalina-utility-2>] 
2026-08-12 13:44:26,809 | WARN  | 'utf8' is currently an alias for the character set UTF8MB3, but will be an alias for UTF8MB4 in a future release. Please consider using UTF8MB4 in order to be unambiguous. [liquibase.executor.jvm.JdbcExecutor<Catalina-utility-2>] 
2026-08-12 13:44:26,809 | WARN  | 'utf8mb3_general_ci' is a collation of the deprecated character set UTF8MB3. Please consider using UTF8MB4 with an appropriate collation instead. [liquibase.executor.jvm.JdbcExecutor<Catalina-utility-2>] 
2026-08-12 13:44:27,146 | WARN  | NATIONAL/NCHAR/NVARCHAR implies the character set UTF8MB3, which will be replaced by UTF8MB4 in a future release. Please consider using CHAR(x) CHARACTER SET UTF8MB4 in order to be unambiguous. [liquibase.executor.jvm.JdbcExecutor<Catalina-utility-2>] 
2026-08-12 13:44:27,146 | WARN  | 'utf8' is currently an alias for the character set UTF8MB3, but will be an alias for UTF8MB4 in a future release. Please consider using UTF8MB4 in order to be unambiguous. [liquibase.executor.jvm.JdbcExecutor<Catalina-utility-2>] 
2026-08-12 13:44:27,146 | WARN  | 'utf8mb3_general_ci' is a collation of the deprecated character set UTF8MB3. Please consider using UTF8MB4 with an appropriate collation instead. [liquibase.executor.jvm.JdbcExecutor<Catalina-utility-2>] 
2026-08-12 13:44:27,539 | WARN  | NATIONAL/NCHAR/NVARCHAR implies the character set UTF8MB3, which will be replaced by UTF8MB4 in a future release. Please consider using CHAR(x) CHARACTER SET UTF8MB4 in order to be unambiguous. [liquibase.executor.jvm.JdbcExecutor<Catalina-utility-2>] 
2026-08-12 13:44:27,539 | WARN  | 'utf8' is currently an alias for the character set UTF8MB3, but will be an alias for UTF8MB4 in a future release. Please consider using UTF8MB4 in order to be unambiguous. [liquibase.executor.jvm.JdbcExecutor<Catalina-utility-2>] 
2026-08-12 13:44:27,539 | WARN  | 'utf8mb3_general_ci' is a collation of the deprecated character set UTF8MB3. Please consider using UTF8MB4 with an appropriate collation instead. [liquibase.executor.jvm.JdbcExecutor<Catalina-utility-2>] 
2026-08-12 13:44:29,678 | WARN  | NATIONAL/NCHAR/NVARCHAR implies the character set UTF8MB3, which will be replaced by UTF8MB4 in a future release. Please consider using CHAR(x) CHARACTER SET UTF8MB4 in order to be unambiguous. [liquibase.executor.jvm.JdbcExecutor<Catalina-utility-2>] 
2026-08-12 13:44:29,678 | WARN  | NATIONAL/NCHAR/NVARCHAR implies the character set UTF8MB3, which will be replaced by UTF8MB4 in a future release. Please consider using CHAR(x) CHARACTER SET UTF8MB4 in order to be unambiguous. [liquibase.executor.jvm.JdbcExecutor<Catalina-utility-2>] 
2026-08-12 13:44:29,678 | WARN  | NATIONAL/NCHAR/NVARCHAR implies the character set UTF8MB3, which will be replaced by UTF8MB4 in a future release. Please consider using CHAR(x) CHARACTER SET UTF8MB4 in order to be unambiguous. [liquibase.executor.jvm.JdbcExecutor<Catalina-utility-2>] 
2026-08-12 13:44:29,678 | WARN  | NATIONAL/NCHAR/NVARCHAR implies the character set UTF8MB3, which will be replaced by UTF8MB4 in a future release. Please consider using CHAR(x) CHARACTER SET UTF8MB4 in order to be unambiguous. [liquibase.executor.jvm.JdbcExecutor<Catalina-utility-2>] 
2026-08-12 13:44:29,678 | WARN  | NATIONAL/NCHAR/NVARCHAR implies the character set UTF8MB3, which will be replaced by UTF8MB4 in a future release. Please consider using CHAR(x) CHARACTER SET UTF8MB4 in order to be unambiguous. [liquibase.executor.jvm.JdbcExecutor<Catalina-utility-2>] 
2026-08-12 13:44:29,678 | WARN  | 'utf8' is currently an alias for the character set UTF8MB3, but will be an alias for UTF8MB4 in a future release. Please consider using UTF8MB4 in order to be unambiguous. [liquibase.executor.jvm.JdbcExecutor<Catalina-utility-2>] 
2026-08-12 13:44:29,678 | WARN  | 'utf8mb3_general_ci' is a collation of the deprecated character set UTF8MB3. Please consider using UTF8MB4 with an appropriate collation instead. [liquibase.executor.jvm.JdbcExecutor<Catalina-utility-2>] 
2026-08-12 13:44:30,483 | WARN  | NATIONAL/NCHAR/NVARCHAR implies the character set UTF8MB3, which will be replaced by UTF8MB4 in a future release. Please consider using CHAR(x) CHARACTER SET UTF8MB4 in order to be unambiguous. [liquibase.executor.jvm.JdbcExecutor<Catalina-utility-2>] 
2026-08-12 13:44:31,026 | INFO  | Processing changelogs of AgendaRDBMSChangeLogsPlugin [o.e.c.p.impl.LiquibaseDataInitializer<Catalina-utility-2>] 
2026-08-12 13:44:31,026 | INFO  |   * processing changelog db/changelog/agenda-rdbms.db.changelog.xml [o.e.c.p.impl.LiquibaseDataInitializer<Catalina-utility-2>] 
2026-08-12 13:44:31,664 | WARN  | NATIONAL/NCHAR/NVARCHAR implies the character set UTF8MB3, which will be replaced by UTF8MB4 in a future release. Please consider using CHAR(x) CHARACTER SET UTF8MB4 in order to be unambiguous. [liquibase.executor.jvm.JdbcExecutor<Catalina-utility-2>] 
2026-08-12 13:44:31,664 | WARN  | NATIONAL/NCHAR/NVARCHAR implies the character set UTF8MB3, which will be replaced by UTF8MB4 in a future release. Please consider using CHAR(x) CHARACTER SET UTF8MB4 in order to be unambiguous. [liquibase.executor.jvm.JdbcExecutor<Catalina-utility-2>] 
2026-08-12 13:44:31,664 | WARN  | 'utf8' is currently an alias for the character set UTF8MB3, but will be an alias for UTF8MB4 in a future release. Please consider using UTF8MB4 in order to be unambiguous. [liquibase.executor.jvm.JdbcExecutor<Catalina-utility-2>] 
2026-08-12 13:44:31,664 | WARN  | 'utf8mb3_general_ci' is a collation of the deprecated character set UTF8MB3. Please consider using UTF8MB4 with an appropriate collation instead. [liquibase.executor.jvm.JdbcExecutor<Catalina-utility-2>] 
2026-08-12 13:44:31,998 | WARN  | NATIONAL/NCHAR/NVARCHAR implies the character set UTF8MB3, which will be replaced by UTF8MB4 in a future release. Please consider using CHAR(x) CHARACTER SET UTF8MB4 in order to be unambiguous. [liquibase.executor.jvm.JdbcExecutor<Catalina-utility-2>] 
2026-08-12 13:44:31,998 | WARN  | 'utf8' is currently an alias for the character set UTF8MB3, but will be an alias for UTF8MB4 in a future release. Please consider using UTF8MB4 in order to be unambiguous. [liquibase.executor.jvm.JdbcExecutor<Catalina-utility-2>] 
2026-08-12 13:44:31,998 | WARN  | 'utf8mb3_general_ci' is a collation of the deprecated character set UTF8MB3. Please consider using UTF8MB4 with an appropriate collation instead. [liquibase.executor.jvm.JdbcExecutor<Catalina-utility-2>] 
2026-08-12 13:44:32,645 | WARN  | NATIONAL/NCHAR/NVARCHAR implies the character set UTF8MB3, which will be replaced by UTF8MB4 in a future release. Please consider using CHAR(x) CHARACTER SET UTF8MB4 in order to be unambiguous. [liquibase.executor.jvm.JdbcExecutor<Catalina-utility-2>] 
2026-08-12 13:44:32,645 | WARN  | NATIONAL/NCHAR/NVARCHAR implies the character set UTF8MB3, which will be replaced by UTF8MB4 in a future release. Please consider using CHAR(x) CHARACTER SET UTF8MB4 in order to be unambiguous. [liquibase.executor.jvm.JdbcExecutor<Catalina-utility-2>] 
2026-08-12 13:44:32,645 | WARN  | NATIONAL/NCHAR/NVARCHAR implies the character set UTF8MB3, which will be replaced by UTF8MB4 in a future release. Please consider using CHAR(x) CHARACTER SET UTF8MB4 in order to be unambiguous. [liquibase.executor.jvm.JdbcExecutor<Catalina-utility-2>] 
2026-08-12 13:44:32,645 | WARN  | 'utf8' is currently an alias for the character set UTF8MB3, but will be an alias for UTF8MB4 in a future release. Please consider using UTF8MB4 in order to be unambiguous. [liquibase.executor.jvm.JdbcExecutor<Catalina-utility-2>] 
2026-08-12 13:44:32,645 | WARN  | 'utf8mb3_general_ci' is a collation of the deprecated character set UTF8MB3. Please consider using UTF8MB4 with an appropriate collation instead. [liquibase.executor.jvm.JdbcExecutor<Catalina-utility-2>] 
2026-08-12 13:44:33,210 | WARN  | 'utf8' is currently an alias for the character set UTF8MB3, but will be an alias for UTF8MB4 in a future release. Please consider using UTF8MB4 in order to be unambiguous. [liquibase.executor.jvm.JdbcExecutor<Catalina-utility-2>] 
2026-08-12 13:44:33,210 | WARN  | 'utf8mb3_general_ci' is a collation of the deprecated character set UTF8MB3. Please consider using UTF8MB4 with an appropriate collation instead. [liquibase.executor.jvm.JdbcExecutor<Catalina-utility-2>] 
2026-08-12 13:44:33,695 | WARN  | 'utf8' is currently an alias for the character set UTF8MB3, but will be an alias for UTF8MB4 in a future release. Please consider using UTF8MB4 in order to be unambiguous. [liquibase.executor.jvm.JdbcExecutor<Catalina-utility-2>] 
2026-08-12 13:44:33,695 | WARN  | 'utf8mb3_general_ci' is a collation of the deprecated character set UTF8MB3. Please consider using UTF8MB4 with an appropriate collation instead. [liquibase.executor.jvm.JdbcExecutor<Catalina-utility-2>] 
2026-08-12 13:44:34,142 | WARN  | 'utf8' is currently an alias for the character set UTF8MB3, but will be an alias for UTF8MB4 in a future release. Please consider using UTF8MB4 in order to be unambiguous. [liquibase.executor.jvm.JdbcExecutor<Catalina-utility-2>] 
2026-08-12 13:44:34,142 | WARN  | 'utf8mb3_general_ci' is a collation of the deprecated character set UTF8MB3. Please consider using UTF8MB4 with an appropriate collation instead. [liquibase.executor.jvm.JdbcExecutor<Catalina-utility-2>] 
2026-08-12 13:44:34,498 | WARN  | 'utf8' is currently an alias for the character set UTF8MB3, but will be an alias for UTF8MB4 in a future release. Please consider using UTF8MB4 in order to be unambiguous. [liquibase.executor.jvm.JdbcExecutor<Catalina-utility-2>] 
2026-08-12 13:44:34,498 | WARN  | 'utf8mb3_general_ci' is a collation of the deprecated character set UTF8MB3. Please consider using UTF8MB4 with an appropriate collation instead. [liquibase.executor.jvm.JdbcExecutor<Catalina-utility-2>] 
2026-08-12 13:44:35,377 | WARN  | 'utf8' is currently an alias for the character set UTF8MB3, but will be an alias for UTF8MB4 in a future release. Please consider using UTF8MB4 in order to be unambiguous. [liquibase.executor.jvm.JdbcExecutor<Catalina-utility-2>] 
2026-08-12 13:44:35,378 | WARN  | 'utf8mb3_general_ci' is a collation of the deprecated character set UTF8MB3. Please consider using UTF8MB4 with an appropriate collation instead. [liquibase.executor.jvm.JdbcExecutor<Catalina-utility-2>] 
2026-08-12 13:44:46,467 | WARN  | NATIONAL/NCHAR/NVARCHAR implies the character set UTF8MB3, which will be replaced by UTF8MB4 in a future release. Please consider using CHAR(x) CHARACTER SET UTF8MB4 in order to be unambiguous. [liquibase.executor.jvm.JdbcExecutor<Catalina-utility-2>] 
2026-08-12 13:44:55,380 | WARN  | NATIONAL/NCHAR/NVARCHAR implies the character set UTF8MB3, which will be replaced by UTF8MB4 in a future release. Please consider using CHAR(x) CHARACTER SET UTF8MB4 in order to be unambiguous. [liquibase.executor.jvm.JdbcExecutor<Catalina-utility-2>] 
2026-08-12 13:44:55,381 | WARN  | 'utf8' is currently an alias for the character set UTF8MB3, but will be an alias for UTF8MB4 in a future release. Please consider using UTF8MB4 in order to be unambiguous. [liquibase.executor.jvm.JdbcExecutor<Catalina-utility-2>] 
2026-08-12 13:44:55,381 | WARN  | 'utf8mb3_general_ci' is a collation of the deprecated character set UTF8MB3. Please consider using UTF8MB4 with an appropriate collation instead. [liquibase.executor.jvm.JdbcExecutor<Catalina-utility-2>] 
2026-08-12 13:44:56,719 | WARN  | NATIONAL/NCHAR/NVARCHAR implies the character set UTF8MB3, which will be replaced by UTF8MB4 in a future release. Please consider using CHAR(x) CHARACTER SET UTF8MB4 in order to be unambiguous. [liquibase.executor.jvm.JdbcExecutor<Catalina-utility-2>] 
2026-08-12 13:44:57,911 | WARN  | NATIONAL/NCHAR/NVARCHAR implies the character set UTF8MB3, which will be replaced by UTF8MB4 in a future release. Please consider using CHAR(x) CHARACTER SET UTF8MB4 in order to be unambiguous. [liquibase.executor.jvm.JdbcExecutor<Catalina-utility-2>] 
2026-08-12 13:44:59,945 | INFO  | Processing changelogs of IDMChangeLogsPlugin [o.e.c.p.impl.LiquibaseDataInitializer<Catalina-utility-2>] 
2026-08-12 13:44:59,945 | INFO  |   * processing changelog db/changelog/idm.queue.db.changelog-1.0.0.xml [o.e.c.p.impl.LiquibaseDataInitializer<Catalina-utility-2>] 
2026-08-12 13:45:00,484 | WARN  | NATIONAL/NCHAR/NVARCHAR implies the character set UTF8MB3, which will be replaced by UTF8MB4 in a future release. Please consider using CHAR(x) CHARACTER SET UTF8MB4 in order to be unambiguous. [liquibase.executor.jvm.JdbcExecutor<Catalina-utility-2>] 
2026-08-12 13:45:00,484 | WARN  | 'utf8' is currently an alias for the character set UTF8MB3, but will be an alias for UTF8MB4 in a future release. Please consider using UTF8MB4 in order to be unambiguous. [liquibase.executor.jvm.JdbcExecutor<Catalina-utility-2>] 
2026-08-12 13:45:00,484 | WARN  | 'utf8mb3_general_ci' is a collation of the deprecated character set UTF8MB3. Please consider using UTF8MB4 with an appropriate collation instead. [liquibase.executor.jvm.JdbcExecutor<Catalina-utility-2>] 
2026-08-12 13:45:01,110 | INFO  | Processing changelogs of IDMChangeLogsPlugin [o.e.c.p.impl.LiquibaseDataInitializer<Catalina-utility-2>] 
2026-08-12 13:45:01,110 | INFO  |   * processing changelog db/changelog/idm.db.changelog-1.0.0.xml [o.e.c.p.impl.LiquibaseDataInitializer<Catalina-utility-2>] 
2026-08-12 13:45:01,228 | WARN  | Due to mysql SQL limitations, modifyDataType will lose primary key/autoincrement/not null/comment settings explicitly redefined in the change. Use <sql> or <modifySql> to re-specify all configuration if this is the case [liquibase.changelog.DatabaseChangeLog<Catalina-utility-2>] 
2026-08-12 13:45:01,267 | WARN  | Due to mysql SQL limitations, modifyDataType will lose primary key/autoincrement/not null/comment settings explicitly redefined in the change. Use <sql> or <modifySql> to re-specify all configuration if this is the case [liquibase.changelog.DatabaseChangeLog<Catalina-utility-2>] 
2026-08-12 13:45:40,854 | INFO  | Processing changelogs of EXoEsSearchChangeLogsPlugin [o.e.c.p.impl.LiquibaseDataInitializer<Catalina-utility-2>] 
2026-08-12 13:45:40,854 | INFO  |   * processing changelog db/changelog/exo-search.db.changelog-1.0.0.xml [o.e.c.p.impl.LiquibaseDataInitializer<Catalina-utility-2>] 
2026-08-12 13:45:41,409 | INFO  | Processing changelogs of PortalRDBMSChangeLogsPlugin [o.e.c.p.impl.LiquibaseDataInitializer<Catalina-utility-2>] 
2026-08-12 13:45:41,409 | INFO  |   * processing changelog db/changelog/gatein-token.db.changelog-1.0.0.xml [o.e.c.p.impl.LiquibaseDataInitializer<Catalina-utility-2>] 
2026-08-12 13:45:41,483 | WARN  | Due to mysql SQL limitations, modifyDataType will lose primary key/autoincrement/not null/comment settings explicitly redefined in the change. Use <sql> or <modifySql> to re-specify all configuration if this is the case [liquibase.changelog.DatabaseChangeLog<Catalina-utility-2>] 
2026-08-12 13:45:41,493 | WARN  | Due to mysql SQL limitations, modifyDataType will lose primary key/autoincrement/not null/comment settings explicitly redefined in the change. Use <sql> or <modifySql> to re-specify all configuration if this is the case [liquibase.changelog.DatabaseChangeLog<Catalina-utility-2>] 
2026-08-12 13:45:41,895 | WARN  | NATIONAL/NCHAR/NVARCHAR implies the character set UTF8MB3, which will be replaced by UTF8MB4 in a future release. Please consider using CHAR(x) CHARACTER SET UTF8MB4 in order to be unambiguous. [liquibase.executor.jvm.JdbcExecutor<Catalina-utility-2>] 
2026-08-12 13:45:41,895 | WARN  | NATIONAL/NCHAR/NVARCHAR implies the character set UTF8MB3, which will be replaced by UTF8MB4 in a future release. Please consider using CHAR(x) CHARACTER SET UTF8MB4 in order to be unambiguous. [liquibase.executor.jvm.JdbcExecutor<Catalina-utility-2>] 
2026-08-12 13:45:41,895 | WARN  | NATIONAL/NCHAR/NVARCHAR implies the character set UTF8MB3, which will be replaced by UTF8MB4 in a future release. Please consider using CHAR(x) CHARACTER SET UTF8MB4 in order to be unambiguous. [liquibase.executor.jvm.JdbcExecutor<Catalina-utility-2>] 
2026-08-12 13:45:41,895 | WARN  | NATIONAL/NCHAR/NVARCHAR implies the character set UTF8MB3, which will be replaced by UTF8MB4 in a future release. Please consider using CHAR(x) CHARACTER SET UTF8MB4 in order to be unambiguous. [liquibase.executor.jvm.JdbcExecutor<Catalina-utility-2>] 
2026-08-12 13:45:41,895 | WARN  | 'utf8' is currently an alias for the character set UTF8MB3, but will be an alias for UTF8MB4 in a future release. Please consider using UTF8MB4 in order to be unambiguous. [liquibase.executor.jvm.JdbcExecutor<Catalina-utility-2>] 
2026-08-12 13:45:41,895 | WARN  | 'utf8mb3_general_ci' is a collation of the deprecated character set UTF8MB3. Please consider using UTF8MB4 with an appropriate collation instead. [liquibase.executor.jvm.JdbcExecutor<Catalina-utility-2>] 
2026-08-12 13:45:42,728 | WARN  | NATIONAL/NCHAR/NVARCHAR implies the character set UTF8MB3, which will be replaced by UTF8MB4 in a future release. Please consider using CHAR(x) CHARACTER SET UTF8MB4 in order to be unambiguous. [liquibase.executor.jvm.JdbcExecutor<Catalina-utility-2>] 
2026-08-12 13:45:44,414 | WARN  | NATIONAL/NCHAR/NVARCHAR implies the character set UTF8MB3, which will be replaced by UTF8MB4 in a future release. Please consider using CHAR(x) CHARACTER SET UTF8MB4 in order to be unambiguous. [liquibase.executor.jvm.JdbcExecutor<Catalina-utility-2>] 
2026-08-12 13:45:44,415 | WARN  | NATIONAL/NCHAR/NVARCHAR implies the character set UTF8MB3, which will be replaced by UTF8MB4 in a future release. Please consider using CHAR(x) CHARACTER SET UTF8MB4 in order to be unambiguous. [liquibase.executor.jvm.JdbcExecutor<Catalina-utility-2>] 
2026-08-12 13:45:44,597 | INFO  | Processing changelogs of SocialRDBMSChangeLogsPlugin [o.e.c.p.impl.LiquibaseDataInitializer<Catalina-utility-2>] 
2026-08-12 13:45:44,597 | INFO  |   * processing changelog db/changelog/social-rdbms.db.changelog-1.0.0.xml [o.e.c.p.impl.LiquibaseDataInitializer<Catalina-utility-2>] 
2026-08-12 13:45:44,730 | WARN  | Due to mysql SQL limitations, modifyDataType will lose primary key/autoincrement/not null/comment settings explicitly redefined in the change. Use <sql> or <modifySql> to re-specify all configuration if this is the case [liquibase.changelog.DatabaseChangeLog<Catalina-utility-2>] 
2026-08-12 13:45:44,730 | WARN  | liquibase.statement.core.CreateSequenceStatement is not supported on mysql, but createSequence will still execute [liquibase.changelog.DatabaseChangeLog<Catalina-utility-2>] 
2026-08-12 13:45:44,763 | WARN  | Due to mysql SQL limitations, modifyDataType will lose primary key/autoincrement/not null/comment settings explicitly redefined in the change. Use <sql> or <modifySql> to re-specify all configuration if this is the case [liquibase.changelog.DatabaseChangeLog<Catalina-utility-2>] 
2026-08-12 13:45:44,763 | WARN  | liquibase.statement.core.CreateSequenceStatement is not supported on mysql, but createSequence will still execute [liquibase.changelog.DatabaseChangeLog<Catalina-utility-2>] 
2026-08-12 13:45:45,328 | WARN  | NATIONAL/NCHAR/NVARCHAR implies the character set UTF8MB3, which will be replaced by UTF8MB4 in a future release. Please consider using CHAR(x) CHARACTER SET UTF8MB4 in order to be unambiguous. [liquibase.executor.jvm.JdbcExecutor<Catalina-utility-2>] 
2026-08-12 13:45:45,328 | WARN  | NATIONAL/NCHAR/NVARCHAR implies the character set UTF8MB3, which will be replaced by UTF8MB4 in a future release. Please consider using CHAR(x) CHARACTER SET UTF8MB4 in order to be unambiguous. [liquibase.executor.jvm.JdbcExecutor<Catalina-utility-2>] 
2026-08-12 13:45:45,328 | WARN  | NATIONAL/NCHAR/NVARCHAR implies the character set UTF8MB3, which will be replaced by UTF8MB4 in a future release. Please consider using CHAR(x) CHARACTER SET UTF8MB4 in order to be unambiguous. [liquibase.executor.jvm.JdbcExecutor<Catalina-utility-2>] 
2026-08-12 13:45:45,328 | WARN  | NATIONAL/NCHAR/NVARCHAR implies the character set UTF8MB3, which will be replaced by UTF8MB4 in a future release. Please consider using CHAR(x) CHARACTER SET UTF8MB4 in order to be unambiguous. [liquibase.executor.jvm.JdbcExecutor<Catalina-utility-2>] 
2026-08-12 13:45:45,328 | WARN  | NATIONAL/NCHAR/NVARCHAR implies the character set UTF8MB3, which will be replaced by UTF8MB4 in a future release. Please consider using CHAR(x) CHARACTER SET UTF8MB4 in order to be unambiguous. [liquibase.executor.jvm.JdbcExecutor<Catalina-utility-2>] 
2026-08-12 13:45:45,328 | WARN  | NATIONAL/NCHAR/NVARCHAR implies the character set UTF8MB3, which will be replaced by UTF8MB4 in a future release. Please consider using CHAR(x) CHARACTER SET UTF8MB4 in order to be unambiguous. [liquibase.executor.jvm.JdbcExecutor<Catalina-utility-2>] 
2026-08-12 13:45:45,328 | WARN  | NATIONAL/NCHAR/NVARCHAR implies the character set UTF8MB3, which will be replaced by UTF8MB4 in a future release. Please consider using CHAR(x) CHARACTER SET UTF8MB4 in order to be unambiguous. [liquibase.executor.jvm.JdbcExecutor<Catalina-utility-2>] 
2026-08-12 13:45:45,328 | WARN  | NATIONAL/NCHAR/NVARCHAR implies the character set UTF8MB3, which will be replaced by UTF8MB4 in a future release. Please consider using CHAR(x) CHARACTER SET UTF8MB4 in order to be unambiguous. [liquibase.executor.jvm.JdbcExecutor<Catalina-utility-2>] 
2026-08-12 13:45:45,328 | WARN  | 'utf8' is currently an alias for the character set UTF8MB3, but will be an alias for UTF8MB4 in a future release. Please consider using UTF8MB4 in order to be unambiguous. [liquibase.executor.jvm.JdbcExecutor<Catalina-utility-2>] 
2026-08-12 13:45:45,328 | WARN  | 'utf8mb3_general_ci' is a collation of the deprecated character set UTF8MB3. Please consider using UTF8MB4 with an appropriate collation instead. [liquibase.executor.jvm.JdbcExecutor<Catalina-utility-2>] 
2026-08-12 13:45:46,425 | WARN  | NATIONAL/NCHAR/NVARCHAR implies the character set UTF8MB3, which will be replaced by UTF8MB4 in a future release. Please consider using CHAR(x) CHARACTER SET UTF8MB4 in order to be unambiguous. [liquibase.executor.jvm.JdbcExecutor<Catalina-utility-2>] 
2026-08-12 13:45:47,262 | WARN  | NATIONAL/NCHAR/NVARCHAR implies the character set UTF8MB3, which will be replaced by UTF8MB4 in a future release. Please consider using CHAR(x) CHARACTER SET UTF8MB4 in order to be unambiguous. [liquibase.executor.jvm.JdbcExecutor<Catalina-utility-2>] 
2026-08-12 13:45:47,801 | WARN  | NATIONAL/NCHAR/NVARCHAR implies the character set UTF8MB3, which will be replaced by UTF8MB4 in a future release. Please consider using CHAR(x) CHARACTER SET UTF8MB4 in order to be unambiguous. [liquibase.executor.jvm.JdbcExecutor<Catalina-utility-2>] 
2026-08-12 13:45:47,802 | WARN  | NATIONAL/NCHAR/NVARCHAR implies the character set UTF8MB3, which will be replaced by UTF8MB4 in a future release. Please consider using CHAR(x) CHARACTER SET UTF8MB4 in order to be unambiguous. [liquibase.executor.jvm.JdbcExecutor<Catalina-utility-2>] 
2026-08-12 13:45:47,802 | WARN  | 'utf8' is currently an alias for the character set UTF8MB3, but will be an alias for UTF8MB4 in a future release. Please consider using UTF8MB4 in order to be unambiguous. [liquibase.executor.jvm.JdbcExecutor<Catalina-utility-2>] 
2026-08-12 13:45:47,802 | WARN  | 'utf8mb3_general_ci' is a collation of the deprecated character set UTF8MB3. Please consider using UTF8MB4 with an appropriate collation instead. [liquibase.executor.jvm.JdbcExecutor<Catalina-utility-2>] 
2026-08-12 13:45:54,520 | WARN  | NATIONAL/NCHAR/NVARCHAR implies the character set UTF8MB3, which will be replaced by UTF8MB4 in a future release. Please consider using CHAR(x) CHARACTER SET UTF8MB4 in order to be unambiguous. [liquibase.executor.jvm.JdbcExecutor<Catalina-utility-2>] 
2026-08-12 13:45:54,520 | WARN  | NATIONAL/NCHAR/NVARCHAR implies the character set UTF8MB3, which will be replaced by UTF8MB4 in a future release. Please consider using CHAR(x) CHARACTER SET UTF8MB4 in order to be unambiguous. [liquibase.executor.jvm.JdbcExecutor<Catalina-utility-2>] 
2026-08-12 13:45:54,520 | WARN  | NATIONAL/NCHAR/NVARCHAR implies the character set UTF8MB3, which will be replaced by UTF8MB4 in a future release. Please consider using CHAR(x) CHARACTER SET UTF8MB4 in order to be unambiguous. [liquibase.executor.jvm.JdbcExecutor<Catalina-utility-2>] 
2026-08-12 13:45:54,520 | WARN  | NATIONAL/NCHAR/NVARCHAR implies the character set UTF8MB3, which will be replaced by UTF8MB4 in a future release. Please consider using CHAR(x) CHARACTER SET UTF8MB4 in order to be unambiguous. [liquibase.executor.jvm.JdbcExecutor<Catalina-utility-2>] 
2026-08-12 13:45:54,520 | WARN  | NATIONAL/NCHAR/NVARCHAR implies the character set UTF8MB3, which will be replaced by UTF8MB4 in a future release. Please consider using CHAR(x) CHARACTER SET UTF8MB4 in order to be unambiguous. [liquibase.executor.jvm.JdbcExecutor<Catalina-utility-2>] 
2026-08-12 13:45:54,520 | WARN  | 'utf8' is currently an alias for the character set UTF8MB3, but will be an alias for UTF8MB4 in a future release. Please consider using UTF8MB4 in order to be unambiguous. [liquibase.executor.jvm.JdbcExecutor<Catalina-utility-2>] 
2026-08-12 13:45:54,520 | WARN  | 'utf8mb3_general_ci' is a collation of the deprecated character set UTF8MB3. Please consider using UTF8MB4 with an appropriate collation instead. [liquibase.executor.jvm.JdbcExecutor<Catalina-utility-2>] 
2026-08-12 13:45:54,896 | WARN  | NATIONAL/NCHAR/NVARCHAR implies the character set UTF8MB3, which will be replaced by UTF8MB4 in a future release. Please consider using CHAR(x) CHARACTER SET UTF8MB4 in order to be unambiguous. [liquibase.executor.jvm.JdbcExecutor<Catalina-utility-2>] 
2026-08-12 13:45:54,896 | WARN  | NATIONAL/NCHAR/NVARCHAR implies the character set UTF8MB3, which will be replaced by UTF8MB4 in a future release. Please consider using CHAR(x) CHARACTER SET UTF8MB4 in order to be unambiguous. [liquibase.executor.jvm.JdbcExecutor<Catalina-utility-2>] 
2026-08-12 13:45:54,896 | WARN  | 'utf8' is currently an alias for the character set UTF8MB3, but will be an alias for UTF8MB4 in a future release. Please consider using UTF8MB4 in order to be unambiguous. [liquibase.executor.jvm.JdbcExecutor<Catalina-utility-2>] 
2026-08-12 13:45:54,896 | WARN  | 'utf8mb3_general_ci' is a collation of the deprecated character set UTF8MB3. Please consider using UTF8MB4 with an appropriate collation instead. [liquibase.executor.jvm.JdbcExecutor<Catalina-utility-2>] 
2026-08-12 13:45:55,310 | WARN  | NATIONAL/NCHAR/NVARCHAR implies the character set UTF8MB3, which will be replaced by UTF8MB4 in a future release. Please consider using CHAR(x) CHARACTER SET UTF8MB4 in order to be unambiguous. [liquibase.executor.jvm.JdbcExecutor<Catalina-utility-2>] 
2026-08-12 13:45:55,310 | WARN  | 'utf8' is currently an alias for the character set UTF8MB3, but will be an alias for UTF8MB4 in a future release. Please consider using UTF8MB4 in order to be unambiguous. [liquibase.executor.jvm.JdbcExecutor<Catalina-utility-2>] 
2026-08-12 13:45:55,310 | WARN  | 'utf8mb3_bin' is a collation of the deprecated character set UTF8MB3. Please consider using UTF8MB4 with an appropriate collation instead. [liquibase.executor.jvm.JdbcExecutor<Catalina-utility-2>] 
2026-08-12 13:45:55,569 | WARN  | NATIONAL/NCHAR/NVARCHAR implies the character set UTF8MB3, which will be replaced by UTF8MB4 in a future release. Please consider using CHAR(x) CHARACTER SET UTF8MB4 in order to be unambiguous. [liquibase.executor.jvm.JdbcExecutor<Catalina-utility-2>] 
2026-08-12 13:45:55,569 | WARN  | NATIONAL/NCHAR/NVARCHAR implies the character set UTF8MB3, which will be replaced by UTF8MB4 in a future release. Please consider using CHAR(x) CHARACTER SET UTF8MB4 in order to be unambiguous. [liquibase.executor.jvm.JdbcExecutor<Catalina-utility-2>] 
2026-08-12 13:45:55,569 | WARN  | 'utf8' is currently an alias for the character set UTF8MB3, but will be an alias for UTF8MB4 in a future release. Please consider using UTF8MB4 in order to be unambiguous. [liquibase.executor.jvm.JdbcExecutor<Catalina-utility-2>] 
2026-08-12 13:45:55,569 | WARN  | 'utf8mb3_general_ci' is a collation of the deprecated character set UTF8MB3. Please consider using UTF8MB4 with an appropriate collation instead. [liquibase.executor.jvm.JdbcExecutor<Catalina-utility-2>] 
2026-08-12 13:45:56,244 | WARN  | NATIONAL/NCHAR/NVARCHAR implies the character set UTF8MB3, which will be replaced by UTF8MB4 in a future release. Please consider using CHAR(x) CHARACTER SET UTF8MB4 in order to be unambiguous. [liquibase.executor.jvm.JdbcExecutor<Catalina-utility-2>] 
2026-08-12 13:45:56,244 | WARN  | NATIONAL/NCHAR/NVARCHAR implies the character set UTF8MB3, which will be replaced by UTF8MB4 in a future release. Please consider using CHAR(x) CHARACTER SET UTF8MB4 in order to be unambiguous. [liquibase.executor.jvm.JdbcExecutor<Catalina-utility-2>] 
2026-08-12 13:45:56,244 | WARN  | 'utf8' is currently an alias for the character set UTF8MB3, but will be an alias for UTF8MB4 in a future release. Please consider using UTF8MB4 in order to be unambiguous. [liquibase.executor.jvm.JdbcExecutor<Catalina-utility-2>] 
2026-08-12 13:45:56,244 | WARN  | 'utf8mb3_general_ci' is a collation of the deprecated character set UTF8MB3. Please consider using UTF8MB4 with an appropriate collation instead. [liquibase.executor.jvm.JdbcExecutor<Catalina-utility-2>] 
2026-08-12 13:45:56,524 | WARN  | NATIONAL/NCHAR/NVARCHAR implies the character set UTF8MB3, which will be replaced by UTF8MB4 in a future release. Please consider using CHAR(x) CHARACTER SET UTF8MB4 in order to be unambiguous. [liquibase.executor.jvm.JdbcExecutor<Catalina-utility-2>] 
2026-08-12 13:45:56,524 | WARN  | NATIONAL/NCHAR/NVARCHAR implies the character set UTF8MB3, which will be replaced by UTF8MB4 in a future release. Please consider using CHAR(x) CHARACTER SET UTF8MB4 in order to be unambiguous. [liquibase.executor.jvm.JdbcExecutor<Catalina-utility-2>] 
2026-08-12 13:45:56,524 | WARN  | NATIONAL/NCHAR/NVARCHAR implies the character set UTF8MB3, which will be replaced by UTF8MB4 in a future release. Please consider using CHAR(x) CHARACTER SET UTF8MB4 in order to be unambiguous. [liquibase.executor.jvm.JdbcExecutor<Catalina-utility-2>] 
2026-08-12 13:45:56,524 | WARN  | NATIONAL/NCHAR/NVARCHAR implies the character set UTF8MB3, which will be replaced by UTF8MB4 in a future release. Please consider using CHAR(x) CHARACTER SET UTF8MB4 in order to be unambiguous. [liquibase.executor.jvm.JdbcExecutor<Catalina-utility-2>] 
2026-08-12 13:45:56,524 | WARN  | NATIONAL/NCHAR/NVARCHAR implies the character set UTF8MB3, which will be replaced by UTF8MB4 in a future release. Please consider using CHAR(x) CHARACTER SET UTF8MB4 in order to be unambiguous. [liquibase.executor.jvm.JdbcExecutor<Catalina-utility-2>] 
2026-08-12 13:45:56,525 | WARN  | 'utf8' is currently an alias for the character set UTF8MB3, but will be an alias for UTF8MB4 in a future release. Please consider using UTF8MB4 in order to be unambiguous. [liquibase.executor.jvm.JdbcExecutor<Catalina-utility-2>] 
2026-08-12 13:45:56,525 | WARN  | 'utf8mb3_general_ci' is a collation of the deprecated character set UTF8MB3. Please consider using UTF8MB4 with an appropriate collation instead. [liquibase.executor.jvm.JdbcExecutor<Catalina-utility-2>] 
2026-08-12 13:45:57,839 | WARN  | 'utf8' is currently an alias for the character set UTF8MB3, but will be an alias for UTF8MB4 in a future release. Please consider using UTF8MB4 in order to be unambiguous. [liquibase.executor.jvm.JdbcExecutor<Catalina-utility-2>] 
2026-08-12 13:45:57,840 | WARN  | 'utf8mb3_bin' is a collation of the deprecated character set UTF8MB3. Please consider using UTF8MB4 with an appropriate collation instead. [liquibase.executor.jvm.JdbcExecutor<Catalina-utility-2>] 
2026-08-12 13:46:09,919 | WARN  | NATIONAL/NCHAR/NVARCHAR implies the character set UTF8MB3, which will be replaced by UTF8MB4 in a future release. Please consider using CHAR(x) CHARACTER SET UTF8MB4 in order to be unambiguous. [liquibase.executor.jvm.JdbcExecutor<Catalina-utility-2>] 
2026-08-12 13:46:12,441 | WARN  | NATIONAL/NCHAR/NVARCHAR implies the character set UTF8MB3, which will be replaced by UTF8MB4 in a future release. Please consider using CHAR(x) CHARACTER SET UTF8MB4 in order to be unambiguous. [liquibase.executor.jvm.JdbcExecutor<Catalina-utility-2>] 
2026-08-12 13:46:14,529 | WARN  | NATIONAL/NCHAR/NVARCHAR implies the character set UTF8MB3, which will be replaced by UTF8MB4 in a future release. Please consider using CHAR(x) CHARACTER SET UTF8MB4 in order to be unambiguous. [liquibase.executor.jvm.JdbcExecutor<Catalina-utility-2>] 
2026-08-12 13:46:15,132 | WARN  | NATIONAL/NCHAR/NVARCHAR implies the character set UTF8MB3, which will be replaced by UTF8MB4 in a future release. Please consider using CHAR(x) CHARACTER SET UTF8MB4 in order to be unambiguous. [liquibase.executor.jvm.JdbcExecutor<Catalina-utility-2>] 
2026-08-12 13:46:15,579 | WARN  | NATIONAL/NCHAR/NVARCHAR implies the character set UTF8MB3, which will be replaced by UTF8MB4 in a future release. Please consider using CHAR(x) CHARACTER SET UTF8MB4 in order to be unambiguous. [liquibase.executor.jvm.JdbcExecutor<Catalina-utility-2>] 
2026-08-12 13:46:18,246 | WARN  | NATIONAL/NCHAR/NVARCHAR implies the character set UTF8MB3, which will be replaced by UTF8MB4 in a future release. Please consider using CHAR(x) CHARACTER SET UTF8MB4 in order to be unambiguous. [liquibase.executor.jvm.JdbcExecutor<Catalina-utility-2>] 
2026-08-12 13:46:18,638 | WARN  | NATIONAL/NCHAR/NVARCHAR implies the character set UTF8MB3, which will be replaced by UTF8MB4 in a future release. Please consider using CHAR(x) CHARACTER SET UTF8MB4 in order to be unambiguous. [liquibase.executor.jvm.JdbcExecutor<Catalina-utility-2>] 
2026-08-12 13:46:18,638 | WARN  | NATIONAL/NCHAR/NVARCHAR implies the character set UTF8MB3, which will be replaced by UTF8MB4 in a future release. Please consider using CHAR(x) CHARACTER SET UTF8MB4 in order to be unambiguous. [liquibase.executor.jvm.JdbcExecutor<Catalina-utility-2>] 
2026-08-12 13:46:19,564 | WARN  | NATIONAL/NCHAR/NVARCHAR implies the character set UTF8MB3, which will be replaced by UTF8MB4 in a future release. Please consider using CHAR(x) CHARACTER SET UTF8MB4 in order to be unambiguous. [liquibase.executor.jvm.JdbcExecutor<Catalina-utility-2>] 
2026-08-12 13:46:19,564 | WARN  | NATIONAL/NCHAR/NVARCHAR implies the character set UTF8MB3, which will be replaced by UTF8MB4 in a future release. Please consider using CHAR(x) CHARACTER SET UTF8MB4 in order to be unambiguous. [liquibase.executor.jvm.JdbcExecutor<Catalina-utility-2>] 
2026-08-12 13:46:20,404 | WARN  | NATIONAL/NCHAR/NVARCHAR implies the character set UTF8MB3, which will be replaced by UTF8MB4 in a future release. Please consider using CHAR(x) CHARACTER SET UTF8MB4 in order to be unambiguous. [liquibase.executor.jvm.JdbcExecutor<Catalina-utility-2>] 
2026-08-12 13:46:20,404 | WARN  | NATIONAL/NCHAR/NVARCHAR implies the character set UTF8MB3, which will be replaced by UTF8MB4 in a future release. Please consider using CHAR(x) CHARACTER SET UTF8MB4 in order to be unambiguous. [liquibase.executor.jvm.JdbcExecutor<Catalina-utility-2>] 
2026-08-12 13:46:20,895 | WARN  | NATIONAL/NCHAR/NVARCHAR implies the character set UTF8MB3, which will be replaced by UTF8MB4 in a future release. Please consider using CHAR(x) CHARACTER SET UTF8MB4 in order to be unambiguous. [liquibase.executor.jvm.JdbcExecutor<Catalina-utility-2>] 
2026-08-12 13:46:21,232 | WARN  | 'utf8' is currently an alias for the character set UTF8MB3, but will be an alias for UTF8MB4 in a future release. Please consider using UTF8MB4 in order to be unambiguous. [liquibase.executor.jvm.JdbcExecutor<Catalina-utility-2>] 
2026-08-12 13:46:21,232 | WARN  | 'utf8mb3_general_ci' is a collation of the deprecated character set UTF8MB3. Please consider using UTF8MB4 with an appropriate collation instead. [liquibase.executor.jvm.JdbcExecutor<Catalina-utility-2>] 
2026-08-12 13:46:23,704 | WARN  | NATIONAL/NCHAR/NVARCHAR implies the character set UTF8MB3, which will be replaced by UTF8MB4 in a future release. Please consider using CHAR(x) CHARACTER SET UTF8MB4 in order to be unambiguous. [liquibase.executor.jvm.JdbcExecutor<Catalina-utility-2>] 
2026-08-12 13:46:23,704 | WARN  | 'utf8' is currently an alias for the character set UTF8MB3, but will be an alias for UTF8MB4 in a future release. Please consider using UTF8MB4 in order to be unambiguous. [liquibase.executor.jvm.JdbcExecutor<Catalina-utility-2>] 
2026-08-12 13:46:23,704 | WARN  | 'utf8mb3_general_ci' is a collation of the deprecated character set UTF8MB3. Please consider using UTF8MB4 with an appropriate collation instead. [liquibase.executor.jvm.JdbcExecutor<Catalina-utility-2>] 
2026-08-12 13:46:24,517 | WARN  | NATIONAL/NCHAR/NVARCHAR implies the character set UTF8MB3, which will be replaced by UTF8MB4 in a future release. Please consider using CHAR(x) CHARACTER SET UTF8MB4 in order to be unambiguous. [liquibase.executor.jvm.JdbcExecutor<Catalina-utility-2>] 
2026-08-12 13:46:24,517 | WARN  | NATIONAL/NCHAR/NVARCHAR implies the character set UTF8MB3, which will be replaced by UTF8MB4 in a future release. Please consider using CHAR(x) CHARACTER SET UTF8MB4 in order to be unambiguous. [liquibase.executor.jvm.JdbcExecutor<Catalina-utility-2>] 
2026-08-12 13:46:24,517 | WARN  | NATIONAL/NCHAR/NVARCHAR implies the character set UTF8MB3, which will be replaced by UTF8MB4 in a future release. Please consider using CHAR(x) CHARACTER SET UTF8MB4 in order to be unambiguous. [liquibase.executor.jvm.JdbcExecutor<Catalina-utility-2>] 
2026-08-12 13:46:24,517 | WARN  | NATIONAL/NCHAR/NVARCHAR implies the character set UTF8MB3, which will be replaced by UTF8MB4 in a future release. Please consider using CHAR(x) CHARACTER SET UTF8MB4 in order to be unambiguous. [liquibase.executor.jvm.JdbcExecutor<Catalina-utility-2>] 
2026-08-12 13:46:24,517 | WARN  | 'utf8' is currently an alias for the character set UTF8MB3, but will be an alias for UTF8MB4 in a future release. Please consider using UTF8MB4 in order to be unambiguous. [liquibase.executor.jvm.JdbcExecutor<Catalina-utility-2>] 
2026-08-12 13:46:24,517 | WARN  | 'utf8mb3_general_ci' is a collation of the deprecated character set UTF8MB3. Please consider using UTF8MB4 with an appropriate collation instead. [liquibase.executor.jvm.JdbcExecutor<Catalina-utility-2>] 
2026-08-12 13:46:25,925 | WARN  | 'BINARY as attribute of a type' is deprecated and will be removed in a future release. Please use a CHARACTER SET clause with _bin collation instead [liquibase.executor.jvm.JdbcExecutor<Catalina-utility-2>] 
2026-08-12 13:46:25,925 | WARN  | NATIONAL/NCHAR/NVARCHAR implies the character set UTF8MB3, which will be replaced by UTF8MB4 in a future release. Please consider using CHAR(x) CHARACTER SET UTF8MB4 in order to be unambiguous. [liquibase.executor.jvm.JdbcExecutor<Catalina-utility-2>] 
2026-08-12 13:46:27,309 | WARN  | NATIONAL/NCHAR/NVARCHAR implies the character set UTF8MB3, which will be replaced by UTF8MB4 in a future release. Please consider using CHAR(x) CHARACTER SET UTF8MB4 in order to be unambiguous. [liquibase.executor.jvm.JdbcExecutor<Catalina-utility-2>] 
2026-08-12 13:46:32,926 | WARN  | NATIONAL/NCHAR/NVARCHAR implies the character set UTF8MB3, which will be replaced by UTF8MB4 in a future release. Please consider using CHAR(x) CHARACTER SET UTF8MB4 in order to be unambiguous. [liquibase.executor.jvm.JdbcExecutor<Catalina-utility-2>] 
2026-08-12 13:46:32,926 | WARN  | NATIONAL/NCHAR/NVARCHAR implies the character set UTF8MB3, which will be replaced by UTF8MB4 in a future release. Please consider using CHAR(x) CHARACTER SET UTF8MB4 in order to be unambiguous. [liquibase.executor.jvm.JdbcExecutor<Catalina-utility-2>] 
2026-08-12 13:46:32,926 | WARN  | NATIONAL/NCHAR/NVARCHAR implies the character set UTF8MB3, which will be replaced by UTF8MB4 in a future release. Please consider using CHAR(x) CHARACTER SET UTF8MB4 in order to be unambiguous. [liquibase.executor.jvm.JdbcExecutor<Catalina-utility-2>] 
2026-08-12 13:46:32,926 | WARN  | NATIONAL/NCHAR/NVARCHAR implies the character set UTF8MB3, which will be replaced by UTF8MB4 in a future release. Please consider using CHAR(x) CHARACTER SET UTF8MB4 in order to be unambiguous. [liquibase.executor.jvm.JdbcExecutor<Catalina-utility-2>] 
2026-08-12 13:46:32,926 | WARN  | NATIONAL/NCHAR/NVARCHAR implies the character set UTF8MB3, which will be replaced by UTF8MB4 in a future release. Please consider using CHAR(x) CHARACTER SET UTF8MB4 in order to be unambiguous. [liquibase.executor.jvm.JdbcExecutor<Catalina-utility-2>] 
2026-08-12 13:46:32,926 | WARN  | NATIONAL/NCHAR/NVARCHAR implies the character set UTF8MB3, which will be replaced by UTF8MB4 in a future release. Please consider using CHAR(x) CHARACTER SET UTF8MB4 in order to be unambiguous. [liquibase.executor.jvm.JdbcExecutor<Catalina-utility-2>] 
2026-08-12 13:46:32,926 | WARN  | 'utf8' is currently an alias for the character set UTF8MB3, but will be an alias for UTF8MB4 in a future release. Please consider using UTF8MB4 in order to be unambiguous. [liquibase.executor.jvm.JdbcExecutor<Catalina-utility-2>] 
2026-08-12 13:46:32,926 | WARN  | 'utf8mb3_general_ci' is a collation of the deprecated character set UTF8MB3. Please consider using UTF8MB4 with an appropriate collation instead. [liquibase.executor.jvm.JdbcExecutor<Catalina-utility-2>] 
2026-08-12 13:46:38,598 | WARN  | NATIONAL/NCHAR/NVARCHAR implies the character set UTF8MB3, which will be replaced by UTF8MB4 in a future release. Please consider using CHAR(x) CHARACTER SET UTF8MB4 in order to be unambiguous. [liquibase.executor.jvm.JdbcExecutor<Catalina-utility-2>] 
2026-08-12 13:46:39,776 | WARN  | NATIONAL/NCHAR/NVARCHAR implies the character set UTF8MB3, which will be replaced by UTF8MB4 in a future release. Please consider using CHAR(x) CHARACTER SET UTF8MB4 in order to be unambiguous. [liquibase.executor.jvm.JdbcExecutor<Catalina-utility-2>] 
2026-08-12 13:46:39,952 | WARN  | NATIONAL/NCHAR/NVARCHAR implies the character set UTF8MB3, which will be replaced by UTF8MB4 in a future release. Please consider using CHAR(x) CHARACTER SET UTF8MB4 in order to be unambiguous. [liquibase.executor.jvm.JdbcExecutor<Catalina-utility-2>] 
2026-08-12 13:46:41,234 | WARN  | NATIONAL/NCHAR/NVARCHAR implies the character set UTF8MB3, which will be replaced by UTF8MB4 in a future release. Please consider using CHAR(x) CHARACTER SET UTF8MB4 in order to be unambiguous. [liquibase.executor.jvm.JdbcExecutor<Catalina-utility-2>] 
2026-08-12 13:46:42,115 | WARN  | NATIONAL/NCHAR/NVARCHAR implies the character set UTF8MB3, which will be replaced by UTF8MB4 in a future release. Please consider using CHAR(x) CHARACTER SET UTF8MB4 in order to be unambiguous. [liquibase.executor.jvm.JdbcExecutor<Catalina-utility-2>] 
2026-08-12 13:46:43,039 | WARN  | NATIONAL/NCHAR/NVARCHAR implies the character set UTF8MB3, which will be replaced by UTF8MB4 in a future release. Please consider using CHAR(x) CHARACTER SET UTF8MB4 in order to be unambiguous. [liquibase.executor.jvm.JdbcExecutor<Catalina-utility-2>] 
2026-08-12 13:46:45,259 | WARN  | NATIONAL/NCHAR/NVARCHAR implies the character set UTF8MB3, which will be replaced by UTF8MB4 in a future release. Please consider using CHAR(x) CHARACTER SET UTF8MB4 in order to be unambiguous. [liquibase.executor.jvm.JdbcExecutor<Catalina-utility-2>] 
2026-08-12 13:46:47,182 | WARN  | NATIONAL/NCHAR/NVARCHAR implies the character set UTF8MB3, which will be replaced by UTF8MB4 in a future release. Please consider using CHAR(x) CHARACTER SET UTF8MB4 in order to be unambiguous. [liquibase.executor.jvm.JdbcExecutor<Catalina-utility-2>] 
2026-08-12 13:46:47,182 | WARN  | 'utf8' is currently an alias for the character set UTF8MB3, but will be an alias for UTF8MB4 in a future release. Please consider using UTF8MB4 in order to be unambiguous. [liquibase.executor.jvm.JdbcExecutor<Catalina-utility-2>] 
2026-08-12 13:46:47,182 | WARN  | 'utf8mb3_general_ci' is a collation of the deprecated character set UTF8MB3. Please consider using UTF8MB4 with an appropriate collation instead. [liquibase.executor.jvm.JdbcExecutor<Catalina-utility-2>] 
2026-08-12 13:47:02,197 | WARN  | NATIONAL/NCHAR/NVARCHAR implies the character set UTF8MB3, which will be replaced by UTF8MB4 in a future release. Please consider using CHAR(x) CHARACTER SET UTF8MB4 in order to be unambiguous. [liquibase.executor.jvm.JdbcExecutor<Catalina-utility-2>] 
2026-08-12 13:47:07,836 | WARN  | NATIONAL/NCHAR/NVARCHAR implies the character set UTF8MB3, which will be replaced by UTF8MB4 in a future release. Please consider using CHAR(x) CHARACTER SET UTF8MB4 in order to be unambiguous. [liquibase.executor.jvm.JdbcExecutor<Catalina-utility-2>] 
2026-08-12 13:47:07,836 | WARN  | NATIONAL/NCHAR/NVARCHAR implies the character set UTF8MB3, which will be replaced by UTF8MB4 in a future release. Please consider using CHAR(x) CHARACTER SET UTF8MB4 in order to be unambiguous. [liquibase.executor.jvm.JdbcExecutor<Catalina-utility-2>] 
2026-08-12 13:47:07,836 | WARN  | 'utf8' is currently an alias for the character set UTF8MB3, but will be an alias for UTF8MB4 in a future release. Please consider using UTF8MB4 in order to be unambiguous. [liquibase.executor.jvm.JdbcExecutor<Catalina-utility-2>] 
2026-08-12 13:47:07,836 | WARN  | 'utf8mb3_general_ci' is a collation of the deprecated character set UTF8MB3. Please consider using UTF8MB4 with an appropriate collation instead. [liquibase.executor.jvm.JdbcExecutor<Catalina-utility-2>] 
2026-08-12 13:47:08,938 | WARN  | NATIONAL/NCHAR/NVARCHAR implies the character set UTF8MB3, which will be replaced by UTF8MB4 in a future release. Please consider using CHAR(x) CHARACTER SET UTF8MB4 in order to be unambiguous. [liquibase.executor.jvm.JdbcExecutor<Catalina-utility-2>] 
2026-08-12 13:47:08,939 | WARN  | NATIONAL/NCHAR/NVARCHAR implies the character set UTF8MB3, which will be replaced by UTF8MB4 in a future release. Please consider using CHAR(x) CHARACTER SET UTF8MB4 in order to be unambiguous. [liquibase.executor.jvm.JdbcExecutor<Catalina-utility-2>] 
2026-08-12 13:47:11,310 | INFO  |   * processing changelog db/changelog/metadata-rdbms.db.changelog-1.0.0.xml [o.e.c.p.impl.LiquibaseDataInitializer<Catalina-utility-2>] 
2026-08-12 13:47:12,326 | WARN  | NATIONAL/NCHAR/NVARCHAR implies the character set UTF8MB3, which will be replaced by UTF8MB4 in a future release. Please consider using CHAR(x) CHARACTER SET UTF8MB4 in order to be unambiguous. [liquibase.executor.jvm.JdbcExecutor<Catalina-utility-2>] 
2026-08-12 13:47:12,326 | WARN  | 'utf8' is currently an alias for the character set UTF8MB3, but will be an alias for UTF8MB4 in a future release. Please consider using UTF8MB4 in order to be unambiguous. [liquibase.executor.jvm.JdbcExecutor<Catalina-utility-2>] 
2026-08-12 13:47:12,326 | WARN  | 'utf8mb3_general_ci' is a collation of the deprecated character set UTF8MB3. Please consider using UTF8MB4 with an appropriate collation instead. [liquibase.executor.jvm.JdbcExecutor<Catalina-utility-2>] 
2026-08-12 13:47:13,191 | WARN  | NATIONAL/NCHAR/NVARCHAR implies the character set UTF8MB3, which will be replaced by UTF8MB4 in a future release. Please consider using CHAR(x) CHARACTER SET UTF8MB4 in order to be unambiguous. [liquibase.executor.jvm.JdbcExecutor<Catalina-utility-2>] 
2026-08-12 13:47:13,191 | WARN  | 'utf8' is currently an alias for the character set UTF8MB3, but will be an alias for UTF8MB4 in a future release. Please consider using UTF8MB4 in order to be unambiguous. [liquibase.executor.jvm.JdbcExecutor<Catalina-utility-2>] 
2026-08-12 13:47:13,191 | WARN  | 'utf8mb3_general_ci' is a collation of the deprecated character set UTF8MB3. Please consider using UTF8MB4 with an appropriate collation instead. [liquibase.executor.jvm.JdbcExecutor<Catalina-utility-2>] 
2026-08-12 13:47:14,133 | WARN  | NATIONAL/NCHAR/NVARCHAR implies the character set UTF8MB3, which will be replaced by UTF8MB4 in a future release. Please consider using CHAR(x) CHARACTER SET UTF8MB4 in order to be unambiguous. [liquibase.executor.jvm.JdbcExecutor<Catalina-utility-2>] 
2026-08-12 13:47:14,133 | WARN  | NATIONAL/NCHAR/NVARCHAR implies the character set UTF8MB3, which will be replaced by UTF8MB4 in a future release. Please consider using CHAR(x) CHARACTER SET UTF8MB4 in order to be unambiguous. [liquibase.executor.jvm.JdbcExecutor<Catalina-utility-2>] 
2026-08-12 13:47:14,133 | WARN  | NATIONAL/NCHAR/NVARCHAR implies the character set UTF8MB3, which will be replaced by UTF8MB4 in a future release. Please consider using CHAR(x) CHARACTER SET UTF8MB4 in order to be unambiguous. [liquibase.executor.jvm.JdbcExecutor<Catalina-utility-2>] 
2026-08-12 13:47:14,133 | WARN  | 'utf8' is currently an alias for the character set UTF8MB3, but will be an alias for UTF8MB4 in a future release. Please consider using UTF8MB4 in order to be unambiguous. [liquibase.executor.jvm.JdbcExecutor<Catalina-utility-2>] 
2026-08-12 13:47:14,133 | WARN  | 'utf8mb3_general_ci' is a collation of the deprecated character set UTF8MB3. Please consider using UTF8MB4 with an appropriate collation instead. [liquibase.executor.jvm.JdbcExecutor<Catalina-utility-2>] 
2026-08-12 13:47:14,893 | WARN  | NATIONAL/NCHAR/NVARCHAR implies the character set UTF8MB3, which will be replaced by UTF8MB4 in a future release. Please consider using CHAR(x) CHARACTER SET UTF8MB4 in order to be unambiguous. [liquibase.executor.jvm.JdbcExecutor<Catalina-utility-2>] 
2026-08-12 13:47:14,894 | WARN  | 'utf8' is currently an alias for the character set UTF8MB3, but will be an alias for UTF8MB4 in a future release. Please consider using UTF8MB4 in order to be unambiguous. [liquibase.executor.jvm.JdbcExecutor<Catalina-utility-2>] 
2026-08-12 13:47:14,894 | WARN  | 'utf8mb3_general_ci' is a collation of the deprecated character set UTF8MB3. Please consider using UTF8MB4 with an appropriate collation instead. [liquibase.executor.jvm.JdbcExecutor<Catalina-utility-2>] 
2026-08-12 13:47:26,376 | INFO  | Root container is built (build time 341769ms) [exo.kernel.container.RootContainer<Catalina-utility-2>] 
2026-08-12 13:47:26,376 | INFO  | Set the top container in its context [e.kernel.container.ExoContainerContext<Catalina-utility-2>] 
2026-08-12 13:47:26,377 | INFO  | Root container booted [exo.kernel.container.RootContainer<Catalina-utility-2>] 
2026-08-12 13:47:26,377 | INFO  | Installing ThreadLocalSessionProviderInitializedFilter into context '/rest' [e.j.f.c.InstallJCRServletContextListener<Catalina-utility-1>] 
2026-08-12 13:47:26,450 | INFO  | Deployment of web application archive [/opt/exo/webapps/rest.war] has finished in [342,377] ms [org.apache.catalina.startup.HostConfig<Catalina-utility-1>] 
2026-08-12 13:47:26,452 | INFO  | Deploying web application archive [/opt/exo/webapps/pwa.war] [org.apache.catalina.startup.HostConfig<Catalina-utility-1>] 
2026-08-12 13:47:26,541 | INFO  | 1 Spring WebApplicationInitializers detected on classpath [o.a.c.c.C.[Catalina].[localhost].[/pwa]<Catalina-utility-1>] 
2026-08-12 13:47:27,483 | INFO  | Starting PollApplication v7.2.0-exo using Java 21.0.11 with PID 7 (/opt/exo/webapps/poll/WEB-INF/classes started by exo in /var/log/exo) [io.meeds.poll.PollApplication<Catalina-utility-2>] 
2026-08-12 13:47:27,484 | INFO  | The following 35 profiles are active: "notes", "kudos", "tomcat", "documents", "push-notifications", "sites", "poll", "webdav", "deeds-tenant", "matrix", "digital-workplace", "content", "external-visio-connector", "analytics", "gamification-evm", "jcr", "exo_community", "all", "processes", "wallet", "webconferencing", "auth-server", "ecms", "ide", "mcp-server", "agenda", "gamification-twitter", "onlyoffice", "layout", "gamification", "app-center", "task", "gamification-crowdin", "perk-store", "pwa" [io.meeds.poll.PollApplication<Catalina-utility-2>] 
2026-08-12 13:47:27,487 | INFO  | Starting McpServerApplication v7.2.0-exo using Java 21.0.11 with PID 7 (/opt/exo/webapps/mcp-server/WEB-INF/classes started by exo in /var/log/exo) [i.meeds.mcp.server.McpServerApplication<Catalina-utility-3>] 
2026-08-12 13:47:27,487 | INFO  | The following 35 profiles are active: "notes", "kudos", "tomcat", "documents", "push-notifications", "sites", "poll", "webdav", "deeds-tenant", "matrix", "digital-workplace", "content", "external-visio-connector", "analytics", "gamification-evm", "jcr", "exo_community", "all", "processes", "wallet", "webconferencing", "auth-server", "ecms", "ide", "mcp-server", "agenda", "gamification-twitter", "onlyoffice", "layout", "gamification", "app-center", "task", "gamification-crowdin", "perk-store", "pwa" [i.meeds.mcp.server.McpServerApplication<Catalina-utility-3>] 
2026-08-12 13:47:27,492 | INFO  | Starting PwaApplication v7.2.0-exo using Java 21.0.11 with PID 7 (/opt/exo/webapps/pwa/WEB-INF/classes started by exo in /var/log/exo) [io.meeds.pwa.PwaApplication<Catalina-utility-1>] 
2026-08-12 13:47:27,492 | INFO  | The following 35 profiles are active: "notes", "kudos", "tomcat", "documents", "push-notifications", "sites", "poll", "webdav", "deeds-tenant", "matrix", "digital-workplace", "content", "external-visio-connector", "analytics", "gamification-evm", "jcr", "exo_community", "all", "processes", "wallet", "webconferencing", "auth-server", "ecms", "ide", "mcp-server", "agenda", "gamification-twitter", "onlyoffice", "layout", "gamification", "app-center", "task", "gamification-crowdin", "perk-store", "pwa" [io.meeds.pwa.PwaApplication<Catalina-utility-1>] 
2026-08-12 13:47:29,268 | INFO  | Multiple Spring Data modules found, entering strict repository configuration mode [o.s.d.r.c.RepositoryConfigurationDelegate<Catalina-utility-2>] 
2026-08-12 13:47:29,269 | INFO  | Bootstrapping Spring Data JPA repositories in DEFAULT mode. [o.s.d.r.c.RepositoryConfigurationDelegate<Catalina-utility-2>] 
2026-08-12 13:47:29,541 | INFO  | Finished Spring Data repository scanning in 201 ms. Found 3 JPA repository interfaces. [o.s.d.r.c.RepositoryConfigurationDelegate<Catalina-utility-2>] 
2026-08-12 13:47:29,753 | INFO  | Multiple Spring Data modules found, entering strict repository configuration mode [o.s.d.r.c.RepositoryConfigurationDelegate<Catalina-utility-3>] 
2026-08-12 13:47:29,757 | INFO  | Bootstrapping Spring Data Elasticsearch repositories in DEFAULT mode. [o.s.d.r.c.RepositoryConfigurationDelegate<Catalina-utility-3>] 
2026-08-12 13:47:29,816 | INFO  | Finished Spring Data repository scanning in 56 ms. Found 0 Elasticsearch repository interfaces. [o.s.d.r.c.RepositoryConfigurationDelegate<Catalina-utility-3>] 
2026-08-12 13:47:29,826 | INFO  | Multiple Spring Data modules found, entering strict repository configuration mode [o.s.d.r.c.RepositoryConfigurationDelegate<Catalina-utility-1>] 
2026-08-12 13:47:29,827 | INFO  | Bootstrapping Spring Data Elasticsearch repositories in DEFAULT mode. [o.s.d.r.c.RepositoryConfigurationDelegate<Catalina-utility-1>] 
2026-08-12 13:47:29,834 | INFO  | Multiple Spring Data modules found, entering strict repository configuration mode [o.s.d.r.c.RepositoryConfigurationDelegate<Catalina-utility-3>] 
2026-08-12 13:47:29,835 | INFO  | Bootstrapping Spring Data Reactive Elasticsearch repositories in DEFAULT mode. [o.s.d.r.c.RepositoryConfigurationDelegate<Catalina-utility-3>] 
2026-08-12 13:47:29,850 | INFO  | Finished Spring Data repository scanning in 12 ms. Found 0 Reactive Elasticsearch repository interfaces. [o.s.d.r.c.RepositoryConfigurationDelegate<Catalina-utility-3>] 
2026-08-12 13:47:29,854 | INFO  | Finished Spring Data repository scanning in 21 ms. Found 0 Elasticsearch repository interfaces. [o.s.d.r.c.RepositoryConfigurationDelegate<Catalina-utility-1>] 
2026-08-12 13:47:29,858 | INFO  | Multiple Spring Data modules found, entering strict repository configuration mode [o.s.d.r.c.RepositoryConfigurationDelegate<Catalina-utility-1>] 
2026-08-12 13:47:29,858 | INFO  | Bootstrapping Spring Data Reactive Elasticsearch repositories in DEFAULT mode. [o.s.d.r.c.RepositoryConfigurationDelegate<Catalina-utility-1>] 
2026-08-12 13:47:29,862 | INFO  | Finished Spring Data repository scanning in 2 ms. Found 0 Reactive Elasticsearch repository interfaces. [o.s.d.r.c.RepositoryConfigurationDelegate<Catalina-utility-1>] 
2026-08-12 13:47:29,888 | INFO  | Multiple Spring Data modules found, entering strict repository configuration mode [o.s.d.r.c.RepositoryConfigurationDelegate<Catalina-utility-2>] 
2026-08-12 13:47:29,889 | INFO  | Bootstrapping Spring Data Elasticsearch repositories in DEFAULT mode. [o.s.d.r.c.RepositoryConfigurationDelegate<Catalina-utility-2>] 
2026-08-12 13:47:29,910 | INFO  | Spring Data Elasticsearch - Could not safely identify store assignment for repository candidate interface io.meeds.poll.dao.PollDAO; If you want this repository to be a Elasticsearch repository, consider annotating your entities with one of these annotations: org.springframework.data.elasticsearch.annotations.Document (preferred), or consider extending one of the following types with your repository: org.springframework.data.elasticsearch.repository.ElasticsearchRepository [o.s.d.r.c.RepositoryConfigurationExtensionSupport<Catalina-utility-2>] 
2026-08-12 13:47:29,911 | INFO  | Spring Data Elasticsearch - Could not safely identify store assignment for repository candidate interface io.meeds.poll.dao.PollOptionDAO; If you want this repository to be a Elasticsearch repository, consider annotating your entities with one of these annotations: org.springframework.data.elasticsearch.annotations.Document (preferred), or consider extending one of the following types with your repository: org.springframework.data.elasticsearch.repository.ElasticsearchRepository [o.s.d.r.c.RepositoryConfigurationExtensionSupport<Catalina-utility-2>] 
2026-08-12 13:47:29,911 | INFO  | Spring Data Elasticsearch - Could not safely identify store assignment for repository candidate interface io.meeds.poll.dao.PollVoteDAO; If you want this repository to be a Elasticsearch repository, consider annotating your entities with one of these annotations: org.springframework.data.elasticsearch.annotations.Document (preferred), or consider extending one of the following types with your repository: org.springframework.data.elasticsearch.repository.ElasticsearchRepository [o.s.d.r.c.RepositoryConfigurationExtensionSupport<Catalina-utility-2>] 
2026-08-12 13:47:29,911 | INFO  | Finished Spring Data repository scanning in 21 ms. Found 0 Elasticsearch repository interfaces. [o.s.d.r.c.RepositoryConfigurationDelegate<Catalina-utility-2>] 
2026-08-12 13:47:29,913 | INFO  | Multiple Spring Data modules found, entering strict repository configuration mode [o.s.d.r.c.RepositoryConfigurationDelegate<Catalina-utility-2>] 
2026-08-12 13:47:29,913 | INFO  | Bootstrapping Spring Data Reactive Elasticsearch repositories in DEFAULT mode. [o.s.d.r.c.RepositoryConfigurationDelegate<Catalina-utility-2>] 
2026-08-12 13:47:29,928 | INFO  | Spring Data Reactive Elasticsearch - Could not safely identify store assignment for repository candidate interface io.meeds.poll.dao.PollDAO; If you want this repository to be a Reactive Elasticsearch repository, consider annotating your entities with one of these annotations: org.springframework.data.elasticsearch.annotations.Document (preferred), or consider extending one of the following types with your repository: org.springframework.data.elasticsearch.repository.ReactiveElasticsearchRepository [o.s.d.r.c.RepositoryConfigurationExtensionSupport<Catalina-utility-2>] 
2026-08-12 13:47:29,929 | INFO  | Spring Data Reactive Elasticsearch - Could not safely identify store assignment for repository candidate interface io.meeds.poll.dao.PollOptionDAO; If you want this repository to be a Reactive Elasticsearch repository, consider annotating your entities with one of these annotations: org.springframework.data.elasticsearch.annotations.Document (preferred), or consider extending one of the following types with your repository: org.springframework.data.elasticsearch.repository.ReactiveElasticsearchRepository [o.s.d.r.c.RepositoryConfigurationExtensionSupport<Catalina-utility-2>] 
2026-08-12 13:47:29,930 | INFO  | Spring Data Reactive Elasticsearch - Could not safely identify store assignment for repository candidate interface io.meeds.poll.dao.PollVoteDAO; If you want this repository to be a Reactive Elasticsearch repository, consider annotating your entities with one of these annotations: org.springframework.data.elasticsearch.annotations.Document (preferred), or consider extending one of the following types with your repository: org.springframework.data.elasticsearch.repository.ReactiveElasticsearchRepository [o.s.d.r.c.RepositoryConfigurationExtensionSupport<Catalina-utility-2>] 
2026-08-12 13:47:29,930 | INFO  | Finished Spring Data repository scanning in 5 ms. Found 0 Reactive Elasticsearch repository interfaces. [o.s.d.r.c.RepositoryConfigurationDelegate<Catalina-utility-2>] 
2026-08-12 13:47:30,769 | INFO  | Initializing Spring embedded WebApplicationContext [o.a.c.c.C.[Catalina].[localhost].[/pwa]<Catalina-utility-1>] 
2026-08-12 13:47:30,770 | INFO  | Root WebApplicationContext: initialization completed in 2994 ms [o.s.b.w.s.c.ServletWebServerApplicationContext<Catalina-utility-1>] 
2026-08-12 13:47:30,771 | INFO  | Initializing Spring embedded WebApplicationContext [o.a.c.c.C.[.[localhost].[/mcp-server]<Catalina-utility-3>] 
2026-08-12 13:47:30,771 | INFO  | Root WebApplicationContext: initialization completed in 2993 ms [o.s.b.w.s.c.ServletWebServerApplicationContext<Catalina-utility-3>] 
2026-08-12 13:47:30,775 | INFO  | Initializing Spring embedded WebApplicationContext [o.a.c.c.C.[Catalina].[localhost].[/poll]<Catalina-utility-2>] 
2026-08-12 13:47:30,783 | INFO  | Root WebApplicationContext: initialization completed in 3009 ms [o.s.b.w.s.c.ServletWebServerApplicationContext<Catalina-utility-2>] 
2026-08-12 13:47:31,197 | INFO  | Add Spring context 'pwa' to inject its Beans in Kernel as available components [i.m.s.k.KernelContainerLifecyclePlugin<Catalina-utility-1>] 
2026-08-12 13:47:31,202 | INFO  | Started PwaApplication in 4.56 seconds (process running for 374.78) [io.meeds.pwa.PwaApplication<Catalina-utility-1>] 
2026-08-12 13:47:31,231 | INFO  | Add Spring context 'mcp-server' to inject its Beans in Kernel as available components [i.m.s.k.KernelContainerLifecyclePlugin<Catalina-utility-3>] 
2026-08-12 13:47:31,231 | INFO  | Started McpServerApplication in 4.592 seconds (process running for 374.809) [i.meeds.mcp.server.McpServerApplication<Catalina-utility-3>] 
2026-08-12 13:47:31,247 | INFO  | At least one JAR was scanned for TLDs yet contained no TLDs. Enable debug logging for this logger for a complete list of JARs that were scanned but no TLDs were found in them. Skipping unneeded JARs during scanning can improve startup time and JSP compilation time. [org.apache.jasper.servlet.TldScanner<Catalina-utility-3>] 
2026-08-12 13:47:31,255 | INFO  | Add Spring context 'poll' to inject its Beans in Kernel as available components [i.m.s.k.KernelContainerLifecyclePlugin<Catalina-utility-2>] 
2026-08-12 13:47:31,256 | INFO  | Started PollApplication in 4.618 seconds (process running for 374.833) [io.meeds.poll.PollApplication<Catalina-utility-2>] 
2026-08-12 13:47:31,257 | INFO  | Use maxAge "31536000" seconds for resource serving [o.e.p.application.ResourceRequestFilter<Catalina-utility-1>] 
2026-08-12 13:47:31,263 | INFO  | Use version "7.2.0-exo-20260626120846" for resource serving [o.e.p.application.ResourceRequestFilter<Catalina-utility-1>] 
2026-08-12 13:47:31,265 | INFO  | Deployment of web application archive [/opt/exo/webapps/mcp-server.war] has finished in [347,155] ms [org.apache.catalina.startup.HostConfig<Catalina-utility-3>] 
2026-08-12 13:47:31,266 | INFO  | Deploying web application archive [/opt/exo/webapps/plf-community.war] [org.apache.catalina.startup.HostConfig<Catalina-utility-3>] 
2026-08-12 13:47:31,269 | INFO  | Deployment of web application archive [/opt/exo/webapps/pwa.war] has finished in [4,818] ms [org.apache.catalina.startup.HostConfig<Catalina-utility-1>] 
2026-08-12 13:47:31,270 | INFO  | Deploying web application archive [/opt/exo/webapps/layout.war] [org.apache.catalina.startup.HostConfig<Catalina-utility-1>] 
2026-08-12 13:47:31,280 | INFO  | Deployment of web application archive [/opt/exo/webapps/poll.war] has finished in [347,153] ms [org.apache.catalina.startup.HostConfig<Catalina-utility-2>] 
2026-08-12 13:47:31,282 | INFO  | Deploying web application archive [/opt/exo/webapps/gamification-crowdin.war] [org.apache.catalina.startup.HostConfig<Catalina-utility-2>] 
2026-08-12 13:47:31,303 | INFO  | No Spring WebApplicationInitializer types detected on classpath [o.a.c.c.C.[.[localhost].[/plf-community]<Catalina-utility-3>] 
2026-08-12 13:47:31,310 | INFO  | Deployment of web application archive [/opt/exo/webapps/plf-community.war] has finished in [44] ms [org.apache.catalina.startup.HostConfig<Catalina-utility-3>] 
2026-08-12 13:47:31,310 | INFO  | Deploying web application archive [/opt/exo/webapps/analytics.war] [org.apache.catalina.startup.HostConfig<Catalina-utility-3>] 
2026-08-12 13:47:31,350 | INFO  | 1 Spring WebApplicationInitializers detected on classpath [o.a.c.c.C.[.[.[/gamification-crowdin]<Catalina-utility-2>] 
2026-08-12 13:47:31,375 | INFO  | 1 Spring WebApplicationInitializers detected on classpath [o.a.c.c.C.[.[localhost].[/layout]<Catalina-utility-1>] 
2026-08-12 13:47:31,540 | INFO  | 1 Spring WebApplicationInitializers detected on classpath [o.a.c.c.C.[.[localhost].[/analytics]<Catalina-utility-3>] 
2026-08-12 13:47:31,632 | INFO  | Starting LayoutApplication v7.2.0-exo using Java 21.0.11 with PID 7 (/opt/exo/webapps/layout/WEB-INF/classes started by exo in /var/log/exo) [io.meeds.layout.LayoutApplication<Catalina-utility-1>] 
2026-08-12 13:47:31,633 | INFO  | The following 35 profiles are active: "notes", "kudos", "tomcat", "documents", "push-notifications", "sites", "poll", "webdav", "deeds-tenant", "matrix", "digital-workplace", "content", "external-visio-connector", "analytics", "gamification-evm", "jcr", "exo_community", "all", "processes", "wallet", "webconferencing", "auth-server", "ecms", "ide", "mcp-server", "agenda", "gamification-twitter", "onlyoffice", "layout", "gamification", "app-center", "task", "gamification-crowdin", "perk-store", "pwa" [io.meeds.layout.LayoutApplication<Catalina-utility-1>] 
2026-08-12 13:47:31,652 | INFO  | Starting GamificationCrowdinApplication v7.2.0-exo using Java 21.0.11 with PID 7 (/opt/exo/webapps/gamification-crowdin/WEB-INF/classes started by exo in /var/log/exo) [i.m.c.g.GamificationCrowdinApplication<Catalina-utility-2>] 
2026-08-12 13:47:31,661 | INFO  | The following 35 profiles are active: "notes", "kudos", "tomcat", "documents", "push-notifications", "sites", "poll", "webdav", "deeds-tenant", "matrix", "digital-workplace", "content", "external-visio-connector", "analytics", "gamification-evm", "jcr", "exo_community", "all", "processes", "wallet", "webconferencing", "auth-server", "ecms", "ide", "mcp-server", "agenda", "gamification-twitter", "onlyoffice", "layout", "gamification", "app-center", "task", "gamification-crowdin", "perk-store", "pwa" [i.m.c.g.GamificationCrowdinApplication<Catalina-utility-2>] 
2026-08-12 13:47:31,782 | INFO  | Starting AnalyticsApplication v7.2.0-exo using Java 21.0.11 with PID 7 (/opt/exo/webapps/analytics/WEB-INF/classes started by exo in /var/log/exo) [io.meeds.analytics.AnalyticsApplication<Catalina-utility-3>] 
2026-08-12 13:47:31,783 | INFO  | The following 35 profiles are active: "notes", "kudos", "tomcat", "documents", "push-notifications", "sites", "poll", "webdav", "deeds-tenant", "matrix", "digital-workplace", "content", "external-visio-connector", "analytics", "gamification-evm", "jcr", "exo_community", "all", "processes", "wallet", "webconferencing", "auth-server", "ecms", "ide", "mcp-server", "agenda", "gamification-twitter", "onlyoffice", "layout", "gamification", "app-center", "task", "gamification-crowdin", "perk-store", "pwa" [io.meeds.analytics.AnalyticsApplication<Catalina-utility-3>] 
2026-08-12 13:47:32,423 | INFO  | Multiple Spring Data modules found, entering strict repository configuration mode [o.s.d.r.c.RepositoryConfigurationDelegate<Catalina-utility-2>] 
2026-08-12 13:47:32,427 | INFO  | Bootstrapping Spring Data JPA repositories in DEFAULT mode. [o.s.d.r.c.RepositoryConfigurationDelegate<Catalina-utility-2>] 
2026-08-12 13:47:32,460 | INFO  | Finished Spring Data repository scanning in 31 ms. Found 1 JPA repository interface. [o.s.d.r.c.RepositoryConfigurationDelegate<Catalina-utility-2>] 
2026-08-12 13:47:32,553 | INFO  | Multiple Spring Data modules found, entering strict repository configuration mode [o.s.d.r.c.RepositoryConfigurationDelegate<Catalina-utility-2>] 
2026-08-12 13:47:32,554 | INFO  | Bootstrapping Spring Data Elasticsearch repositories in DEFAULT mode. [o.s.d.r.c.RepositoryConfigurationDelegate<Catalina-utility-2>] 
2026-08-12 13:47:32,558 | INFO  | Multiple Spring Data modules found, entering strict repository configuration mode [o.s.d.r.c.RepositoryConfigurationDelegate<Catalina-utility-1>] 
2026-08-12 13:47:32,558 | INFO  | Bootstrapping Spring Data JPA repositories in DEFAULT mode. [o.s.d.r.c.RepositoryConfigurationDelegate<Catalina-utility-1>] 
2026-08-12 13:47:32,574 | INFO  | Spring Data Elasticsearch - Could not safely identify store assignment for repository candidate interface io.meeds.crowdin.gamification.dao.WebHookDAO; If you want this repository to be a Elasticsearch repository, consider annotating your entities with one of these annotations: org.springframework.data.elasticsearch.annotations.Document (preferred), or consider extending one of the following types with your repository: org.springframework.data.elasticsearch.repository.ElasticsearchRepository [o.s.d.r.c.RepositoryConfigurationExtensionSupport<Catalina-utility-2>] 
2026-08-12 13:47:32,575 | INFO  | Finished Spring Data repository scanning in 13 ms. Found 0 Elasticsearch repository interfaces. [o.s.d.r.c.RepositoryConfigurationDelegate<Catalina-utility-2>] 
2026-08-12 13:47:32,581 | INFO  | Multiple Spring Data modules found, entering strict repository configuration mode [o.s.d.r.c.RepositoryConfigurationDelegate<Catalina-utility-2>] 
2026-08-12 13:47:32,581 | INFO  | Bootstrapping Spring Data Reactive Elasticsearch repositories in DEFAULT mode. [o.s.d.r.c.RepositoryConfigurationDelegate<Catalina-utility-2>] 
2026-08-12 13:47:32,584 | INFO  | Spring Data Reactive Elasticsearch - Could not safely identify store assignment for repository candidate interface io.meeds.crowdin.gamification.dao.WebHookDAO; If you want this repository to be a Reactive Elasticsearch repository, consider annotating your entities with one of these annotations: org.springframework.data.elasticsearch.annotations.Document (preferred), or consider extending one of the following types with your repository: org.springframework.data.elasticsearch.repository.ReactiveElasticsearchRepository [o.s.d.r.c.RepositoryConfigurationExtensionSupport<Catalina-utility-2>] 
2026-08-12 13:47:32,584 | INFO  | Finished Spring Data repository scanning in 1 ms. Found 0 Reactive Elasticsearch repository interfaces. [o.s.d.r.c.RepositoryConfigurationDelegate<Catalina-utility-2>] 
2026-08-12 13:47:32,586 | INFO  | Multiple Spring Data modules found, entering strict repository configuration mode [o.s.d.r.c.RepositoryConfigurationDelegate<Catalina-utility-3>] 
2026-08-12 13:47:32,586 | INFO  | Bootstrapping Spring Data Elasticsearch repositories in DEFAULT mode. [o.s.d.r.c.RepositoryConfigurationDelegate<Catalina-utility-3>] 
2026-08-12 13:47:32,614 | INFO  | Finished Spring Data repository scanning in 54 ms. Found 4 JPA repository interfaces. [o.s.d.r.c.RepositoryConfigurationDelegate<Catalina-utility-1>] 
2026-08-12 13:47:32,626 | INFO  | Finished Spring Data repository scanning in 38 ms. Found 0 Elasticsearch repository interfaces. [o.s.d.r.c.RepositoryConfigurationDelegate<Catalina-utility-3>] 
2026-08-12 13:47:32,628 | INFO  | Multiple Spring Data modules found, entering strict repository configuration mode [o.s.d.r.c.RepositoryConfigurationDelegate<Catalina-utility-3>] 
2026-08-12 13:47:32,628 | INFO  | Bootstrapping Spring Data Reactive Elasticsearch repositories in DEFAULT mode. [o.s.d.r.c.RepositoryConfigurationDelegate<Catalina-utility-3>] 
2026-08-12 13:47:32,639 | INFO  | Finished Spring Data repository scanning in 9 ms. Found 0 Reactive Elasticsearch repository interfaces. [o.s.d.r.c.RepositoryConfigurationDelegate<Catalina-utility-3>] 
2026-08-12 13:47:32,706 | INFO  | Multiple Spring Data modules found, entering strict repository configuration mode [o.s.d.r.c.RepositoryConfigurationDelegate<Catalina-utility-1>] 
2026-08-12 13:47:32,707 | INFO  | Bootstrapping Spring Data Elasticsearch repositories in DEFAULT mode. [o.s.d.r.c.RepositoryConfigurationDelegate<Catalina-utility-1>] 
2026-08-12 13:47:32,712 | INFO  | Spring Data Elasticsearch - Could not safely identify store assignment for repository candidate interface io.meeds.layout.dao.PageTemplateDAO; If you want this repository to be a Elasticsearch repository, consider annotating your entities with one of these annotations: org.springframework.data.elasticsearch.annotations.Document (preferred), or consider extending one of the following types with your repository: org.springframework.data.elasticsearch.repository.ElasticsearchRepository [o.s.d.r.c.RepositoryConfigurationExtensionSupport<Catalina-utility-1>] 
2026-08-12 13:47:32,712 | INFO  | Spring Data Elasticsearch - Could not safely identify store assignment for repository candidate interface io.meeds.layout.dao.PortletInstanceCategoryDAO; If you want this repository to be a Elasticsearch repository, consider annotating your entities with one of these annotations: org.springframework.data.elasticsearch.annotations.Document (preferred), or consider extending one of the following types with your repository: org.springframework.data.elasticsearch.repository.ElasticsearchRepository [o.s.d.r.c.RepositoryConfigurationExtensionSupport<Catalina-utility-1>] 
2026-08-12 13:47:32,713 | INFO  | Spring Data Elasticsearch - Could not safely identify store assignment for repository candidate interface io.meeds.layout.dao.PortletInstanceDAO; If you want this repository to be a Elasticsearch repository, consider annotating your entities with one of these annotations: org.springframework.data.elasticsearch.annotations.Document (preferred), or consider extending one of the following types with your repository: org.springframework.data.elasticsearch.repository.ElasticsearchRepository [o.s.d.r.c.RepositoryConfigurationExtensionSupport<Catalina-utility-1>] 
2026-08-12 13:47:32,714 | INFO  | Spring Data Elasticsearch - Could not safely identify store assignment for repository candidate interface io.meeds.layout.dao.SectionTemplateDAO; If you want this repository to be a Elasticsearch repository, consider annotating your entities with one of these annotations: org.springframework.data.elasticsearch.annotations.Document (preferred), or consider extending one of the following types with your repository: org.springframework.data.elasticsearch.repository.ElasticsearchRepository [o.s.d.r.c.RepositoryConfigurationExtensionSupport<Catalina-utility-1>] 
2026-08-12 13:47:32,714 | INFO  | Finished Spring Data repository scanning in 5 ms. Found 0 Elasticsearch repository interfaces. [o.s.d.r.c.RepositoryConfigurationDelegate<Catalina-utility-1>] 
2026-08-12 13:47:32,716 | INFO  | Multiple Spring Data modules found, entering strict repository configuration mode [o.s.d.r.c.RepositoryConfigurationDelegate<Catalina-utility-1>] 
2026-08-12 13:47:32,718 | INFO  | Bootstrapping Spring Data Reactive Elasticsearch repositories in DEFAULT mode. [o.s.d.r.c.RepositoryConfigurationDelegate<Catalina-utility-1>] 
2026-08-12 13:47:32,723 | INFO  | Spring Data Reactive Elasticsearch - Could not safely identify store assignment for repository candidate interface io.meeds.layout.dao.PageTemplateDAO; If you want this repository to be a Reactive Elasticsearch repository, consider annotating your entities with one of these annotations: org.springframework.data.elasticsearch.annotations.Document (preferred), or consider extending one of the following types with your repository: org.springframework.data.elasticsearch.repository.ReactiveElasticsearchRepository [o.s.d.r.c.RepositoryConfigurationExtensionSupport<Catalina-utility-1>] 
2026-08-12 13:47:32,723 | INFO  | Spring Data Reactive Elasticsearch - Could not safely identify store assignment for repository candidate interface io.meeds.layout.dao.PortletInstanceCategoryDAO; If you want this repository to be a Reactive Elasticsearch repository, consider annotating your entities with one of these annotations: org.springframework.data.elasticsearch.annotations.Document (preferred), or consider extending one of the following types with your repository: org.springframework.data.elasticsearch.repository.ReactiveElasticsearchRepository [o.s.d.r.c.RepositoryConfigurationExtensionSupport<Catalina-utility-1>] 
2026-08-12 13:47:32,723 | INFO  | Spring Data Reactive Elasticsearch - Could not safely identify store assignment for repository candidate interface io.meeds.layout.dao.PortletInstanceDAO; If you want this repository to be a Reactive Elasticsearch repository, consider annotating your entities with one of these annotations: org.springframework.data.elasticsearch.annotations.Document (preferred), or consider extending one of the following types with your repository: org.springframework.data.elasticsearch.repository.ReactiveElasticsearchRepository [o.s.d.r.c.RepositoryConfigurationExtensionSupport<Catalina-utility-1>] 
2026-08-12 13:47:32,724 | INFO  | Spring Data Reactive Elasticsearch - Could not safely identify store assignment for repository candidate interface io.meeds.layout.dao.SectionTemplateDAO; If you want this repository to be a Reactive Elasticsearch repository, consider annotating your entities with one of these annotations: org.springframework.data.elasticsearch.annotations.Document (preferred), or consider extending one of the following types with your repository: org.springframework.data.elasticsearch.repository.ReactiveElasticsearchRepository [o.s.d.r.c.RepositoryConfigurationExtensionSupport<Catalina-utility-1>] 
2026-08-12 13:47:32,724 | INFO  | Finished Spring Data repository scanning in 4 ms. Found 0 Reactive Elasticsearch repository interfaces. [o.s.d.r.c.RepositoryConfigurationDelegate<Catalina-utility-1>] 
2026-08-12 13:47:33,064 | INFO  | Initializing Spring embedded WebApplicationContext [o.a.c.c.C.[.[localhost].[/analytics]<Catalina-utility-3>] 
2026-08-12 13:47:33,065 | INFO  | Root WebApplicationContext: initialization completed in 1280 ms [o.s.b.w.s.c.ServletWebServerApplicationContext<Catalina-utility-3>] 
2026-08-12 13:47:33,097 | INFO  | Initializing Spring embedded WebApplicationContext [o.a.c.c.C.[.[.[/gamification-crowdin]<Catalina-utility-2>] 
2026-08-12 13:47:33,098 | INFO  | Root WebApplicationContext: initialization completed in 1432 ms [o.s.b.w.s.c.ServletWebServerApplicationContext<Catalina-utility-2>] 
2026-08-12 13:47:33,138 | INFO  | Initializing Spring embedded WebApplicationContext [o.a.c.c.C.[.[localhost].[/layout]<Catalina-utility-1>] 
2026-08-12 13:47:33,138 | INFO  | Root WebApplicationContext: initialization completed in 1496 ms [o.s.b.w.s.c.ServletWebServerApplicationContext<Catalina-utility-1>] 
2026-08-12 13:47:33,215 | INFO  | Add Spring context 'analytics' to inject its Beans in Kernel as available components [i.m.s.k.KernelContainerLifecyclePlugin<Catalina-utility-3>] 
2026-08-12 13:47:33,216 | INFO  | Started AnalyticsApplication in 1.666 seconds (process running for 376.793) [io.meeds.analytics.AnalyticsApplication<Catalina-utility-3>] 
2026-08-12 13:47:33,221 | INFO  | Add Spring context 'gamification-crowdin' to inject its Beans in Kernel as available components [i.m.s.k.KernelContainerLifecyclePlugin<Catalina-utility-2>] 
2026-08-12 13:47:33,222 | INFO  | Started GamificationCrowdinApplication in 1.865 seconds (process running for 376.799) [i.m.c.g.GamificationCrowdinApplication<Catalina-utility-2>] 
2026-08-12 13:47:33,227 | INFO  | Deployment of web application archive [/opt/exo/webapps/gamification-crowdin.war] has finished in [1,946] ms [org.apache.catalina.startup.HostConfig<Catalina-utility-2>] 
2026-08-12 13:47:33,228 | INFO  | Deploying web application archive [/opt/exo/webapps/eXoSkin.war] [org.apache.catalina.startup.HostConfig<Catalina-utility-2>] 
2026-08-12 13:47:33,229 | INFO  | Deployment of web application archive [/opt/exo/webapps/analytics.war] has finished in [1,919] ms [org.apache.catalina.startup.HostConfig<Catalina-utility-3>] 
2026-08-12 13:47:33,234 | INFO  | Deploying web application archive [/opt/exo/webapps/ide.war] [org.apache.catalina.startup.HostConfig<Catalina-utility-3>] 
2026-08-12 13:47:33,327 | INFO  | Add Spring context 'layout' to inject its Beans in Kernel as available components [i.m.s.k.KernelContainerLifecyclePlugin<Catalina-utility-1>] 
2026-08-12 13:47:33,328 | INFO  | Started LayoutApplication in 1.936 seconds (process running for 376.905) [io.meeds.layout.LayoutApplication<Catalina-utility-1>] 
2026-08-12 13:47:33,336 | INFO  | Deployment of web application archive [/opt/exo/webapps/layout.war] has finished in [2,066] ms [org.apache.catalina.startup.HostConfig<Catalina-utility-1>] 
2026-08-12 13:47:33,337 | INFO  | Deploying web application archive [/opt/exo/webapps/wallet.war] [org.apache.catalina.startup.HostConfig<Catalina-utility-1>] 
2026-08-12 13:47:33,444 | INFO  | 1 Spring WebApplicationInitializers detected on classpath [o.a.c.c.C.[Catalina].[localhost].[/ide]<Catalina-utility-3>] 
2026-08-12 13:47:33,526 | INFO  | No Spring WebApplicationInitializer types detected on classpath [o.a.c.c.C.[.[localhost].[/eXoSkin]<Catalina-utility-2>] 
2026-08-12 13:47:33,532 | INFO  | Deployment of web application archive [/opt/exo/webapps/eXoSkin.war] has finished in [303] ms [org.apache.catalina.startup.HostConfig<Catalina-utility-2>] 
2026-08-12 13:47:33,535 | INFO  | Deploying web application archive [/opt/exo/webapps/webdav.war] [org.apache.catalina.startup.HostConfig<Catalina-utility-2>] 
2026-08-12 13:47:33,561 | INFO  | 1 Spring WebApplicationInitializers detected on classpath [o.a.c.c.C.[.[localhost].[/wallet]<Catalina-utility-1>] 
2026-08-12 13:47:33,628 | INFO  | 1 Spring WebApplicationInitializers detected on classpath [o.a.c.c.C.[.[localhost].[/webdav]<Catalina-utility-2>] 
2026-08-12 13:47:33,629 | INFO  | Starting IdeApplication v7.2.0-exo using Java 21.0.11 with PID 7 (/opt/exo/webapps/ide/WEB-INF/classes started by exo in /var/log/exo) [io.meeds.ide.IdeApplication<Catalina-utility-3>] 
2026-08-12 13:47:33,633 | INFO  | The following 35 profiles are active: "notes", "kudos", "tomcat", "documents", "push-notifications", "sites", "poll", "webdav", "deeds-tenant", "matrix", "digital-workplace", "content", "external-visio-connector", "analytics", "gamification-evm", "jcr", "exo_community", "all", "processes", "wallet", "webconferencing", "auth-server", "ecms", "ide", "mcp-server", "agenda", "gamification-twitter", "onlyoffice", "layout", "gamification", "app-center", "task", "gamification-crowdin", "perk-store", "pwa" [io.meeds.ide.IdeApplication<Catalina-utility-3>] 
2026-08-12 13:47:33,758 | INFO  | Starting WalletApplication v7.2.0-exo using Java 21.0.11 with PID 7 (/opt/exo/webapps/wallet/WEB-INF/classes started by exo in /var/log/exo) [io.meeds.wallet.WalletApplication<Catalina-utility-1>] 
2026-08-12 13:47:33,762 | INFO  | The following 35 profiles are active: "notes", "kudos", "tomcat", "documents", "push-notifications", "sites", "poll", "webdav", "deeds-tenant", "matrix", "digital-workplace", "content", "external-visio-connector", "analytics", "gamification-evm", "jcr", "exo_community", "all", "processes", "wallet", "webconferencing", "auth-server", "ecms", "ide", "mcp-server", "agenda", "gamification-twitter", "onlyoffice", "layout", "gamification", "app-center", "task", "gamification-crowdin", "perk-store", "pwa" [io.meeds.wallet.WalletApplication<Catalina-utility-1>] 
2026-08-12 13:47:33,824 | INFO  | Starting WebdavApplication v7.2.0 using Java 21.0.11 with PID 7 (/opt/exo/webapps/webdav/WEB-INF/classes started by exo in /var/log/exo) [o.e.documents.webdav.WebdavApplication<Catalina-utility-2>] 
2026-08-12 13:47:33,825 | INFO  | The following 35 profiles are active: "notes", "kudos", "tomcat", "documents", "push-notifications", "sites", "poll", "webdav", "deeds-tenant", "matrix", "digital-workplace", "content", "external-visio-connector", "analytics", "gamification-evm", "jcr", "exo_community", "all", "processes", "wallet", "webconferencing", "auth-server", "ecms", "ide", "mcp-server", "agenda", "gamification-twitter", "onlyoffice", "layout", "gamification", "app-center", "task", "gamification-crowdin", "perk-store", "pwa" [o.e.documents.webdav.WebdavApplication<Catalina-utility-2>] 
2026-08-12 13:47:34,170 | INFO  | Multiple Spring Data modules found, entering strict repository configuration mode [o.s.d.r.c.RepositoryConfigurationDelegate<Catalina-utility-3>] 
2026-08-12 13:47:34,171 | INFO  | Bootstrapping Spring Data JPA repositories in DEFAULT mode. [o.s.d.r.c.RepositoryConfigurationDelegate<Catalina-utility-3>] 
2026-08-12 13:47:34,188 | INFO  | Finished Spring Data repository scanning in 14 ms. Found 1 JPA repository interface. [o.s.d.r.c.RepositoryConfigurationDelegate<Catalina-utility-3>] 
2026-08-12 13:47:34,265 | INFO  | Multiple Spring Data modules found, entering strict repository configuration mode [o.s.d.r.c.RepositoryConfigurationDelegate<Catalina-utility-3>] 
2026-08-12 13:47:34,268 | INFO  | Bootstrapping Spring Data Elasticsearch repositories in DEFAULT mode. [o.s.d.r.c.RepositoryConfigurationDelegate<Catalina-utility-3>] 
2026-08-12 13:47:34,278 | INFO  | Spring Data Elasticsearch - Could not safely identify store assignment for repository candidate interface io.meeds.ide.dao.WidgetDAO; If you want this repository to be a Elasticsearch repository, consider annotating your entities with one of these annotations: org.springframework.data.elasticsearch.annotations.Document (preferred), or consider extending one of the following types with your repository: org.springframework.data.elasticsearch.repository.ElasticsearchRepository [o.s.d.r.c.RepositoryConfigurationExtensionSupport<Catalina-utility-3>] 
2026-08-12 13:47:34,278 | INFO  | Finished Spring Data repository scanning in 8 ms. Found 0 Elasticsearch repository interfaces. [o.s.d.r.c.RepositoryConfigurationDelegate<Catalina-utility-3>] 
2026-08-12 13:47:34,280 | INFO  | Multiple Spring Data modules found, entering strict repository configuration mode [o.s.d.r.c.RepositoryConfigurationDelegate<Catalina-utility-3>] 
2026-08-12 13:47:34,280 | INFO  | Bootstrapping Spring Data Reactive Elasticsearch repositories in DEFAULT mode. [o.s.d.r.c.RepositoryConfigurationDelegate<Catalina-utility-3>] 
2026-08-12 13:47:34,286 | INFO  | Spring Data Reactive Elasticsearch - Could not safely identify store assignment for repository candidate interface io.meeds.ide.dao.WidgetDAO; If you want this repository to be a Reactive Elasticsearch repository, consider annotating your entities with one of these annotations: org.springframework.data.elasticsearch.annotations.Document (preferred), or consider extending one of the following types with your repository: org.springframework.data.elasticsearch.repository.ReactiveElasticsearchRepository [o.s.d.r.c.RepositoryConfigurationExtensionSupport<Catalina-utility-3>] 
2026-08-12 13:47:34,286 | INFO  | Finished Spring Data repository scanning in 1 ms. Found 0 Reactive Elasticsearch repository interfaces. [o.s.d.r.c.RepositoryConfigurationDelegate<Catalina-utility-3>] 
2026-08-12 13:47:34,484 | INFO  | Multiple Spring Data modules found, entering strict repository configuration mode [o.s.d.r.c.RepositoryConfigurationDelegate<Catalina-utility-2>] 
2026-08-12 13:47:34,485 | INFO  | Bootstrapping Spring Data Elasticsearch repositories in DEFAULT mode. [o.s.d.r.c.RepositoryConfigurationDelegate<Catalina-utility-2>] 
2026-08-12 13:47:34,496 | INFO  | Finished Spring Data repository scanning in 9 ms. Found 0 Elasticsearch repository interfaces. [o.s.d.r.c.RepositoryConfigurationDelegate<Catalina-utility-2>] 
2026-08-12 13:47:34,497 | INFO  | Multiple Spring Data modules found, entering strict repository configuration mode [o.s.d.r.c.RepositoryConfigurationDelegate<Catalina-utility-2>] 
2026-08-12 13:47:34,498 | INFO  | Bootstrapping Spring Data Reactive Elasticsearch repositories in DEFAULT mode. [o.s.d.r.c.RepositoryConfigurationDelegate<Catalina-utility-2>] 
2026-08-12 13:47:34,502 | INFO  | Finished Spring Data repository scanning in 2 ms. Found 0 Reactive Elasticsearch repository interfaces. [o.s.d.r.c.RepositoryConfigurationDelegate<Catalina-utility-2>] 
2026-08-12 13:47:34,506 | INFO  | Multiple Spring Data modules found, entering strict repository configuration mode [o.s.d.r.c.RepositoryConfigurationDelegate<Catalina-utility-1>] 
2026-08-12 13:47:34,506 | INFO  | Bootstrapping Spring Data JPA repositories in DEFAULT mode. [o.s.d.r.c.RepositoryConfigurationDelegate<Catalina-utility-1>] 
2026-08-12 13:47:34,531 | INFO  | Initializing Spring embedded WebApplicationContext [o.a.c.c.C.[Catalina].[localhost].[/ide]<Catalina-utility-3>] 
2026-08-12 13:47:34,534 | INFO  | Root WebApplicationContext: initialization completed in 894 ms [o.s.b.w.s.c.ServletWebServerApplicationContext<Catalina-utility-3>] 
2026-08-12 13:47:34,545 | INFO  | Finished Spring Data repository scanning in 37 ms. Found 3 JPA repository interfaces. [o.s.d.r.c.RepositoryConfigurationDelegate<Catalina-utility-1>] 
2026-08-12 13:47:34,600 | INFO  | Multiple Spring Data modules found, entering strict repository configuration mode [o.s.d.r.c.RepositoryConfigurationDelegate<Catalina-utility-1>] 
2026-08-12 13:47:34,600 | INFO  | Bootstrapping Spring Data Elasticsearch repositories in DEFAULT mode. [o.s.d.r.c.RepositoryConfigurationDelegate<Catalina-utility-1>] 
2026-08-12 13:47:34,607 | INFO  | Spring Data Elasticsearch - Could not safely identify store assignment for repository candidate interface io.meeds.wallet.reward.dao.RewardDAO; If you want this repository to be a Elasticsearch repository, consider annotating your entities with one of these annotations: org.springframework.data.elasticsearch.annotations.Document (preferred), or consider extending one of the following types with your repository: org.springframework.data.elasticsearch.repository.ElasticsearchRepository [o.s.d.r.c.RepositoryConfigurationExtensionSupport<Catalina-utility-1>] 
2026-08-12 13:47:34,608 | INFO  | Spring Data Elasticsearch - Could not safely identify store assignment for repository candidate interface io.meeds.wallet.reward.dao.RewardPeriodDAO; If you want this repository to be a Elasticsearch repository, consider annotating your entities with one of these annotations: org.springframework.data.elasticsearch.annotations.Document (preferred), or consider extending one of the following types with your repository: org.springframework.data.elasticsearch.repository.ElasticsearchRepository [o.s.d.r.c.RepositoryConfigurationExtensionSupport<Catalina-utility-1>] 
2026-08-12 13:47:34,608 | INFO  | Spring Data Elasticsearch - Could not safely identify store assignment for repository candidate interface io.meeds.wallet.reward.dao.RewardPeriodSummaryDAO; If you want this repository to be a Elasticsearch repository, consider annotating your entities with one of these annotations: org.springframework.data.elasticsearch.annotations.Document (preferred), or consider extending one of the following types with your repository: org.springframework.data.elasticsearch.repository.ElasticsearchRepository [o.s.d.r.c.RepositoryConfigurationExtensionSupport<Catalina-utility-1>] 
2026-08-12 13:47:34,609 | INFO  | Finished Spring Data repository scanning in 6 ms. Found 0 Elasticsearch repository interfaces. [o.s.d.r.c.RepositoryConfigurationDelegate<Catalina-utility-1>] 
2026-08-12 13:47:34,611 | INFO  | Multiple Spring Data modules found, entering strict repository configuration mode [o.s.d.r.c.RepositoryConfigurationDelegate<Catalina-utility-1>] 
2026-08-12 13:47:34,611 | INFO  | Bootstrapping Spring Data Reactive Elasticsearch repositories in DEFAULT mode. [o.s.d.r.c.RepositoryConfigurationDelegate<Catalina-utility-1>] 
2026-08-12 13:47:34,616 | INFO  | Spring Data Reactive Elasticsearch - Could not safely identify store assignment for repository candidate interface io.meeds.wallet.reward.dao.RewardDAO; If you want this repository to be a Reactive Elasticsearch repository, consider annotating your entities with one of these annotations: org.springframework.data.elasticsearch.annotations.Document (preferred), or consider extending one of the following types with your repository: org.springframework.data.elasticsearch.repository.ReactiveElasticsearchRepository [o.s.d.r.c.RepositoryConfigurationExtensionSupport<Catalina-utility-1>] 
2026-08-12 13:47:34,617 | INFO  | Spring Data Reactive Elasticsearch - Could not safely identify store assignment for repository candidate interface io.meeds.wallet.reward.dao.RewardPeriodDAO; If you want this repository to be a Reactive Elasticsearch repository, consider annotating your entities with one of these annotations: org.springframework.data.elasticsearch.annotations.Document (preferred), or consider extending one of the following types with your repository: org.springframework.data.elasticsearch.repository.ReactiveElasticsearchRepository [o.s.d.r.c.RepositoryConfigurationExtensionSupport<Catalina-utility-1>] 
2026-08-12 13:47:34,617 | INFO  | Spring Data Reactive Elasticsearch - Could not safely identify store assignment for repository candidate interface io.meeds.wallet.reward.dao.RewardPeriodSummaryDAO; If you want this repository to be a Reactive Elasticsearch repository, consider annotating your entities with one of these annotations: org.springframework.data.elasticsearch.annotations.Document (preferred), or consider extending one of the following types with your repository: org.springframework.data.elasticsearch.repository.ReactiveElasticsearchRepository [o.s.d.r.c.RepositoryConfigurationExtensionSupport<Catalina-utility-1>] 
2026-08-12 13:47:34,618 | INFO  | Finished Spring Data repository scanning in 5 ms. Found 0 Reactive Elasticsearch repository interfaces. [o.s.d.r.c.RepositoryConfigurationDelegate<Catalina-utility-1>] 
2026-08-12 13:47:34,671 | INFO  | Add Spring context 'ide' to inject its Beans in Kernel as available components [i.m.s.k.KernelContainerLifecyclePlugin<Catalina-utility-3>] 
2026-08-12 13:47:34,672 | INFO  | Started IdeApplication in 1.221 seconds (process running for 378.25) [io.meeds.ide.IdeApplication<Catalina-utility-3>] 
2026-08-12 13:47:34,681 | INFO  | Deployment of web application archive [/opt/exo/webapps/ide.war] has finished in [1,447] ms [org.apache.catalina.startup.HostConfig<Catalina-utility-3>] 
2026-08-12 13:47:34,682 | INFO  | Deploying web application archive [/opt/exo/webapps/webconferencing.war] [org.apache.catalina.startup.HostConfig<Catalina-utility-3>] 
2026-08-12 13:47:34,752 | INFO  | Initializing Spring embedded WebApplicationContext [o.a.c.c.C.[.[localhost].[/webdav]<Catalina-utility-2>] 
2026-08-12 13:47:34,752 | INFO  | Root WebApplicationContext: initialization completed in 925 ms [o.s.b.w.s.c.ServletWebServerApplicationContext<Catalina-utility-2>] 
2026-08-12 13:47:34,760 | INFO  | No Spring WebApplicationInitializer types detected on classpath [o.a.c.c.C.[.[.[/webconferencing]<Catalina-utility-3>] 
2026-08-12 13:47:34,764 | INFO  | Deployment of web application archive [/opt/exo/webapps/webconferencing.war] has finished in [81] ms [org.apache.catalina.startup.HostConfig<Catalina-utility-3>] 
2026-08-12 13:47:34,764 | INFO  | Deploying web application archive [/opt/exo/webapps/cometd.war] [org.apache.catalina.startup.HostConfig<Catalina-utility-3>] 
2026-08-12 13:47:34,790 | INFO  | No Spring WebApplicationInitializer types detected on classpath [o.a.c.c.C.[.[localhost].[/cometd]<Catalina-utility-3>] 
2026-08-12 13:47:34,797 | INFO  | Deployment of web application archive [/opt/exo/webapps/cometd.war] has finished in [32] ms [org.apache.catalina.startup.HostConfig<Catalina-utility-3>] 
2026-08-12 13:47:34,799 | INFO  | Deploying web application archive [/opt/exo/webapps/perk-store.war] [org.apache.catalina.startup.HostConfig<Catalina-utility-3>] 
2026-08-12 13:47:34,803 | INFO  | Initializing Spring embedded WebApplicationContext [o.a.c.c.C.[.[localhost].[/wallet]<Catalina-utility-1>] 
2026-08-12 13:47:34,804 | INFO  | Root WebApplicationContext: initialization completed in 1038 ms [o.s.b.w.s.c.ServletWebServerApplicationContext<Catalina-utility-1>] 
2026-08-12 13:47:34,838 | INFO  | No Spring WebApplicationInitializer types detected on classpath [o.a.c.c.C.[.[localhost].[/perk-store]<Catalina-utility-3>] 
2026-08-12 13:47:34,841 | INFO  | Deployment of web application archive [/opt/exo/webapps/perk-store.war] has finished in [43] ms [org.apache.catalina.startup.HostConfig<Catalina-utility-3>] 
2026-08-12 13:47:34,841 | INFO  | Deploying web application archive [/opt/exo/webapps/eXoWCMResources.war] [org.apache.catalina.startup.HostConfig<Catalina-utility-3>] 
2026-08-12 13:47:34,929 | INFO  | Add Spring context 'wallet' to inject its Beans in Kernel as available components [i.m.s.k.KernelContainerLifecyclePlugin<Catalina-utility-1>] 
2026-08-12 13:47:34,932 | INFO  | Started WalletApplication in 1.354 seconds (process running for 378.509) [io.meeds.wallet.WalletApplication<Catalina-utility-1>] 
2026-08-12 13:47:34,933 | INFO  | Add Spring context 'webdav' to inject its Beans in Kernel as available components [i.m.s.k.KernelContainerLifecyclePlugin<Catalina-utility-2>] 
2026-08-12 13:47:34,933 | INFO  | Started WebdavApplication in 1.297 seconds (process running for 378.511) [o.e.documents.webdav.WebdavApplication<Catalina-utility-2>] 
2026-08-12 13:47:34,936 | ERROR | For security constraints with URL pattern [/*] the HTTP methods [OPTIONS] are uncovered. [o.a.c.c.C.[.[localhost].[/webdav]<Catalina-utility-2>] 
2026-08-12 13:47:34,938 | INFO  | Deployment of web application archive [/opt/exo/webapps/webdav.war] has finished in [1,403] ms [org.apache.catalina.startup.HostConfig<Catalina-utility-2>] 
2026-08-12 13:47:34,938 | INFO  | Deploying web application archive [/opt/exo/webapps/eXoResources.war] [org.apache.catalina.startup.HostConfig<Catalina-utility-2>] 
2026-08-12 13:47:34,940 | INFO  | No Spring WebApplicationInitializer types detected on classpath [o.a.c.c.C.[.[.[/eXoWCMResources]<Catalina-utility-3>] 
2026-08-12 13:47:34,942 | INFO  | Deployment of web application archive [/opt/exo/webapps/eXoWCMResources.war] has finished in [100] ms [org.apache.catalina.startup.HostConfig<Catalina-utility-3>] 
2026-08-12 13:47:34,942 | INFO  | Deploying web application archive [/opt/exo/webapps/content.war] [org.apache.catalina.startup.HostConfig<Catalina-utility-3>] 
2026-08-12 13:47:34,943 | INFO  | Deployment of web application archive [/opt/exo/webapps/wallet.war] has finished in [1,606] ms [org.apache.catalina.startup.HostConfig<Catalina-utility-1>] 
2026-08-12 13:47:34,946 | INFO  | Deploying web application archive [/opt/exo/webapps/notes.war] [org.apache.catalina.startup.HostConfig<Catalina-utility-1>] 
2026-08-12 13:47:34,989 | INFO  | No Spring WebApplicationInitializer types detected on classpath [o.a.c.c.C.[.[localhost].[/eXoResources]<Catalina-utility-2>] 
2026-08-12 13:47:34,992 | INFO  | Deployment of web application archive [/opt/exo/webapps/eXoResources.war] has finished in [54] ms [org.apache.catalina.startup.HostConfig<Catalina-utility-2>] 
2026-08-12 13:47:34,993 | INFO  | Deploying web application archive [/opt/exo/webapps/app-center.war] [org.apache.catalina.startup.HostConfig<Catalina-utility-2>] 
2026-08-12 13:47:35,084 | INFO  | 1 Spring WebApplicationInitializers detected on classpath [o.a.c.c.C.[.[localhost].[/app-center]<Catalina-utility-2>] 
2026-08-12 13:47:35,151 | INFO  | 1 Spring WebApplicationInitializers detected on classpath [o.a.c.c.C.[.[localhost].[/content]<Catalina-utility-3>] 
2026-08-12 13:47:35,185 | INFO  | Starting AppCenterApplication v7.2.0-exo using Java 21.0.11 with PID 7 (/opt/exo/webapps/app-center/WEB-INF/classes started by exo in /var/log/exo) [io.meeds.appcenter.AppCenterApplication<Catalina-utility-2>] 
2026-08-12 13:47:35,185 | INFO  | The following 35 profiles are active: "notes", "kudos", "tomcat", "documents", "push-notifications", "sites", "poll", "webdav", "deeds-tenant", "matrix", "digital-workplace", "content", "external-visio-connector", "analytics", "gamification-evm", "jcr", "exo_community", "all", "processes", "wallet", "webconferencing", "auth-server", "ecms", "ide", "mcp-server", "agenda", "gamification-twitter", "onlyoffice", "layout", "gamification", "app-center", "task", "gamification-crowdin", "perk-store", "pwa" [io.meeds.appcenter.AppCenterApplication<Catalina-utility-2>] 
2026-08-12 13:47:35,269 | INFO  | Starting ContentApplication v7.2.0-exo using Java 21.0.11 with PID 7 (/opt/exo/webapps/content/WEB-INF/classes started by exo in /var/log/exo) [io.meeds.content.ContentApplication<Catalina-utility-3>] 
2026-08-12 13:47:35,269 | INFO  | The following 35 profiles are active: "notes", "kudos", "tomcat", "documents", "push-notifications", "sites", "poll", "webdav", "deeds-tenant", "matrix", "digital-workplace", "content", "external-visio-connector", "analytics", "gamification-evm", "jcr", "exo_community", "all", "processes", "wallet", "webconferencing", "auth-server", "ecms", "ide", "mcp-server", "agenda", "gamification-twitter", "onlyoffice", "layout", "gamification", "app-center", "task", "gamification-crowdin", "perk-store", "pwa" [io.meeds.content.ContentApplication<Catalina-utility-3>] 
2026-08-12 13:47:35,327 | INFO  | 1 Spring WebApplicationInitializers detected on classpath [o.a.c.c.C.[.[localhost].[/notes]<Catalina-utility-1>] 
2026-08-12 13:47:35,677 | INFO  | Starting NotesApplication v7.2.0-exo using Java 21.0.11 with PID 7 (/opt/exo/webapps/notes/WEB-INF/classes started by exo in /var/log/exo) [io.meeds.notes.NotesApplication<Catalina-utility-1>] 
2026-08-12 13:47:35,678 | INFO  | The following 35 profiles are active: "notes", "kudos", "tomcat", "documents", "push-notifications", "sites", "poll", "webdav", "deeds-tenant", "matrix", "digital-workplace", "content", "external-visio-connector", "analytics", "gamification-evm", "jcr", "exo_community", "all", "processes", "wallet", "webconferencing", "auth-server", "ecms", "ide", "mcp-server", "agenda", "gamification-twitter", "onlyoffice", "layout", "gamification", "app-center", "task", "gamification-crowdin", "perk-store", "pwa" [io.meeds.notes.NotesApplication<Catalina-utility-1>] 
2026-08-12 13:47:36,511 | INFO  | Multiple Spring Data modules found, entering strict repository configuration mode [o.s.d.r.c.RepositoryConfigurationDelegate<Catalina-utility-2>] 
2026-08-12 13:47:36,512 | INFO  | Bootstrapping Spring Data JPA repositories in DEFAULT mode. [o.s.d.r.c.RepositoryConfigurationDelegate<Catalina-utility-2>] 
2026-08-12 13:47:36,566 | INFO  | Multiple Spring Data modules found, entering strict repository configuration mode [o.s.d.r.c.RepositoryConfigurationDelegate<Catalina-utility-3>] 
2026-08-12 13:47:36,566 | INFO  | Bootstrapping Spring Data JPA repositories in DEFAULT mode. [o.s.d.r.c.RepositoryConfigurationDelegate<Catalina-utility-3>] 
2026-08-12 13:47:36,582 | INFO  | Finished Spring Data repository scanning in 61 ms. Found 2 JPA repository interfaces. [o.s.d.r.c.RepositoryConfigurationDelegate<Catalina-utility-2>] 
2026-08-12 13:47:36,589 | INFO  | Finished Spring Data repository scanning in 21 ms. Found 2 JPA repository interfaces. [o.s.d.r.c.RepositoryConfigurationDelegate<Catalina-utility-3>] 
2026-08-12 13:47:36,651 | INFO  | Multiple Spring Data modules found, entering strict repository configuration mode [o.s.d.r.c.RepositoryConfigurationDelegate<Catalina-utility-3>] 
2026-08-12 13:47:36,652 | INFO  | Bootstrapping Spring Data Elasticsearch repositories in DEFAULT mode. [o.s.d.r.c.RepositoryConfigurationDelegate<Catalina-utility-3>] 
2026-08-12 13:47:36,656 | INFO  | Spring Data Elasticsearch - Could not safely identify store assignment for repository candidate interface io.meeds.content.link.dao.LinkDAO; If you want this repository to be a Elasticsearch repository, consider annotating your entities with one of these annotations: org.springframework.data.elasticsearch.annotations.Document (preferred), or consider extending one of the following types with your repository: org.springframework.data.elasticsearch.repository.ElasticsearchRepository [o.s.d.r.c.RepositoryConfigurationExtensionSupport<Catalina-utility-3>] 
2026-08-12 13:47:36,657 | INFO  | Spring Data Elasticsearch - Could not safely identify store assignment for repository candidate interface io.meeds.content.link.dao.LinkSettingDAO; If you want this repository to be a Elasticsearch repository, consider annotating your entities with one of these annotations: org.springframework.data.elasticsearch.annotations.Document (preferred), or consider extending one of the following types with your repository: org.springframework.data.elasticsearch.repository.ElasticsearchRepository [o.s.d.r.c.RepositoryConfigurationExtensionSupport<Catalina-utility-3>] 
2026-08-12 13:47:36,658 | INFO  | Finished Spring Data repository scanning in 4 ms. Found 0 Elasticsearch repository interfaces. [o.s.d.r.c.RepositoryConfigurationDelegate<Catalina-utility-3>] 
2026-08-12 13:47:36,659 | INFO  | Multiple Spring Data modules found, entering strict repository configuration mode [o.s.d.r.c.RepositoryConfigurationDelegate<Catalina-utility-3>] 
2026-08-12 13:47:36,659 | INFO  | Bootstrapping Spring Data Reactive Elasticsearch repositories in DEFAULT mode. [o.s.d.r.c.RepositoryConfigurationDelegate<Catalina-utility-3>] 
2026-08-12 13:47:36,665 | INFO  | Spring Data Reactive Elasticsearch - Could not safely identify store assignment for repository candidate interface io.meeds.content.link.dao.LinkDAO; If you want this repository to be a Reactive Elasticsearch repository, consider annotating your entities with one of these annotations: org.springframework.data.elasticsearch.annotations.Document (preferred), or consider extending one of the following types with your repository: org.springframework.data.elasticsearch.repository.ReactiveElasticsearchRepository [o.s.d.r.c.RepositoryConfigurationExtensionSupport<Catalina-utility-3>] 
2026-08-12 13:47:36,665 | INFO  | Spring Data Reactive Elasticsearch - Could not safely identify store assignment for repository candidate interface io.meeds.content.link.dao.LinkSettingDAO; If you want this repository to be a Reactive Elasticsearch repository, consider annotating your entities with one of these annotations: org.springframework.data.elasticsearch.annotations.Document (preferred), or consider extending one of the following types with your repository: org.springframework.data.elasticsearch.repository.ReactiveElasticsearchRepository [o.s.d.r.c.RepositoryConfigurationExtensionSupport<Catalina-utility-3>] 
2026-08-12 13:47:36,665 | INFO  | Finished Spring Data repository scanning in 4 ms. Found 0 Reactive Elasticsearch repository interfaces. [o.s.d.r.c.RepositoryConfigurationDelegate<Catalina-utility-3>] 
2026-08-12 13:47:36,702 | INFO  | Multiple Spring Data modules found, entering strict repository configuration mode [o.s.d.r.c.RepositoryConfigurationDelegate<Catalina-utility-2>] 
2026-08-12 13:47:36,702 | INFO  | Bootstrapping Spring Data Elasticsearch repositories in DEFAULT mode. [o.s.d.r.c.RepositoryConfigurationDelegate<Catalina-utility-2>] 
2026-08-12 13:47:36,712 | INFO  | Spring Data Elasticsearch - Could not safely identify store assignment for repository candidate interface io.meeds.appcenter.dao.ApplicationDAO; If you want this repository to be a Elasticsearch repository, consider annotating your entities with one of these annotations: org.springframework.data.elasticsearch.annotations.Document (preferred), or consider extending one of the following types with your repository: org.springframework.data.elasticsearch.repository.ElasticsearchRepository [o.s.d.r.c.RepositoryConfigurationExtensionSupport<Catalina-utility-2>] 
2026-08-12 13:47:36,712 | INFO  | Spring Data Elasticsearch - Could not safely identify store assignment for repository candidate interface io.meeds.appcenter.dao.FavoriteApplicationDAO; If you want this repository to be a Elasticsearch repository, consider annotating your entities with one of these annotations: org.springframework.data.elasticsearch.annotations.Document (preferred), or consider extending one of the following types with your repository: org.springframework.data.elasticsearch.repository.ElasticsearchRepository [o.s.d.r.c.RepositoryConfigurationExtensionSupport<Catalina-utility-2>] 
2026-08-12 13:47:36,713 | INFO  | Finished Spring Data repository scanning in 9 ms. Found 0 Elasticsearch repository interfaces. [o.s.d.r.c.RepositoryConfigurationDelegate<Catalina-utility-2>] 
2026-08-12 13:47:36,715 | INFO  | Multiple Spring Data modules found, entering strict repository configuration mode [o.s.d.r.c.RepositoryConfigurationDelegate<Catalina-utility-2>] 
2026-08-12 13:47:36,716 | INFO  | Bootstrapping Spring Data Reactive Elasticsearch repositories in DEFAULT mode. [o.s.d.r.c.RepositoryConfigurationDelegate<Catalina-utility-2>] 
2026-08-12 13:47:36,723 | INFO  | Spring Data Reactive Elasticsearch - Could not safely identify store assignment for repository candidate interface io.meeds.appcenter.dao.ApplicationDAO; If you want this repository to be a Reactive Elasticsearch repository, consider annotating your entities with one of these annotations: org.springframework.data.elasticsearch.annotations.Document (preferred), or consider extending one of the following types with your repository: org.springframework.data.elasticsearch.repository.ReactiveElasticsearchRepository [o.s.d.r.c.RepositoryConfigurationExtensionSupport<Catalina-utility-2>] 
2026-08-12 13:47:36,724 | INFO  | Spring Data Reactive Elasticsearch - Could not safely identify store assignment for repository candidate interface io.meeds.appcenter.dao.FavoriteApplicationDAO; If you want this repository to be a Reactive Elasticsearch repository, consider annotating your entities with one of these annotations: org.springframework.data.elasticsearch.annotations.Document (preferred), or consider extending one of the following types with your repository: org.springframework.data.elasticsearch.repository.ReactiveElasticsearchRepository [o.s.d.r.c.RepositoryConfigurationExtensionSupport<Catalina-utility-2>] 
2026-08-12 13:47:36,724 | INFO  | Finished Spring Data repository scanning in 6 ms. Found 0 Reactive Elasticsearch repository interfaces. [o.s.d.r.c.RepositoryConfigurationDelegate<Catalina-utility-2>] 
2026-08-12 13:47:36,726 | INFO  | Multiple Spring Data modules found, entering strict repository configuration mode [o.s.d.r.c.RepositoryConfigurationDelegate<Catalina-utility-1>] 
2026-08-12 13:47:36,726 | INFO  | Bootstrapping Spring Data Elasticsearch repositories in DEFAULT mode. [o.s.d.r.c.RepositoryConfigurationDelegate<Catalina-utility-1>] 
2026-08-12 13:47:36,756 | INFO  | Finished Spring Data repository scanning in 23 ms. Found 0 Elasticsearch repository interfaces. [o.s.d.r.c.RepositoryConfigurationDelegate<Catalina-utility-1>] 
2026-08-12 13:47:36,760 | INFO  | Multiple Spring Data modules found, entering strict repository configuration mode [o.s.d.r.c.RepositoryConfigurationDelegate<Catalina-utility-1>] 
2026-08-12 13:47:36,763 | INFO  | Bootstrapping Spring Data Reactive Elasticsearch repositories in DEFAULT mode. [o.s.d.r.c.RepositoryConfigurationDelegate<Catalina-utility-1>] 
2026-08-12 13:47:36,770 | INFO  | Finished Spring Data repository scanning in 4 ms. Found 0 Reactive Elasticsearch repository interfaces. [o.s.d.r.c.RepositoryConfigurationDelegate<Catalina-utility-1>] 
2026-08-12 13:47:36,796 | INFO  | Multiple Spring Data modules found, entering strict repository configuration mode [o.s.d.r.c.RepositoryConfigurationDelegate<Catalina-utility-1>] 
2026-08-12 13:47:36,797 | INFO  | Bootstrapping Spring Data JPA repositories in DEFAULT mode. [o.s.d.r.c.RepositoryConfigurationDelegate<Catalina-utility-1>] 
2026-08-12 13:47:36,801 | INFO  | Finished Spring Data repository scanning in 2 ms. Found 0 JPA repository interfaces. [o.s.d.r.c.RepositoryConfigurationDelegate<Catalina-utility-1>] 
2026-08-12 13:47:36,884 | INFO  | Initializing Spring embedded WebApplicationContext [o.a.c.c.C.[.[localhost].[/content]<Catalina-utility-3>] 
2026-08-12 13:47:36,884 | INFO  | Root WebApplicationContext: initialization completed in 1613 ms [o.s.b.w.s.c.ServletWebServerApplicationContext<Catalina-utility-3>] 
2026-08-12 13:47:37,005 | INFO  | Add Spring context 'content' to inject its Beans in Kernel as available components [i.m.s.k.KernelContainerLifecyclePlugin<Catalina-utility-3>] 
2026-08-12 13:47:37,006 | INFO  | Started ContentApplication in 1.85 seconds (process running for 380.583) [io.meeds.content.ContentApplication<Catalina-utility-3>] 
2026-08-12 13:47:37,015 | INFO  | Deployment of web application archive [/opt/exo/webapps/content.war] has finished in [2,073] ms [org.apache.catalina.startup.HostConfig<Catalina-utility-3>] 
2026-08-12 13:47:37,017 | INFO  | Deploying web application archive [/opt/exo/webapps/portal.war] [org.apache.catalina.startup.HostConfig<Catalina-utility-3>] 
2026-08-12 13:47:37,100 | INFO  | No Spring WebApplicationInitializer types detected on classpath [o.a.c.c.C.[.[localhost].[/portal]<Catalina-utility-3>] 
2026-08-12 13:47:37,104 | INFO  | Installing ThreadLocalSessionProviderInitializedFilter into context '/portal' [e.j.f.c.InstallJCRServletContextListener<Catalina-utility-3>] 
2026-08-12 13:47:37,117 | INFO  | Deployment of web application archive [/opt/exo/webapps/portal.war] has finished in [101] ms [org.apache.catalina.startup.HostConfig<Catalina-utility-3>] 
2026-08-12 13:47:37,118 | INFO  | Deploying web application archive [/opt/exo/webapps/gamification-twitter.war] [org.apache.catalina.startup.HostConfig<Catalina-utility-3>] 
2026-08-12 13:47:37,163 | INFO  | 1 Spring WebApplicationInitializers detected on classpath [o.a.c.c.C.[.[.[/gamification-twitter]<Catalina-utility-3>] 
2026-08-12 13:47:37,167 | INFO  | Initializing Spring embedded WebApplicationContext [o.a.c.c.C.[.[localhost].[/app-center]<Catalina-utility-2>] 
2026-08-12 13:47:37,167 | INFO  | Root WebApplicationContext: initialization completed in 1980 ms [o.s.b.w.s.c.ServletWebServerApplicationContext<Catalina-utility-2>] 
2026-08-12 13:47:37,194 | INFO  | Initializing Spring embedded WebApplicationContext [o.a.c.c.C.[.[localhost].[/notes]<Catalina-utility-1>] 
2026-08-12 13:47:37,195 | INFO  | Root WebApplicationContext: initialization completed in 1500 ms [o.s.b.w.s.c.ServletWebServerApplicationContext<Catalina-utility-1>] 
2026-08-12 13:47:37,292 | INFO  | Starting GamificationTwitterApplication v7.2.0-exo using Java 21.0.11 with PID 7 (/opt/exo/webapps/gamification-twitter/WEB-INF/classes started by exo in /var/log/exo) [i.m.t.g.GamificationTwitterApplication<Catalina-utility-3>] 
2026-08-12 13:47:37,293 | INFO  | The following 35 profiles are active: "notes", "kudos", "tomcat", "documents", "push-notifications", "sites", "poll", "webdav", "deeds-tenant", "matrix", "digital-workplace", "content", "external-visio-connector", "analytics", "gamification-evm", "jcr", "exo_community", "all", "processes", "wallet", "webconferencing", "auth-server", "ecms", "ide", "mcp-server", "agenda", "gamification-twitter", "onlyoffice", "layout", "gamification", "app-center", "task", "gamification-crowdin", "perk-store", "pwa" [i.m.t.g.GamificationTwitterApplication<Catalina-utility-3>] 
2026-08-12 13:47:37,379 | INFO  | Add Spring context 'app-center' to inject its Beans in Kernel as available components [i.m.s.k.KernelContainerLifecyclePlugin<Catalina-utility-2>] 
2026-08-12 13:47:37,380 | INFO  | Started AppCenterApplication in 2.291 seconds (process running for 380.957) [io.meeds.appcenter.AppCenterApplication<Catalina-utility-2>] 
2026-08-12 13:47:37,395 | INFO  | Deployment of web application archive [/opt/exo/webapps/app-center.war] has finished in [2,402] ms [org.apache.catalina.startup.HostConfig<Catalina-utility-2>] 
2026-08-12 13:47:37,398 | INFO  | Deploying web application archive [/opt/exo/webapps/integration.war] [org.apache.catalina.startup.HostConfig<Catalina-utility-2>] 
2026-08-12 13:47:37,422 | INFO  | No Spring WebApplicationInitializer types detected on classpath [o.a.c.c.C.[.[localhost].[/integration]<Catalina-utility-2>] 
2026-08-12 13:47:37,436 | INFO  | Deployment of web application archive [/opt/exo/webapps/integration.war] has finished in [38] ms [org.apache.catalina.startup.HostConfig<Catalina-utility-2>] 
2026-08-12 13:47:37,436 | INFO  | Deploying web application archive [/opt/exo/webapps/processes.war] [org.apache.catalina.startup.HostConfig<Catalina-utility-2>] 
2026-08-12 13:47:37,436 | INFO  | Add Spring context 'notes' to inject its Beans in Kernel as available components [i.m.s.k.KernelContainerLifecyclePlugin<Catalina-utility-1>] 
2026-08-12 13:47:37,439 | INFO  | Started NotesApplication in 2.107 seconds (process running for 381.016) [io.meeds.notes.NotesApplication<Catalina-utility-1>] 
2026-08-12 13:47:37,452 | INFO  | Deployment of web application archive [/opt/exo/webapps/notes.war] has finished in [2,507] ms [org.apache.catalina.startup.HostConfig<Catalina-utility-1>] 
2026-08-12 13:47:37,454 | INFO  | Deploying web application archive [/opt/exo/webapps/gamification-evm.war] [org.apache.catalina.startup.HostConfig<Catalina-utility-1>] 
2026-08-12 13:47:37,497 | INFO  | No Spring WebApplicationInitializer types detected on classpath [o.a.c.c.C.[.[localhost].[/processes]<Catalina-utility-2>] 
2026-08-12 13:47:37,500 | INFO  | 1 Spring WebApplicationInitializers detected on classpath [o.a.c.c.C.[.[.[/gamification-evm]<Catalina-utility-1>] 
2026-08-12 13:47:37,501 | INFO  | Deployment of web application archive [/opt/exo/webapps/processes.war] has finished in [65] ms [org.apache.catalina.startup.HostConfig<Catalina-utility-2>] 
2026-08-12 13:47:37,501 | INFO  | Deploying web application archive [/opt/exo/webapps/transfer-rules.war] [org.apache.catalina.startup.HostConfig<Catalina-utility-2>] 
2026-08-12 13:47:37,530 | INFO  | No Spring WebApplicationInitializer types detected on classpath [o.a.c.c.C.[.[.[/transfer-rules]<Catalina-utility-2>] 
2026-08-12 13:47:37,538 | INFO  | Deployment of web application archive [/opt/exo/webapps/transfer-rules.war] has finished in [37] ms [org.apache.catalina.startup.HostConfig<Catalina-utility-2>] 
2026-08-12 13:47:37,538 | INFO  | Deploying web application archive [/opt/exo/webapps/ecm-wcm-core.war] [org.apache.catalina.startup.HostConfig<Catalina-utility-2>] 
2026-08-12 13:47:37,575 | INFO  | No Spring WebApplicationInitializer types detected on classpath [o.a.c.c.C.[.[localhost].[/ecm-wcm-core]<Catalina-utility-2>] 
2026-08-12 13:47:37,581 | INFO  | Deployment of web application archive [/opt/exo/webapps/ecm-wcm-core.war] has finished in [43] ms [org.apache.catalina.startup.HostConfig<Catalina-utility-2>] 
2026-08-12 13:47:37,581 | INFO  | Deploying web application archive [/opt/exo/webapps/sites.war] [org.apache.catalina.startup.HostConfig<Catalina-utility-2>] 
2026-08-12 13:47:37,655 | INFO  | No Spring WebApplicationInitializer types detected on classpath [o.a.c.c.C.[.[localhost].[/sites]<Catalina-utility-2>] 
2026-08-12 13:47:37,662 | INFO  | Deployment of web application archive [/opt/exo/webapps/sites.war] has finished in [81] ms [org.apache.catalina.startup.HostConfig<Catalina-utility-2>] 
2026-08-12 13:47:37,663 | INFO  | Deploying web application archive [/opt/exo/webapps/commons-extension.war] [org.apache.catalina.startup.HostConfig<Catalina-utility-2>] 
2026-08-12 13:47:37,752 | INFO  | Starting GamificationEvmApplication v7.2.0-exo using Java 21.0.11 with PID 7 (/opt/exo/webapps/gamification-evm/WEB-INF/classes started by exo in /var/log/exo) [i.m.e.g.GamificationEvmApplication<Catalina-utility-1>] 
2026-08-12 13:47:37,756 | INFO  | The following 35 profiles are active: "notes", "kudos", "tomcat", "documents", "push-notifications", "sites", "poll", "webdav", "deeds-tenant", "matrix", "digital-workplace", "content", "external-visio-connector", "analytics", "gamification-evm", "jcr", "exo_community", "all", "processes", "wallet", "webconferencing", "auth-server", "ecms", "ide", "mcp-server", "agenda", "gamification-twitter", "onlyoffice", "layout", "gamification", "app-center", "task", "gamification-crowdin", "perk-store", "pwa" [i.m.e.g.GamificationEvmApplication<Catalina-utility-1>] 
2026-08-12 13:47:37,973 | INFO  | Multiple Spring Data modules found, entering strict repository configuration mode [o.s.d.r.c.RepositoryConfigurationDelegate<Catalina-utility-3>] 
2026-08-12 13:47:37,973 | INFO  | Bootstrapping Spring Data JPA repositories in DEFAULT mode. [o.s.d.r.c.RepositoryConfigurationDelegate<Catalina-utility-3>] 
2026-08-12 13:47:38,008 | INFO  | Finished Spring Data repository scanning in 34 ms. Found 2 JPA repository interfaces. [o.s.d.r.c.RepositoryConfigurationDelegate<Catalina-utility-3>] 
2026-08-12 13:47:38,133 | INFO  | Multiple Spring Data modules found, entering strict repository configuration mode [o.s.d.r.c.RepositoryConfigurationDelegate<Catalina-utility-3>] 
2026-08-12 13:47:38,133 | INFO  | Bootstrapping Spring Data Elasticsearch repositories in DEFAULT mode. [o.s.d.r.c.RepositoryConfigurationDelegate<Catalina-utility-3>] 
2026-08-12 13:47:38,157 | INFO  | Spring Data Elasticsearch - Could not safely identify store assignment for repository candidate interface io.meeds.twitter.gamification.dao.TwitterAccountDAO; If you want this repository to be a Elasticsearch repository, consider annotating your entities with one of these annotations: org.springframework.data.elasticsearch.annotations.Document (preferred), or consider extending one of the following types with your repository: org.springframework.data.elasticsearch.repository.ElasticsearchRepository [o.s.d.r.c.RepositoryConfigurationExtensionSupport<Catalina-utility-3>] 
2026-08-12 13:47:38,158 | INFO  | Spring Data Elasticsearch - Could not safely identify store assignment for repository candidate interface io.meeds.twitter.gamification.dao.TwitterTweetDAO; If you want this repository to be a Elasticsearch repository, consider annotating your entities with one of these annotations: org.springframework.data.elasticsearch.annotations.Document (preferred), or consider extending one of the following types with your repository: org.springframework.data.elasticsearch.repository.ElasticsearchRepository [o.s.d.r.c.RepositoryConfigurationExtensionSupport<Catalina-utility-3>] 
2026-08-12 13:47:38,159 | INFO  | Finished Spring Data repository scanning in 7 ms. Found 0 Elasticsearch repository interfaces. [o.s.d.r.c.RepositoryConfigurationDelegate<Catalina-utility-3>] 
2026-08-12 13:47:38,161 | INFO  | Multiple Spring Data modules found, entering strict repository configuration mode [o.s.d.r.c.RepositoryConfigurationDelegate<Catalina-utility-3>] 
2026-08-12 13:47:38,161 | INFO  | Bootstrapping Spring Data Reactive Elasticsearch repositories in DEFAULT mode. [o.s.d.r.c.RepositoryConfigurationDelegate<Catalina-utility-3>] 
2026-08-12 13:47:38,179 | INFO  | Spring Data Reactive Elasticsearch - Could not safely identify store assignment for repository candidate interface io.meeds.twitter.gamification.dao.TwitterAccountDAO; If you want this repository to be a Reactive Elasticsearch repository, consider annotating your entities with one of these annotations: org.springframework.data.elasticsearch.annotations.Document (preferred), or consider extending one of the following types with your repository: org.springframework.data.elasticsearch.repository.ReactiveElasticsearchRepository [o.s.d.r.c.RepositoryConfigurationExtensionSupport<Catalina-utility-3>] 
2026-08-12 13:47:38,179 | INFO  | Spring Data Reactive Elasticsearch - Could not safely identify store assignment for repository candidate interface io.meeds.twitter.gamification.dao.TwitterTweetDAO; If you want this repository to be a Reactive Elasticsearch repository, consider annotating your entities with one of these annotations: org.springframework.data.elasticsearch.annotations.Document (preferred), or consider extending one of the following types with your repository: org.springframework.data.elasticsearch.repository.ReactiveElasticsearchRepository [o.s.d.r.c.RepositoryConfigurationExtensionSupport<Catalina-utility-3>] 
2026-08-12 13:47:38,179 | INFO  | Finished Spring Data repository scanning in 14 ms. Found 0 Reactive Elasticsearch repository interfaces. [o.s.d.r.c.RepositoryConfigurationDelegate<Catalina-utility-3>] 
2026-08-12 13:47:38,517 | INFO  | No Spring WebApplicationInitializer types detected on classpath [o.a.c.c.C.[.[.[/commons-extension]<Catalina-utility-2>] 
2026-08-12 13:47:38,520 | INFO  | Deployment of web application archive [/opt/exo/webapps/commons-extension.war] has finished in [856] ms [org.apache.catalina.startup.HostConfig<Catalina-utility-2>] 
2026-08-12 13:47:38,521 | INFO  | Deploying web application archive [/opt/exo/webapps/matrix.war] [org.apache.catalina.startup.HostConfig<Catalina-utility-2>] 
2026-08-12 13:47:38,538 | INFO  | Initializing Spring embedded WebApplicationContext [o.a.c.c.C.[.[.[/gamification-twitter]<Catalina-utility-3>] 
2026-08-12 13:47:38,538 | INFO  | Root WebApplicationContext: initialization completed in 1240 ms [o.s.b.w.s.c.ServletWebServerApplicationContext<Catalina-utility-3>] 
2026-08-12 13:47:38,546 | INFO  | Multiple Spring Data modules found, entering strict repository configuration mode [o.s.d.r.c.RepositoryConfigurationDelegate<Catalina-utility-1>] 
2026-08-12 13:47:38,546 | INFO  | Bootstrapping Spring Data JPA repositories in DEFAULT mode. [o.s.d.r.c.RepositoryConfigurationDelegate<Catalina-utility-1>] 
2026-08-12 13:47:38,578 | INFO  | Finished Spring Data repository scanning in 29 ms. Found 1 JPA repository interface. [o.s.d.r.c.RepositoryConfigurationDelegate<Catalina-utility-1>] 
2026-08-12 13:47:38,594 | INFO  | 1 Spring WebApplicationInitializers detected on classpath [o.a.c.c.C.[.[localhost].[/matrix]<Catalina-utility-2>] 
2026-08-12 13:47:38,700 | INFO  | Add Spring context 'gamification-twitter' to inject its Beans in Kernel as available components [i.m.s.k.KernelContainerLifecyclePlugin<Catalina-utility-3>] 
2026-08-12 13:47:38,701 | INFO  | Started GamificationTwitterApplication in 1.533 seconds (process running for 382.279) [i.m.t.g.GamificationTwitterApplication<Catalina-utility-3>] 
2026-08-12 13:47:38,706 | INFO  | Deployment of web application archive [/opt/exo/webapps/gamification-twitter.war] has finished in [1,588] ms [org.apache.catalina.startup.HostConfig<Catalina-utility-3>] 
2026-08-12 13:47:38,707 | INFO  | Deploying web application archive [/opt/exo/webapps/deeds-tenant.war] [org.apache.catalina.startup.HostConfig<Catalina-utility-3>] 
2026-08-12 13:47:38,715 | INFO  | Multiple Spring Data modules found, entering strict repository configuration mode [o.s.d.r.c.RepositoryConfigurationDelegate<Catalina-utility-1>] 
2026-08-12 13:47:38,715 | INFO  | Bootstrapping Spring Data Elasticsearch repositories in DEFAULT mode. [o.s.d.r.c.RepositoryConfigurationDelegate<Catalina-utility-1>] 
2026-08-12 13:47:38,718 | INFO  | Spring Data Elasticsearch - Could not safely identify store assignment for repository candidate interface io.meeds.evm.gamification.dao.EvmTransactionDAO; If you want this repository to be a Elasticsearch repository, consider annotating your entities with one of these annotations: org.springframework.data.elasticsearch.annotations.Document (preferred), or consider extending one of the following types with your repository: org.springframework.data.elasticsearch.repository.ElasticsearchRepository [o.s.d.r.c.RepositoryConfigurationExtensionSupport<Catalina-utility-1>] 
2026-08-12 13:47:38,719 | INFO  | Finished Spring Data repository scanning in 2 ms. Found 0 Elasticsearch repository interfaces. [o.s.d.r.c.RepositoryConfigurationDelegate<Catalina-utility-1>] 
2026-08-12 13:47:38,720 | INFO  | Multiple Spring Data modules found, entering strict repository configuration mode [o.s.d.r.c.RepositoryConfigurationDelegate<Catalina-utility-1>] 
2026-08-12 13:47:38,721 | INFO  | Bootstrapping Spring Data Reactive Elasticsearch repositories in DEFAULT mode. [o.s.d.r.c.RepositoryConfigurationDelegate<Catalina-utility-1>] 
2026-08-12 13:47:38,726 | INFO  | Spring Data Reactive Elasticsearch - Could not safely identify store assignment for repository candidate interface io.meeds.evm.gamification.dao.EvmTransactionDAO; If you want this repository to be a Reactive Elasticsearch repository, consider annotating your entities with one of these annotations: org.springframework.data.elasticsearch.annotations.Document (preferred), or consider extending one of the following types with your repository: org.springframework.data.elasticsearch.repository.ReactiveElasticsearchRepository [o.s.d.r.c.RepositoryConfigurationExtensionSupport<Catalina-utility-1>] 
2026-08-12 13:47:38,731 | INFO  | Finished Spring Data repository scanning in 6 ms. Found 0 Reactive Elasticsearch repository interfaces. [o.s.d.r.c.RepositoryConfigurationDelegate<Catalina-utility-1>] 
2026-08-12 13:47:38,849 | INFO  | Starting MatrixApplication v7.2.0-exo using Java 21.0.11 with PID 7 (/opt/exo/webapps/matrix/WEB-INF/classes started by exo in /var/log/exo) [io.meeds.chat.MatrixApplication<Catalina-utility-2>] 
2026-08-12 13:47:38,849 | INFO  | The following 35 profiles are active: "notes", "kudos", "tomcat", "documents", "push-notifications", "sites", "poll", "webdav", "deeds-tenant", "matrix", "digital-workplace", "content", "external-visio-connector", "analytics", "gamification-evm", "jcr", "exo_community", "all", "processes", "wallet", "webconferencing", "auth-server", "ecms", "ide", "mcp-server", "agenda", "gamification-twitter", "onlyoffice", "layout", "gamification", "app-center", "task", "gamification-crowdin", "perk-store", "pwa" [io.meeds.chat.MatrixApplication<Catalina-utility-2>] 
2026-08-12 13:47:38,975 | INFO  | 1 Spring WebApplicationInitializers detected on classpath [o.a.c.c.C.[.[localhost].[/deeds-tenant]<Catalina-utility-3>] 
2026-08-12 13:47:39,051 | INFO  | Initializing Spring embedded WebApplicationContext [o.a.c.c.C.[.[.[/gamification-evm]<Catalina-utility-1>] 
2026-08-12 13:47:39,051 | INFO  | Root WebApplicationContext: initialization completed in 1290 ms [o.s.b.w.s.c.ServletWebServerApplicationContext<Catalina-utility-1>] 
2026-08-12 13:47:39,244 | INFO  | Add Spring context 'gamification-evm' to inject its Beans in Kernel as available components [i.m.s.k.KernelContainerLifecyclePlugin<Catalina-utility-1>] 
2026-08-12 13:47:39,245 | INFO  | Started GamificationEvmApplication in 1.737 seconds (process running for 382.823) [i.m.e.g.GamificationEvmApplication<Catalina-utility-1>] 
2026-08-12 13:47:39,250 | INFO  | Deployment of web application archive [/opt/exo/webapps/gamification-evm.war] has finished in [1,796] ms [org.apache.catalina.startup.HostConfig<Catalina-utility-1>] 
2026-08-12 13:47:39,251 | INFO  | Deploying web application archive [/opt/exo/webapps/push-notifications.war] [org.apache.catalina.startup.HostConfig<Catalina-utility-1>] 
2026-08-12 13:47:39,320 | INFO  | No Spring WebApplicationInitializer types detected on classpath [o.a.c.c.C.[.[.[/push-notifications]<Catalina-utility-1>] 
2026-08-12 13:47:39,328 | INFO  | Deployment of web application archive [/opt/exo/webapps/push-notifications.war] has finished in [77] ms [org.apache.catalina.startup.HostConfig<Catalina-utility-1>] 
2026-08-12 13:47:39,328 | INFO  | Deploying web application archive [/opt/exo/webapps/ROOT.war] [org.apache.catalina.startup.HostConfig<Catalina-utility-1>] 
2026-08-12 13:47:39,342 | INFO  | No Spring WebApplicationInitializer types detected on classpath [o.a.c.c.C.[Catalina].[localhost].[/]<Catalina-utility-1>] 
2026-08-12 13:47:39,354 | INFO  | Deployment of web application archive [/opt/exo/webapps/ROOT.war] has finished in [26] ms [org.apache.catalina.startup.HostConfig<Catalina-utility-1>] 
2026-08-12 13:47:39,355 | INFO  | Deploying web application archive [/opt/exo/webapps/agenda.war] [org.apache.catalina.startup.HostConfig<Catalina-utility-1>] 
2026-08-12 13:47:39,377 | INFO  | Starting DeedTenantApplication v7.2.0-exo using Java 21.0.11 with PID 7 (/opt/exo/webapps/deeds-tenant/WEB-INF/classes started by exo in /var/log/exo) [io.meeds.tenant.DeedTenantApplication<Catalina-utility-3>] 
2026-08-12 13:47:39,381 | INFO  | The following 35 profiles are active: "notes", "kudos", "tomcat", "documents", "push-notifications", "sites", "poll", "webdav", "deeds-tenant", "matrix", "digital-workplace", "content", "external-visio-connector", "analytics", "gamification-evm", "jcr", "exo_community", "all", "processes", "wallet", "webconferencing", "auth-server", "ecms", "ide", "mcp-server", "agenda", "gamification-twitter", "onlyoffice", "layout", "gamification", "app-center", "task", "gamification-crowdin", "perk-store", "pwa" [io.meeds.tenant.DeedTenantApplication<Catalina-utility-3>] 
2026-08-12 13:47:39,534 | INFO  | 1 Spring WebApplicationInitializers detected on classpath [o.a.c.c.C.[.[localhost].[/agenda]<Catalina-utility-1>] 
2026-08-12 13:47:39,660 | INFO  | Starting AgendaApplication v7.2.0 using Java 21.0.11 with PID 7 (/opt/exo/webapps/agenda/WEB-INF/classes started by exo in /var/log/exo) [o.exoplatform.agenda.AgendaApplication<Catalina-utility-1>] 
2026-08-12 13:47:39,660 | INFO  | The following 35 profiles are active: "notes", "kudos", "tomcat", "documents", "push-notifications", "sites", "poll", "webdav", "deeds-tenant", "matrix", "digital-workplace", "content", "external-visio-connector", "analytics", "gamification-evm", "jcr", "exo_community", "all", "processes", "wallet", "webconferencing", "auth-server", "ecms", "ide", "mcp-server", "agenda", "gamification-twitter", "onlyoffice", "layout", "gamification", "app-center", "task", "gamification-crowdin", "perk-store", "pwa" [o.exoplatform.agenda.AgendaApplication<Catalina-utility-1>] 
2026-08-12 13:47:39,754 | INFO  | Multiple Spring Data modules found, entering strict repository configuration mode [o.s.d.r.c.RepositoryConfigurationDelegate<Catalina-utility-2>] 
2026-08-12 13:47:39,754 | INFO  | Bootstrapping Spring Data JPA repositories in DEFAULT mode. [o.s.d.r.c.RepositoryConfigurationDelegate<Catalina-utility-2>] 
2026-08-12 13:47:39,775 | INFO  | Finished Spring Data repository scanning in 19 ms. Found 1 JPA repository interface. [o.s.d.r.c.RepositoryConfigurationDelegate<Catalina-utility-2>] 
2026-08-12 13:47:39,832 | INFO  | Multiple Spring Data modules found, entering strict repository configuration mode [o.s.d.r.c.RepositoryConfigurationDelegate<Catalina-utility-2>] 
2026-08-12 13:47:39,832 | INFO  | Bootstrapping Spring Data Elasticsearch repositories in DEFAULT mode. [o.s.d.r.c.RepositoryConfigurationDelegate<Catalina-utility-2>] 
2026-08-12 13:47:39,835 | INFO  | Spring Data Elasticsearch - Could not safely identify store assignment for repository candidate interface io.meeds.chat.dao.MatrixRoomDAO; If you want this repository to be a Elasticsearch repository, consider annotating your entities with one of these annotations: org.springframework.data.elasticsearch.annotations.Document (preferred), or consider extending one of the following types with your repository: org.springframework.data.elasticsearch.repository.ElasticsearchRepository [o.s.d.r.c.RepositoryConfigurationExtensionSupport<Catalina-utility-2>] 
2026-08-12 13:47:39,835 | INFO  | Finished Spring Data repository scanning in 2 ms. Found 0 Elasticsearch repository interfaces. [o.s.d.r.c.RepositoryConfigurationDelegate<Catalina-utility-2>] 
2026-08-12 13:47:39,837 | INFO  | Multiple Spring Data modules found, entering strict repository configuration mode [o.s.d.r.c.RepositoryConfigurationDelegate<Catalina-utility-2>] 
2026-08-12 13:47:39,837 | INFO  | Bootstrapping Spring Data Reactive Elasticsearch repositories in DEFAULT mode. [o.s.d.r.c.RepositoryConfigurationDelegate<Catalina-utility-2>] 
2026-08-12 13:47:39,840 | INFO  | Spring Data Reactive Elasticsearch - Could not safely identify store assignment for repository candidate interface io.meeds.chat.dao.MatrixRoomDAO; If you want this repository to be a Reactive Elasticsearch repository, consider annotating your entities with one of these annotations: org.springframework.data.elasticsearch.annotations.Document (preferred), or consider extending one of the following types with your repository: org.springframework.data.elasticsearch.repository.ReactiveElasticsearchRepository [o.s.d.r.c.RepositoryConfigurationExtensionSupport<Catalina-utility-2>] 
2026-08-12 13:47:39,840 | INFO  | Finished Spring Data repository scanning in 1 ms. Found 0 Reactive Elasticsearch repository interfaces. [o.s.d.r.c.RepositoryConfigurationDelegate<Catalina-utility-2>] 
2026-08-12 13:47:40,123 | INFO  | Initializing Spring embedded WebApplicationContext [o.a.c.c.C.[.[localhost].[/matrix]<Catalina-utility-2>] 
2026-08-12 13:47:40,123 | INFO  | Root WebApplicationContext: initialization completed in 1272 ms [o.s.b.w.s.c.ServletWebServerApplicationContext<Catalina-utility-2>] 
2026-08-12 13:47:40,235 | INFO  | Add Spring context 'matrix' to inject its Beans in Kernel as available components [i.m.s.k.KernelContainerLifecyclePlugin<Catalina-utility-2>] 
2026-08-12 13:47:40,235 | INFO  | Started MatrixApplication in 1.636 seconds (process running for 383.813) [io.meeds.chat.MatrixApplication<Catalina-utility-2>] 
2026-08-12 13:47:40,238 | WARN  | Failed to process TLD with path [/tld/portlet_2_0.tld] and URI [http://java.sun.com/portlet_2_0]. The specified path does not exist. [org.apache.jasper.servlet.TldScanner<Catalina-utility-2>] 
2026-08-12 13:47:40,243 | INFO  | Deployment of web application archive [/opt/exo/webapps/matrix.war] has finished in [1,721] ms [org.apache.catalina.startup.HostConfig<Catalina-utility-2>] 
2026-08-12 13:47:40,244 | INFO  | Deploying web application archive [/opt/exo/webapps/gamification-portlets.war] [org.apache.catalina.startup.HostConfig<Catalina-utility-2>] 
2026-08-12 13:47:40,312 | INFO  | Multiple Spring Data modules found, entering strict repository configuration mode [o.s.d.r.c.RepositoryConfigurationDelegate<Catalina-utility-3>] 
2026-08-12 13:47:40,312 | INFO  | Bootstrapping Spring Data Elasticsearch repositories in DEFAULT mode. [o.s.d.r.c.RepositoryConfigurationDelegate<Catalina-utility-3>] 
2026-08-12 13:47:40,345 | INFO  | Finished Spring Data repository scanning in 29 ms. Found 0 Elasticsearch repository interfaces. [o.s.d.r.c.RepositoryConfigurationDelegate<Catalina-utility-3>] 
2026-08-12 13:47:40,349 | INFO  | Multiple Spring Data modules found, entering strict repository configuration mode [o.s.d.r.c.RepositoryConfigurationDelegate<Catalina-utility-3>] 
2026-08-12 13:47:40,352 | INFO  | Bootstrapping Spring Data Reactive Elasticsearch repositories in DEFAULT mode. [o.s.d.r.c.RepositoryConfigurationDelegate<Catalina-utility-3>] 
2026-08-12 13:47:40,354 | INFO  | Finished Spring Data repository scanning in 1 ms. Found 0 Reactive Elasticsearch repository interfaces. [o.s.d.r.c.RepositoryConfigurationDelegate<Catalina-utility-3>] 
2026-08-12 13:47:40,370 | INFO  | 1 Spring WebApplicationInitializers detected on classpath [o.a.c.c.C.[.[.[/gamification-portlets]<Catalina-utility-2>] 
2026-08-12 13:47:40,438 | INFO  | Multiple Spring Data modules found, entering strict repository configuration mode [o.s.d.r.c.RepositoryConfigurationDelegate<Catalina-utility-1>] 
2026-08-12 13:47:40,438 | INFO  | Bootstrapping Spring Data JPA repositories in DEFAULT mode. [o.s.d.r.c.RepositoryConfigurationDelegate<Catalina-utility-1>] 
2026-08-12 13:47:40,457 | INFO  | Finished Spring Data repository scanning in 17 ms. Found 0 JPA repository interfaces. [o.s.d.r.c.RepositoryConfigurationDelegate<Catalina-utility-1>] 
2026-08-12 13:47:40,501 | INFO  | Multiple Spring Data modules found, entering strict repository configuration mode [o.s.d.r.c.RepositoryConfigurationDelegate<Catalina-utility-1>] 
2026-08-12 13:47:40,501 | INFO  | Bootstrapping Spring Data Elasticsearch repositories in DEFAULT mode. [o.s.d.r.c.RepositoryConfigurationDelegate<Catalina-utility-1>] 
2026-08-12 13:47:40,505 | INFO  | Finished Spring Data repository scanning in 2 ms. Found 0 Elasticsearch repository interfaces. [o.s.d.r.c.RepositoryConfigurationDelegate<Catalina-utility-1>] 
2026-08-12 13:47:40,506 | INFO  | Multiple Spring Data modules found, entering strict repository configuration mode [o.s.d.r.c.RepositoryConfigurationDelegate<Catalina-utility-1>] 
2026-08-12 13:47:40,506 | INFO  | Bootstrapping Spring Data Reactive Elasticsearch repositories in DEFAULT mode. [o.s.d.r.c.RepositoryConfigurationDelegate<Catalina-utility-1>] 
2026-08-12 13:47:40,508 | INFO  | Starting GamificationApplication v7.2.0-exo using Java 21.0.11 with PID 7 (/opt/exo/webapps/gamification-portlets/WEB-INF/classes started by exo in /var/log/exo) [i.m.gamification.GamificationApplication<Catalina-utility-2>] 
2026-08-12 13:47:40,508 | INFO  | The following 35 profiles are active: "notes", "kudos", "tomcat", "documents", "push-notifications", "sites", "poll", "webdav", "deeds-tenant", "matrix", "digital-workplace", "content", "external-visio-connector", "analytics", "gamification-evm", "jcr", "exo_community", "all", "processes", "wallet", "webconferencing", "auth-server", "ecms", "ide", "mcp-server", "agenda", "gamification-twitter", "onlyoffice", "layout", "gamification", "app-center", "task", "gamification-crowdin", "perk-store", "pwa" [i.m.gamification.GamificationApplication<Catalina-utility-2>] 
2026-08-12 13:47:40,510 | INFO  | Finished Spring Data repository scanning in 2 ms. Found 0 Reactive Elasticsearch repository interfaces. [o.s.d.r.c.RepositoryConfigurationDelegate<Catalina-utility-1>] 
2026-08-12 13:47:40,583 | INFO  | Initializing Spring embedded WebApplicationContext [o.a.c.c.C.[.[localhost].[/deeds-tenant]<Catalina-utility-3>] 
2026-08-12 13:47:40,583 | INFO  | Root WebApplicationContext: initialization completed in 1201 ms [o.s.b.w.s.c.ServletWebServerApplicationContext<Catalina-utility-3>] 
2026-08-12 13:47:40,724 | INFO  | Add Spring context 'deeds-tenant' to inject its Beans in Kernel as available components [i.m.s.k.KernelContainerLifecyclePlugin<Catalina-utility-3>] 
2026-08-12 13:47:40,725 | INFO  | Started DeedTenantApplication in 1.702 seconds (process running for 384.302) [io.meeds.tenant.DeedTenantApplication<Catalina-utility-3>] 
2026-08-12 13:47:40,736 | INFO  | Deployment of web application archive [/opt/exo/webapps/deeds-tenant.war] has finished in [2,029] ms [org.apache.catalina.startup.HostConfig<Catalina-utility-3>] 
2026-08-12 13:47:40,743 | INFO  | Deploying web application archive [/opt/exo/webapps/social.war] [org.apache.catalina.startup.HostConfig<Catalina-utility-3>] 
2026-08-12 13:47:40,822 | INFO  | Initializing Spring embedded WebApplicationContext [o.a.c.c.C.[.[localhost].[/agenda]<Catalina-utility-1>] 
2026-08-12 13:47:40,826 | INFO  | Root WebApplicationContext: initialization completed in 1164 ms [o.s.b.w.s.c.ServletWebServerApplicationContext<Catalina-utility-1>] 
2026-08-12 13:47:41,016 | INFO  | Add Spring context 'agenda' to inject its Beans in Kernel as available components [i.m.s.k.KernelContainerLifecyclePlugin<Catalina-utility-1>] 
2026-08-12 13:47:41,016 | INFO  | Started AgendaApplication in 1.477 seconds (process running for 384.594) [o.exoplatform.agenda.AgendaApplication<Catalina-utility-1>] 
2026-08-12 13:47:41,037 | INFO  | Deployment of web application archive [/opt/exo/webapps/agenda.war] has finished in [1,682] ms [org.apache.catalina.startup.HostConfig<Catalina-utility-1>] 
2026-08-12 13:47:41,037 | INFO  | Deploying web application archive [/opt/exo/webapps/kudos.war] [org.apache.catalina.startup.HostConfig<Catalina-utility-1>] 
2026-08-12 13:47:41,103 | INFO  | 1 Spring WebApplicationInitializers detected on classpath [o.a.c.c.C.[.[localhost].[/kudos]<Catalina-utility-1>] 
2026-08-12 13:47:41,235 | INFO  | Starting KudosApplication v7.2.0-exo using Java 21.0.11 with PID 7 (/opt/exo/webapps/kudos/WEB-INF/classes started by exo in /var/log/exo) [io.meeds.kudos.KudosApplication<Catalina-utility-1>] 
2026-08-12 13:47:41,236 | INFO  | The following 35 profiles are active: "notes", "kudos", "tomcat", "documents", "push-notifications", "sites", "poll", "webdav", "deeds-tenant", "matrix", "digital-workplace", "content", "external-visio-connector", "analytics", "gamification-evm", "jcr", "exo_community", "all", "processes", "wallet", "webconferencing", "auth-server", "ecms", "ide", "mcp-server", "agenda", "gamification-twitter", "onlyoffice", "layout", "gamification", "app-center", "task", "gamification-crowdin", "perk-store", "pwa" [io.meeds.kudos.KudosApplication<Catalina-utility-1>] 
2026-08-12 13:47:41,252 | INFO  | Multiple Spring Data modules found, entering strict repository configuration mode [o.s.d.r.c.RepositoryConfigurationDelegate<Catalina-utility-2>] 
2026-08-12 13:47:41,252 | INFO  | Bootstrapping Spring Data Elasticsearch repositories in DEFAULT mode. [o.s.d.r.c.RepositoryConfigurationDelegate<Catalina-utility-2>] 
2026-08-12 13:47:41,278 | INFO  | Finished Spring Data repository scanning in 24 ms. Found 0 Elasticsearch repository interfaces. [o.s.d.r.c.RepositoryConfigurationDelegate<Catalina-utility-2>] 
2026-08-12 13:47:41,279 | INFO  | Multiple Spring Data modules found, entering strict repository configuration mode [o.s.d.r.c.RepositoryConfigurationDelegate<Catalina-utility-2>] 
2026-08-12 13:47:41,279 | INFO  | Bootstrapping Spring Data Reactive Elasticsearch repositories in DEFAULT mode. [o.s.d.r.c.RepositoryConfigurationDelegate<Catalina-utility-2>] 
2026-08-12 13:47:41,283 | INFO  | Finished Spring Data repository scanning in 2 ms. Found 0 Reactive Elasticsearch repository interfaces. [o.s.d.r.c.RepositoryConfigurationDelegate<Catalina-utility-2>] 
2026-08-12 13:47:41,291 | INFO  | Multiple Spring Data modules found, entering strict repository configuration mode [o.s.d.r.c.RepositoryConfigurationDelegate<Catalina-utility-2>] 
2026-08-12 13:47:41,291 | INFO  | Bootstrapping Spring Data JPA repositories in DEFAULT mode. [o.s.d.r.c.RepositoryConfigurationDelegate<Catalina-utility-2>] 
2026-08-12 13:47:41,299 | INFO  | Finished Spring Data repository scanning in 6 ms. Found 0 JPA repository interfaces. [o.s.d.r.c.RepositoryConfigurationDelegate<Catalina-utility-2>] 
2026-08-12 13:47:41,360 | INFO  | 1 Spring WebApplicationInitializers detected on classpath [o.a.c.c.C.[.[localhost].[/social]<Catalina-utility-3>] 
2026-08-12 13:47:41,499 | INFO  | Initializing Spring embedded WebApplicationContext [o.a.c.c.C.[.[.[/gamification-portlets]<Catalina-utility-2>] 
2026-08-12 13:47:41,499 | INFO  | Root WebApplicationContext: initialization completed in 989 ms [o.s.b.w.s.c.ServletWebServerApplicationContext<Catalina-utility-2>] 
2026-08-12 13:47:41,584 | INFO  | Add Spring context 'gamification-portlets' to inject its Beans in Kernel as available components [i.m.s.k.KernelContainerLifecyclePlugin<Catalina-utility-2>] 
2026-08-12 13:47:41,584 | INFO  | Started GamificationApplication in 1.209 seconds (process running for 385.162) [i.m.gamification.GamificationApplication<Catalina-utility-2>] 
2026-08-12 13:47:41,604 | INFO  | Starting SocialApplication v7.2.0-exo using Java 21.0.11 with PID 7 (/opt/exo/webapps/social/WEB-INF/classes started by exo in /var/log/exo) [io.meeds.social.SocialApplication<Catalina-utility-3>] 
2026-08-12 13:47:41,604 | INFO  | The following 35 profiles are active: "notes", "kudos", "tomcat", "documents", "push-notifications", "sites", "poll", "webdav", "deeds-tenant", "matrix", "digital-workplace", "content", "external-visio-connector", "analytics", "gamification-evm", "jcr", "exo_community", "all", "processes", "wallet", "webconferencing", "auth-server", "ecms", "ide", "mcp-server", "agenda", "gamification-twitter", "onlyoffice", "layout", "gamification", "app-center", "task", "gamification-crowdin", "perk-store", "pwa" [io.meeds.social.SocialApplication<Catalina-utility-3>] 
2026-08-12 13:47:41,612 | INFO  | Deployment of web application archive [/opt/exo/webapps/gamification-portlets.war] has finished in [1,368] ms [org.apache.catalina.startup.HostConfig<Catalina-utility-2>] 
2026-08-12 13:47:41,613 | INFO  | Deploying web application archive [/opt/exo/webapps/commons-exo-extension.war] [org.apache.catalina.startup.HostConfig<Catalina-utility-2>] 
2026-08-12 13:47:41,666 | INFO  | No Spring WebApplicationInitializer types detected on classpath [o.a.c.c.C.[.[.[/commons-exo-extension]<Catalina-utility-2>] 
2026-08-12 13:47:41,672 | INFO  | Deployment of web application archive [/opt/exo/webapps/commons-exo-extension.war] has finished in [55] ms [org.apache.catalina.startup.HostConfig<Catalina-utility-2>] 
2026-08-12 13:47:41,672 | INFO  | Deploying web application archive [/opt/exo/webapps/external-visio.war] [org.apache.catalina.startup.HostConfig<Catalina-utility-2>] 
2026-08-12 13:47:41,717 | INFO  | No Spring WebApplicationInitializer types detected on classpath [o.a.c.c.C.[.[.[/external-visio]<Catalina-utility-2>] 
2026-08-12 13:47:41,722 | INFO  | Deployment of web application archive [/opt/exo/webapps/external-visio.war] has finished in [50] ms [org.apache.catalina.startup.HostConfig<Catalina-utility-2>] 
2026-08-12 13:47:41,723 | INFO  | Deploying web application archive [/opt/exo/webapps/editors.war] [org.apache.catalina.startup.HostConfig<Catalina-utility-2>] 
2026-08-12 13:47:41,779 | INFO  | No Spring WebApplicationInitializer types detected on classpath [o.a.c.c.C.[.[localhost].[/editors]<Catalina-utility-2>] 
2026-08-12 13:47:41,784 | INFO  | Deployment of web application archive [/opt/exo/webapps/editors.war] has finished in [61] ms [org.apache.catalina.startup.HostConfig<Catalina-utility-2>] 
2026-08-12 13:47:41,784 | INFO  | Deploying web application archive [/opt/exo/webapps/documents-portlet.war] [org.apache.catalina.startup.HostConfig<Catalina-utility-2>] 
2026-08-12 13:47:41,922 | INFO  | Multiple Spring Data modules found, entering strict repository configuration mode [o.s.d.r.c.RepositoryConfigurationDelegate<Catalina-utility-1>] 
2026-08-12 13:47:41,925 | INFO  | Bootstrapping Spring Data JPA repositories in DEFAULT mode. [o.s.d.r.c.RepositoryConfigurationDelegate<Catalina-utility-1>] 
2026-08-12 13:47:41,950 | INFO  | Finished Spring Data repository scanning in 24 ms. Found 1 JPA repository interface. [o.s.d.r.c.RepositoryConfigurationDelegate<Catalina-utility-1>] 
2026-08-12 13:47:42,077 | INFO  | 1 Spring WebApplicationInitializers detected on classpath [o.a.c.c.C.[.[.[/documents-portlet]<Catalina-utility-2>] 
2026-08-12 13:47:42,122 | INFO  | Multiple Spring Data modules found, entering strict repository configuration mode [o.s.d.r.c.RepositoryConfigurationDelegate<Catalina-utility-1>] 
2026-08-12 13:47:42,125 | INFO  | Bootstrapping Spring Data Elasticsearch repositories in DEFAULT mode. [o.s.d.r.c.RepositoryConfigurationDelegate<Catalina-utility-1>] 
2026-08-12 13:47:42,130 | INFO  | Spring Data Elasticsearch - Could not safely identify store assignment for repository candidate interface io.meeds.kudos.dao.KudosDAO; If you want this repository to be a Elasticsearch repository, consider annotating your entities with one of these annotations: org.springframework.data.elasticsearch.annotations.Document (preferred), or consider extending one of the following types with your repository: org.springframework.data.elasticsearch.repository.ElasticsearchRepository [o.s.d.r.c.RepositoryConfigurationExtensionSupport<Catalina-utility-1>] 
2026-08-12 13:47:42,131 | INFO  | Finished Spring Data repository scanning in 2 ms. Found 0 Elasticsearch repository interfaces. [o.s.d.r.c.RepositoryConfigurationDelegate<Catalina-utility-1>] 
2026-08-12 13:47:42,134 | INFO  | Multiple Spring Data modules found, entering strict repository configuration mode [o.s.d.r.c.RepositoryConfigurationDelegate<Catalina-utility-1>] 
2026-08-12 13:47:42,134 | INFO  | Bootstrapping Spring Data Reactive Elasticsearch repositories in DEFAULT mode. [o.s.d.r.c.RepositoryConfigurationDelegate<Catalina-utility-1>] 
2026-08-12 13:47:42,136 | INFO  | Spring Data Reactive Elasticsearch - Could not safely identify store assignment for repository candidate interface io.meeds.kudos.dao.KudosDAO; If you want this repository to be a Reactive Elasticsearch repository, consider annotating your entities with one of these annotations: org.springframework.data.elasticsearch.annotations.Document (preferred), or consider extending one of the following types with your repository: org.springframework.data.elasticsearch.repository.ReactiveElasticsearchRepository [o.s.d.r.c.RepositoryConfigurationExtensionSupport<Catalina-utility-1>] 
2026-08-12 13:47:42,140 | INFO  | Finished Spring Data repository scanning in 4 ms. Found 0 Reactive Elasticsearch repository interfaces. [o.s.d.r.c.RepositoryConfigurationDelegate<Catalina-utility-1>] 
2026-08-12 13:47:42,214 | INFO  | Starting DocumentApplication v7.2.0 using Java 21.0.11 with PID 7 (/opt/exo/webapps/documents-portlet/WEB-INF/classes started by exo in /var/log/exo) [o.e.documents.DocumentApplication<Catalina-utility-2>] 
2026-08-12 13:47:42,214 | INFO  | The following 35 profiles are active: "notes", "kudos", "tomcat", "documents", "push-notifications", "sites", "poll", "webdav", "deeds-tenant", "matrix", "digital-workplace", "content", "external-visio-connector", "analytics", "gamification-evm", "jcr", "exo_community", "all", "processes", "wallet", "webconferencing", "auth-server", "ecms", "ide", "mcp-server", "agenda", "gamification-twitter", "onlyoffice", "layout", "gamification", "app-center", "task", "gamification-crowdin", "perk-store", "pwa" [o.e.documents.DocumentApplication<Catalina-utility-2>] 
2026-08-12 13:47:42,295 | INFO  | Multiple Spring Data modules found, entering strict repository configuration mode [o.s.d.r.c.RepositoryConfigurationDelegate<Catalina-utility-3>] 
2026-08-12 13:47:42,295 | INFO  | Bootstrapping Spring Data JPA repositories in DEFAULT mode. [o.s.d.r.c.RepositoryConfigurationDelegate<Catalina-utility-3>] 
2026-08-12 13:47:42,351 | INFO  | Finished Spring Data repository scanning in 54 ms. Found 3 JPA repository interfaces. [o.s.d.r.c.RepositoryConfigurationDelegate<Catalina-utility-3>] 
2026-08-12 13:47:42,451 | INFO  | Initializing Spring embedded WebApplicationContext [o.a.c.c.C.[.[localhost].[/kudos]<Catalina-utility-1>] 
2026-08-12 13:47:42,451 | INFO  | Root WebApplicationContext: initialization completed in 1213 ms [o.s.b.w.s.c.ServletWebServerApplicationContext<Catalina-utility-1>] 
2026-08-12 13:47:42,477 | INFO  | Multiple Spring Data modules found, entering strict repository configuration mode [o.s.d.r.c.RepositoryConfigurationDelegate<Catalina-utility-3>] 
2026-08-12 13:47:42,477 | INFO  | Bootstrapping Spring Data Elasticsearch repositories in DEFAULT mode. [o.s.d.r.c.RepositoryConfigurationDelegate<Catalina-utility-3>] 
2026-08-12 13:47:42,483 | INFO  | Spring Data Elasticsearch - Could not safely identify store assignment for repository candidate interface io.meeds.social.space.invitation.dao.SpaceInvitationLinkDAO; If you want this repository to be a Elasticsearch repository, consider annotating your entities with one of these annotations: org.springframework.data.elasticsearch.annotations.Document (preferred), or consider extending one of the following types with your repository: org.springframework.data.elasticsearch.repository.ElasticsearchRepository [o.s.d.r.c.RepositoryConfigurationExtensionSupport<Catalina-utility-3>] 
2026-08-12 13:47:42,483 | INFO  | Spring Data Elasticsearch - Could not safely identify store assignment for repository candidate interface io.meeds.social.space.template.dao.SpaceTemplateDAO; If you want this repository to be a Elasticsearch repository, consider annotating your entities with one of these annotations: org.springframework.data.elasticsearch.annotations.Document (preferred), or consider extending one of the following types with your repository: org.springframework.data.elasticsearch.repository.ElasticsearchRepository [o.s.d.r.c.RepositoryConfigurationExtensionSupport<Catalina-utility-3>] 
2026-08-12 13:47:42,484 | INFO  | Finished Spring Data repository scanning in 4 ms. Found 0 Elasticsearch repository interfaces. [o.s.d.r.c.RepositoryConfigurationDelegate<Catalina-utility-3>] 
2026-08-12 13:47:42,485 | INFO  | Multiple Spring Data modules found, entering strict repository configuration mode [o.s.d.r.c.RepositoryConfigurationDelegate<Catalina-utility-3>] 
2026-08-12 13:47:42,485 | INFO  | Bootstrapping Spring Data Reactive Elasticsearch repositories in DEFAULT mode. [o.s.d.r.c.RepositoryConfigurationDelegate<Catalina-utility-3>] 
2026-08-12 13:47:42,490 | INFO  | Spring Data Reactive Elasticsearch - Could not safely identify store assignment for repository candidate interface io.meeds.social.space.invitation.dao.SpaceInvitationLinkDAO; If you want this repository to be a Reactive Elasticsearch repository, consider annotating your entities with one of these annotations: org.springframework.data.elasticsearch.annotations.Document (preferred), or consider extending one of the following types with your repository: org.springframework.data.elasticsearch.repository.ReactiveElasticsearchRepository [o.s.d.r.c.RepositoryConfigurationExtensionSupport<Catalina-utility-3>] 
2026-08-12 13:47:42,491 | INFO  | Spring Data Reactive Elasticsearch - Could not safely identify store assignment for repository candidate interface io.meeds.social.space.template.dao.SpaceTemplateDAO; If you want this repository to be a Reactive Elasticsearch repository, consider annotating your entities with one of these annotations: org.springframework.data.elasticsearch.annotations.Document (preferred), or consider extending one of the following types with your repository: org.springframework.data.elasticsearch.repository.ReactiveElasticsearchRepository [o.s.d.r.c.RepositoryConfigurationExtensionSupport<Catalina-utility-3>] 
2026-08-12 13:47:42,491 | INFO  | Finished Spring Data repository scanning in 4 ms. Found 0 Reactive Elasticsearch repository interfaces. [o.s.d.r.c.RepositoryConfigurationDelegate<Catalina-utility-3>] 
2026-08-12 13:47:42,608 | INFO  | Add Spring context 'kudos' to inject its Beans in Kernel as available components [i.m.s.k.KernelContainerLifecyclePlugin<Catalina-utility-1>] 
2026-08-12 13:47:42,608 | INFO  | Started KudosApplication in 1.5 seconds (process running for 386.186) [io.meeds.kudos.KudosApplication<Catalina-utility-1>] 
2026-08-12 13:47:42,620 | INFO  | Deployment of web application archive [/opt/exo/webapps/kudos.war] has finished in [1,582] ms [org.apache.catalina.startup.HostConfig<Catalina-utility-1>] 
2026-08-12 13:47:42,620 | INFO  | Deploying web application archive [/opt/exo/webapps/platform-ui.war] [org.apache.catalina.startup.HostConfig<Catalina-utility-1>] 
2026-08-12 13:47:42,638 | INFO  | Multiple Spring Data modules found, entering strict repository configuration mode [o.s.d.r.c.RepositoryConfigurationDelegate<Catalina-utility-2>] 
2026-08-12 13:47:42,638 | INFO  | Bootstrapping Spring Data JPA repositories in DEFAULT mode. [o.s.d.r.c.RepositoryConfigurationDelegate<Catalina-utility-2>] 
2026-08-12 13:47:42,641 | INFO  | Initializing Spring embedded WebApplicationContext [o.a.c.c.C.[.[localhost].[/social]<Catalina-utility-3>] 
2026-08-12 13:47:42,641 | INFO  | Root WebApplicationContext: initialization completed in 1036 ms [o.s.b.w.s.c.ServletWebServerApplicationContext<Catalina-utility-3>] 
2026-08-12 13:47:42,700 | INFO  | Spring Data JPA - Could not safely identify store assignment for repository candidate interface org.exoplatform.documents.storage.jcr.webdav.cache.elasticsearch.dao.WebDavItemDao; If you want this repository to be a JPA repository, consider annotating your entities with one of these annotations: jakarta.persistence.Entity, jakarta.persistence.MappedSuperclass (preferred), or consider extending one of the following types with your repository: org.springframework.data.jpa.repository.JpaRepository [o.s.d.r.c.RepositoryConfigurationExtensionSupport<Catalina-utility-2>] 
2026-08-12 13:47:42,709 | INFO  | Spring Data JPA - Could not safely identify store assignment for repository candidate interface org.exoplatform.documents.storage.jcr.webdav.dao.WebDavPathMappingDao; If you want this repository to be a JPA repository, consider annotating your entities with one of these annotations: jakarta.persistence.Entity, jakarta.persistence.MappedSuperclass (preferred), or consider extending one of the following types with your repository: org.springframework.data.jpa.repository.JpaRepository [o.s.d.r.c.RepositoryConfigurationExtensionSupport<Catalina-utility-2>] 
2026-08-12 13:47:42,709 | INFO  | Finished Spring Data repository scanning in 68 ms. Found 0 JPA repository interfaces. [o.s.d.r.c.RepositoryConfigurationDelegate<Catalina-utility-2>] 
2026-08-12 13:47:42,709 | INFO  | Multiple Spring Data modules found, entering strict repository configuration mode [o.s.d.r.c.RepositoryConfigurationDelegate<Catalina-utility-2>] 
2026-08-12 13:47:42,709 | INFO  | Bootstrapping Spring Data Elasticsearch repositories in DEFAULT mode. [o.s.d.r.c.RepositoryConfigurationDelegate<Catalina-utility-2>] 
2026-08-12 13:47:42,742 | INFO  | Add Spring context 'social' to inject its Beans in Kernel as available components [i.m.s.k.KernelContainerLifecyclePlugin<Catalina-utility-3>] 
2026-08-12 13:47:42,743 | INFO  | Started SocialApplication in 1.379 seconds (process running for 386.321) [io.meeds.social.SocialApplication<Catalina-utility-3>] 
2026-08-12 13:47:42,744 | INFO  | Finished Spring Data repository scanning in 31 ms. Found 2 Elasticsearch repository interfaces. [o.s.d.r.c.RepositoryConfigurationDelegate<Catalina-utility-2>] 
2026-08-12 13:47:42,762 | INFO  | Deployment of web application archive [/opt/exo/webapps/social.war] has finished in [2,019] ms [org.apache.catalina.startup.HostConfig<Catalina-utility-3>] 
2026-08-12 13:47:42,791 | INFO  | Deploying web application archive [/opt/exo/webapps/digital-workplace.war] [org.apache.catalina.startup.HostConfig<Catalina-utility-3>] 
2026-08-12 13:47:42,814 | INFO  | No Spring WebApplicationInitializer types detected on classpath [o.a.c.c.C.[.[localhost].[/platform-ui]<Catalina-utility-1>] 
2026-08-12 13:47:42,818 | INFO  | Deployment of web application archive [/opt/exo/webapps/platform-ui.war] has finished in [197] ms [org.apache.catalina.startup.HostConfig<Catalina-utility-1>] 
2026-08-12 13:47:42,818 | INFO  | Deploying web application archive [/opt/exo/webapps/gamification-github.war] [org.apache.catalina.startup.HostConfig<Catalina-utility-1>] 
2026-08-12 13:47:42,857 | INFO  | 1 Spring WebApplicationInitializers detected on classpath [o.a.c.c.C.[.[.[/gamification-github]<Catalina-utility-1>] 
2026-08-12 13:47:42,884 | INFO  | Multiple Spring Data modules found, entering strict repository configuration mode [o.s.d.r.c.RepositoryConfigurationDelegate<Catalina-utility-2>] 
2026-08-12 13:47:42,885 | INFO  | Bootstrapping Spring Data Reactive Elasticsearch repositories in DEFAULT mode. [o.s.d.r.c.RepositoryConfigurationDelegate<Catalina-utility-2>] 
2026-08-12 13:47:42,892 | INFO  | Finished Spring Data repository scanning in 4 ms. Found 0 Reactive Elasticsearch repository interfaces. [o.s.d.r.c.RepositoryConfigurationDelegate<Catalina-utility-2>] 
2026-08-12 13:47:42,923 | INFO  | No Spring WebApplicationInitializer types detected on classpath [o.a.c.c.C.[.[.[/digital-workplace]<Catalina-utility-3>] 
2026-08-12 13:47:42,934 | INFO  | Deployment of web application archive [/opt/exo/webapps/digital-workplace.war] has finished in [143] ms [org.apache.catalina.startup.HostConfig<Catalina-utility-3>] 
2026-08-12 13:47:42,937 | INFO  | Deploying web application archive [/opt/exo/webapps/onlyoffice.war] [org.apache.catalina.startup.HostConfig<Catalina-utility-3>] 
2026-08-12 13:47:42,964 | INFO  | Starting GamificationGithubApplication v7.2.0-exo using Java 21.0.11 with PID 7 (/opt/exo/webapps/gamification-github/WEB-INF/classes started by exo in /var/log/exo) [i.m.g.g.GamificationGithubApplication<Catalina-utility-1>] 
2026-08-12 13:47:42,964 | INFO  | The following 35 profiles are active: "notes", "kudos", "tomcat", "documents", "push-notifications", "sites", "poll", "webdav", "deeds-tenant", "matrix", "digital-workplace", "content", "external-visio-connector", "analytics", "gamification-evm", "jcr", "exo_community", "all", "processes", "wallet", "webconferencing", "auth-server", "ecms", "ide", "mcp-server", "agenda", "gamification-twitter", "onlyoffice", "layout", "gamification", "app-center", "task", "gamification-crowdin", "perk-store", "pwa" [i.m.g.g.GamificationGithubApplication<Catalina-utility-1>] 
2026-08-12 13:47:42,989 | INFO  | No Spring WebApplicationInitializer types detected on classpath [o.a.c.c.C.[.[localhost].[/onlyoffice]<Catalina-utility-3>] 
2026-08-12 13:47:42,992 | INFO  | Deployment of web application archive [/opt/exo/webapps/onlyoffice.war] has finished in [54] ms [org.apache.catalina.startup.HostConfig<Catalina-utility-3>] 
2026-08-12 13:47:42,992 | INFO  | Deploying web application archive [/opt/exo/webapps/ecm-wcm-extension.war] [org.apache.catalina.startup.HostConfig<Catalina-utility-3>] 
2026-08-12 13:47:43,017 | INFO  | No Spring WebApplicationInitializer types detected on classpath [o.a.c.c.C.[.[.[/ecm-wcm-extension]<Catalina-utility-3>] 
2026-08-12 13:47:43,026 | INFO  | Deployment of web application archive [/opt/exo/webapps/ecm-wcm-extension.war] has finished in [33] ms [org.apache.catalina.startup.HostConfig<Catalina-utility-3>] 
2026-08-12 13:47:43,029 | INFO  | Deploying web application archive [/opt/exo/webapps/auth-server.war] [org.apache.catalina.startup.HostConfig<Catalina-utility-3>] 
2026-08-12 13:47:43,078 | INFO  | Initializing Spring embedded WebApplicationContext [o.a.c.c.C.[.[.[/documents-portlet]<Catalina-utility-2>] 
2026-08-12 13:47:43,078 | INFO  | Root WebApplicationContext: initialization completed in 863 ms [o.s.b.w.s.c.ServletWebServerApplicationContext<Catalina-utility-2>] 
2026-08-12 13:47:43,126 | INFO  | 1 Spring WebApplicationInitializers detected on classpath [o.a.c.c.C.[.[localhost].[/auth-server]<Catalina-utility-3>] 
2026-08-12 13:47:43,212 | INFO  | Add Spring context 'documents-portlet' to inject its Beans in Kernel as available components [i.m.s.k.KernelContainerLifecyclePlugin<Catalina-utility-2>] 
2026-08-12 13:47:43,217 | INFO  | Started DocumentApplication in 1.134 seconds (process running for 386.794) [o.e.documents.DocumentApplication<Catalina-utility-2>] 
2026-08-12 13:47:43,234 | INFO  | Starting OauthServerApplication v7.2.0-exo using Java 21.0.11 with PID 7 (/opt/exo/webapps/auth-server/WEB-INF/classes started by exo in /var/log/exo) [i.m.oauth2.server.OauthServerApplication<Catalina-utility-3>] 
2026-08-12 13:47:43,235 | INFO  | The following 35 profiles are active: "notes", "kudos", "tomcat", "documents", "push-notifications", "sites", "poll", "webdav", "deeds-tenant", "matrix", "digital-workplace", "content", "external-visio-connector", "analytics", "gamification-evm", "jcr", "exo_community", "all", "processes", "wallet", "webconferencing", "auth-server", "ecms", "ide", "mcp-server", "agenda", "gamification-twitter", "onlyoffice", "layout", "gamification", "app-center", "task", "gamification-crowdin", "perk-store", "pwa" [i.m.oauth2.server.OauthServerApplication<Catalina-utility-3>] 
2026-08-12 13:47:43,236 | INFO  | Deployment of web application archive [/opt/exo/webapps/documents-portlet.war] has finished in [1,452] ms [org.apache.catalina.startup.HostConfig<Catalina-utility-2>] 
2026-08-12 13:47:43,236 | INFO  | Deploying web application archive [/opt/exo/webapps/task-management.war] [org.apache.catalina.startup.HostConfig<Catalina-utility-2>] 
2026-08-12 13:47:43,316 | INFO  | Multiple Spring Data modules found, entering strict repository configuration mode [o.s.d.r.c.RepositoryConfigurationDelegate<Catalina-utility-1>] 
2026-08-12 13:47:43,316 | INFO  | Bootstrapping Spring Data JPA repositories in DEFAULT mode. [o.s.d.r.c.RepositoryConfigurationDelegate<Catalina-utility-1>] 
2026-08-12 13:47:43,326 | INFO  | Finished Spring Data repository scanning in 9 ms. Found 1 JPA repository interface. [o.s.d.r.c.RepositoryConfigurationDelegate<Catalina-utility-1>] 
2026-08-12 13:47:43,370 | INFO  | Multiple Spring Data modules found, entering strict repository configuration mode [o.s.d.r.c.RepositoryConfigurationDelegate<Catalina-utility-1>] 
2026-08-12 13:47:43,370 | INFO  | Bootstrapping Spring Data Elasticsearch repositories in DEFAULT mode. [o.s.d.r.c.RepositoryConfigurationDelegate<Catalina-utility-1>] 
2026-08-12 13:47:43,372 | INFO  | 1 Spring WebApplicationInitializers detected on classpath [o.a.c.c.C.[.[.[/task-management]<Catalina-utility-2>] 
2026-08-12 13:47:43,378 | INFO  | Spring Data Elasticsearch - Could not safely identify store assignment for repository candidate interface io.meeds.github.gamification.dao.WebHookDAO; If you want this repository to be a Elasticsearch repository, consider annotating your entities with one of these annotations: org.springframework.data.elasticsearch.annotations.Document (preferred), or consider extending one of the following types with your repository: org.springframework.data.elasticsearch.repository.ElasticsearchRepository [o.s.d.r.c.RepositoryConfigurationExtensionSupport<Catalina-utility-1>] 
2026-08-12 13:47:43,378 | INFO  | Finished Spring Data repository scanning in 3 ms. Found 0 Elasticsearch repository interfaces. [o.s.d.r.c.RepositoryConfigurationDelegate<Catalina-utility-1>] 
2026-08-12 13:47:43,379 | INFO  | Multiple Spring Data modules found, entering strict repository configuration mode [o.s.d.r.c.RepositoryConfigurationDelegate<Catalina-utility-1>] 
2026-08-12 13:47:43,379 | INFO  | Bootstrapping Spring Data Reactive Elasticsearch repositories in DEFAULT mode. [o.s.d.r.c.RepositoryConfigurationDelegate<Catalina-utility-1>] 
2026-08-12 13:47:43,384 | INFO  | Spring Data Reactive Elasticsearch - Could not safely identify store assignment for repository candidate interface io.meeds.github.gamification.dao.WebHookDAO; If you want this repository to be a Reactive Elasticsearch repository, consider annotating your entities with one of these annotations: org.springframework.data.elasticsearch.annotations.Document (preferred), or consider extending one of the following types with your repository: org.springframework.data.elasticsearch.repository.ReactiveElasticsearchRepository [o.s.d.r.c.RepositoryConfigurationExtensionSupport<Catalina-utility-1>] 
2026-08-12 13:47:43,384 | INFO  | Finished Spring Data repository scanning in 4 ms. Found 0 Reactive Elasticsearch repository interfaces. [o.s.d.r.c.RepositoryConfigurationDelegate<Catalina-utility-1>] 
2026-08-12 13:47:43,532 | INFO  | Starting TaskApplication v7.2.0-exo using Java 21.0.11 with PID 7 (/opt/exo/webapps/task-management/WEB-INF/classes started by exo in /var/log/exo) [io.meeds.task.TaskApplication<Catalina-utility-2>] 
2026-08-12 13:47:43,533 | INFO  | The following 35 profiles are active: "notes", "kudos", "tomcat", "documents", "push-notifications", "sites", "poll", "webdav", "deeds-tenant", "matrix", "digital-workplace", "content", "external-visio-connector", "analytics", "gamification-evm", "jcr", "exo_community", "all", "processes", "wallet", "webconferencing", "auth-server", "ecms", "ide", "mcp-server", "agenda", "gamification-twitter", "onlyoffice", "layout", "gamification", "app-center", "task", "gamification-crowdin", "perk-store", "pwa" [io.meeds.task.TaskApplication<Catalina-utility-2>] 
2026-08-12 13:47:43,585 | INFO  | Initializing Spring embedded WebApplicationContext [o.a.c.c.C.[.[.[/gamification-github]<Catalina-utility-1>] 
2026-08-12 13:47:43,585 | INFO  | Root WebApplicationContext: initialization completed in 615 ms [o.s.b.w.s.c.ServletWebServerApplicationContext<Catalina-utility-1>] 
2026-08-12 13:47:43,669 | INFO  | Add Spring context 'gamification-github' to inject its Beans in Kernel as available components [i.m.s.k.KernelContainerLifecyclePlugin<Catalina-utility-1>] 
2026-08-12 13:47:43,670 | INFO  | Started GamificationGithubApplication in 0.808 seconds (process running for 387.247) [i.m.g.g.GamificationGithubApplication<Catalina-utility-1>] 
2026-08-12 13:47:43,694 | INFO  | Deployment of web application archive [/opt/exo/webapps/gamification-github.war] has finished in [873] ms [org.apache.catalina.startup.HostConfig<Catalina-utility-1>] 
2026-08-12 13:47:43,718 | INFO  | Multiple Spring Data modules found, entering strict repository configuration mode [o.s.d.r.c.RepositoryConfigurationDelegate<Catalina-utility-3>] 
2026-08-12 13:47:43,718 | INFO  | Bootstrapping Spring Data JPA repositories in DEFAULT mode. [o.s.d.r.c.RepositoryConfigurationDelegate<Catalina-utility-3>] 
2026-08-12 13:47:43,744 | INFO  | Finished Spring Data repository scanning in 24 ms. Found 3 JPA repository interfaces. [o.s.d.r.c.RepositoryConfigurationDelegate<Catalina-utility-3>] 
2026-08-12 13:47:43,799 | INFO  | Multiple Spring Data modules found, entering strict repository configuration mode [o.s.d.r.c.RepositoryConfigurationDelegate<Catalina-utility-3>] 
2026-08-12 13:47:43,800 | INFO  | Bootstrapping Spring Data Elasticsearch repositories in DEFAULT mode. [o.s.d.r.c.RepositoryConfigurationDelegate<Catalina-utility-3>] 
2026-08-12 13:47:43,803 | INFO  | Spring Data Elasticsearch - Could not safely identify store assignment for repository candidate interface io.meeds.oauth2.server.dao.OAuthClientAppDao; If you want this repository to be a Elasticsearch repository, consider annotating your entities with one of these annotations: org.springframework.data.elasticsearch.annotations.Document (preferred), or consider extending one of the following types with your repository: org.springframework.data.elasticsearch.repository.ElasticsearchRepository [o.s.d.r.c.RepositoryConfigurationExtensionSupport<Catalina-utility-3>] 
2026-08-12 13:47:43,803 | INFO  | Spring Data Elasticsearch - Could not safely identify store assignment for repository candidate interface io.meeds.oauth2.server.dao.OAuthConsentDao; If you want this repository to be a Elasticsearch repository, consider annotating your entities with one of these annotations: org.springframework.data.elasticsearch.annotations.Document (preferred), or consider extending one of the following types with your repository: org.springframework.data.elasticsearch.repository.ElasticsearchRepository [o.s.d.r.c.RepositoryConfigurationExtensionSupport<Catalina-utility-3>] 
2026-08-12 13:47:43,804 | INFO  | Spring Data Elasticsearch - Could not safely identify store assignment for repository candidate interface io.meeds.oauth2.server.dao.OAuthTokenDao; If you want this repository to be a Elasticsearch repository, consider annotating your entities with one of these annotations: org.springframework.data.elasticsearch.annotations.Document (preferred), or consider extending one of the following types with your repository: org.springframework.data.elasticsearch.repository.ElasticsearchRepository [o.s.d.r.c.RepositoryConfigurationExtensionSupport<Catalina-utility-3>] 
2026-08-12 13:47:43,804 | INFO  | Finished Spring Data repository scanning in 3 ms. Found 0 Elasticsearch repository interfaces. [o.s.d.r.c.RepositoryConfigurationDelegate<Catalina-utility-3>] 
2026-08-12 13:47:43,805 | INFO  | Multiple Spring Data modules found, entering strict repository configuration mode [o.s.d.r.c.RepositoryConfigurationDelegate<Catalina-utility-3>] 
2026-08-12 13:47:43,806 | INFO  | Bootstrapping Spring Data Reactive Elasticsearch repositories in DEFAULT mode. [o.s.d.r.c.RepositoryConfigurationDelegate<Catalina-utility-3>] 
2026-08-12 13:47:43,808 | INFO  | Spring Data Reactive Elasticsearch - Could not safely identify store assignment for repository candidate interface io.meeds.oauth2.server.dao.OAuthClientAppDao; If you want this repository to be a Reactive Elasticsearch repository, consider annotating your entities with one of these annotations: org.springframework.data.elasticsearch.annotations.Document (preferred), or consider extending one of the following types with your repository: org.springframework.data.elasticsearch.repository.ReactiveElasticsearchRepository [o.s.d.r.c.RepositoryConfigurationExtensionSupport<Catalina-utility-3>] 
2026-08-12 13:47:43,809 | INFO  | Spring Data Reactive Elasticsearch - Could not safely identify store assignment for repository candidate interface io.meeds.oauth2.server.dao.OAuthConsentDao; If you want this repository to be a Reactive Elasticsearch repository, consider annotating your entities with one of these annotations: org.springframework.data.elasticsearch.annotations.Document (preferred), or consider extending one of the following types with your repository: org.springframework.data.elasticsearch.repository.ReactiveElasticsearchRepository [o.s.d.r.c.RepositoryConfigurationExtensionSupport<Catalina-utility-3>] 
2026-08-12 13:47:43,809 | INFO  | Spring Data Reactive Elasticsearch - Could not safely identify store assignment for repository candidate interface io.meeds.oauth2.server.dao.OAuthTokenDao; If you want this repository to be a Reactive Elasticsearch repository, consider annotating your entities with one of these annotations: org.springframework.data.elasticsearch.annotations.Document (preferred), or consider extending one of the following types with your repository: org.springframework.data.elasticsearch.repository.ReactiveElasticsearchRepository [o.s.d.r.c.RepositoryConfigurationExtensionSupport<Catalina-utility-3>] 
2026-08-12 13:47:43,810 | INFO  | Finished Spring Data repository scanning in 2 ms. Found 0 Reactive Elasticsearch repository interfaces. [o.s.d.r.c.RepositoryConfigurationDelegate<Catalina-utility-3>] 
2026-08-12 13:47:43,882 | INFO  | Multiple Spring Data modules found, entering strict repository configuration mode [o.s.d.r.c.RepositoryConfigurationDelegate<Catalina-utility-2>] 
2026-08-12 13:47:43,882 | INFO  | Bootstrapping Spring Data Elasticsearch repositories in DEFAULT mode. [o.s.d.r.c.RepositoryConfigurationDelegate<Catalina-utility-2>] 
2026-08-12 13:47:43,889 | INFO  | Finished Spring Data repository scanning in 4 ms. Found 0 Elasticsearch repository interfaces. [o.s.d.r.c.RepositoryConfigurationDelegate<Catalina-utility-2>] 
2026-08-12 13:47:43,890 | INFO  | Multiple Spring Data modules found, entering strict repository configuration mode [o.s.d.r.c.RepositoryConfigurationDelegate<Catalina-utility-2>] 
2026-08-12 13:47:43,890 | INFO  | Bootstrapping Spring Data Reactive Elasticsearch repositories in DEFAULT mode. [o.s.d.r.c.RepositoryConfigurationDelegate<Catalina-utility-2>] 
2026-08-12 13:47:43,893 | INFO  | Finished Spring Data repository scanning in 1 ms. Found 0 Reactive Elasticsearch repository interfaces. [o.s.d.r.c.RepositoryConfigurationDelegate<Catalina-utility-2>] 
2026-08-12 13:47:43,938 | INFO  | Initializing Spring embedded WebApplicationContext [o.a.c.c.C.[.[localhost].[/auth-server]<Catalina-utility-3>] 
2026-08-12 13:47:43,939 | INFO  | Root WebApplicationContext: initialization completed in 702 ms [o.s.b.w.s.c.ServletWebServerApplicationContext<Catalina-utility-3>] 
2026-08-12 13:47:43,991 | INFO  | Initializing Spring embedded WebApplicationContext [o.a.c.c.C.[.[.[/task-management]<Catalina-utility-2>] 
2026-08-12 13:47:43,991 | INFO  | Root WebApplicationContext: initialization completed in 456 ms [o.s.b.w.s.c.ServletWebServerApplicationContext<Catalina-utility-2>] 
2026-08-12 13:47:44,031 | INFO  | Add Spring context 'auth-server' to inject its Beans in Kernel as available components [i.m.s.k.KernelContainerLifecyclePlugin<Catalina-utility-3>] 
2026-08-12 13:47:44,031 | INFO  | Started OauthServerApplication in 0.881 seconds (process running for 387.609) [i.m.oauth2.server.OauthServerApplication<Catalina-utility-3>] 
2026-08-12 13:47:44,037 | INFO  | Deployment of web application archive [/opt/exo/webapps/auth-server.war] has finished in [1,008] ms [org.apache.catalina.startup.HostConfig<Catalina-utility-3>] 
2026-08-12 13:47:44,068 | INFO  | Add Spring context 'task-management' to inject its Beans in Kernel as available components [i.m.s.k.KernelContainerLifecyclePlugin<Catalina-utility-2>] 
2026-08-12 13:47:44,069 | INFO  | Started TaskApplication in 0.689 seconds (process running for 387.646) [io.meeds.task.TaskApplication<Catalina-utility-2>] 
2026-08-12 13:47:44,077 | INFO  | Deployment of web application archive [/opt/exo/webapps/task-management.war] has finished in [841] ms [org.apache.catalina.startup.HostConfig<Catalina-utility-2>] 
2026-08-12 13:47:44,078 | INFO  | Trying to create the portal container 'portal' [exo.kernel.container.RootContainer<main>] 
2026-08-12 13:47:44,083 | INFO  | Active profiles for Portal container 'portal': [notes, kudos, tomcat, documents, push-notifications, sites, poll, webdav, deeds-tenant, matrix, digital-workplace, content, external-visio-connector, analytics, gamification-evm, jcr, exo_community, all, processes, wallet, webconferencing, auth-server, ecms, ide, mcp-server, agenda, gamification-twitter, onlyoffice, layout, gamification, app-center, task, gamification-crowdin, perk-store, pwa] [exo.kernel.container.RootContainer<main>] 
2026-08-12 13:47:45,092 | WARN  | Couldn't process the URL for war:/conf/plf-public/homepage-deployment-configuration.xml configuration file ignored  [e.k.container.ConfigurationManagerImpl<main>] 
2026-08-12 13:47:46,101 | INFO  | Start Spring Bean definitions of contexts [notes,kudos,gamification-github,poll,webdav,matrix,deeds-tenant,content,gamification-portlets,analytics,gamification-evm,documents-portlet,wallet,social,auth-server,ide,mcp-server,agenda,gamification-twitter,layout,task-management,app-center,gamification-crowdin,pwa] integration with Kernel Container [i.m.s.k.KernelContainerLifecyclePlugin<main>] 
2026-08-12 13:47:47,459 | INFO  | 1. Add Kernel Services in all Spring contexts [i.m.s.k.KernelContainerLifecyclePlugin<main>] 
2026-08-12 13:47:47,501 | INFO  | 2. Add Spring Beans of all contexts into Kernel [i.m.s.k.KernelContainerLifecyclePlugin<main>] 
2026-08-12 13:47:47,532 | INFO  | 3. Add Spring Beans into each other context [i.m.s.k.KernelContainerLifecyclePlugin<main>] 
2026-08-12 13:47:47,557 | INFO  | End spring integration with Kernel Container within 1456ms [i.m.s.k.KernelContainerLifecyclePlugin<main>] 
2026-08-12 13:47:47,562 | INFO  | LiquibaseDataInitializer created with : datasourceName=java:/comp/env/exo-jpa_portal, contexts=production [o.e.c.p.impl.LiquibaseDataInitializer<main>] 
2026-08-12 13:47:47,608 | INFO  | Starting data initialization with Liquibase with datasource java:/comp/env/exo-jpa_portal [o.e.c.p.impl.LiquibaseDataInitializer<main>] 
2026-08-12 13:47:47,626 | INFO  | Processing changelogs of TaskManagementChangeLogsPlugin [o.e.c.p.impl.LiquibaseDataInitializer<main>] 
2026-08-12 13:47:47,627 | INFO  |   * processing changelog db/changelog/task.db.changelog-1.0.0.xml [o.e.c.p.impl.LiquibaseDataInitializer<main>] 
2026-08-12 13:47:47,867 | WARN  | Due to mysql SQL limitations, modifyDataType will lose primary key/autoincrement/not null/comment settings explicitly redefined in the change. Use <sql> or <modifySql> to re-specify all configuration if this is the case [liquibase.changelog.DatabaseChangeLog<main>] 
2026-08-12 13:47:47,889 | WARN  | Due to mysql SQL limitations, modifyDataType will lose primary key/autoincrement/not null/comment settings explicitly redefined in the change. Use <sql> or <modifySql> to re-specify all configuration if this is the case [liquibase.changelog.DatabaseChangeLog<main>] 
2026-08-12 13:47:48,481 | WARN  | NATIONAL/NCHAR/NVARCHAR implies the character set UTF8MB3, which will be replaced by UTF8MB4 in a future release. Please consider using CHAR(x) CHARACTER SET UTF8MB4 in order to be unambiguous. [liquibase.executor.jvm.JdbcExecutor<main>] 
2026-08-12 13:47:48,481 | WARN  | NATIONAL/NCHAR/NVARCHAR implies the character set UTF8MB3, which will be replaced by UTF8MB4 in a future release. Please consider using CHAR(x) CHARACTER SET UTF8MB4 in order to be unambiguous. [liquibase.executor.jvm.JdbcExecutor<main>] 
2026-08-12 13:47:48,481 | WARN  | NATIONAL/NCHAR/NVARCHAR implies the character set UTF8MB3, which will be replaced by UTF8MB4 in a future release. Please consider using CHAR(x) CHARACTER SET UTF8MB4 in order to be unambiguous. [liquibase.executor.jvm.JdbcExecutor<main>] 
2026-08-12 13:47:48,481 | WARN  | 'utf8' is currently an alias for the character set UTF8MB3, but will be an alias for UTF8MB4 in a future release. Please consider using UTF8MB4 in order to be unambiguous. [liquibase.executor.jvm.JdbcExecutor<main>] 
2026-08-12 13:47:48,481 | WARN  | 'utf8mb3_general_ci' is a collation of the deprecated character set UTF8MB3. Please consider using UTF8MB4 with an appropriate collation instead. [liquibase.executor.jvm.JdbcExecutor<main>] 
2026-08-12 13:47:49,121 | WARN  | NATIONAL/NCHAR/NVARCHAR implies the character set UTF8MB3, which will be replaced by UTF8MB4 in a future release. Please consider using CHAR(x) CHARACTER SET UTF8MB4 in order to be unambiguous. [liquibase.executor.jvm.JdbcExecutor<main>] 
2026-08-12 13:47:49,121 | WARN  | 'utf8' is currently an alias for the character set UTF8MB3, but will be an alias for UTF8MB4 in a future release. Please consider using UTF8MB4 in order to be unambiguous. [liquibase.executor.jvm.JdbcExecutor<main>] 
2026-08-12 13:47:49,121 | WARN  | 'utf8mb3_general_ci' is a collation of the deprecated character set UTF8MB3. Please consider using UTF8MB4 with an appropriate collation instead. [liquibase.executor.jvm.JdbcExecutor<main>] 
2026-08-12 13:47:49,909 | WARN  | NATIONAL/NCHAR/NVARCHAR implies the character set UTF8MB3, which will be replaced by UTF8MB4 in a future release. Please consider using CHAR(x) CHARACTER SET UTF8MB4 in order to be unambiguous. [liquibase.executor.jvm.JdbcExecutor<main>] 
2026-08-12 13:47:49,909 | WARN  | 'utf8' is currently an alias for the character set UTF8MB3, but will be an alias for UTF8MB4 in a future release. Please consider using UTF8MB4 in order to be unambiguous. [liquibase.executor.jvm.JdbcExecutor<main>] 
2026-08-12 13:47:49,909 | WARN  | 'utf8mb3_general_ci' is a collation of the deprecated character set UTF8MB3. Please consider using UTF8MB4 with an appropriate collation instead. [liquibase.executor.jvm.JdbcExecutor<main>] 
2026-08-12 13:47:50,611 | WARN  | NATIONAL/NCHAR/NVARCHAR implies the character set UTF8MB3, which will be replaced by UTF8MB4 in a future release. Please consider using CHAR(x) CHARACTER SET UTF8MB4 in order to be unambiguous. [liquibase.executor.jvm.JdbcExecutor<main>] 
2026-08-12 13:47:50,611 | WARN  | 'utf8' is currently an alias for the character set UTF8MB3, but will be an alias for UTF8MB4 in a future release. Please consider using UTF8MB4 in order to be unambiguous. [liquibase.executor.jvm.JdbcExecutor<main>] 
2026-08-12 13:47:50,611 | WARN  | 'utf8mb3_general_ci' is a collation of the deprecated character set UTF8MB3. Please consider using UTF8MB4 with an appropriate collation instead. [liquibase.executor.jvm.JdbcExecutor<main>] 
2026-08-12 13:47:51,436 | WARN  | NATIONAL/NCHAR/NVARCHAR implies the character set UTF8MB3, which will be replaced by UTF8MB4 in a future release. Please consider using CHAR(x) CHARACTER SET UTF8MB4 in order to be unambiguous. [liquibase.executor.jvm.JdbcExecutor<main>] 
2026-08-12 13:47:51,436 | WARN  | NATIONAL/NCHAR/NVARCHAR implies the character set UTF8MB3, which will be replaced by UTF8MB4 in a future release. Please consider using CHAR(x) CHARACTER SET UTF8MB4 in order to be unambiguous. [liquibase.executor.jvm.JdbcExecutor<main>] 
2026-08-12 13:47:51,436 | WARN  | NATIONAL/NCHAR/NVARCHAR implies the character set UTF8MB3, which will be replaced by UTF8MB4 in a future release. Please consider using CHAR(x) CHARACTER SET UTF8MB4 in order to be unambiguous. [liquibase.executor.jvm.JdbcExecutor<main>] 
2026-08-12 13:47:51,436 | WARN  | NATIONAL/NCHAR/NVARCHAR implies the character set UTF8MB3, which will be replaced by UTF8MB4 in a future release. Please consider using CHAR(x) CHARACTER SET UTF8MB4 in order to be unambiguous. [liquibase.executor.jvm.JdbcExecutor<main>] 
2026-08-12 13:47:51,436 | WARN  | NATIONAL/NCHAR/NVARCHAR implies the character set UTF8MB3, which will be replaced by UTF8MB4 in a future release. Please consider using CHAR(x) CHARACTER SET UTF8MB4 in order to be unambiguous. [liquibase.executor.jvm.JdbcExecutor<main>] 
2026-08-12 13:47:51,436 | WARN  | 'utf8' is currently an alias for the character set UTF8MB3, but will be an alias for UTF8MB4 in a future release. Please consider using UTF8MB4 in order to be unambiguous. [liquibase.executor.jvm.JdbcExecutor<main>] 
2026-08-12 13:47:51,436 | WARN  | 'utf8mb3_general_ci' is a collation of the deprecated character set UTF8MB3. Please consider using UTF8MB4 with an appropriate collation instead. [liquibase.executor.jvm.JdbcExecutor<main>] 
2026-08-12 13:47:51,713 | WARN  | NATIONAL/NCHAR/NVARCHAR implies the character set UTF8MB3, which will be replaced by UTF8MB4 in a future release. Please consider using CHAR(x) CHARACTER SET UTF8MB4 in order to be unambiguous. [liquibase.executor.jvm.JdbcExecutor<main>] 
2026-08-12 13:47:51,713 | WARN  | 'utf8' is currently an alias for the character set UTF8MB3, but will be an alias for UTF8MB4 in a future release. Please consider using UTF8MB4 in order to be unambiguous. [liquibase.executor.jvm.JdbcExecutor<main>] 
2026-08-12 13:47:51,713 | WARN  | 'utf8mb3_general_ci' is a collation of the deprecated character set UTF8MB3. Please consider using UTF8MB4 with an appropriate collation instead. [liquibase.executor.jvm.JdbcExecutor<main>] 
2026-08-12 13:47:52,044 | WARN  | NATIONAL/NCHAR/NVARCHAR implies the character set UTF8MB3, which will be replaced by UTF8MB4 in a future release. Please consider using CHAR(x) CHARACTER SET UTF8MB4 in order to be unambiguous. [liquibase.executor.jvm.JdbcExecutor<main>] 
2026-08-12 13:47:52,044 | WARN  | 'utf8' is currently an alias for the character set UTF8MB3, but will be an alias for UTF8MB4 in a future release. Please consider using UTF8MB4 in order to be unambiguous. [liquibase.executor.jvm.JdbcExecutor<main>] 
2026-08-12 13:47:52,044 | WARN  | 'utf8mb3_general_ci' is a collation of the deprecated character set UTF8MB3. Please consider using UTF8MB4 with an appropriate collation instead. [liquibase.executor.jvm.JdbcExecutor<main>] 
2026-08-12 13:47:52,425 | WARN  | NATIONAL/NCHAR/NVARCHAR implies the character set UTF8MB3, which will be replaced by UTF8MB4 in a future release. Please consider using CHAR(x) CHARACTER SET UTF8MB4 in order to be unambiguous. [liquibase.executor.jvm.JdbcExecutor<main>] 
2026-08-12 13:47:52,425 | WARN  | NATIONAL/NCHAR/NVARCHAR implies the character set UTF8MB3, which will be replaced by UTF8MB4 in a future release. Please consider using CHAR(x) CHARACTER SET UTF8MB4 in order to be unambiguous. [liquibase.executor.jvm.JdbcExecutor<main>] 
2026-08-12 13:47:52,425 | WARN  | 'utf8' is currently an alias for the character set UTF8MB3, but will be an alias for UTF8MB4 in a future release. Please consider using UTF8MB4 in order to be unambiguous. [liquibase.executor.jvm.JdbcExecutor<main>] 
2026-08-12 13:47:52,425 | WARN  | 'utf8mb3_general_ci' is a collation of the deprecated character set UTF8MB3. Please consider using UTF8MB4 with an appropriate collation instead. [liquibase.executor.jvm.JdbcExecutor<main>] 
2026-08-12 13:47:52,959 | WARN  | NATIONAL/NCHAR/NVARCHAR implies the character set UTF8MB3, which will be replaced by UTF8MB4 in a future release. Please consider using CHAR(x) CHARACTER SET UTF8MB4 in order to be unambiguous. [liquibase.executor.jvm.JdbcExecutor<main>] 
2026-08-12 13:47:52,959 | WARN  | 'utf8' is currently an alias for the character set UTF8MB3, but will be an alias for UTF8MB4 in a future release. Please consider using UTF8MB4 in order to be unambiguous. [liquibase.executor.jvm.JdbcExecutor<main>] 
2026-08-12 13:47:52,959 | WARN  | 'utf8mb3_general_ci' is a collation of the deprecated character set UTF8MB3. Please consider using UTF8MB4 with an appropriate collation instead. [liquibase.executor.jvm.JdbcExecutor<main>] 
2026-08-12 13:47:53,363 | WARN  | NATIONAL/NCHAR/NVARCHAR implies the character set UTF8MB3, which will be replaced by UTF8MB4 in a future release. Please consider using CHAR(x) CHARACTER SET UTF8MB4 in order to be unambiguous. [liquibase.executor.jvm.JdbcExecutor<main>] 
2026-08-12 13:47:53,363 | WARN  | 'utf8' is currently an alias for the character set UTF8MB3, but will be an alias for UTF8MB4 in a future release. Please consider using UTF8MB4 in order to be unambiguous. [liquibase.executor.jvm.JdbcExecutor<main>] 
2026-08-12 13:47:53,363 | WARN  | 'utf8mb3_general_ci' is a collation of the deprecated character set UTF8MB3. Please consider using UTF8MB4 with an appropriate collation instead. [liquibase.executor.jvm.JdbcExecutor<main>] 
2026-08-12 13:47:54,597 | WARN  | NATIONAL/NCHAR/NVARCHAR implies the character set UTF8MB3, which will be replaced by UTF8MB4 in a future release. Please consider using CHAR(x) CHARACTER SET UTF8MB4 in order to be unambiguous. [liquibase.executor.jvm.JdbcExecutor<main>] 
2026-08-12 13:47:54,597 | WARN  | NATIONAL/NCHAR/NVARCHAR implies the character set UTF8MB3, which will be replaced by UTF8MB4 in a future release. Please consider using CHAR(x) CHARACTER SET UTF8MB4 in order to be unambiguous. [liquibase.executor.jvm.JdbcExecutor<main>] 
2026-08-12 13:47:54,597 | WARN  | NATIONAL/NCHAR/NVARCHAR implies the character set UTF8MB3, which will be replaced by UTF8MB4 in a future release. Please consider using CHAR(x) CHARACTER SET UTF8MB4 in order to be unambiguous. [liquibase.executor.jvm.JdbcExecutor<main>] 
2026-08-12 13:47:54,597 | WARN  | 'utf8' is currently an alias for the character set UTF8MB3, but will be an alias for UTF8MB4 in a future release. Please consider using UTF8MB4 in order to be unambiguous. [liquibase.executor.jvm.JdbcExecutor<main>] 
2026-08-12 13:47:54,597 | WARN  | 'utf8mb3_general_ci' is a collation of the deprecated character set UTF8MB3. Please consider using UTF8MB4 with an appropriate collation instead. [liquibase.executor.jvm.JdbcExecutor<main>] 
2026-08-12 13:48:07,310 | WARN  | NATIONAL/NCHAR/NVARCHAR implies the character set UTF8MB3, which will be replaced by UTF8MB4 in a future release. Please consider using CHAR(x) CHARACTER SET UTF8MB4 in order to be unambiguous. [liquibase.executor.jvm.JdbcExecutor<main>] 
2026-08-12 13:48:07,798 | WARN  | NATIONAL/NCHAR/NVARCHAR implies the character set UTF8MB3, which will be replaced by UTF8MB4 in a future release. Please consider using CHAR(x) CHARACTER SET UTF8MB4 in order to be unambiguous. [liquibase.executor.jvm.JdbcExecutor<main>] 
2026-08-12 13:48:07,798 | WARN  | NATIONAL/NCHAR/NVARCHAR implies the character set UTF8MB3, which will be replaced by UTF8MB4 in a future release. Please consider using CHAR(x) CHARACTER SET UTF8MB4 in order to be unambiguous. [liquibase.executor.jvm.JdbcExecutor<main>] 
2026-08-12 13:48:07,798 | WARN  | NATIONAL/NCHAR/NVARCHAR implies the character set UTF8MB3, which will be replaced by UTF8MB4 in a future release. Please consider using CHAR(x) CHARACTER SET UTF8MB4 in order to be unambiguous. [liquibase.executor.jvm.JdbcExecutor<main>] 
2026-08-12 13:48:07,798 | WARN  | 'utf8' is currently an alias for the character set UTF8MB3, but will be an alias for UTF8MB4 in a future release. Please consider using UTF8MB4 in order to be unambiguous. [liquibase.executor.jvm.JdbcExecutor<main>] 
2026-08-12 13:48:07,798 | WARN  | 'utf8mb3_general_ci' is a collation of the deprecated character set UTF8MB3. Please consider using UTF8MB4 with an appropriate collation instead. [liquibase.executor.jvm.JdbcExecutor<main>] 
2026-08-12 13:48:08,197 | WARN  | 'utf8' is currently an alias for the character set UTF8MB3, but will be an alias for UTF8MB4 in a future release. Please consider using UTF8MB4 in order to be unambiguous. [liquibase.executor.jvm.JdbcExecutor<main>] 
2026-08-12 13:48:08,198 | WARN  | 'utf8mb3_general_ci' is a collation of the deprecated character set UTF8MB3. Please consider using UTF8MB4 with an appropriate collation instead. [liquibase.executor.jvm.JdbcExecutor<main>] 
2026-08-12 13:48:11,736 | WARN  | NATIONAL/NCHAR/NVARCHAR implies the character set UTF8MB3, which will be replaced by UTF8MB4 in a future release. Please consider using CHAR(x) CHARACTER SET UTF8MB4 in order to be unambiguous. [liquibase.executor.jvm.JdbcExecutor<main>] 
2026-08-12 13:48:12,798 | WARN  | NATIONAL/NCHAR/NVARCHAR implies the character set UTF8MB3, which will be replaced by UTF8MB4 in a future release. Please consider using CHAR(x) CHARACTER SET UTF8MB4 in order to be unambiguous. [liquibase.executor.jvm.JdbcExecutor<main>] 
2026-08-12 13:48:13,561 | WARN  | NATIONAL/NCHAR/NVARCHAR implies the character set UTF8MB3, which will be replaced by UTF8MB4 in a future release. Please consider using CHAR(x) CHARACTER SET UTF8MB4 in order to be unambiguous. [liquibase.executor.jvm.JdbcExecutor<main>] 
2026-08-12 13:48:13,958 | WARN  | NATIONAL/NCHAR/NVARCHAR implies the character set UTF8MB3, which will be replaced by UTF8MB4 in a future release. Please consider using CHAR(x) CHARACTER SET UTF8MB4 in order to be unambiguous. [liquibase.executor.jvm.JdbcExecutor<main>] 
2026-08-12 13:48:13,958 | WARN  | 'utf8' is currently an alias for the character set UTF8MB3, but will be an alias for UTF8MB4 in a future release. Please consider using UTF8MB4 in order to be unambiguous. [liquibase.executor.jvm.JdbcExecutor<main>] 
2026-08-12 13:48:13,958 | WARN  | 'utf8mb3_general_ci' is a collation of the deprecated character set UTF8MB3. Please consider using UTF8MB4 with an appropriate collation instead. [liquibase.executor.jvm.JdbcExecutor<main>] 
2026-08-12 13:48:18,124 | WARN  | NATIONAL/NCHAR/NVARCHAR implies the character set UTF8MB3, which will be replaced by UTF8MB4 in a future release. Please consider using CHAR(x) CHARACTER SET UTF8MB4 in order to be unambiguous. [liquibase.executor.jvm.JdbcExecutor<main>] 
2026-08-12 13:48:19,273 | INFO  |   * processing changelog db/changelog/task.db.changelog-1.1.0.xml [o.e.c.p.impl.LiquibaseDataInitializer<main>] 
2026-08-12 13:48:19,810 | INFO  |   * processing changelog db/changelog/task.db.changelog-1.3.0.xml [o.e.c.p.impl.LiquibaseDataInitializer<main>] 
2026-08-12 13:48:22,456 | INFO  |   * processing changelog db/changelog/task.db.changelog-2.1.0.xml [o.e.c.p.impl.LiquibaseDataInitializer<main>] 
2026-08-12 13:48:23,033 | WARN  | NATIONAL/NCHAR/NVARCHAR implies the character set UTF8MB3, which will be replaced by UTF8MB4 in a future release. Please consider using CHAR(x) CHARACTER SET UTF8MB4 in order to be unambiguous. [liquibase.executor.jvm.JdbcExecutor<main>] 
2026-08-12 13:48:23,034 | WARN  | 'utf8' is currently an alias for the character set UTF8MB3, but will be an alias for UTF8MB4 in a future release. Please consider using UTF8MB4 in order to be unambiguous. [liquibase.executor.jvm.JdbcExecutor<main>] 
2026-08-12 13:48:23,034 | WARN  | 'utf8mb3_general_ci' is a collation of the deprecated character set UTF8MB3. Please consider using UTF8MB4 with an appropriate collation instead. [liquibase.executor.jvm.JdbcExecutor<main>] 
2026-08-12 13:48:23,310 | INFO  |   * processing changelog db/changelog/task.db.changelog-3.0.0.xml [o.e.c.p.impl.LiquibaseDataInitializer<main>] 
2026-08-12 13:48:24,524 | INFO  |   * processing changelog db/changelog/task.db.changelog-3.1.0.xml [o.e.c.p.impl.LiquibaseDataInitializer<main>] 
2026-08-12 13:48:25,613 | INFO  |   * processing changelog db/changelog/task.db.changelog-3.2.0.xml [o.e.c.p.impl.LiquibaseDataInitializer<main>] 
2026-08-12 13:48:28,185 | INFO  |   * processing changelog db/changelog/task.db.changelog-7.2.0.xml [o.e.c.p.impl.LiquibaseDataInitializer<main>] 
2026-08-12 13:48:30,073 | INFO  | Processing changelogs of PushNotificationsManagementChangeLogsPlugin [o.e.c.p.impl.LiquibaseDataInitializer<main>] 
2026-08-12 13:48:30,073 | INFO  |   * processing changelog db/changelog/push-notifications.db.changelog-1.0.0.xml [o.e.c.p.impl.LiquibaseDataInitializer<main>] 
2026-08-12 13:48:30,561 | WARN  | NATIONAL/NCHAR/NVARCHAR implies the character set UTF8MB3, which will be replaced by UTF8MB4 in a future release. Please consider using CHAR(x) CHARACTER SET UTF8MB4 in order to be unambiguous. [liquibase.executor.jvm.JdbcExecutor<main>] 
2026-08-12 13:48:30,561 | WARN  | NATIONAL/NCHAR/NVARCHAR implies the character set UTF8MB3, which will be replaced by UTF8MB4 in a future release. Please consider using CHAR(x) CHARACTER SET UTF8MB4 in order to be unambiguous. [liquibase.executor.jvm.JdbcExecutor<main>] 
2026-08-12 13:48:30,561 | WARN  | NATIONAL/NCHAR/NVARCHAR implies the character set UTF8MB3, which will be replaced by UTF8MB4 in a future release. Please consider using CHAR(x) CHARACTER SET UTF8MB4 in order to be unambiguous. [liquibase.executor.jvm.JdbcExecutor<main>] 
2026-08-12 13:48:30,561 | WARN  | 'utf8' is currently an alias for the character set UTF8MB3, but will be an alias for UTF8MB4 in a future release. Please consider using UTF8MB4 in order to be unambiguous. [liquibase.executor.jvm.JdbcExecutor<main>] 
2026-08-12 13:48:30,561 | WARN  | 'utf8mb3_general_ci' is a collation of the deprecated character set UTF8MB3. Please consider using UTF8MB4 with an appropriate collation instead. [liquibase.executor.jvm.JdbcExecutor<main>] 
2026-08-12 13:48:30,790 | INFO  | Processing changelogs of ProcessesRDBMSChangeLogsPlugin [o.e.c.p.impl.LiquibaseDataInitializer<main>] 
2026-08-12 13:48:30,790 | INFO  |   * processing changelog db/changelog/processes-rdbms.db.changelog-master.xml [o.e.c.p.impl.LiquibaseDataInitializer<main>] 
2026-08-12 13:48:30,894 | WARN  | Due to mysql SQL limitations, modifyDataType will lose primary key/autoincrement/not null/comment settings explicitly redefined in the change. Use <sql> or <modifySql> to re-specify all configuration if this is the case [liquibase.changelog.DatabaseChangeLog<main>] 
2026-08-12 13:48:30,912 | WARN  | Due to mysql SQL limitations, modifyDataType will lose primary key/autoincrement/not null/comment settings explicitly redefined in the change. Use <sql> or <modifySql> to re-specify all configuration if this is the case [liquibase.changelog.DatabaseChangeLog<main>] 
2026-08-12 13:48:31,408 | WARN  | NATIONAL/NCHAR/NVARCHAR implies the character set UTF8MB3, which will be replaced by UTF8MB4 in a future release. Please consider using CHAR(x) CHARACTER SET UTF8MB4 in order to be unambiguous. [liquibase.executor.jvm.JdbcExecutor<main>] 
2026-08-12 13:48:31,408 | WARN  | NATIONAL/NCHAR/NVARCHAR implies the character set UTF8MB3, which will be replaced by UTF8MB4 in a future release. Please consider using CHAR(x) CHARACTER SET UTF8MB4 in order to be unambiguous. [liquibase.executor.jvm.JdbcExecutor<main>] 
2026-08-12 13:48:31,408 | WARN  | NATIONAL/NCHAR/NVARCHAR implies the character set UTF8MB3, which will be replaced by UTF8MB4 in a future release. Please consider using CHAR(x) CHARACTER SET UTF8MB4 in order to be unambiguous. [liquibase.executor.jvm.JdbcExecutor<main>] 
2026-08-12 13:48:31,408 | WARN  | NATIONAL/NCHAR/NVARCHAR implies the character set UTF8MB3, which will be replaced by UTF8MB4 in a future release. Please consider using CHAR(x) CHARACTER SET UTF8MB4 in order to be unambiguous. [liquibase.executor.jvm.JdbcExecutor<main>] 
2026-08-12 13:48:31,408 | WARN  | NATIONAL/NCHAR/NVARCHAR implies the character set UTF8MB3, which will be replaced by UTF8MB4 in a future release. Please consider using CHAR(x) CHARACTER SET UTF8MB4 in order to be unambiguous. [liquibase.executor.jvm.JdbcExecutor<main>] 
2026-08-12 13:48:31,408 | WARN  | 'utf8' is currently an alias for the character set UTF8MB3, but will be an alias for UTF8MB4 in a future release. Please consider using UTF8MB4 in order to be unambiguous. [liquibase.executor.jvm.JdbcExecutor<main>] 
2026-08-12 13:48:31,408 | WARN  | 'utf8mb3_general_ci' is a collation of the deprecated character set UTF8MB3. Please consider using UTF8MB4 with an appropriate collation instead. [liquibase.executor.jvm.JdbcExecutor<main>] 
2026-08-12 13:48:31,745 | WARN  | NATIONAL/NCHAR/NVARCHAR implies the character set UTF8MB3, which will be replaced by UTF8MB4 in a future release. Please consider using CHAR(x) CHARACTER SET UTF8MB4 in order to be unambiguous. [liquibase.executor.jvm.JdbcExecutor<main>] 
2026-08-12 13:48:31,745 | WARN  | NATIONAL/NCHAR/NVARCHAR implies the character set UTF8MB3, which will be replaced by UTF8MB4 in a future release. Please consider using CHAR(x) CHARACTER SET UTF8MB4 in order to be unambiguous. [liquibase.executor.jvm.JdbcExecutor<main>] 
2026-08-12 13:48:31,745 | WARN  | 'utf8' is currently an alias for the character set UTF8MB3, but will be an alias for UTF8MB4 in a future release. Please consider using UTF8MB4 in order to be unambiguous. [liquibase.executor.jvm.JdbcExecutor<main>] 
2026-08-12 13:48:31,745 | WARN  | 'utf8mb3_general_ci' is a collation of the deprecated character set UTF8MB3. Please consider using UTF8MB4 with an appropriate collation instead. [liquibase.executor.jvm.JdbcExecutor<main>] 
2026-08-12 13:48:33,689 | WARN  | NATIONAL/NCHAR/NVARCHAR implies the character set UTF8MB3, which will be replaced by UTF8MB4 in a future release. Please consider using CHAR(x) CHARACTER SET UTF8MB4 in order to be unambiguous. [liquibase.executor.jvm.JdbcExecutor<main>] 
2026-08-12 13:48:33,689 | WARN  | 'utf8' is currently an alias for the character set UTF8MB3, but will be an alias for UTF8MB4 in a future release. Please consider using UTF8MB4 in order to be unambiguous. [liquibase.executor.jvm.JdbcExecutor<main>] 
2026-08-12 13:48:33,689 | WARN  | 'utf8mb3_general_ci' is a collation of the deprecated character set UTF8MB3. Please consider using UTF8MB4 with an appropriate collation instead. [liquibase.executor.jvm.JdbcExecutor<main>] 
2026-08-12 13:48:34,017 | WARN  | NATIONAL/NCHAR/NVARCHAR implies the character set UTF8MB3, which will be replaced by UTF8MB4 in a future release. Please consider using CHAR(x) CHARACTER SET UTF8MB4 in order to be unambiguous. [liquibase.executor.jvm.JdbcExecutor<main>] 
2026-08-12 13:48:34,017 | WARN  | 'utf8' is currently an alias for the character set UTF8MB3, but will be an alias for UTF8MB4 in a future release. Please consider using UTF8MB4 in order to be unambiguous. [liquibase.executor.jvm.JdbcExecutor<main>] 
2026-08-12 13:48:34,017 | WARN  | 'utf8mb3_general_ci' is a collation of the deprecated character set UTF8MB3. Please consider using UTF8MB4 with an appropriate collation instead. [liquibase.executor.jvm.JdbcExecutor<main>] 
2026-08-12 13:48:34,866 | WARN  | NATIONAL/NCHAR/NVARCHAR implies the character set UTF8MB3, which will be replaced by UTF8MB4 in a future release. Please consider using CHAR(x) CHARACTER SET UTF8MB4 in order to be unambiguous. [liquibase.executor.jvm.JdbcExecutor<main>] 
2026-08-12 13:48:36,172 | WARN  | NATIONAL/NCHAR/NVARCHAR implies the character set UTF8MB3, which will be replaced by UTF8MB4 in a future release. Please consider using CHAR(x) CHARACTER SET UTF8MB4 in order to be unambiguous. [liquibase.executor.jvm.JdbcExecutor<main>] 
2026-08-12 13:48:36,286 | INFO  | Processing changelogs of DocumentsAppRDBMSChangeLogsPlugin [o.e.c.p.impl.LiquibaseDataInitializer<main>] 
2026-08-12 13:48:36,286 | INFO  |   * processing changelog db/changelog/documents-rdbms.db.changelog-master.xml [o.e.c.p.impl.LiquibaseDataInitializer<main>] 
2026-08-12 13:48:36,891 | WARN  | NATIONAL/NCHAR/NVARCHAR implies the character set UTF8MB3, which will be replaced by UTF8MB4 in a future release. Please consider using CHAR(x) CHARACTER SET UTF8MB4 in order to be unambiguous. [liquibase.executor.jvm.JdbcExecutor<main>] 
2026-08-12 13:48:36,891 | WARN  | NATIONAL/NCHAR/NVARCHAR implies the character set UTF8MB3, which will be replaced by UTF8MB4 in a future release. Please consider using CHAR(x) CHARACTER SET UTF8MB4 in order to be unambiguous. [liquibase.executor.jvm.JdbcExecutor<main>] 
2026-08-12 13:48:36,891 | WARN  | NATIONAL/NCHAR/NVARCHAR implies the character set UTF8MB3, which will be replaced by UTF8MB4 in a future release. Please consider using CHAR(x) CHARACTER SET UTF8MB4 in order to be unambiguous. [liquibase.executor.jvm.JdbcExecutor<main>] 
2026-08-12 13:48:36,891 | WARN  | 'utf8' is currently an alias for the character set UTF8MB3, but will be an alias for UTF8MB4 in a future release. Please consider using UTF8MB4 in order to be unambiguous. [liquibase.executor.jvm.JdbcExecutor<main>] 
2026-08-12 13:48:36,891 | WARN  | 'utf8mb3_general_ci' is a collation of the deprecated character set UTF8MB3. Please consider using UTF8MB4 with an appropriate collation instead. [liquibase.executor.jvm.JdbcExecutor<main>] 
2026-08-12 13:48:37,500 | INFO  | Processing changelogs of AttachmentsContextRDBMSChangeLogsPlugin [o.e.c.p.impl.LiquibaseDataInitializer<main>] 
2026-08-12 13:48:37,501 | INFO  |   * processing changelog changelog/attachments-context-rdbms.db.changelog.xml [o.e.c.p.impl.LiquibaseDataInitializer<main>] 
2026-08-12 13:48:37,584 | WARN  | Due to mysql SQL limitations, setNullable will lose primary key/autoincrement/not null/comment settings explicitly redefined in the change. Use <sql> or <modifySql> to re-specify all configuration if this is the case [liquibase.changelog.DatabaseChangeLog<main>] 
2026-08-12 13:48:37,601 | WARN  | Due to mysql SQL limitations, setNullable will lose primary key/autoincrement/not null/comment settings explicitly redefined in the change. Use <sql> or <modifySql> to re-specify all configuration if this is the case [liquibase.changelog.DatabaseChangeLog<main>] 
2026-08-12 13:48:38,242 | WARN  | NATIONAL/NCHAR/NVARCHAR implies the character set UTF8MB3, which will be replaced by UTF8MB4 in a future release. Please consider using CHAR(x) CHARACTER SET UTF8MB4 in order to be unambiguous. [liquibase.executor.jvm.JdbcExecutor<main>] 
2026-08-12 13:48:38,242 | WARN  | NATIONAL/NCHAR/NVARCHAR implies the character set UTF8MB3, which will be replaced by UTF8MB4 in a future release. Please consider using CHAR(x) CHARACTER SET UTF8MB4 in order to be unambiguous. [liquibase.executor.jvm.JdbcExecutor<main>] 
2026-08-12 13:48:38,242 | WARN  | 'utf8' is currently an alias for the character set UTF8MB3, but will be an alias for UTF8MB4 in a future release. Please consider using UTF8MB4 in order to be unambiguous. [liquibase.executor.jvm.JdbcExecutor<main>] 
2026-08-12 13:48:38,242 | WARN  | 'utf8mb3_general_ci' is a collation of the deprecated character set UTF8MB3. Please consider using UTF8MB4 with an appropriate collation instead. [liquibase.executor.jvm.JdbcExecutor<main>] 
2026-08-12 13:48:38,887 | WARN  | NATIONAL/NCHAR/NVARCHAR implies the character set UTF8MB3, which will be replaced by UTF8MB4 in a future release. Please consider using CHAR(x) CHARACTER SET UTF8MB4 in order to be unambiguous. [liquibase.executor.jvm.JdbcExecutor<main>] 
2026-08-12 13:48:39,500 | INFO  | Processing changelogs of Only Office ChangeLogsPlugin [o.e.c.p.impl.LiquibaseDataInitializer<main>] 
2026-08-12 13:48:39,500 | INFO  |   * processing changelog db.changelogs/onlyoffice-changelog-1.0.0.xml [o.e.c.p.impl.LiquibaseDataInitializer<main>] 
2026-08-12 13:48:39,591 | WARN  | Due to mysql SQL limitations, modifyDataType will lose primary key/autoincrement/not null/comment settings explicitly redefined in the change. Use <sql> or <modifySql> to re-specify all configuration if this is the case [liquibase.changelog.DatabaseChangeLog<main>] 
2026-08-12 13:48:39,608 | WARN  | Due to mysql SQL limitations, modifyDataType will lose primary key/autoincrement/not null/comment settings explicitly redefined in the change. Use <sql> or <modifySql> to re-specify all configuration if this is the case [liquibase.changelog.DatabaseChangeLog<main>] 
2026-08-12 13:48:41,036 | WARN  | NATIONAL/NCHAR/NVARCHAR implies the character set UTF8MB3, which will be replaced by UTF8MB4 in a future release. Please consider using CHAR(x) CHARACTER SET UTF8MB4 in order to be unambiguous. [liquibase.executor.jvm.JdbcExecutor<main>] 
2026-08-12 13:48:41,798 | WARN  | NATIONAL/NCHAR/NVARCHAR implies the character set UTF8MB3, which will be replaced by UTF8MB4 in a future release. Please consider using CHAR(x) CHARACTER SET UTF8MB4 in order to be unambiguous. [liquibase.executor.jvm.JdbcExecutor<main>] 
2026-08-12 13:48:42,915 | INFO  | Processing changelogs of ExternalVisioConnectorRDBMSChangeLogsPlugin [o.e.c.p.impl.LiquibaseDataInitializer<main>] 
2026-08-12 13:48:42,915 | INFO  |   * processing changelog db/changelog/externalVisioConnector-rdbms.db.changelog.xml [o.e.c.p.impl.LiquibaseDataInitializer<main>] 
2026-08-12 13:48:43,389 | WARN  | NATIONAL/NCHAR/NVARCHAR implies the character set UTF8MB3, which will be replaced by UTF8MB4 in a future release. Please consider using CHAR(x) CHARACTER SET UTF8MB4 in order to be unambiguous. [liquibase.executor.jvm.JdbcExecutor<main>] 
2026-08-12 13:48:43,390 | WARN  | 'utf8' is currently an alias for the character set UTF8MB3, but will be an alias for UTF8MB4 in a future release. Please consider using UTF8MB4 in order to be unambiguous. [liquibase.executor.jvm.JdbcExecutor<main>] 
2026-08-12 13:48:43,390 | WARN  | 'utf8mb3_general_ci' is a collation of the deprecated character set UTF8MB3. Please consider using UTF8MB4 with an appropriate collation instead. [liquibase.executor.jvm.JdbcExecutor<main>] 
2026-08-12 13:48:45,204 | INFO  | Processing changelogs of PerkStoreRDBMSChangeLogsPlugin [o.e.c.p.impl.LiquibaseDataInitializer<main>] 
2026-08-12 13:48:45,204 | INFO  |   * processing changelog db/changelog/perkstore-rdbms.db.changelog-master.xml [o.e.c.p.impl.LiquibaseDataInitializer<main>] 
2026-08-12 13:48:45,783 | WARN  | NATIONAL/NCHAR/NVARCHAR implies the character set UTF8MB3, which will be replaced by UTF8MB4 in a future release. Please consider using CHAR(x) CHARACTER SET UTF8MB4 in order to be unambiguous. [liquibase.executor.jvm.JdbcExecutor<main>] 
2026-08-12 13:48:45,784 | WARN  | NATIONAL/NCHAR/NVARCHAR implies the character set UTF8MB3, which will be replaced by UTF8MB4 in a future release. Please consider using CHAR(x) CHARACTER SET UTF8MB4 in order to be unambiguous. [liquibase.executor.jvm.JdbcExecutor<main>] 
2026-08-12 13:48:45,784 | WARN  | NATIONAL/NCHAR/NVARCHAR implies the character set UTF8MB3, which will be replaced by UTF8MB4 in a future release. Please consider using CHAR(x) CHARACTER SET UTF8MB4 in order to be unambiguous. [liquibase.executor.jvm.JdbcExecutor<main>] 
2026-08-12 13:48:45,784 | WARN  | 'utf8' is currently an alias for the character set UTF8MB3, but will be an alias for UTF8MB4 in a future release. Please consider using UTF8MB4 in order to be unambiguous. [liquibase.executor.jvm.JdbcExecutor<main>] 
2026-08-12 13:48:45,784 | WARN  | 'utf8mb3_general_ci' is a collation of the deprecated character set UTF8MB3. Please consider using UTF8MB4 with an appropriate collation instead. [liquibase.executor.jvm.JdbcExecutor<main>] 
2026-08-12 13:48:46,080 | WARN  | NATIONAL/NCHAR/NVARCHAR implies the character set UTF8MB3, which will be replaced by UTF8MB4 in a future release. Please consider using CHAR(x) CHARACTER SET UTF8MB4 in order to be unambiguous. [liquibase.executor.jvm.JdbcExecutor<main>] 
2026-08-12 13:48:46,080 | WARN  | NATIONAL/NCHAR/NVARCHAR implies the character set UTF8MB3, which will be replaced by UTF8MB4 in a future release. Please consider using CHAR(x) CHARACTER SET UTF8MB4 in order to be unambiguous. [liquibase.executor.jvm.JdbcExecutor<main>] 
2026-08-12 13:48:46,080 | WARN  | 'utf8' is currently an alias for the character set UTF8MB3, but will be an alias for UTF8MB4 in a future release. Please consider using UTF8MB4 in order to be unambiguous. [liquibase.executor.jvm.JdbcExecutor<main>] 
2026-08-12 13:48:46,080 | WARN  | 'utf8mb3_general_ci' is a collation of the deprecated character set UTF8MB3. Please consider using UTF8MB4 with an appropriate collation instead. [liquibase.executor.jvm.JdbcExecutor<main>] 
2026-08-12 13:48:46,483 | WARN  | 'utf8' is currently an alias for the character set UTF8MB3, but will be an alias for UTF8MB4 in a future release. Please consider using UTF8MB4 in order to be unambiguous. [liquibase.executor.jvm.JdbcExecutor<main>] 
2026-08-12 13:48:46,483 | WARN  | 'utf8mb3_general_ci' is a collation of the deprecated character set UTF8MB3. Please consider using UTF8MB4 with an appropriate collation instead. [liquibase.executor.jvm.JdbcExecutor<main>] 
2026-08-12 13:48:46,912 | WARN  | 'utf8' is currently an alias for the character set UTF8MB3, but will be an alias for UTF8MB4 in a future release. Please consider using UTF8MB4 in order to be unambiguous. [liquibase.executor.jvm.JdbcExecutor<main>] 
2026-08-12 13:48:46,912 | WARN  | 'utf8mb3_general_ci' is a collation of the deprecated character set UTF8MB3. Please consider using UTF8MB4 with an appropriate collation instead. [liquibase.executor.jvm.JdbcExecutor<main>] 
2026-08-12 13:48:50,512 | WARN  | 'utf8' is currently an alias for the character set UTF8MB3, but will be an alias for UTF8MB4 in a future release. Please consider using UTF8MB4 in order to be unambiguous. [liquibase.executor.jvm.JdbcExecutor<main>] 
2026-08-12 13:48:50,512 | WARN  | 'utf8mb3_general_ci' is a collation of the deprecated character set UTF8MB3. Please consider using UTF8MB4 with an appropriate collation instead. [liquibase.executor.jvm.JdbcExecutor<main>] 
2026-08-12 13:48:56,035 | INFO  | Processing changelogs of CommonsChangeLogsPlugin [o.e.c.p.impl.LiquibaseDataInitializer<main>] 
2026-08-12 13:48:56,036 | INFO  |   * processing changelog db/changelog/idm.queue.db.changelog-1.0.0.xml [o.e.c.p.impl.LiquibaseDataInitializer<main>] 
2026-08-12 13:48:56,259 | INFO  | Processing changelogs of FilesChangeLogsPlugin [o.e.c.p.impl.LiquibaseDataInitializer<main>] 
2026-08-12 13:48:56,259 | INFO  |   * processing changelog db/changelog/file.db.changelog-1.0.0.xml [o.e.c.p.impl.LiquibaseDataInitializer<main>] 
2026-08-12 13:48:56,366 | WARN  | Due to mysql SQL limitations, modifyDataType will lose primary key/autoincrement/not null/comment settings explicitly redefined in the change. Use <sql> or <modifySql> to re-specify all configuration if this is the case [liquibase.changelog.DatabaseChangeLog<main>] 
2026-08-12 13:48:56,386 | WARN  | Due to mysql SQL limitations, modifyDataType will lose primary key/autoincrement/not null/comment settings explicitly redefined in the change. Use <sql> or <modifySql> to re-specify all configuration if this is the case [liquibase.changelog.DatabaseChangeLog<main>] 
2026-08-12 13:48:56,842 | WARN  | NATIONAL/NCHAR/NVARCHAR implies the character set UTF8MB3, which will be replaced by UTF8MB4 in a future release. Please consider using CHAR(x) CHARACTER SET UTF8MB4 in order to be unambiguous. [liquibase.executor.jvm.JdbcExecutor<main>] 
2026-08-12 13:48:56,842 | WARN  | NATIONAL/NCHAR/NVARCHAR implies the character set UTF8MB3, which will be replaced by UTF8MB4 in a future release. Please consider using CHAR(x) CHARACTER SET UTF8MB4 in order to be unambiguous. [liquibase.executor.jvm.JdbcExecutor<main>] 
2026-08-12 13:48:56,842 | WARN  | 'utf8' is currently an alias for the character set UTF8MB3, but will be an alias for UTF8MB4 in a future release. Please consider using UTF8MB4 in order to be unambiguous. [liquibase.executor.jvm.JdbcExecutor<main>] 
2026-08-12 13:48:56,842 | WARN  | 'utf8mb3_general_ci' is a collation of the deprecated character set UTF8MB3. Please consider using UTF8MB4 with an appropriate collation instead. [liquibase.executor.jvm.JdbcExecutor<main>] 
2026-08-12 13:48:57,663 | WARN  | NATIONAL/NCHAR/NVARCHAR implies the character set UTF8MB3, which will be replaced by UTF8MB4 in a future release. Please consider using CHAR(x) CHARACTER SET UTF8MB4 in order to be unambiguous. [liquibase.executor.jvm.JdbcExecutor<main>] 
2026-08-12 13:48:57,664 | WARN  | NATIONAL/NCHAR/NVARCHAR implies the character set UTF8MB3, which will be replaced by UTF8MB4 in a future release. Please consider using CHAR(x) CHARACTER SET UTF8MB4 in order to be unambiguous. [liquibase.executor.jvm.JdbcExecutor<main>] 
2026-08-12 13:48:57,664 | WARN  | NATIONAL/NCHAR/NVARCHAR implies the character set UTF8MB3, which will be replaced by UTF8MB4 in a future release. Please consider using CHAR(x) CHARACTER SET UTF8MB4 in order to be unambiguous. [liquibase.executor.jvm.JdbcExecutor<main>] 
2026-08-12 13:48:57,664 | WARN  | NATIONAL/NCHAR/NVARCHAR implies the character set UTF8MB3, which will be replaced by UTF8MB4 in a future release. Please consider using CHAR(x) CHARACTER SET UTF8MB4 in order to be unambiguous. [liquibase.executor.jvm.JdbcExecutor<main>] 
2026-08-12 13:48:57,664 | WARN  | 'utf8' is currently an alias for the character set UTF8MB3, but will be an alias for UTF8MB4 in a future release. Please consider using UTF8MB4 in order to be unambiguous. [liquibase.executor.jvm.JdbcExecutor<main>] 
2026-08-12 13:48:57,664 | WARN  | 'utf8mb3_general_ci' is a collation of the deprecated character set UTF8MB3. Please consider using UTF8MB4 with an appropriate collation instead. [liquibase.executor.jvm.JdbcExecutor<main>] 
2026-08-12 13:48:59,075 | WARN  | NATIONAL/NCHAR/NVARCHAR implies the character set UTF8MB3, which will be replaced by UTF8MB4 in a future release. Please consider using CHAR(x) CHARACTER SET UTF8MB4 in order to be unambiguous. [liquibase.executor.jvm.JdbcExecutor<main>] 
2026-08-12 13:48:59,076 | WARN  | 'utf8' is currently an alias for the character set UTF8MB3, but will be an alias for UTF8MB4 in a future release. Please consider using UTF8MB4 in order to be unambiguous. [liquibase.executor.jvm.JdbcExecutor<main>] 
2026-08-12 13:48:59,076 | WARN  | 'utf8mb3_general_ci' is a collation of the deprecated character set UTF8MB3. Please consider using UTF8MB4 with an appropriate collation instead. [liquibase.executor.jvm.JdbcExecutor<main>] 
2026-08-12 13:49:00,810 | WARN  | NATIONAL/NCHAR/NVARCHAR implies the character set UTF8MB3, which will be replaced by UTF8MB4 in a future release. Please consider using CHAR(x) CHARACTER SET UTF8MB4 in order to be unambiguous. [liquibase.executor.jvm.JdbcExecutor<main>] 
2026-08-12 13:49:01,052 | INFO  | Processing changelogs of GamificationChangeLogsPlugin [o.e.c.p.impl.LiquibaseDataInitializer<main>] 
2026-08-12 13:49:01,052 | INFO  |   * processing changelog db/changelog/gamification.db.changelog-1.0.0.xml [o.e.c.p.impl.LiquibaseDataInitializer<main>] 
2026-08-12 13:49:01,204 | WARN  | Due to mysql SQL limitations, modifyDataType will lose primary key/autoincrement/not null/comment settings explicitly redefined in the change. Use <sql> or <modifySql> to re-specify all configuration if this is the case [liquibase.changelog.DatabaseChangeLog<main>] 
2026-08-12 13:49:01,205 | WARN  | Due to mysql SQL limitations, setNullable will lose primary key/autoincrement/not null/comment settings explicitly redefined in the change. Use <sql> or <modifySql> to re-specify all configuration if this is the case [liquibase.changelog.DatabaseChangeLog<main>] 
2026-08-12 13:49:01,205 | WARN  | liquibase.statement.core.CreateSequenceStatement is not supported on mysql, but createSequence will still execute [liquibase.changelog.DatabaseChangeLog<main>] 
2026-08-12 13:49:01,236 | WARN  | Due to mysql SQL limitations, modifyDataType will lose primary key/autoincrement/not null/comment settings explicitly redefined in the change. Use <sql> or <modifySql> to re-specify all configuration if this is the case [liquibase.changelog.DatabaseChangeLog<main>] 
2026-08-12 13:49:01,236 | WARN  | Due to mysql SQL limitations, setNullable will lose primary key/autoincrement/not null/comment settings explicitly redefined in the change. Use <sql> or <modifySql> to re-specify all configuration if this is the case [liquibase.changelog.DatabaseChangeLog<main>] 
2026-08-12 13:49:01,236 | WARN  | liquibase.statement.core.CreateSequenceStatement is not supported on mysql, but createSequence will still execute [liquibase.changelog.DatabaseChangeLog<main>] 
2026-08-12 13:49:01,892 | WARN  | NATIONAL/NCHAR/NVARCHAR implies the character set UTF8MB3, which will be replaced by UTF8MB4 in a future release. Please consider using CHAR(x) CHARACTER SET UTF8MB4 in order to be unambiguous. [liquibase.executor.jvm.JdbcExecutor<main>] 
2026-08-12 13:49:01,893 | WARN  | NATIONAL/NCHAR/NVARCHAR implies the character set UTF8MB3, which will be replaced by UTF8MB4 in a future release. Please consider using CHAR(x) CHARACTER SET UTF8MB4 in order to be unambiguous. [liquibase.executor.jvm.JdbcExecutor<main>] 
2026-08-12 13:49:01,893 | WARN  | 'utf8' is currently an alias for the character set UTF8MB3, but will be an alias for UTF8MB4 in a future release. Please consider using UTF8MB4 in order to be unambiguous. [liquibase.executor.jvm.JdbcExecutor<main>] 
2026-08-12 13:49:01,893 | WARN  | 'utf8mb3_general_ci' is a collation of the deprecated character set UTF8MB3. Please consider using UTF8MB4 with an appropriate collation instead. [liquibase.executor.jvm.JdbcExecutor<main>] 
2026-08-12 13:49:03,519 | WARN  | NATIONAL/NCHAR/NVARCHAR implies the character set UTF8MB3, which will be replaced by UTF8MB4 in a future release. Please consider using CHAR(x) CHARACTER SET UTF8MB4 in order to be unambiguous. [liquibase.executor.jvm.JdbcExecutor<main>] 
2026-08-12 13:49:03,519 | WARN  | NATIONAL/NCHAR/NVARCHAR implies the character set UTF8MB3, which will be replaced by UTF8MB4 in a future release. Please consider using CHAR(x) CHARACTER SET UTF8MB4 in order to be unambiguous. [liquibase.executor.jvm.JdbcExecutor<main>] 
2026-08-12 13:49:03,519 | WARN  | NATIONAL/NCHAR/NVARCHAR implies the character set UTF8MB3, which will be replaced by UTF8MB4 in a future release. Please consider using CHAR(x) CHARACTER SET UTF8MB4 in order to be unambiguous. [liquibase.executor.jvm.JdbcExecutor<main>] 
2026-08-12 13:49:03,519 | WARN  | 'utf8' is currently an alias for the character set UTF8MB3, but will be an alias for UTF8MB4 in a future release. Please consider using UTF8MB4 in order to be unambiguous. [liquibase.executor.jvm.JdbcExecutor<main>] 
2026-08-12 13:49:03,519 | WARN  | 'utf8mb3_general_ci' is a collation of the deprecated character set UTF8MB3. Please consider using UTF8MB4 with an appropriate collation instead. [liquibase.executor.jvm.JdbcExecutor<main>] 
2026-08-12 13:49:04,756 | WARN  | 'utf8' is currently an alias for the character set UTF8MB3, but will be an alias for UTF8MB4 in a future release. Please consider using UTF8MB4 in order to be unambiguous. [liquibase.executor.jvm.JdbcExecutor<main>] 
2026-08-12 13:49:04,756 | WARN  | 'utf8mb3_general_ci' is a collation of the deprecated character set UTF8MB3. Please consider using UTF8MB4 with an appropriate collation instead. [liquibase.executor.jvm.JdbcExecutor<main>] 
2026-08-12 13:49:05,265 | WARN  | 'utf8' is currently an alias for the character set UTF8MB3, but will be an alias for UTF8MB4 in a future release. Please consider using UTF8MB4 in order to be unambiguous. [liquibase.executor.jvm.JdbcExecutor<main>] 
2026-08-12 13:49:05,265 | WARN  | 'utf8mb3_general_ci' is a collation of the deprecated character set UTF8MB3. Please consider using UTF8MB4 with an appropriate collation instead. [liquibase.executor.jvm.JdbcExecutor<main>] 
2026-08-12 13:49:10,270 | WARN  | NATIONAL/NCHAR/NVARCHAR implies the character set UTF8MB3, which will be replaced by UTF8MB4 in a future release. Please consider using CHAR(x) CHARACTER SET UTF8MB4 in order to be unambiguous. [liquibase.executor.jvm.JdbcExecutor<main>] 
2026-08-12 13:49:10,270 | WARN  | NATIONAL/NCHAR/NVARCHAR implies the character set UTF8MB3, which will be replaced by UTF8MB4 in a future release. Please consider using CHAR(x) CHARACTER SET UTF8MB4 in order to be unambiguous. [liquibase.executor.jvm.JdbcExecutor<main>] 
2026-08-12 13:49:10,270 | WARN  | NATIONAL/NCHAR/NVARCHAR implies the character set UTF8MB3, which will be replaced by UTF8MB4 in a future release. Please consider using CHAR(x) CHARACTER SET UTF8MB4 in order to be unambiguous. [liquibase.executor.jvm.JdbcExecutor<main>] 
2026-08-12 13:49:10,270 | WARN  | NATIONAL/NCHAR/NVARCHAR implies the character set UTF8MB3, which will be replaced by UTF8MB4 in a future release. Please consider using CHAR(x) CHARACTER SET UTF8MB4 in order to be unambiguous. [liquibase.executor.jvm.JdbcExecutor<main>] 
2026-08-12 13:49:10,270 | WARN  | NATIONAL/NCHAR/NVARCHAR implies the character set UTF8MB3, which will be replaced by UTF8MB4 in a future release. Please consider using CHAR(x) CHARACTER SET UTF8MB4 in order to be unambiguous. [liquibase.executor.jvm.JdbcExecutor<main>] 
2026-08-12 13:49:10,270 | WARN  | 'utf8' is currently an alias for the character set UTF8MB3, but will be an alias for UTF8MB4 in a future release. Please consider using UTF8MB4 in order to be unambiguous. [liquibase.executor.jvm.JdbcExecutor<main>] 
2026-08-12 13:49:10,270 | WARN  | 'utf8mb3_general_ci' is a collation of the deprecated character set UTF8MB3. Please consider using UTF8MB4 with an appropriate collation instead. [liquibase.executor.jvm.JdbcExecutor<main>] 
2026-08-12 13:49:11,795 | WARN  | NATIONAL/NCHAR/NVARCHAR implies the character set UTF8MB3, which will be replaced by UTF8MB4 in a future release. Please consider using CHAR(x) CHARACTER SET UTF8MB4 in order to be unambiguous. [liquibase.executor.jvm.JdbcExecutor<main>] 
2026-08-12 13:49:11,795 | WARN  | NATIONAL/NCHAR/NVARCHAR implies the character set UTF8MB3, which will be replaced by UTF8MB4 in a future release. Please consider using CHAR(x) CHARACTER SET UTF8MB4 in order to be unambiguous. [liquibase.executor.jvm.JdbcExecutor<main>] 
2026-08-12 13:49:12,482 | WARN  | 'utf8' is currently an alias for the character set UTF8MB3, but will be an alias for UTF8MB4 in a future release. Please consider using UTF8MB4 in order to be unambiguous. [liquibase.executor.jvm.JdbcExecutor<main>] 
2026-08-12 13:49:12,482 | WARN  | 'utf8mb3_general_ci' is a collation of the deprecated character set UTF8MB3. Please consider using UTF8MB4 with an appropriate collation instead. [liquibase.executor.jvm.JdbcExecutor<main>] 
2026-08-12 13:49:32,513 | WARN  | NATIONAL/NCHAR/NVARCHAR implies the character set UTF8MB3, which will be replaced by UTF8MB4 in a future release. Please consider using CHAR(x) CHARACTER SET UTF8MB4 in order to be unambiguous. [liquibase.executor.jvm.JdbcExecutor<main>] 
2026-08-12 13:49:39,441 | WARN  | NATIONAL/NCHAR/NVARCHAR implies the character set UTF8MB3, which will be replaced by UTF8MB4 in a future release. Please consider using CHAR(x) CHARACTER SET UTF8MB4 in order to be unambiguous. [liquibase.executor.jvm.JdbcExecutor<main>] 
2026-08-12 13:49:45,077 | WARN  | 'utf8' is currently an alias for the character set UTF8MB3, but will be an alias for UTF8MB4 in a future release. Please consider using UTF8MB4 in order to be unambiguous. [liquibase.executor.jvm.JdbcExecutor<main>] 
2026-08-12 13:49:45,077 | WARN  | 'utf8mb3_general_ci' is a collation of the deprecated character set UTF8MB3. Please consider using UTF8MB4 with an appropriate collation instead. [liquibase.executor.jvm.JdbcExecutor<main>] 
2026-08-12 13:49:45,830 | WARN  | NATIONAL/NCHAR/NVARCHAR implies the character set UTF8MB3, which will be replaced by UTF8MB4 in a future release. Please consider using CHAR(x) CHARACTER SET UTF8MB4 in order to be unambiguous. [liquibase.executor.jvm.JdbcExecutor<main>] 
2026-08-12 13:49:47,654 | WARN  | NATIONAL/NCHAR/NVARCHAR implies the character set UTF8MB3, which will be replaced by UTF8MB4 in a future release. Please consider using CHAR(x) CHARACTER SET UTF8MB4 in order to be unambiguous. [liquibase.executor.jvm.JdbcExecutor<main>] 
2026-08-12 13:49:48,411 | WARN  | NATIONAL/NCHAR/NVARCHAR implies the character set UTF8MB3, which will be replaced by UTF8MB4 in a future release. Please consider using CHAR(x) CHARACTER SET UTF8MB4 in order to be unambiguous. [liquibase.executor.jvm.JdbcExecutor<main>] 
2026-08-12 13:49:51,036 | WARN  | NATIONAL/NCHAR/NVARCHAR implies the character set UTF8MB3, which will be replaced by UTF8MB4 in a future release. Please consider using CHAR(x) CHARACTER SET UTF8MB4 in order to be unambiguous. [liquibase.executor.jvm.JdbcExecutor<main>] 
2026-08-12 13:49:51,816 | WARN  | NATIONAL/NCHAR/NVARCHAR implies the character set UTF8MB3, which will be replaced by UTF8MB4 in a future release. Please consider using CHAR(x) CHARACTER SET UTF8MB4 in order to be unambiguous. [liquibase.executor.jvm.JdbcExecutor<main>] 
2026-08-12 13:49:52,597 | WARN  | NATIONAL/NCHAR/NVARCHAR implies the character set UTF8MB3, which will be replaced by UTF8MB4 in a future release. Please consider using CHAR(x) CHARACTER SET UTF8MB4 in order to be unambiguous. [liquibase.executor.jvm.JdbcExecutor<main>] 
2026-08-12 13:49:54,570 | WARN  | NATIONAL/NCHAR/NVARCHAR implies the character set UTF8MB3, which will be replaced by UTF8MB4 in a future release. Please consider using CHAR(x) CHARACTER SET UTF8MB4 in order to be unambiguous. [liquibase.executor.jvm.JdbcExecutor<main>] 
2026-08-12 13:49:59,592 | WARN  | 'utf8' is currently an alias for the character set UTF8MB3, but will be an alias for UTF8MB4 in a future release. Please consider using UTF8MB4 in order to be unambiguous. [liquibase.executor.jvm.JdbcExecutor<main>] 
2026-08-12 13:49:59,592 | WARN  | 'utf8mb3_general_ci' is a collation of the deprecated character set UTF8MB3. Please consider using UTF8MB4 with an appropriate collation instead. [liquibase.executor.jvm.JdbcExecutor<main>] 
2026-08-12 13:50:13,629 | WARN  | NATIONAL/NCHAR/NVARCHAR implies the character set UTF8MB3, which will be replaced by UTF8MB4 in a future release. Please consider using CHAR(x) CHARACTER SET UTF8MB4 in order to be unambiguous. [liquibase.executor.jvm.JdbcExecutor<main>] 
2026-08-12 13:50:15,085 | WARN  | 'utf8' is currently an alias for the character set UTF8MB3, but will be an alias for UTF8MB4 in a future release. Please consider using UTF8MB4 in order to be unambiguous. [liquibase.executor.jvm.JdbcExecutor<main>] 
2026-08-12 13:50:15,086 | WARN  | 'utf8mb3_general_ci' is a collation of the deprecated character set UTF8MB3. Please consider using UTF8MB4 with an appropriate collation instead. [liquibase.executor.jvm.JdbcExecutor<main>] 
2026-08-12 13:50:18,226 | WARN  | NATIONAL/NCHAR/NVARCHAR implies the character set UTF8MB3, which will be replaced by UTF8MB4 in a future release. Please consider using CHAR(x) CHARACTER SET UTF8MB4 in order to be unambiguous. [liquibase.executor.jvm.JdbcExecutor<main>] 
2026-08-12 13:50:18,226 | WARN  | NATIONAL/NCHAR/NVARCHAR implies the character set UTF8MB3, which will be replaced by UTF8MB4 in a future release. Please consider using CHAR(x) CHARACTER SET UTF8MB4 in order to be unambiguous. [liquibase.executor.jvm.JdbcExecutor<main>] 
2026-08-12 13:50:18,660 | WARN  | NATIONAL/NCHAR/NVARCHAR implies the character set UTF8MB3, which will be replaced by UTF8MB4 in a future release. Please consider using CHAR(x) CHARACTER SET UTF8MB4 in order to be unambiguous. [liquibase.executor.jvm.JdbcExecutor<main>] 
2026-08-12 13:50:18,660 | WARN  | NATIONAL/NCHAR/NVARCHAR implies the character set UTF8MB3, which will be replaced by UTF8MB4 in a future release. Please consider using CHAR(x) CHARACTER SET UTF8MB4 in order to be unambiguous. [liquibase.executor.jvm.JdbcExecutor<main>] 
2026-08-12 13:50:18,660 | WARN  | NATIONAL/NCHAR/NVARCHAR implies the character set UTF8MB3, which will be replaced by UTF8MB4 in a future release. Please consider using CHAR(x) CHARACTER SET UTF8MB4 in order to be unambiguous. [liquibase.executor.jvm.JdbcExecutor<main>] 
2026-08-12 13:50:18,660 | WARN  | NATIONAL/NCHAR/NVARCHAR implies the character set UTF8MB3, which will be replaced by UTF8MB4 in a future release. Please consider using CHAR(x) CHARACTER SET UTF8MB4 in order to be unambiguous. [liquibase.executor.jvm.JdbcExecutor<main>] 
2026-08-12 13:50:19,031 | WARN  | NATIONAL/NCHAR/NVARCHAR implies the character set UTF8MB3, which will be replaced by UTF8MB4 in a future release. Please consider using CHAR(x) CHARACTER SET UTF8MB4 in order to be unambiguous. [liquibase.executor.jvm.JdbcExecutor<main>] 
2026-08-12 13:50:19,031 | WARN  | 'utf8' is currently an alias for the character set UTF8MB3, but will be an alias for UTF8MB4 in a future release. Please consider using UTF8MB4 in order to be unambiguous. [liquibase.executor.jvm.JdbcExecutor<main>] 
2026-08-12 13:50:19,031 | WARN  | 'utf8mb3_general_ci' is a collation of the deprecated character set UTF8MB3. Please consider using UTF8MB4 with an appropriate collation instead. [liquibase.executor.jvm.JdbcExecutor<main>] 
2026-08-12 13:50:26,348 | INFO  | Processing changelogs of WalletRDBMSChangeLogsPlugin [o.e.c.p.impl.LiquibaseDataInitializer<main>] 
2026-08-12 13:50:26,348 | INFO  |   * processing changelog db/changelog/wallet-rdbms.db.changelog-master.xml [o.e.c.p.impl.LiquibaseDataInitializer<main>] 
2026-08-12 13:50:26,930 | WARN  | 'utf8' is currently an alias for the character set UTF8MB3, but will be an alias for UTF8MB4 in a future release. Please consider using UTF8MB4 in order to be unambiguous. [liquibase.executor.jvm.JdbcExecutor<main>] 
2026-08-12 13:50:26,930 | WARN  | 'utf8mb3_general_ci' is a collation of the deprecated character set UTF8MB3. Please consider using UTF8MB4 with an appropriate collation instead. [liquibase.executor.jvm.JdbcExecutor<main>] 
2026-08-12 13:50:27,492 | WARN  | 'utf8' is currently an alias for the character set UTF8MB3, but will be an alias for UTF8MB4 in a future release. Please consider using UTF8MB4 in order to be unambiguous. [liquibase.executor.jvm.JdbcExecutor<main>] 
2026-08-12 13:50:27,492 | WARN  | 'utf8mb3_general_ci' is a collation of the deprecated character set UTF8MB3. Please consider using UTF8MB4 with an appropriate collation instead. [liquibase.executor.jvm.JdbcExecutor<main>] 
2026-08-12 13:50:28,519 | WARN  | 'utf8' is currently an alias for the character set UTF8MB3, but will be an alias for UTF8MB4 in a future release. Please consider using UTF8MB4 in order to be unambiguous. [liquibase.executor.jvm.JdbcExecutor<main>] 
2026-08-12 13:50:28,519 | WARN  | 'utf8mb3_general_ci' is a collation of the deprecated character set UTF8MB3. Please consider using UTF8MB4 with an appropriate collation instead. [liquibase.executor.jvm.JdbcExecutor<main>] 
2026-08-12 13:50:28,826 | WARN  | 'utf8' is currently an alias for the character set UTF8MB3, but will be an alias for UTF8MB4 in a future release. Please consider using UTF8MB4 in order to be unambiguous. [liquibase.executor.jvm.JdbcExecutor<main>] 
2026-08-12 13:50:28,826 | WARN  | 'utf8mb3_general_ci' is a collation of the deprecated character set UTF8MB3. Please consider using UTF8MB4 with an appropriate collation instead. [liquibase.executor.jvm.JdbcExecutor<main>] 
2026-08-12 13:50:32,226 | WARN  | 'utf8' is currently an alias for the character set UTF8MB3, but will be an alias for UTF8MB4 in a future release. Please consider using UTF8MB4 in order to be unambiguous. [liquibase.executor.jvm.JdbcExecutor<main>] 
2026-08-12 13:50:32,226 | WARN  | 'utf8mb3_general_ci' is a collation of the deprecated character set UTF8MB3. Please consider using UTF8MB4 with an appropriate collation instead. [liquibase.executor.jvm.JdbcExecutor<main>] 
2026-08-12 13:50:43,992 | WARN  | 'utf8' is currently an alias for the character set UTF8MB3, but will be an alias for UTF8MB4 in a future release. Please consider using UTF8MB4 in order to be unambiguous. [liquibase.executor.jvm.JdbcExecutor<main>] 
2026-08-12 13:50:43,992 | WARN  | 'utf8mb3_general_ci' is a collation of the deprecated character set UTF8MB3. Please consider using UTF8MB4 with an appropriate collation instead. [liquibase.executor.jvm.JdbcExecutor<main>] 
2026-08-12 13:50:45,813 | INFO  | Processing changelogs of WalletRDBMSChangeLogsPlugin [o.e.c.p.impl.LiquibaseDataInitializer<main>] 
2026-08-12 13:50:45,813 | INFO  |   * processing changelog db/changelog/reward-rdbms.db.changelog-master.xml [o.e.c.p.impl.LiquibaseDataInitializer<main>] 
2026-08-12 13:50:46,535 | WARN  | NATIONAL/NCHAR/NVARCHAR implies the character set UTF8MB3, which will be replaced by UTF8MB4 in a future release. Please consider using CHAR(x) CHARACTER SET UTF8MB4 in order to be unambiguous. [liquibase.executor.jvm.JdbcExecutor<main>] 
2026-08-12 13:50:46,535 | WARN  | NATIONAL/NCHAR/NVARCHAR implies the character set UTF8MB3, which will be replaced by UTF8MB4 in a future release. Please consider using CHAR(x) CHARACTER SET UTF8MB4 in order to be unambiguous. [liquibase.executor.jvm.JdbcExecutor<main>] 
2026-08-12 13:50:46,535 | WARN  | 'utf8' is currently an alias for the character set UTF8MB3, but will be an alias for UTF8MB4 in a future release. Please consider using UTF8MB4 in order to be unambiguous. [liquibase.executor.jvm.JdbcExecutor<main>] 
2026-08-12 13:50:46,535 | WARN  | 'utf8mb3_general_ci' is a collation of the deprecated character set UTF8MB3. Please consider using UTF8MB4 with an appropriate collation instead. [liquibase.executor.jvm.JdbcExecutor<main>] 
2026-08-12 13:50:46,928 | WARN  | 'utf8' is currently an alias for the character set UTF8MB3, but will be an alias for UTF8MB4 in a future release. Please consider using UTF8MB4 in order to be unambiguous. [liquibase.executor.jvm.JdbcExecutor<main>] 
2026-08-12 13:50:46,928 | WARN  | 'utf8mb3_general_ci' is a collation of the deprecated character set UTF8MB3. Please consider using UTF8MB4 with an appropriate collation instead. [liquibase.executor.jvm.JdbcExecutor<main>] 
2026-08-12 13:50:47,266 | WARN  | 'utf8' is currently an alias for the character set UTF8MB3, but will be an alias for UTF8MB4 in a future release. Please consider using UTF8MB4 in order to be unambiguous. [liquibase.executor.jvm.JdbcExecutor<main>] 
2026-08-12 13:50:47,266 | WARN  | 'utf8mb3_general_ci' is a collation of the deprecated character set UTF8MB3. Please consider using UTF8MB4 with an appropriate collation instead. [liquibase.executor.jvm.JdbcExecutor<main>] 
2026-08-12 13:50:47,737 | WARN  | 'utf8' is currently an alias for the character set UTF8MB3, but will be an alias for UTF8MB4 in a future release. Please consider using UTF8MB4 in order to be unambiguous. [liquibase.executor.jvm.JdbcExecutor<main>] 
2026-08-12 13:50:47,738 | WARN  | 'utf8mb3_general_ci' is a collation of the deprecated character set UTF8MB3. Please consider using UTF8MB4 with an appropriate collation instead. [liquibase.executor.jvm.JdbcExecutor<main>] 
2026-08-12 13:50:48,044 | WARN  | 'utf8' is currently an alias for the character set UTF8MB3, but will be an alias for UTF8MB4 in a future release. Please consider using UTF8MB4 in order to be unambiguous. [liquibase.executor.jvm.JdbcExecutor<main>] 
2026-08-12 13:50:48,044 | WARN  | 'utf8mb3_general_ci' is a collation of the deprecated character set UTF8MB3. Please consider using UTF8MB4 with an appropriate collation instead. [liquibase.executor.jvm.JdbcExecutor<main>] 
2026-08-12 13:50:53,596 | INFO  | Processing changelogs of WebConferencingChangeLogsPlugin [o.e.c.p.impl.LiquibaseDataInitializer<main>] 
2026-08-12 13:50:53,596 | INFO  |   * processing changelog db/changelog/webconferencing.db.changelog-1.0.0.xml [o.e.c.p.impl.LiquibaseDataInitializer<main>] 
2026-08-12 13:50:53,698 | WARN  | Due to mysql SQL limitations, modifyDataType will lose primary key/autoincrement/not null/comment settings explicitly redefined in the change. Use <sql> or <modifySql> to re-specify all configuration if this is the case [liquibase.changelog.DatabaseChangeLog<main>] 
2026-08-12 13:50:53,723 | WARN  | Due to mysql SQL limitations, modifyDataType will lose primary key/autoincrement/not null/comment settings explicitly redefined in the change. Use <sql> or <modifySql> to re-specify all configuration if this is the case [liquibase.changelog.DatabaseChangeLog<main>] 
2026-08-12 13:50:54,167 | WARN  | NATIONAL/NCHAR/NVARCHAR implies the character set UTF8MB3, which will be replaced by UTF8MB4 in a future release. Please consider using CHAR(x) CHARACTER SET UTF8MB4 in order to be unambiguous. [liquibase.executor.jvm.JdbcExecutor<main>] 
2026-08-12 13:50:54,167 | WARN  | NATIONAL/NCHAR/NVARCHAR implies the character set UTF8MB3, which will be replaced by UTF8MB4 in a future release. Please consider using CHAR(x) CHARACTER SET UTF8MB4 in order to be unambiguous. [liquibase.executor.jvm.JdbcExecutor<main>] 
2026-08-12 13:50:54,167 | WARN  | NATIONAL/NCHAR/NVARCHAR implies the character set UTF8MB3, which will be replaced by UTF8MB4 in a future release. Please consider using CHAR(x) CHARACTER SET UTF8MB4 in order to be unambiguous. [liquibase.executor.jvm.JdbcExecutor<main>] 
2026-08-12 13:50:54,167 | WARN  | NATIONAL/NCHAR/NVARCHAR implies the character set UTF8MB3, which will be replaced by UTF8MB4 in a future release. Please consider using CHAR(x) CHARACTER SET UTF8MB4 in order to be unambiguous. [liquibase.executor.jvm.JdbcExecutor<main>] 
2026-08-12 13:50:54,167 | WARN  | NATIONAL/NCHAR/NVARCHAR implies the character set UTF8MB3, which will be replaced by UTF8MB4 in a future release. Please consider using CHAR(x) CHARACTER SET UTF8MB4 in order to be unambiguous. [liquibase.executor.jvm.JdbcExecutor<main>] 
2026-08-12 13:50:54,167 | WARN  | NATIONAL/NCHAR/NVARCHAR implies the character set UTF8MB3, which will be replaced by UTF8MB4 in a future release. Please consider using CHAR(x) CHARACTER SET UTF8MB4 in order to be unambiguous. [liquibase.executor.jvm.JdbcExecutor<main>] 
2026-08-12 13:50:54,167 | WARN  | NATIONAL/NCHAR/NVARCHAR implies the character set UTF8MB3, which will be replaced by UTF8MB4 in a future release. Please consider using CHAR(x) CHARACTER SET UTF8MB4 in order to be unambiguous. [liquibase.executor.jvm.JdbcExecutor<main>] 
2026-08-12 13:50:54,167 | WARN  | 'utf8' is currently an alias for the character set UTF8MB3, but will be an alias for UTF8MB4 in a future release. Please consider using UTF8MB4 in order to be unambiguous. [liquibase.executor.jvm.JdbcExecutor<main>] 
2026-08-12 13:50:54,167 | WARN  | 'utf8mb3_general_ci' is a collation of the deprecated character set UTF8MB3. Please consider using UTF8MB4 with an appropriate collation instead. [liquibase.executor.jvm.JdbcExecutor<main>] 
2026-08-12 13:50:54,573 | WARN  | NATIONAL/NCHAR/NVARCHAR implies the character set UTF8MB3, which will be replaced by UTF8MB4 in a future release. Please consider using CHAR(x) CHARACTER SET UTF8MB4 in order to be unambiguous. [liquibase.executor.jvm.JdbcExecutor<main>] 
2026-08-12 13:50:54,573 | WARN  | NATIONAL/NCHAR/NVARCHAR implies the character set UTF8MB3, which will be replaced by UTF8MB4 in a future release. Please consider using CHAR(x) CHARACTER SET UTF8MB4 in order to be unambiguous. [liquibase.executor.jvm.JdbcExecutor<main>] 
2026-08-12 13:50:54,573 | WARN  | NATIONAL/NCHAR/NVARCHAR implies the character set UTF8MB3, which will be replaced by UTF8MB4 in a future release. Please consider using CHAR(x) CHARACTER SET UTF8MB4 in order to be unambiguous. [liquibase.executor.jvm.JdbcExecutor<main>] 
2026-08-12 13:50:54,573 | WARN  | NATIONAL/NCHAR/NVARCHAR implies the character set UTF8MB3, which will be replaced by UTF8MB4 in a future release. Please consider using CHAR(x) CHARACTER SET UTF8MB4 in order to be unambiguous. [liquibase.executor.jvm.JdbcExecutor<main>] 
2026-08-12 13:50:54,573 | WARN  | NATIONAL/NCHAR/NVARCHAR implies the character set UTF8MB3, which will be replaced by UTF8MB4 in a future release. Please consider using CHAR(x) CHARACTER SET UTF8MB4 in order to be unambiguous. [liquibase.executor.jvm.JdbcExecutor<main>] 
2026-08-12 13:50:54,573 | WARN  | 'utf8' is currently an alias for the character set UTF8MB3, but will be an alias for UTF8MB4 in a future release. Please consider using UTF8MB4 in order to be unambiguous. [liquibase.executor.jvm.JdbcExecutor<main>] 
2026-08-12 13:50:54,573 | WARN  | 'utf8mb3_general_ci' is a collation of the deprecated character set UTF8MB3. Please consider using UTF8MB4 with an appropriate collation instead. [liquibase.executor.jvm.JdbcExecutor<main>] 
2026-08-12 13:50:56,573 | WARN  | NATIONAL/NCHAR/NVARCHAR implies the character set UTF8MB3, which will be replaced by UTF8MB4 in a future release. Please consider using CHAR(x) CHARACTER SET UTF8MB4 in order to be unambiguous. [liquibase.executor.jvm.JdbcExecutor<main>] 
2026-08-12 13:50:56,573 | WARN  | NATIONAL/NCHAR/NVARCHAR implies the character set UTF8MB3, which will be replaced by UTF8MB4 in a future release. Please consider using CHAR(x) CHARACTER SET UTF8MB4 in order to be unambiguous. [liquibase.executor.jvm.JdbcExecutor<main>] 
2026-08-12 13:50:56,573 | WARN  | NATIONAL/NCHAR/NVARCHAR implies the character set UTF8MB3, which will be replaced by UTF8MB4 in a future release. Please consider using CHAR(x) CHARACTER SET UTF8MB4 in order to be unambiguous. [liquibase.executor.jvm.JdbcExecutor<main>] 
2026-08-12 13:50:56,573 | WARN  | NATIONAL/NCHAR/NVARCHAR implies the character set UTF8MB3, which will be replaced by UTF8MB4 in a future release. Please consider using CHAR(x) CHARACTER SET UTF8MB4 in order to be unambiguous. [liquibase.executor.jvm.JdbcExecutor<main>] 
2026-08-12 13:50:56,573 | WARN  | 'utf8' is currently an alias for the character set UTF8MB3, but will be an alias for UTF8MB4 in a future release. Please consider using UTF8MB4 in order to be unambiguous. [liquibase.executor.jvm.JdbcExecutor<main>] 
2026-08-12 13:50:56,573 | WARN  | 'utf8mb3_general_ci' is a collation of the deprecated character set UTF8MB3. Please consider using UTF8MB4 with an appropriate collation instead. [liquibase.executor.jvm.JdbcExecutor<main>] 
2026-08-12 13:50:57,550 | WARN  | NATIONAL/NCHAR/NVARCHAR implies the character set UTF8MB3, which will be replaced by UTF8MB4 in a future release. Please consider using CHAR(x) CHARACTER SET UTF8MB4 in order to be unambiguous. [liquibase.executor.jvm.JdbcExecutor<main>] 
2026-08-12 13:50:57,550 | WARN  | NATIONAL/NCHAR/NVARCHAR implies the character set UTF8MB3, which will be replaced by UTF8MB4 in a future release. Please consider using CHAR(x) CHARACTER SET UTF8MB4 in order to be unambiguous. [liquibase.executor.jvm.JdbcExecutor<main>] 
2026-08-12 13:50:57,550 | WARN  | NATIONAL/NCHAR/NVARCHAR implies the character set UTF8MB3, which will be replaced by UTF8MB4 in a future release. Please consider using CHAR(x) CHARACTER SET UTF8MB4 in order to be unambiguous. [liquibase.executor.jvm.JdbcExecutor<main>] 
2026-08-12 13:50:57,550 | WARN  | NATIONAL/NCHAR/NVARCHAR implies the character set UTF8MB3, which will be replaced by UTF8MB4 in a future release. Please consider using CHAR(x) CHARACTER SET UTF8MB4 in order to be unambiguous. [liquibase.executor.jvm.JdbcExecutor<main>] 
2026-08-12 13:50:57,550 | WARN  | 'utf8' is currently an alias for the character set UTF8MB3, but will be an alias for UTF8MB4 in a future release. Please consider using UTF8MB4 in order to be unambiguous. [liquibase.executor.jvm.JdbcExecutor<main>] 
2026-08-12 13:50:57,550 | WARN  | 'utf8mb3_general_ci' is a collation of the deprecated character set UTF8MB3. Please consider using UTF8MB4 with an appropriate collation instead. [liquibase.executor.jvm.JdbcExecutor<main>] 
2026-08-12 13:51:00,280 | WARN  | NATIONAL/NCHAR/NVARCHAR implies the character set UTF8MB3, which will be replaced by UTF8MB4 in a future release. Please consider using CHAR(x) CHARACTER SET UTF8MB4 in order to be unambiguous. [liquibase.executor.jvm.JdbcExecutor<main>] 
2026-08-12 13:51:00,878 | INFO  | Loading router configuration /etc/exo/controller.xml [org.exoplatform.web.WebAppController<main>] 
2026-08-12 13:51:00,878 | INFO  | Loading router configuration file:/etc/exo/controller.xml [org.exoplatform.web.WebAppController<main>] 
2026-08-12 13:51:06,095 | INFO  | ISPN000128: Infinispan version: Infinispan 'Chakra' 8.2.6.Final [o.i.factories.GlobalComponentRegistry<main>] 
2026-08-12 13:51:06,467 | INFO  | Using http://es:9200 as Searching URL [o.e.c.s.es.client.ElasticSearchingClient<main>] 
2026-08-12 13:51:06,577 | INFO  | Using default HTTP max connections for property exo.es.search.http.connections.max=100. [o.e.c.s.es.client.ElasticSearchingClient<main>] 
2026-08-12 13:51:06,895 | INFO  | Activity Type key:  files:spaces.ADD_PROPERTY,  registration status: disabled [o.e.s.core.manager.ActivityManagerImpl<main>] 
2026-08-12 13:51:06,896 | INFO  | Activity Type key:  files:spaces.CREATION_COMMENT,  registration status: disabled [o.e.s.core.manager.ActivityManagerImpl<main>] 
2026-08-12 13:51:06,897 | INFO  | Activity Type key:  files:spaces.REMOVE_PROPERTY,  registration status: disabled [o.e.s.core.manager.ActivityManagerImpl<main>] 
2026-08-12 13:51:06,897 | INFO  | Activity Type key:  files:spaces.MOVE_COMMENT,  registration status: disabled [o.e.s.core.manager.ActivityManagerImpl<main>] 
2026-08-12 13:51:06,897 | INFO  | Activity Type key:  contents:spaces,  registration status: disabled [o.e.s.core.manager.ActivityManagerImpl<main>] 
2026-08-12 13:51:06,897 | INFO  | Activity Type key:  files:spaces,  registration status: enabled [o.e.s.core.manager.ActivityManagerImpl<main>] 
2026-08-12 13:51:06,897 | INFO  | Activity Type key:  USER_ACTIVITIES_FOR_RELATIONSHIP,  registration status: disabled [o.e.s.core.manager.ActivityManagerImpl<main>] 
2026-08-12 13:51:06,897 | INFO  | Activity Type key:  files:spaces.UPDATE_COMMENT,  registration status: disabled [o.e.s.core.manager.ActivityManagerImpl<main>] 
2026-08-12 13:51:06,897 | INFO  | Activity Type key:  files:spaces.TAG_ACTION_COMMENT,  registration status: disabled [o.e.s.core.manager.ActivityManagerImpl<main>] 
2026-08-12 13:51:06,897 | INFO  | Activity Type key:  USER_PROFILE_ACTIVITY,  registration status: disabled [o.e.s.core.manager.ActivityManagerImpl<main>] 
2026-08-12 13:51:07,032 | INFO  | DAOHandlerJPAImpl is creating... [DAOHandlerJPAImpl<main>] 
2026-08-12 13:51:07,053 | INFO  | DAOHandlerJPAImpl is created [DAOHandlerJPAImpl<main>] 
2026-08-12 13:51:07,119 | INFO  | EntityManagerFactory [meeds-jpa] - Creating with datasource java:/comp/env/exo-jpa_portal. [o.e.c.p.impl.EntityManagerService<main>] 
2026-08-12 13:51:11,852 | INFO  | EntityManagerFactory [meeds-jpa] - Created. [o.e.c.p.impl.EntityManagerService<main>] 
2026-08-12 13:51:11,857 | INFO  | Activity Type key:  files:spaces.ADD_PROPERTY,  registration status: disabled [o.e.s.core.manager.ActivityManagerImpl<main>] 
2026-08-12 13:51:11,857 | INFO  | Activity Type key:  files:spaces.CREATION_COMMENT,  registration status: disabled [o.e.s.core.manager.ActivityManagerImpl<main>] 
2026-08-12 13:51:11,857 | INFO  | Activity Type key:  files:spaces.REMOVE_PROPERTY,  registration status: disabled [o.e.s.core.manager.ActivityManagerImpl<main>] 
2026-08-12 13:51:11,857 | INFO  | Activity Type key:  files:spaces.MOVE_COMMENT,  registration status: disabled [o.e.s.core.manager.ActivityManagerImpl<main>] 
2026-08-12 13:51:11,857 | INFO  | Activity Type key:  contents:spaces,  registration status: disabled [o.e.s.core.manager.ActivityManagerImpl<main>] 
2026-08-12 13:51:11,857 | INFO  | Activity Type key:  files:spaces,  registration status: enabled [o.e.s.core.manager.ActivityManagerImpl<main>] 
2026-08-12 13:51:11,857 | INFO  | Activity Type key:  USER_ACTIVITIES_FOR_RELATIONSHIP,  registration status: disabled [o.e.s.core.manager.ActivityManagerImpl<main>] 
2026-08-12 13:51:11,857 | INFO  | Activity Type key:  files:spaces.UPDATE_COMMENT,  registration status: disabled [o.e.s.core.manager.ActivityManagerImpl<main>] 
2026-08-12 13:51:11,857 | INFO  | Activity Type key:  files:spaces.TAG_ACTION_COMMENT,  registration status: disabled [o.e.s.core.manager.ActivityManagerImpl<main>] 
2026-08-12 13:51:11,857 | INFO  | Activity Type key:  USER_PROFILE_ACTIVITY,  registration status: disabled [o.e.s.core.manager.ActivityManagerImpl<main>] 
2026-08-12 13:51:12,210 | INFO  | Loading Firebase configuration for Push Notifications from file /etc/exo/fcm.json [o.e.push.service.fcm.FCMMessagePublisher<main>] 
2026-08-12 13:51:12,210 | WARN  | Push notifications - Firebase Cloud Messaging service account config file does not exist, meaning Push Notifications will not work. Add the file at /etc/exo/fcm.json to make it work. [o.e.push.service.fcm.FCMMessagePublisher<main>] 
2026-08-12 13:51:12,709 | INFO  | Activity Type key:  files:spaces.ADD_PROPERTY,  registration status: disabled [o.e.s.core.manager.ActivityManagerImpl<main>] 
2026-08-12 13:51:12,709 | INFO  | Activity Type key:  files:spaces.CREATION_COMMENT,  registration status: disabled [o.e.s.core.manager.ActivityManagerImpl<main>] 
2026-08-12 13:51:12,709 | INFO  | Activity Type key:  files:spaces.REMOVE_PROPERTY,  registration status: disabled [o.e.s.core.manager.ActivityManagerImpl<main>] 
2026-08-12 13:51:12,709 | INFO  | Activity Type key:  files:spaces.MOVE_COMMENT,  registration status: disabled [o.e.s.core.manager.ActivityManagerImpl<main>] 
2026-08-12 13:51:12,709 | INFO  | Activity Type key:  contents:spaces,  registration status: disabled [o.e.s.core.manager.ActivityManagerImpl<main>] 
2026-08-12 13:51:12,709 | INFO  | Activity Type key:  files:spaces,  registration status: enabled [o.e.s.core.manager.ActivityManagerImpl<main>] 
2026-08-12 13:51:12,709 | INFO  | Activity Type key:  USER_ACTIVITIES_FOR_RELATIONSHIP,  registration status: disabled [o.e.s.core.manager.ActivityManagerImpl<main>] 
2026-08-12 13:51:12,709 | INFO  | Activity Type key:  files:spaces.UPDATE_COMMENT,  registration status: disabled [o.e.s.core.manager.ActivityManagerImpl<main>] 
2026-08-12 13:51:12,709 | INFO  | Activity Type key:  files:spaces.TAG_ACTION_COMMENT,  registration status: disabled [o.e.s.core.manager.ActivityManagerImpl<main>] 
2026-08-12 13:51:12,709 | INFO  | Activity Type key:  USER_PROFILE_ACTIVITY,  registration status: disabled [o.e.s.core.manager.ActivityManagerImpl<main>] 
2026-08-12 13:51:13,599 | INFO  | Index Template analytics_template created. [i.m.a.e.s.ElasticsearchAnalyticsStorage<main>] 
2026-08-12 13:51:13,600 | INFO  | Analytics Indices rollover process start [i.m.a.e.s.ElasticsearchAnalyticsStorage<ForkJoinPool.commonPool-worker-1>] 
2026-08-12 13:51:13,635 | INFO  | Analytics Indices rollover process finished successfully. [i.m.a.e.s.ElasticsearchAnalyticsStorage<ForkJoinPool.commonPool-worker-1>] 
2026-08-12 13:51:13,719 | INFO  | Adding DocumentMetadataPlugin [org.exoplatform.services.cms.documents.impl.ApachePOIMetadataPlugin@649fdca8] [o.e.s.c.d.impl.DocumentServiceImpl<main>] 
2026-08-12 13:51:13,721 | INFO  | Setting CommonEditorPlugin [org.exoplatform.services.cms.documents.impl.CommonEditorPluginImpl@7067bce1] [o.e.s.c.d.impl.DocumentServiceImpl<main>] 
2026-08-12 13:51:13,743 | INFO  | Use DocumentTypePlugin application/vnd.openxmlformats-officedocument.presentationml.presentation,application/vnd.openxmlformats-officedocument.spreadsheetml.sheet,application/vnd.openxmlformats-officedocument.wordprocessingml.document,application/vnd.openxmlformats-officedocument.wordprocessingml.document.form,application/pdf [o.e.o.OnlyofficeEditorServiceImpl<main>] 
2026-08-12 13:51:14,140 | INFO  | Initialized codec using builder org.exoplatform.web.security.codec.JCASymmetricCodecBuilder [o.e.web.security.codec.CodecInitializer<main>] 
2026-08-12 13:51:15,654 | WARN  | J2KImageReader not loaded. JPEG2000 files will not be processed.
See https://pdfbox.apache.org/2.0/dependencies.html#jai-image-io
for optional dependencies.
 [org.apache.tika.parsers.PDFParser<main>] 
2026-08-12 13:51:15,970 | INFO  | Initializing command executor for max 200 threads, queue size 400 [o.e.s.cms.clouddrives.ThreadExecutor<main>] 
2026-08-12 13:51:15,976 | INFO  | Using http://es:9200 as Indexing URL [o.e.c.s.es.client.ElasticIndexingClient<main>] 
2026-08-12 13:51:15,977 | INFO  | Using default HTTP max connections for property exo.es.index.http.connections.max=100. [o.e.c.s.es.client.ElasticIndexingClient<main>] 
2026-08-12 13:51:15,979 | INFO  | Use ES Version 8.18 [o.e.c.s.i.i.ElasticIndexingOperationProcessor<main>] 
2026-08-12 13:51:15,982 | INFO  | An Indexing Connector has been added: wiki-page [o.e.c.s.i.i.ElasticIndexingOperationProcessor<main>] 
2026-08-12 13:51:15,982 | INFO  | An Indexing Connector has been added: note-version [o.e.c.s.i.i.ElasticIndexingOperationProcessor<main>] 
2026-08-12 13:51:15,984 | INFO  | An Indexing Connector has been added: event [o.e.c.s.i.i.ElasticIndexingOperationProcessor<main>] 
2026-08-12 13:51:15,987 | INFO  | An Indexing Connector has been added: profile [o.e.c.s.i.i.ElasticIndexingOperationProcessor<main>] 
2026-08-12 13:51:15,989 | INFO  | An Indexing Connector has been added: space [o.e.c.s.i.i.ElasticIndexingOperationProcessor<main>] 
2026-08-12 13:51:15,994 | INFO  | An Indexing Connector has been added: activity [o.e.c.s.i.i.ElasticIndexingOperationProcessor<main>] 
2026-08-12 13:51:15,996 | INFO  | An Indexing Connector has been added: category [o.e.c.s.i.i.ElasticIndexingOperationProcessor<main>] 
2026-08-12 13:51:15,999 | INFO  | An Indexing Connector has been added: rules [o.e.c.s.i.i.ElasticIndexingOperationProcessor<main>] 
2026-08-12 13:51:16,012 | INFO  | An Indexing Connector has been added: file [o.e.c.s.i.i.ElasticIndexingOperationProcessor<main>] 
2026-08-12 13:51:16,014 | INFO  | An Indexing Connector has been added: news [o.e.c.s.i.i.ElasticIndexingOperationProcessor<main>] 
2026-08-12 13:51:16,015 | INFO  | An Indexing Connector has been added: task [o.e.c.s.i.i.ElasticIndexingOperationProcessor<main>] 
2026-08-12 13:51:16,034 | INFO  | Failed to read default template file: war:/notification/templates/DEFAULT_ACTIVITY.gtmpl. An empty message will be used [o.e.c.n.template.TemplateUtils<main>] 
2026-08-12 13:51:16,457 | INFO  | Failed to read default template file: war:/notification/templates/gamificationRuleActivity.gtmpl. An empty message will be used [o.e.c.n.template.TemplateUtils<main>] 
2026-08-12 13:51:16,489 | INFO  | Failed to read default template file: war:/notification/templates/exokudos:activity.gtmpl. An empty message will be used [o.e.c.n.template.TemplateUtils<main>] 
2026-08-12 13:51:16,618 | INFO  | Using default implementation for ThreadExecutor [org.quartz.impl.StdSchedulerFactory<main>] 
2026-08-12 13:51:16,643 | INFO  | Initialized Scheduler Signaller of type: class org.quartz.core.SchedulerSignalerImpl [org.quartz.core.SchedulerSignalerImpl<main>] 
2026-08-12 13:51:16,643 | INFO  | Quartz Scheduler v2.5.2 created. [org.quartz.core.QuartzScheduler<main>] 
2026-08-12 13:51:16,644 | INFO  | RAMJobStore initialized. [org.quartz.simpl.RAMJobStore<main>] 
2026-08-12 13:51:16,645 | INFO  | Scheduler meta-data: Quartz Scheduler (v2.5.2) 'ExoScheduler' with instanceId 'NON_CLUSTERED'
  Scheduler class: 'org.quartz.core.QuartzScheduler' - running locally.
  NOT STARTED.
  Currently in standby mode.
  Number of jobs executed: 0
  Using thread pool 'org.quartz.simpl.SimpleThreadPool' - with 25 threads.
  Using job-store 'org.quartz.simpl.RAMJobStore' - which does not support persistence. and is not clustered.
 [org.quartz.core.QuartzScheduler<main>] 
2026-08-12 13:51:16,645 | INFO  | Quartz scheduler 'ExoScheduler' initialized from an externally provided properties instance. [org.quartz.impl.StdSchedulerFactory<main>] 
2026-08-12 13:51:16,646 | INFO  | Quartz scheduler version: 2.5.2 [org.quartz.impl.StdSchedulerFactory<main>] 
2026-08-12 13:51:16,646 | INFO  | Scheduler ExoScheduler_$_NON_CLUSTERED paused. [org.quartz.core.QuartzScheduler<main>] 
2026-08-12 13:51:16,648 | INFO  | Read products versions from jar:/conf/platform.properties [o.e.commons.info.ProductInformations<main>] 
2026-08-12 13:51:16,818 | INFO  | New entries to ResolvingService added (public) : -//W3C//ENTITIES Latin 1 for XHTML//EN : dtd/xhtml-lat1.ent [e.c.c.x.XMLResolvingServiceImpl<main>] 
2026-08-12 13:51:16,818 | INFO  | New entries to ResolvingService added (public) : -//W3C//DTD XHTML 1.0 Transitional//EN : dtd/xhtml1-transitional.dtd [e.c.c.x.XMLResolvingServiceImpl<main>] 
2026-08-12 13:51:16,818 | INFO  | New entries to ResolvingService added (public) : -//W3C//DTD XHTML 1.0 Strict//EN : dtd/xhtml1-strict.dtd [e.c.c.x.XMLResolvingServiceImpl<main>] 
2026-08-12 13:51:16,818 | INFO  | New entries to ResolvingService added (public) : -//W3C//DTD XMLSCHEMA 200102//EN : dtd/XMLSchema.dtd [e.c.c.x.XMLResolvingServiceImpl<main>] 
2026-08-12 13:51:16,818 | INFO  | New entries to ResolvingService added (public) : -//W3C//ENTITIES Special for XHTML//EN : dtd/xhtml-special.ent [e.c.c.x.XMLResolvingServiceImpl<main>] 
2026-08-12 13:51:16,818 | INFO  | New entries to ResolvingService added (public) : -//W3C//DTD XHTML 1.0 Frameset//EN : dtd/xhtml1-frameset.dtd [e.c.c.x.XMLResolvingServiceImpl<main>] 
2026-08-12 13:51:16,818 | INFO  | New entries to ResolvingService added (public) : -//Sun Microsystems, Inc.//DTD Web Application 2.3//EN : dtd/web-app_2_3.dtd [e.c.c.x.XMLResolvingServiceImpl<main>] 
2026-08-12 13:51:16,818 | INFO  | New entries to ResolvingService added (public) : -//W3C//ENTITIES Symbols for XHTML//EN : dtd/xhtml-symbol.ent [e.c.c.x.XMLResolvingServiceImpl<main>] 
2026-08-12 13:51:16,818 | INFO  | New entries to ResolvingService added (system) : http://www.w3.org/TR/xhtml1/DTD/xhtml1-frameset.dtd : dtd/xhtml1-frameset.dtd [e.c.c.x.XMLResolvingServiceImpl<main>] 
2026-08-12 13:51:16,818 | INFO  | New entries to ResolvingService added (system) : http://www.w3.org/TR/xhtml1/DTD/xhtml1-transitional.dtd : dtd/xhtml1-transitional.dtd [e.c.c.x.XMLResolvingServiceImpl<main>] 
2026-08-12 13:51:16,818 | INFO  | New entries to ResolvingService added (system) : http://www.w3.org/TR/xhtml1/DTD/xhtml-symbol.ent : dtd/xhtml-symbol.ent [e.c.c.x.XMLResolvingServiceImpl<main>] 
2026-08-12 13:51:16,818 | INFO  | New entries to ResolvingService added (system) : http://www.w3.org/TR/xhtml1/DTD/xhtml-special.ent : dtd/xhtml-special.ent [e.c.c.x.XMLResolvingServiceImpl<main>] 
2026-08-12 13:51:16,818 | INFO  | New entries to ResolvingService added (system) : http://www.w3.org/2001/datatypes.dtd : dtd/datatypes.dtd [e.c.c.x.XMLResolvingServiceImpl<main>] 
2026-08-12 13:51:16,818 | INFO  | New entries to ResolvingService added (system) : http://java.sun.com/dtd/web-app_2_3.dtd : dtd/web-app_2_3.dtd [e.c.c.x.XMLResolvingServiceImpl<main>] 
2026-08-12 13:51:16,818 | INFO  | New entries to ResolvingService added (system) : http://www.w3.org/TR/xhtml1/DTD/xhtml1-strict.dtd : dtd/xhtml1-strict.dtd [e.c.c.x.XMLResolvingServiceImpl<main>] 
2026-08-12 13:51:16,818 | INFO  | New entries to ResolvingService added (system) : http://www.w3.org/2001/XMLSchema.dtd : dtd/XMLSchema.dtd [e.c.c.x.XMLResolvingServiceImpl<main>] 
2026-08-12 13:51:16,818 | INFO  | New entries to ResolvingService added (system) : http://www.w3.org/TR/xhtml1/DTD/xhtml-lat1.ent : dtd/xhtml-lat1.ent [e.c.c.x.XMLResolvingServiceImpl<main>] 
2026-08-12 13:51:16,820 | INFO  | XSLT schema found by relative path: xslt/get-method.xsl [e.c.c.x.TRAXTemplatesServiceImpl<main>] 
2026-08-12 13:51:17,228 | INFO  | Using property file file:/etc/exo/docker.properties to set configuration properties. [o.e.c.ExtendedPropertyConfigurator<main>] 
2026-08-12 13:51:17,229 | INFO  | Skipping configuration file file:/etc/exo/exo.properties. File doesn't exist. [o.e.c.ExtendedPropertyConfigurator<main>] 
2026-08-12 13:51:17,229 | INFO  | Using property file jar:file:/opt/exo/lib/plf-community-edition-service.jar!/conf/platform/configuration.properties to set configuration properties. [o.e.c.ExtendedPropertyConfigurator<main>] 
2026-08-12 13:51:18,082 | WARN  | NATIONAL/NCHAR/NVARCHAR implies the character set UTF8MB3, which will be replaced by UTF8MB4 in a future release. Please consider using CHAR(x) CHARACTER SET UTF8MB4 in order to be unambiguous. [liquibase.executor.jvm.JdbcExecutor<main>] 
2026-08-12 13:51:18,082 | WARN  | NATIONAL/NCHAR/NVARCHAR implies the character set UTF8MB3, which will be replaced by UTF8MB4 in a future release. Please consider using CHAR(x) CHARACTER SET UTF8MB4 in order to be unambiguous. [liquibase.executor.jvm.JdbcExecutor<main>] 
2026-08-12 13:51:18,082 | WARN  | 'utf8' is currently an alias for the character set UTF8MB3, but will be an alias for UTF8MB4 in a future release. Please consider using UTF8MB4 in order to be unambiguous. [liquibase.executor.jvm.JdbcExecutor<main>] 
2026-08-12 13:51:18,082 | WARN  | 'utf8mb3_general_ci' is a collation of the deprecated character set UTF8MB3. Please consider using UTF8MB4 with an appropriate collation instead. [liquibase.executor.jvm.JdbcExecutor<main>] 
2026-08-12 13:51:18,349 | WARN  | NATIONAL/NCHAR/NVARCHAR implies the character set UTF8MB3, which will be replaced by UTF8MB4 in a future release. Please consider using CHAR(x) CHARACTER SET UTF8MB4 in order to be unambiguous. [liquibase.executor.jvm.JdbcExecutor<main>] 
2026-08-12 13:51:18,349 | WARN  | NATIONAL/NCHAR/NVARCHAR implies the character set UTF8MB3, which will be replaced by UTF8MB4 in a future release. Please consider using CHAR(x) CHARACTER SET UTF8MB4 in order to be unambiguous. [liquibase.executor.jvm.JdbcExecutor<main>] 
2026-08-12 13:51:18,349 | WARN  | NATIONAL/NCHAR/NVARCHAR implies the character set UTF8MB3, which will be replaced by UTF8MB4 in a future release. Please consider using CHAR(x) CHARACTER SET UTF8MB4 in order to be unambiguous. [liquibase.executor.jvm.JdbcExecutor<main>] 
2026-08-12 13:51:18,349 | WARN  | NATIONAL/NCHAR/NVARCHAR implies the character set UTF8MB3, which will be replaced by UTF8MB4 in a future release. Please consider using CHAR(x) CHARACTER SET UTF8MB4 in order to be unambiguous. [liquibase.executor.jvm.JdbcExecutor<main>] 
2026-08-12 13:51:18,349 | WARN  | 'utf8' is currently an alias for the character set UTF8MB3, but will be an alias for UTF8MB4 in a future release. Please consider using UTF8MB4 in order to be unambiguous. [liquibase.executor.jvm.JdbcExecutor<main>] 
2026-08-12 13:51:18,349 | WARN  | 'utf8mb3_general_ci' is a collation of the deprecated character set UTF8MB3. Please consider using UTF8MB4 with an appropriate collation instead. [liquibase.executor.jvm.JdbcExecutor<main>] 
2026-08-12 13:51:18,972 | WARN  | NATIONAL/NCHAR/NVARCHAR implies the character set UTF8MB3, which will be replaced by UTF8MB4 in a future release. Please consider using CHAR(x) CHARACTER SET UTF8MB4 in order to be unambiguous. [liquibase.executor.jvm.JdbcExecutor<main>] 
2026-08-12 13:51:19,828 | WARN  | NATIONAL/NCHAR/NVARCHAR implies the character set UTF8MB3, which will be replaced by UTF8MB4 in a future release. Please consider using CHAR(x) CHARACTER SET UTF8MB4 in order to be unambiguous. [liquibase.executor.jvm.JdbcExecutor<main>] 
2026-08-12 13:51:19,828 | WARN  | NATIONAL/NCHAR/NVARCHAR implies the character set UTF8MB3, which will be replaced by UTF8MB4 in a future release. Please consider using CHAR(x) CHARACTER SET UTF8MB4 in order to be unambiguous. [liquibase.executor.jvm.JdbcExecutor<main>] 
2026-08-12 13:51:19,829 | WARN  | NATIONAL/NCHAR/NVARCHAR implies the character set UTF8MB3, which will be replaced by UTF8MB4 in a future release. Please consider using CHAR(x) CHARACTER SET UTF8MB4 in order to be unambiguous. [liquibase.executor.jvm.JdbcExecutor<main>] 
2026-08-12 13:51:19,829 | WARN  | NATIONAL/NCHAR/NVARCHAR implies the character set UTF8MB3, which will be replaced by UTF8MB4 in a future release. Please consider using CHAR(x) CHARACTER SET UTF8MB4 in order to be unambiguous. [liquibase.executor.jvm.JdbcExecutor<main>] 
2026-08-12 13:51:20,088 | INFO  | Starting data initialization with Liquibase with datasource java:/comp/env/exo-jpa_portal [o.e.c.p.impl.LiquibaseDataInitializer<main>] 
2026-08-12 13:51:20,088 | INFO  | Processing changelogs of TaskManagementChangeLogsPlugin [o.e.c.p.impl.LiquibaseDataInitializer<main>] 
2026-08-12 13:51:20,088 | INFO  |   * processing changelog db/changelog/task.db.changelog-1.0.0.xml [o.e.c.p.impl.LiquibaseDataInitializer<main>] 
2026-08-12 13:51:20,441 | INFO  |   * processing changelog db/changelog/task.db.changelog-1.1.0.xml [o.e.c.p.impl.LiquibaseDataInitializer<main>] 
2026-08-12 13:51:20,717 | INFO  |   * processing changelog db/changelog/task.db.changelog-1.3.0.xml [o.e.c.p.impl.LiquibaseDataInitializer<main>] 
2026-08-12 13:51:21,014 | INFO  |   * processing changelog db/changelog/task.db.changelog-2.1.0.xml [o.e.c.p.impl.LiquibaseDataInitializer<main>] 
2026-08-12 13:51:21,336 | INFO  |   * processing changelog db/changelog/task.db.changelog-3.0.0.xml [o.e.c.p.impl.LiquibaseDataInitializer<main>] 
2026-08-12 13:51:21,656 | INFO  |   * processing changelog db/changelog/task.db.changelog-3.1.0.xml [o.e.c.p.impl.LiquibaseDataInitializer<main>] 
2026-08-12 13:51:21,967 | INFO  |   * processing changelog db/changelog/task.db.changelog-3.2.0.xml [o.e.c.p.impl.LiquibaseDataInitializer<main>] 
2026-08-12 13:51:22,261 | INFO  |   * processing changelog db/changelog/task.db.changelog-7.2.0.xml [o.e.c.p.impl.LiquibaseDataInitializer<main>] 
2026-08-12 13:51:22,526 | INFO  | Processing changelogs of PushNotificationsManagementChangeLogsPlugin [o.e.c.p.impl.LiquibaseDataInitializer<main>] 
2026-08-12 13:51:22,526 | INFO  |   * processing changelog db/changelog/push-notifications.db.changelog-1.0.0.xml [o.e.c.p.impl.LiquibaseDataInitializer<main>] 
2026-08-12 13:51:22,802 | INFO  | Processing changelogs of ProcessesRDBMSChangeLogsPlugin [o.e.c.p.impl.LiquibaseDataInitializer<main>] 
2026-08-12 13:51:22,802 | INFO  |   * processing changelog db/changelog/processes-rdbms.db.changelog-master.xml [o.e.c.p.impl.LiquibaseDataInitializer<main>] 
2026-08-12 13:51:23,131 | INFO  | Processing changelogs of DocumentsAppRDBMSChangeLogsPlugin [o.e.c.p.impl.LiquibaseDataInitializer<main>] 
2026-08-12 13:51:23,132 | INFO  |   * processing changelog db/changelog/documents-rdbms.db.changelog-master.xml [o.e.c.p.impl.LiquibaseDataInitializer<main>] 
2026-08-12 13:51:23,494 | INFO  | Processing changelogs of AttachmentsContextRDBMSChangeLogsPlugin [o.e.c.p.impl.LiquibaseDataInitializer<main>] 
2026-08-12 13:51:23,495 | INFO  |   * processing changelog changelog/attachments-context-rdbms.db.changelog.xml [o.e.c.p.impl.LiquibaseDataInitializer<main>] 
2026-08-12 13:51:23,773 | INFO  | Processing changelogs of Only Office ChangeLogsPlugin [o.e.c.p.impl.LiquibaseDataInitializer<main>] 
2026-08-12 13:51:23,774 | INFO  |   * processing changelog db.changelogs/onlyoffice-changelog-1.0.0.xml [o.e.c.p.impl.LiquibaseDataInitializer<main>] 
2026-08-12 13:51:24,045 | INFO  | Processing changelogs of ExternalVisioConnectorRDBMSChangeLogsPlugin [o.e.c.p.impl.LiquibaseDataInitializer<main>] 
2026-08-12 13:51:24,045 | INFO  |   * processing changelog db/changelog/externalVisioConnector-rdbms.db.changelog.xml [o.e.c.p.impl.LiquibaseDataInitializer<main>] 
2026-08-12 13:51:24,316 | INFO  | Processing changelogs of PerkStoreRDBMSChangeLogsPlugin [o.e.c.p.impl.LiquibaseDataInitializer<main>] 
2026-08-12 13:51:24,316 | INFO  |   * processing changelog db/changelog/perkstore-rdbms.db.changelog-master.xml [o.e.c.p.impl.LiquibaseDataInitializer<main>] 
2026-08-12 13:51:24,594 | INFO  | Processing changelogs of CommonsChangeLogsPlugin [o.e.c.p.impl.LiquibaseDataInitializer<main>] 
2026-08-12 13:51:24,594 | INFO  |   * processing changelog db/changelog/idm.queue.db.changelog-1.0.0.xml [o.e.c.p.impl.LiquibaseDataInitializer<main>] 
2026-08-12 13:51:24,747 | INFO  | Processing changelogs of FilesChangeLogsPlugin [o.e.c.p.impl.LiquibaseDataInitializer<main>] 
2026-08-12 13:51:24,747 | INFO  |   * processing changelog db/changelog/file.db.changelog-1.0.0.xml [o.e.c.p.impl.LiquibaseDataInitializer<main>] 
2026-08-12 13:51:25,047 | INFO  | Processing changelogs of GamificationChangeLogsPlugin [o.e.c.p.impl.LiquibaseDataInitializer<main>] 
2026-08-12 13:51:25,047 | INFO  |   * processing changelog db/changelog/gamification.db.changelog-1.0.0.xml [o.e.c.p.impl.LiquibaseDataInitializer<main>] 
2026-08-12 13:51:25,490 | INFO  | Processing changelogs of WalletRDBMSChangeLogsPlugin [o.e.c.p.impl.LiquibaseDataInitializer<main>] 
2026-08-12 13:51:25,491 | INFO  |   * processing changelog db/changelog/wallet-rdbms.db.changelog-master.xml [o.e.c.p.impl.LiquibaseDataInitializer<main>] 
2026-08-12 13:51:25,806 | INFO  | Processing changelogs of WalletRDBMSChangeLogsPlugin [o.e.c.p.impl.LiquibaseDataInitializer<main>] 
2026-08-12 13:51:25,806 | INFO  |   * processing changelog db/changelog/reward-rdbms.db.changelog-master.xml [o.e.c.p.impl.LiquibaseDataInitializer<main>] 
2026-08-12 13:51:26,100 | INFO  | Processing changelogs of WebConferencingChangeLogsPlugin [o.e.c.p.impl.LiquibaseDataInitializer<main>] 
2026-08-12 13:51:26,100 | INFO  |   * processing changelog db/changelog/webconferencing.db.changelog-1.0.0.xml [o.e.c.p.impl.LiquibaseDataInitializer<main>] 
2026-08-12 13:51:26,517 | INFO  | Value storage directory created: /srv/exo/jcr/values/system_portal [exo.jcr.component.core.FileValueStorage<main>] 
2026-08-12 13:51:26,570 | INFO  | dialect:MYSQL, source-name:java:/comp/env/exo-jcr_portal, db-structure-type:single, update-storage:true, max-buffer-size:204800, swap-directory:/srv/exo/jcr/swap/system_portal, acl-bloomfilter-enabled:true, value storage provider: [org.exoplatform.services.jcr.impl.storage.value.fs.TreeFileValueStorage@3de37105] [e.j.c.core.JDBCWorkspaceDataContainer<main>] 
2026-08-12 13:51:29,094 | INFO  | The DB schema of the workspace 'system' has been initialized succesfully. [exo.jcr.component.core.DBInitializer<main>] 
2026-08-12 13:51:29,184 | INFO  | Infinispan Cache configuration used: jar:/conf/jcr/cache/local/cache-config.xml [e.j.c.core.InfinispanCacheFactory<main>] 
2026-08-12 13:51:29,201 | INFO  | A new ISPN Cache Manager instance has been registered for the region Data_repository_system and the container portal [e.j.c.core.InfinispanCacheFactory<main>] 
2026-08-12 13:51:29,203 | INFO  | The region Data_repository_system has been registered for the container portal [e.j.c.core.InfinispanCacheFactory<main>] 
2026-08-12 13:51:29,878 | INFO  | Value storage directory created: /srv/exo/jcr/values/collaboration_portal [exo.jcr.component.core.FileValueStorage<main>] 
2026-08-12 13:51:29,880 | INFO  | dialect:MYSQL, source-name:java:/comp/env/exo-jcr_portal, db-structure-type:single, update-storage:true, max-buffer-size:204800, swap-directory:/srv/exo/jcr/swap/collaboration_portal, db-tablename-suffix:COLLAB, acl-bloomfilter-enabled:true, value storage provider: [org.exoplatform.services.jcr.impl.storage.value.fs.TreeFileValueStorage@783f2dc9] [e.j.c.core.JDBCWorkspaceDataContainer<main>] 
2026-08-12 13:51:29,886 | INFO  | The DB schema of the workspace 'collaboration' has been initialized succesfully. [exo.jcr.component.core.DBInitializer<main>] 
2026-08-12 13:51:29,887 | INFO  | Infinispan Cache configuration used: jar:/conf/jcr/cache/local/cache-config.xml [e.j.c.core.InfinispanCacheFactory<main>] 
2026-08-12 13:51:29,892 | INFO  | The region Data_repository_collaboration has been registered for the container portal [e.j.c.core.InfinispanCacheFactory<main>] 
2026-08-12 13:51:29,899 | INFO  | Value storage directory created: /srv/exo/jcr/values/dms-system_portal [exo.jcr.component.core.FileValueStorage<main>] 
2026-08-12 13:51:29,900 | INFO  | dialect:MYSQL, source-name:java:/comp/env/exo-jcr_portal, db-structure-type:single, update-storage:true, max-buffer-size:204800, swap-directory:/srv/exo/jcr/swap/dms-system_portal, db-tablename-suffix:DMSSYS, acl-bloomfilter-enabled:true, value storage provider: [org.exoplatform.services.jcr.impl.storage.value.fs.TreeFileValueStorage@1abcbd74] [e.j.c.core.JDBCWorkspaceDataContainer<main>] 
2026-08-12 13:51:29,905 | INFO  | The DB schema of the workspace 'dms-system' has been initialized succesfully. [exo.jcr.component.core.DBInitializer<main>] 
2026-08-12 13:51:29,906 | INFO  | Infinispan Cache configuration used: jar:/conf/jcr/cache/local/cache-config.xml [e.j.c.core.InfinispanCacheFactory<main>] 
2026-08-12 13:51:29,911 | INFO  | The region Data_repository_dms_system has been registered for the container portal [e.j.c.core.InfinispanCacheFactory<main>] 
2026-08-12 13:51:30,101 | INFO  | ARJUNA012163: Starting service com.arjuna.ats.arjuna.recovery.ActionStatusService on port 41667 [com.arjuna.ats.arjuna<main>] 
2026-08-12 13:51:30,102 | INFO  | ARJUNA012337: TransactionStatusManagerItem host: 127.0.0.1 port: 41667 [com.arjuna.ats.arjuna<main>] 
2026-08-12 13:51:30,193 | INFO  | ARJUNA012170: TransactionStatusManager started on port 41667 and host 127.0.0.1 with service com.arjuna.ats.arjuna.recovery.ActionStatusService [com.arjuna.ats.arjuna<main>] 
2026-08-12 13:51:38,014 | INFO  | Infinispan Cache configuration used: jar:/conf/jcr/cache/local/lock-config.xml [e.j.c.core.InfinispanCacheFactory<main>] 
2026-08-12 13:51:38,071 | INFO  | The region Lrepositorysystem has been registered for the container portal [e.j.c.core.InfinispanCacheFactory<main>] 
2026-08-12 13:51:38,472 | INFO  | Indexer io mode=READ_WRITE [e.j.component.core.IndexerIoModeHandler<main>] 
2026-08-12 13:51:38,473 | INFO  | Index created: /srv/exo/jcr/index/system_portal_system [exo.jcr.component.core.SearchIndex<main>] 
2026-08-12 13:51:38,615 | INFO  | Setting index OFFLINE (repository/repository_system[system]) [exo.jcr.component.core.MultiIndex<main>] 
2026-08-12 13:51:38,929 | INFO  | Initial index for 114 nodes created (repository/repository_system[system]). [exo.jcr.component.core.MultiIndex<main>] 
2026-08-12 13:51:38,929 | INFO  | Setting index ONLINE (repository/repository_system[system]) [exo.jcr.component.core.MultiIndex<main>] 
2026-08-12 13:51:38,933 | INFO  | Index initialized: /srv/exo/jcr/index/system_portal_system Version: 4 [exo.jcr.component.core.SearchIndex<main>] 
2026-08-12 13:51:38,985 | INFO  | Index created: /srv/exo/jcr/index/system_portal [exo.jcr.component.core.SearchIndex<main>] 
2026-08-12 13:51:38,990 | INFO  | Setting index OFFLINE (repository/repository_system) [exo.jcr.component.core.MultiIndex<main>] 
2026-08-12 13:51:39,186 | INFO  | Initial index for 1 nodes created (repository/repository_system). [exo.jcr.component.core.MultiIndex<main>] 
2026-08-12 13:51:39,186 | INFO  | Setting index ONLINE (repository/repository_system) [exo.jcr.component.core.MultiIndex<main>] 
2026-08-12 13:51:39,188 | INFO  | Index initialized: /srv/exo/jcr/index/system_portal Version: 4 [exo.jcr.component.core.SearchIndex<main>] 
2026-08-12 13:51:39,238 | INFO  | Infinispan Cache configuration used: jar:/conf/jcr/cache/local/lock-config.xml [e.j.c.core.InfinispanCacheFactory<main>] 
2026-08-12 13:51:39,243 | INFO  | The region Lrepositorycollaboration has been registered for the container portal [e.j.c.core.InfinispanCacheFactory<main>] 
2026-08-12 13:51:39,490 | INFO  | Indexer io mode=READ_WRITE [e.j.component.core.IndexerIoModeHandler<main>] 
2026-08-12 13:51:39,490 | INFO  | Index created: /srv/exo/jcr/index/collaboration_portal [exo.jcr.component.core.SearchIndex<main>] 
2026-08-12 13:51:39,503 | INFO  | Setting index OFFLINE (repository/repository_collaboration) [exo.jcr.component.core.MultiIndex<main>] 
2026-08-12 13:51:39,599 | INFO  | Initial index for 1 nodes created (repository/repository_collaboration). [exo.jcr.component.core.MultiIndex<main>] 
2026-08-12 13:51:39,599 | INFO  | Setting index ONLINE (repository/repository_collaboration) [exo.jcr.component.core.MultiIndex<main>] 
2026-08-12 13:51:39,600 | INFO  | Index initialized: /srv/exo/jcr/index/collaboration_portal Version: 4 [exo.jcr.component.core.SearchIndex<main>] 
2026-08-12 13:51:39,674 | INFO  | Infinispan Cache configuration used: jar:/conf/jcr/cache/local/lock-config.xml [e.j.c.core.InfinispanCacheFactory<main>] 
2026-08-12 13:51:39,679 | INFO  | The region Lrepositorydms_system has been registered for the container portal [e.j.c.core.InfinispanCacheFactory<main>] 
2026-08-12 13:51:39,868 | INFO  | Indexer io mode=READ_WRITE [e.j.component.core.IndexerIoModeHandler<main>] 
2026-08-12 13:51:39,869 | INFO  | Index created: /srv/exo/jcr/index/dms-system_portal [exo.jcr.component.core.SearchIndex<main>] 
2026-08-12 13:51:39,870 | INFO  | Setting index OFFLINE (repository/repository_dms-system) [exo.jcr.component.core.MultiIndex<main>] 
2026-08-12 13:51:40,019 | INFO  | Initial index for 1 nodes created (repository/repository_dms-system). [exo.jcr.component.core.MultiIndex<main>] 
2026-08-12 13:51:40,019 | INFO  | Setting index ONLINE (repository/repository_dms-system) [exo.jcr.component.core.MultiIndex<main>] 
2026-08-12 13:51:40,021 | INFO  | Index initialized: /srv/exo/jcr/index/dms-system_portal Version: 4 [exo.jcr.component.core.SearchIndex<main>] 
2026-08-12 13:51:50,275 | INFO  | Admin identity is read from configuration file [exo-jcr-services.AuditService<main>] 
2026-08-12 13:51:50,413 | INFO  | Algorithm SHA-256 will be used for password hashing [o.e.w.s.hash.Argon2IdPasswordEncoder<main>] 
2026-08-12 13:51:50,413 | INFO  | Registered SecureRandomProvider will be used for random generating of password salts [o.e.w.s.hash.Argon2IdPasswordEncoder<main>] 
2026-08-12 13:51:50,416 | INFO  | Binary provider used org.exoplatform.commons.file.resource.FileSystemResourceProvider [o.e.c.f.resource.BinaryProviderDelegate<main>] 
2026-08-12 13:51:50,422 | INFO  | Start Init Files nameSpaces  [o.e.c.file.services.NameSpaceService<main>] 
2026-08-12 13:51:50,426 | INFO  | ProcessesNameSpacePlugin declares the namespace processesApp [o.e.c.file.services.NameSpaceService<main>] 
2026-08-12 13:51:50,428 | INFO  | WikiNameSpacePlugin declares the namespace wiki [o.e.c.file.services.NameSpaceService<main>] 
2026-08-12 13:51:50,429 | INFO  | PerkStoreNameSpacePlugin declares the namespace PerkStore [o.e.c.file.services.NameSpaceService<main>] 
2026-08-12 13:51:50,431 | INFO  | SocialNameSpacePlugin declares the namespace social [o.e.c.file.services.NameSpaceService<main>] 
2026-08-12 13:51:50,432 | INFO  | AttachmentNameSpacePlugin declares the namespace attachment [o.e.c.file.services.NameSpaceService<main>] 
2026-08-12 13:51:50,434 | INFO  | LinksNameSpacePlugin declares the namespace links [o.e.c.file.services.NameSpaceService<main>] 
2026-08-12 13:51:50,439 | INFO  | AppCenterNameSpacePlugin declares the namespace appCenter [o.e.c.file.services.NameSpaceService<main>] 
2026-08-12 13:51:50,440 | INFO  | BrandingNameSpacePlugin declares the namespace CompanyBranding [o.e.c.file.services.NameSpaceService<main>] 
2026-08-12 13:51:50,442 | INFO  | SitesNameSpacePlugin declares the namespace sites [o.e.c.file.services.NameSpaceService<main>] 
2026-08-12 13:51:50,444 | INFO  | NewsNameSpacePlugin declares the namespace news [o.e.c.file.services.NameSpaceService<main>] 
2026-08-12 13:51:50,447 | INFO  | SocialNameSpacePlugin declares the namespace gamification [o.e.c.file.services.NameSpaceService<main>] 
2026-08-12 13:51:50,469 | INFO  | End Init Files nameSpaces  [o.e.c.file.services.NameSpaceService<main>] 
2026-08-12 13:51:50,575 | INFO  | Start initialization of the Profile settings service data [o.e.s.c.p.ProfilePropertyDatabaseInitializer<main>] 
2026-08-12 13:51:50,648 | INFO  | New profile property setting fullName created [o.e.s.c.p.ProfilePropertyDatabaseInitializer<main>] 
2026-08-12 13:51:50,698 | INFO  | New profile property setting firstName created [o.e.s.c.p.ProfilePropertyDatabaseInitializer<main>] 
2026-08-12 13:51:50,735 | INFO  | New profile property setting lastName created [o.e.s.c.p.ProfilePropertyDatabaseInitializer<main>] 
2026-08-12 13:51:50,774 | INFO  | New profile property setting email created [o.e.s.c.p.ProfilePropertyDatabaseInitializer<main>] 
2026-08-12 13:51:50,833 | INFO  | New profile property setting position created [o.e.s.c.p.ProfilePropertyDatabaseInitializer<main>] 
2026-08-12 13:51:50,903 | INFO  | New profile property setting company created [o.e.s.c.p.ProfilePropertyDatabaseInitializer<main>] 
2026-08-12 13:51:50,945 | INFO  | New profile property setting location created [o.e.s.c.p.ProfilePropertyDatabaseInitializer<main>] 
2026-08-12 13:51:50,993 | INFO  | New profile property setting department created [o.e.s.c.p.ProfilePropertyDatabaseInitializer<main>] 
2026-08-12 13:51:51,043 | INFO  | New profile property setting team created [o.e.s.c.p.ProfilePropertyDatabaseInitializer<main>] 
2026-08-12 13:51:51,077 | INFO  | New profile property setting profession created [o.e.s.c.p.ProfilePropertyDatabaseInitializer<main>] 
2026-08-12 13:51:51,203 | INFO  | New profile property setting manager created [o.e.s.c.p.ProfilePropertyDatabaseInitializer<main>] 
2026-08-12 13:51:51,313 | INFO  | New profile property setting country created [o.e.s.c.p.ProfilePropertyDatabaseInitializer<main>] 
2026-08-12 13:51:51,397 | INFO  | New profile property setting city created [o.e.s.c.p.ProfilePropertyDatabaseInitializer<main>] 
2026-08-12 13:51:51,428 | INFO  | New profile property setting urls created [o.e.s.c.p.ProfilePropertyDatabaseInitializer<main>] 
2026-08-12 13:51:51,428 | INFO  | Profile settings service data initialized [o.e.s.c.p.ProfilePropertyDatabaseInitializer<main>] 
2026-08-12 13:51:52,457 | INFO  | The JCR will throw an exception anytime we will try to use a dead session. [exo.jcr.component.core.SessionImpl<main>] 
2026-08-12 13:51:52,541 | INFO  | Create node with alias 'eXoApplications' 'collaboration:/exo:applications' [e.j.c.ext.NodeHierarchyCreatorImpl<main>] 
2026-08-12 13:51:52,657 | INFO  | Create node with alias 'eXoServices' 'collaboration:/exo:services' [e.j.c.ext.NodeHierarchyCreatorImpl<main>] 
2026-08-12 13:51:52,775 | INFO  | Create node with alias 'usersPath' 'collaboration:/Users' [e.j.c.ext.NodeHierarchyCreatorImpl<main>] 
2026-08-12 13:51:52,844 | INFO  | Create node with alias 'groupsPath' 'collaboration:/Groups' [e.j.c.ext.NodeHierarchyCreatorImpl<main>] 
2026-08-12 13:51:52,960 | INFO  | Create node with alias 'exoECMSystemPath' 'dms-system:/exo:ecm' [e.j.c.ext.NodeHierarchyCreatorImpl<main>] 
2026-08-12 13:51:53,032 | INFO  | Create node with alias 'exoTaxoTreesDefinitionPath' 'dms-system:/exo:ecm/exo:taxonomyTrees/definition' [e.j.c.ext.NodeHierarchyCreatorImpl<main>] 
2026-08-12 13:51:53,276 | INFO  | Create node with alias 'exoTaxoTreesStoragePath' 'dms-system:/exo:ecm/exo:taxonomyTrees/storage' [e.j.c.ext.NodeHierarchyCreatorImpl<main>] 
2026-08-12 13:51:53,343 | INFO  | Create node with alias 'exoFolksonomiesPath' 'dms-system:/exo:ecm/exo:folksonomies' [e.j.c.ext.NodeHierarchyCreatorImpl<main>] 
2026-08-12 13:51:53,402 | INFO  | Create node with alias 'exoTagStylePath' 'dms-system:/exo:ecm/exo:folksonomies/exo:tagStyles' [e.j.c.ext.NodeHierarchyCreatorImpl<main>] 
2026-08-12 13:51:53,453 | INFO  | Create node with alias 'exoDrivesPath' 'dms-system:/exo:ecm/exo:drives' [e.j.c.ext.NodeHierarchyCreatorImpl<main>] 
2026-08-12 13:51:53,511 | INFO  | Create node with alias 'templatesPath' 'dms-system:/exo:ecm/templates' [e.j.c.ext.NodeHierarchyCreatorImpl<main>] 
2026-08-12 13:51:53,554 | INFO  | Create node with alias 'cmsScriptsPath' 'dms-system:/exo:ecm/scripts' [e.j.c.ext.NodeHierarchyCreatorImpl<main>] 
2026-08-12 13:51:53,663 | INFO  | Create node with alias 'ecmExplorerScripts' 'dms-system:/exo:ecm/scripts/ecm-explorer' [e.j.c.ext.NodeHierarchyCreatorImpl<main>] 
2026-08-12 13:51:53,740 | INFO  | Create node with alias 'ecmActionScripts' 'dms-system:/exo:ecm/scripts/ecm-explorer/action' [e.j.c.ext.NodeHierarchyCreatorImpl<main>] 
2026-08-12 13:51:53,857 | INFO  | Create node with alias 'ecmInterceptorScripts' 'dms-system:/exo:ecm/scripts/ecm-explorer/interceptor' [e.j.c.ext.NodeHierarchyCreatorImpl<main>] 
2026-08-12 13:51:53,964 | INFO  | Create node with alias 'ecmWidgetScripts' 'dms-system:/exo:ecm/scripts/ecm-explorer/widget' [e.j.c.ext.NodeHierarchyCreatorImpl<main>] 
2026-08-12 13:51:54,048 | INFO  | Create node with alias 'metadataPath' 'dms-system:/exo:ecm/metadata' [e.j.c.ext.NodeHierarchyCreatorImpl<main>] 
2026-08-12 13:51:54,258 | INFO  | Create node with alias 'queriesPath' 'dms-system:/exo:ecm/queries' [e.j.c.ext.NodeHierarchyCreatorImpl<main>] 
2026-08-12 13:51:54,309 | INFO  | Create node with alias 'viewsPath' 'dms-system:/exo:ecm/views' [e.j.c.ext.NodeHierarchyCreatorImpl<main>] 
2026-08-12 13:51:54,361 | INFO  | Create node with alias 'viewTemplatesPath' 'dms-system:/exo:ecm/views/templates' [e.j.c.ext.NodeHierarchyCreatorImpl<main>] 
2026-08-12 13:51:54,437 | INFO  | Create node with alias 'userViewsPath' 'dms-system:/exo:ecm/views/userviews' [e.j.c.ext.NodeHierarchyCreatorImpl<main>] 
2026-08-12 13:51:54,512 | INFO  | Create node with alias 'ecmExplorerTemplates' 'dms-system:/exo:ecm/views/templates/ecm-explorer' [e.j.c.ext.NodeHierarchyCreatorImpl<main>] 
2026-08-12 13:51:54,555 | INFO  | Create node with alias 'digitalAssetsPath' 'collaboration:/Digital Assets' [e.j.c.ext.NodeHierarchyCreatorImpl<main>] 
2026-08-12 13:51:54,713 | INFO  | Create node with alias 'digitalPicturePath' 'collaboration:/Digital Assets/Pictures' [e.j.c.ext.NodeHierarchyCreatorImpl<main>] 
2026-08-12 13:51:54,782 | INFO  | Create node with alias 'digitalVideoPath' 'collaboration:/Digital Assets/Videos' [e.j.c.ext.NodeHierarchyCreatorImpl<main>] 
2026-08-12 13:51:54,918 | INFO  | Create node with alias 'digitalAudioPath' 'collaboration:/Digital Assets/Music' [e.j.c.ext.NodeHierarchyCreatorImpl<main>] 
2026-08-12 13:51:54,978 | INFO  | Create node with alias 'newDocumentsTrashPath' 'collaboration:/Trash' [e.j.c.ext.NodeHierarchyCreatorImpl<main>] 
2026-08-12 13:51:55,085 | INFO  | Create node with alias 'exoPublicTagNode' 'collaboration:/tags' [e.j.c.ext.NodeHierarchyCreatorImpl<main>] 
2026-08-12 13:51:55,189 | INFO  | Create node with alias 'exoLogosNode' 'collaboration:/Application Data' [e.j.c.ext.NodeHierarchyCreatorImpl<main>] 
2026-08-12 13:51:56,235 | INFO  | Creating Portal config of site of type 'portal' with name 'global' [o.e.p.mop.importer.PortalConfigImporter<main>] 
2026-08-12 13:51:56,480 | INFO  | Importing Site of type 'portal' with name 'global' from location 'war:/conf/agenda/portal' wth mode 'insert' [o.e.p.config.NewPortalConfigListener<main>] 
2026-08-12 13:51:56,539 | INFO  | Importing Site of type 'portal' with name 'global' from location 'war:/conf/documents/portal' wth mode 'insert' [o.e.p.config.NewPortalConfigListener<main>] 
2026-08-12 13:51:56,545 | INFO  | Importing Site of type 'portal' with name 'global' from location 'war:/conf/processes/portal' wth mode 'merge' [o.e.p.config.NewPortalConfigListener<main>] 
2026-08-12 13:51:56,612 | INFO  | Updating Portal config of site of type 'portal' with name 'global' [o.e.p.mop.importer.PortalConfigImporter<main>] 
2026-08-12 13:51:57,478 | INFO  | Importing Site of type 'portal' with name 'global' from location 'war:/conf/sites/' wth mode 'insert' [o.e.p.config.NewPortalConfigListener<main>] 
2026-08-12 13:51:57,489 | INFO  | Creating Portal config of site of type 'portal_template' with name 'public' [o.e.p.mop.importer.PortalConfigImporter<main>] 
2026-08-12 13:51:59,429 | INFO  | Importing Site of type 'portal_template' with name 'public' from location 'war:/conf/sites/' wth mode 'insert' [o.e.p.config.NewPortalConfigListener<main>] 
2026-08-12 13:51:59,434 | INFO  | Creating Portal config of site of type 'portal_template' with name 'spacePublic' [o.e.p.mop.importer.PortalConfigImporter<main>] 
2026-08-12 13:52:01,075 | INFO  | Importing Site of type 'portal_template' with name 'spacePublic' from location 'war:/conf/sites/' wth mode 'insert' [o.e.p.config.NewPortalConfigListener<main>] 
2026-08-12 13:52:01,079 | INFO  | Creating Portal config of site of type 'portal_template' with name 'basic' [o.e.p.mop.importer.PortalConfigImporter<main>] 
2026-08-12 13:52:01,440 | INFO  | Importing Site of type 'portal_template' with name 'basic' from location 'war:/conf/sites/' wth mode 'insert' [o.e.p.config.NewPortalConfigListener<main>] 
2026-08-12 13:52:01,444 | INFO  | Creating Portal config of site of type 'group_template' with name 'project' [o.e.p.mop.importer.PortalConfigImporter<main>] 
2026-08-12 13:52:02,063 | INFO  | Importing Site of type 'group_template' with name 'project' from location 'war:/conf/sites/' wth mode 'conserve' [o.e.p.config.NewPortalConfigListener<main>] 
2026-08-12 13:52:02,067 | INFO  | Creating Portal config of site of type 'group_template' with name 'circle' [o.e.p.mop.importer.PortalConfigImporter<main>] 
2026-08-12 13:52:02,649 | INFO  | Importing Site of type 'group_template' with name 'circle' from location 'war:/conf/sites/' wth mode 'conserve' [o.e.p.config.NewPortalConfigListener<main>] 
2026-08-12 13:52:02,653 | INFO  | Creating Portal config of site of type 'group_template' with name 'community' [o.e.p.mop.importer.PortalConfigImporter<main>] 
2026-08-12 13:52:02,969 | INFO  | Importing Site of type 'group_template' with name 'community' from location 'war:/conf/sites/' wth mode 'conserve' [o.e.p.config.NewPortalConfigListener<main>] 
2026-08-12 13:52:02,973 | INFO  | Creating Portal config of site of type 'group_template' with name 'space' [o.e.p.mop.importer.PortalConfigImporter<main>] 
2026-08-12 13:52:03,357 | INFO  | Importing Site of type 'group_template' with name 'space' from location 'war:/conf/sites/' wth mode 'conserve' [o.e.p.config.NewPortalConfigListener<main>] 
2026-08-12 13:52:03,361 | INFO  | Creating Portal config of site of type 'group_template' with name 'announcement' [o.e.p.mop.importer.PortalConfigImporter<main>] 
2026-08-12 13:52:03,611 | INFO  | Importing Site of type 'group_template' with name 'announcement' from location 'war:/conf/sites/' wth mode 'conserve' [o.e.p.config.NewPortalConfigListener<main>] 
2026-08-12 13:52:03,613 | INFO  | Creating Portal config of site of type 'portal' with name 'dw' [o.e.p.mop.importer.PortalConfigImporter<main>] 
2026-08-12 13:52:03,817 | INFO  | Importing Site of type 'portal' with name 'dw' from location 'war:/conf/digital-workplace/' wth mode 'conserve' [o.e.p.config.NewPortalConfigListener<main>] 
2026-08-12 13:52:03,820 | INFO  | Creating Portal config of site of type 'portal' with name 'myworkspace' [o.e.p.mop.importer.PortalConfigImporter<main>] 
2026-08-12 13:52:04,175 | INFO  | Importing Site of type 'portal' with name 'myworkspace' from location 'null' wth mode 'conserve' [o.e.p.config.NewPortalConfigListener<main>] 
2026-08-12 13:52:04,190 | INFO  | Importing Site of type 'portal' with name 'global' from location 'war:/conf/digital-workplace' wth mode 'insert' [o.e.p.config.NewPortalConfigListener<main>] 
2026-08-12 13:52:04,209 | INFO  | Importing Site of type 'group_template' with name 'project' from location 'war:/conf/digital-workplace/' wth mode 'conserve' [o.e.p.config.NewPortalConfigListener<main>] 
2026-08-12 13:52:04,226 | INFO  | Importing Site of type 'group_template' with name 'circle' from location 'war:/conf/digital-workplace/' wth mode 'conserve' [o.e.p.config.NewPortalConfigListener<main>] 
2026-08-12 13:52:04,242 | INFO  | Importing Site of type 'group_template' with name 'community' from location 'war:/conf/digital-workplace/' wth mode 'conserve' [o.e.p.config.NewPortalConfigListener<main>] 
2026-08-12 13:52:04,259 | INFO  | Importing Site of type 'group_template' with name 'space' from location 'war:/conf/digital-workplace/' wth mode 'conserve' [o.e.p.config.NewPortalConfigListener<main>] 
2026-08-12 13:52:04,276 | INFO  | Importing Site of type 'group_template' with name 'announcement' from location 'war:/conf/digital-workplace/' wth mode 'conserve' [o.e.p.config.NewPortalConfigListener<main>] 
2026-08-12 13:52:04,280 | INFO  | Creating Portal config of site of type 'portal' with name 'public' [o.e.p.mop.importer.PortalConfigImporter<main>] 
2026-08-12 13:52:05,838 | INFO  | Importing Site of type 'portal' with name 'public' from location 'war:/conf/sites/' wth mode 'insert' [o.e.p.config.NewPortalConfigListener<main>] 
2026-08-12 13:52:05,845 | INFO  | Creating Portal config of site of type 'portal' with name 'administration' [o.e.p.mop.importer.PortalConfigImporter<main>] 
2026-08-12 13:52:06,732 | INFO  | Importing Site of type 'portal' with name 'administration' from location 'war:/conf/sites/' wth mode 'insert' [o.e.p.config.NewPortalConfigListener<main>] 
2026-08-12 13:52:06,764 | INFO  | Importing Site of type 'portal' with name 'administration' from location 'war:/conf/digital-workplace' wth mode 'insert' [o.e.p.config.NewPortalConfigListener<main>] 
2026-08-12 13:52:13,701 | WARN  | Error getting mapping of analytics : - 		code : 404 - 		message: {"error":{"root_cause":[{"type":"index_not_found_exception","reason":"no such index [analytics_alias]","resource.type":"index_or_alias","resource.id":"analytics_alias","index_uuid":"_na_","index":"analytics_alias"}],"type":"index_not_found_exception","reason":"no such index [analytics_alias]","resource.type":"index_or_alias","resource.id":"analytics_alias","index_uuid":"_na_","index":"analytics_alias"},"status":404} [i.m.a.e.s.ElasticsearchAnalyticsStorage<pool-5-thread-1>] 
2026-08-12 13:54:13,697 | WARN  | Error getting mapping of analytics : - 		code : 404 - 		message: {"error":{"root_cause":[{"type":"index_not_found_exception","reason":"no such index [analytics_alias]","resource.type":"index_or_alias","resource.id":"analytics_alias","index_uuid":"_na_","index":"analytics_alias"}],"type":"index_not_found_exception","reason":"no such index [analytics_alias]","resource.type":"index_or_alias","resource.id":"analytics_alias","index_uuid":"_na_","index":"analytics_alias"},"status":404} [i.m.a.e.s.ElasticsearchAnalyticsStorage<pool-5-thread-1>] 
2026-08-12 13:56:09,600 | INFO  | Clean all locked nodes in the system [o.e.s.cms.lock.impl.LockServiceImpl<main>] 
2026-08-12 13:56:10,921 | INFO  | Onlyoffice Editor service successfuly started [o.e.o.OnlyofficeEditorServiceImpl<main>] 
2026-08-12 13:56:11,294 | INFO  | Web Conferencing service started. [o.e.w.WebConferencingService<main>] 
2026-08-12 13:56:11,317 | INFO  | 0 Calls state were updated to stopped  [o.e.w.WebConferencingService<main>] 
2026-08-12 13:56:13,698 | WARN  | Error getting mapping of analytics : - 		code : 404 - 		message: {"error":{"root_cause":[{"type":"index_not_found_exception","reason":"no such index [analytics_alias]","resource.type":"index_or_alias","resource.id":"analytics_alias","index_uuid":"_na_","index":"analytics_alias"}],"type":"index_not_found_exception","reason":"no such index [analytics_alias]","resource.type":"index_or_alias","resource.id":"analytics_alias","index_uuid":"_na_","index":"analytics_alias"},"status":404} [i.m.a.e.s.ElasticsearchAnalyticsStorage<pool-5-thread-1>] 
2026-08-12 13:56:21,954 | INFO  | No Cloud Drive providers configured. [o.e.s.cms.clouddrives.CloudDriveService<main>] 
2026-08-12 13:56:31,193 | INFO  | Register WebDAV path mapping listener on '/Users' [o.e.d.s.j.w.plugin.PathCommandHandler<main>] 
2026-08-12 13:56:31,193 | INFO  | Register WebDAV path mapping listener on '/Groups/spaces' [o.e.d.s.j.w.plugin.PathCommandHandler<main>] 
2026-08-12 13:56:35,181 | INFO  | def-folder-node-type = nt:folder [e.j.c.webdav.WebDavServiceInitParams<main>] 
2026-08-12 13:56:35,181 | INFO  | def-file-node-type = nt:file [e.j.c.webdav.WebDavServiceInitParams<main>] 
2026-08-12 13:56:35,181 | INFO  | def-file-mimetype = application/octet-stream [e.j.c.webdav.WebDavServiceInitParams<main>] 
2026-08-12 13:56:35,181 | INFO  | update-policy = create-version [e.j.c.webdav.WebDavServiceInitParams<main>] 
2026-08-12 13:56:35,181 | INFO  | auto-version = checkin-checkout [e.j.c.webdav.WebDavServiceInitParams<main>] 
2026-08-12 13:56:35,181 | INFO  | folder-listing-paths-allowed-regex =  [e.j.c.webdav.WebDavServiceInitParams<main>] 
2026-08-12 13:56:35,181 | INFO  | untrusted-user-agents = gvfs/* [e.j.c.webdav.WebDavServiceInitParams<main>] 
2026-08-12 13:56:35,181 | INFO  | untrusted-user-agents = Microsoft Office .* [e.j.c.webdav.WebDavServiceInitParams<main>] 
2026-08-12 13:56:35,181 | INFO  | untrusted-user-agents = (Word|Excel|PowerPoint).* [e.j.c.webdav.WebDavServiceInitParams<main>] 
2026-08-12 13:56:35,181 | INFO  | folder-icon-path = /eXoWCMResources/skin/images/file/nt-folder.png [e.j.c.webdav.WebDavServiceInitParams<main>] 
2026-08-12 13:56:35,394 | INFO  | Index news_v1 doesn't exist. Index creation requests will be sent. [o.e.c.s.es.client.ElasticIndexingClient<main>] 
2026-08-12 13:56:45,229 | INFO  | create_index;;news_v1;200;{"acknowledged":true,"shards_acknowledged":true,"index":"news_v1"};9833;{} [org.exoplatform.es.audittrail<main>] 
2026-08-12 13:56:45,229 | INFO  | Index alias 'news_alias' will be created to refer the index 'news_v1' [o.e.c.s.es.client.ElasticIndexingClient<main>] 
2026-08-12 13:56:45,727 | INFO  | create_index_alias;;news_v1;200;{"acknowledged":true,"errors":false};498;{} [org.exoplatform.es.audittrail<main>] 
2026-08-12 13:56:45,731 | INFO  | Index notes_v1 doesn't exist. Index creation requests will be sent. [o.e.c.s.es.client.ElasticIndexingClient<main>] 
2026-08-12 13:56:55,467 | INFO  | create_index;;notes_v1;200;{"acknowledged":true,"shards_acknowledged":true,"index":"notes_v1"};9736;{} [org.exoplatform.es.audittrail<main>] 
2026-08-12 13:56:55,467 | INFO  | Index alias 'notes_alias' will be created to refer the index 'notes_v1' [o.e.c.s.es.client.ElasticIndexingClient<main>] 
2026-08-12 13:56:56,131 | INFO  | create_index_alias;;notes_v1;200;{"acknowledged":true,"errors":false};664;{} [org.exoplatform.es.audittrail<main>] 
2026-08-12 13:56:56,135 | INFO  | Index file_v4 doesn't exist. Index creation requests will be sent. [o.e.c.s.es.client.ElasticIndexingClient<main>] 
2026-08-12 13:57:08,548 | INFO  | create_index;;file_v4;200;{"acknowledged":true,"shards_acknowledged":true,"index":"file_v4"};12413;{} [org.exoplatform.es.audittrail<main>] 
2026-08-12 13:57:08,548 | INFO  | Index alias 'file_alias' will be created to refer the index 'file_v4' [o.e.c.s.es.client.ElasticIndexingClient<main>] 
2026-08-12 13:57:10,562 | INFO  | create_index_alias;;file_v4;200;{"acknowledged":true,"errors":false};2014;{} [org.exoplatform.es.audittrail<main>] 
2026-08-12 13:57:10,567 | INFO  | Pipeline doesn't exist for index file_v4. Mapping creation requests will be sent. [o.e.c.s.es.client.ElasticIndexingClient<main>] 
2026-08-12 13:57:12,676 | INFO  | create_pipeline;;file_v4;200;{"acknowledged":true};2109;{} [org.exoplatform.es.audittrail<main>] 
2026-08-12 13:57:12,680 | INFO  | Index task_v1 doesn't exist. Index creation requests will be sent. [o.e.c.s.es.client.ElasticIndexingClient<main>] 
2026-08-12 13:57:41,012 | INFO  | create_index;;task_v1;200;{"acknowledged":true,"shards_acknowledged":true,"index":"task_v1"};28332;{} [org.exoplatform.es.audittrail<main>] 
2026-08-12 13:57:41,012 | INFO  | Index alias 'task_alias' will be created to refer the index 'task_v1' [o.e.c.s.es.client.ElasticIndexingClient<main>] 
2026-08-12 13:57:43,066 | INFO  | create_index_alias;;task_v1;200;{"acknowledged":true,"errors":false};2054;{} [org.exoplatform.es.audittrail<main>] 
2026-08-12 13:57:43,070 | INFO  | Index activity_v1 doesn't exist. Index creation requests will be sent. [o.e.c.s.es.client.ElasticIndexingClient<main>] 
2026-08-12 13:57:54,135 | INFO  | create_index;;activity_v1;200;{"acknowledged":true,"shards_acknowledged":true,"index":"activity_v1"};11065;{} [org.exoplatform.es.audittrail<main>] 
2026-08-12 13:57:54,136 | INFO  | Index alias 'activity_alias' will be created to refer the index 'activity_v1' [o.e.c.s.es.client.ElasticIndexingClient<main>] 
2026-08-12 13:57:54,670 | INFO  | create_index_alias;;activity_v1;200;{"acknowledged":true,"errors":false};534;{} [org.exoplatform.es.audittrail<main>] 
2026-08-12 13:57:54,713 | INFO  | Index profile_v4 doesn't exist. Index creation requests will be sent. [o.e.c.s.es.client.ElasticIndexingClient<main>] 
2026-08-12 13:58:04,960 | INFO  | create_index;;profile_v4;200;{"acknowledged":true,"shards_acknowledged":true,"index":"profile_v4"};10247;{} [org.exoplatform.es.audittrail<main>] 
2026-08-12 13:58:04,960 | INFO  | Index alias 'profile_alias' will be created to refer the index 'profile_v4' [o.e.c.s.es.client.ElasticIndexingClient<main>] 
2026-08-12 13:58:06,157 | INFO  | create_index_alias;;profile_v4;200;{"acknowledged":true,"errors":false};1197;{} [org.exoplatform.es.audittrail<main>] 
2026-08-12 13:58:06,161 | INFO  | Index rule_v1 doesn't exist. Index creation requests will be sent. [o.e.c.s.es.client.ElasticIndexingClient<main>] 
2026-08-12 13:58:13,697 | WARN  | Error getting mapping of analytics : - 		code : 404 - 		message: {"error":{"root_cause":[{"type":"index_not_found_exception","reason":"no such index [analytics_alias]","resource.type":"index_or_alias","resource.id":"analytics_alias","index_uuid":"_na_","index":"analytics_alias"}],"type":"index_not_found_exception","reason":"no such index [analytics_alias]","resource.type":"index_or_alias","resource.id":"analytics_alias","index_uuid":"_na_","index":"analytics_alias"},"status":404} [i.m.a.e.s.ElasticsearchAnalyticsStorage<pool-5-thread-1>] 
2026-08-12 13:58:15,907 | INFO  | create_index;;rule_v1;200;{"acknowledged":true,"shards_acknowledged":true,"index":"rule_v1"};9746;{} [org.exoplatform.es.audittrail<main>] 
2026-08-12 13:58:15,907 | INFO  | Index alias 'rule_alias' will be created to refer the index 'rule_v1' [o.e.c.s.es.client.ElasticIndexingClient<main>] 
2026-08-12 13:58:17,014 | INFO  | create_index_alias;;rule_v1;200;{"acknowledged":true,"errors":false};1107;{} [org.exoplatform.es.audittrail<main>] 
2026-08-12 13:58:17,017 | INFO  | Index event_v1 doesn't exist. Index creation requests will be sent. [o.e.c.s.es.client.ElasticIndexingClient<main>] 
2026-08-12 13:58:27,278 | INFO  | create_index;;event_v1;200;{"acknowledged":true,"shards_acknowledged":true,"index":"event_v1"};10261;{} [org.exoplatform.es.audittrail<main>] 
2026-08-12 13:58:27,278 | INFO  | Index alias 'event_alias' will be created to refer the index 'event_v1' [o.e.c.s.es.client.ElasticIndexingClient<main>] 
2026-08-12 13:58:27,829 | INFO  | create_index_alias;;event_v1;200;{"acknowledged":true,"errors":false};551;{} [org.exoplatform.es.audittrail<main>] 
2026-08-12 13:58:27,833 | INFO  | Index category_v2 doesn't exist. Index creation requests will be sent. [o.e.c.s.es.client.ElasticIndexingClient<main>] 
2026-08-12 13:58:38,003 | INFO  | create_index;;category_v2;200;{"acknowledged":true,"shards_acknowledged":true,"index":"category_v2"};10169;{} [org.exoplatform.es.audittrail<main>] 
2026-08-12 13:58:38,003 | INFO  | Index alias 'category_alias' will be created to refer the index 'category_v2' [o.e.c.s.es.client.ElasticIndexingClient<main>] 
2026-08-12 13:58:38,545 | INFO  | create_index_alias;;category_v2;200;{"acknowledged":true,"errors":false};542;{} [org.exoplatform.es.audittrail<main>] 
2026-08-12 13:58:38,552 | INFO  | Index notes_v1 already exists. Index creation requests will not be sent. [o.e.c.s.es.client.ElasticIndexingClient<main>] 
2026-08-12 13:58:38,555 | INFO  | Index space_v9 doesn't exist. Index creation requests will be sent. [o.e.c.s.es.client.ElasticIndexingClient<main>] 
2026-08-12 13:58:49,610 | INFO  | create_index;;space_v9;200;{"acknowledged":true,"shards_acknowledged":true,"index":"space_v9"};11055;{} [org.exoplatform.es.audittrail<main>] 
2026-08-12 13:58:49,610 | INFO  | Index alias 'space_alias' will be created to refer the index 'space_v9' [o.e.c.s.es.client.ElasticIndexingClient<main>] 
2026-08-12 13:58:50,195 | INFO  | create_index_alias;;space_v9;200;{"acknowledged":true,"errors":false};585;{} [org.exoplatform.es.audittrail<main>] 
2026-08-12 13:58:51,541 | INFO  | initializing CSS class icon files... [o.exoplatform.ecms.css.CssClassManager<main>] 
2026-08-12 13:58:51,549 | INFO  | Platform first run - init and store product Information [o.e.commons.info.ProductInformations<main>] 
2026-08-12 13:58:56,951 | INFO  | Start ActionServiceContainerImpl... [o.e.s.c.a.i.ActionServiceContainerImpl<main>] 
2026-08-12 13:59:03,091 | INFO  | Property 'commons.upgrade.plugins.order' wasn't set, use execution order of each plugin. [o.e.c.upgrade.UpgradeProductService<main>] 
2026-08-12 13:59:03,096 | INFO  | Add Product UpgradePlugin 'DocumentsProcessesPlugin' [o.e.c.upgrade.UpgradeProductService<main>] 
2026-08-12 13:59:03,098 | INFO  | Add Product UpgradePlugin 'HideDefaultFoldersUpgradePlugin' [o.e.c.upgrade.UpgradeProductService<main>] 
2026-08-12 13:59:03,099 | INFO  | Add Product UpgradePlugin 'NotificationSettingsUpgradePlugin' [o.e.c.upgrade.UpgradeProductService<main>] 
2026-08-12 13:59:03,101 | INFO  | Add Product UpgradePlugin 'AddPublishersPermissionsUpgradePlugin' [o.e.c.upgrade.UpgradeProductService<main>] 
2026-08-12 13:59:03,102 | INFO  | Add Product UpgradePlugin 'RemoveAnyPermissionUpgradePlugin' [o.e.c.upgrade.UpgradeProductService<main>] 
2026-08-12 13:59:03,117 | INFO  | Add Product UpgradePlugin 'NewsArticlesUpgradePlugin' [o.e.c.upgrade.UpgradeProductService<main>] 
2026-08-12 13:59:03,119 | INFO  | Add Product UpgradePlugin 'ContentArticlePropertiesUpgrade' [o.e.c.upgrade.UpgradeProductService<main>] 
2026-08-12 13:59:03,121 | INFO  | Add Product UpgradePlugin 'ContentArticleAttachmentsUpgrade' [o.e.c.upgrade.UpgradeProductService<main>] 
2026-08-12 13:59:03,122 | INFO  | Add Product UpgradePlugin 'ArticleImagesPermissionsUpgradePlugin' [o.e.c.upgrade.UpgradeProductService<main>] 
2026-08-12 13:59:03,125 | INFO  | UpgradePlugin: name = 'ContentDraftArticlesUpgrade' is disabled. [o.e.c.upgrade.UpgradeProductService<main>] 
2026-08-12 13:59:03,126 | INFO  | Add Product UpgradePlugin 'CalendarPagesUpgradePlugin' [o.e.c.upgrade.UpgradeProductService<main>] 
2026-08-12 13:59:03,126 | INFO  | Add Product UpgradePlugin 'CalendarWidgetPagesUpgradePlugin' [o.e.c.upgrade.UpgradeProductService<main>] 
2026-08-12 13:59:03,126 | INFO  | Add Product UpgradePlugin 'BrandingAdminPageUpgradePlugin' [o.e.c.upgrade.UpgradeProductService<main>] 
2026-08-12 13:59:03,127 | INFO  | Add Product UpgradePlugin 'SocialLegacyPagesUpgradePlugin' [o.e.c.upgrade.UpgradeProductService<main>] 
2026-08-12 13:59:03,127 | INFO  | Add Product UpgradePlugin 'NotesPagesUpgradePlugin' [o.e.c.upgrade.UpgradeProductService<main>] 
2026-08-12 13:59:03,128 | INFO  | Add Product UpgradePlugin 'AddCSSClassToSnapshotHomePage' [o.e.c.upgrade.UpgradeProductService<main>] 
2026-08-12 13:59:03,128 | INFO  | Add Product UpgradePlugin 'ContentPagesUpgradePlugin' [o.e.c.upgrade.UpgradeProductService<main>] 
2026-08-12 13:59:03,131 | INFO  | Add Product UpgradePlugin 'ContentPagesProfilesUpgradePlugin' [o.e.c.upgrade.UpgradeProductService<main>] 
2026-08-12 13:59:03,132 | INFO  | Add Product UpgradePlugin 'ExternalUserUpgradePluginV1' [o.e.c.upgrade.UpgradeProductService<main>] 
2026-08-12 13:59:03,164 | INFO  | Add Product UpgradePlugin 'WikiPagesNavigationPlugin' [o.e.c.upgrade.UpgradeProductService<main>] 
2026-08-12 13:59:03,164 | INFO  | Add Product UpgradePlugin 'WikiPagesNavigationPlugin1' [o.e.c.upgrade.UpgradeProductService<main>] 
2026-08-12 13:59:03,165 | INFO  | Add Product UpgradePlugin 'PortalConfigPermissionNavigationPlugin' [o.e.c.upgrade.UpgradeProductService<main>] 
2026-08-12 13:59:03,166 | INFO  | Add Product UpgradePlugin 'PortalNavigationIconUpgradePlugin' [o.e.c.upgrade.UpgradeProductService<main>] 
2026-08-12 13:59:03,168 | INFO  | Add Product UpgradePlugin 'DocumentsFavoritsPlugin' [o.e.c.upgrade.UpgradeProductService<main>] 
2026-08-12 13:59:03,197 | INFO  | Add Product UpgradePlugin 'SpaceSettingPermissionUpgradePlugin' [o.e.c.upgrade.UpgradeProductService<main>] 
2026-08-12 13:59:03,199 | INFO  | Add Product UpgradePlugin 'SpaceNavigationIconMigration' [o.e.c.upgrade.UpgradeProductService<main>] 
2026-08-12 13:59:03,229 | INFO  | Add Product UpgradePlugin 'CategoryLinkPermissionsUpgrade124' [o.e.c.upgrade.UpgradeProductService<main>] 
2026-08-12 13:59:03,255 | INFO  | Add Product UpgradePlugin 'RemoveProfilePropertyUpgradePlugin' [o.e.c.upgrade.UpgradeProductService<main>] 
2026-08-12 13:59:03,316 | INFO  | Add Product UpgradePlugin 'ActivityCommentWatchPlugin' [o.e.c.upgrade.UpgradeProductService<main>] 
2026-08-12 13:59:03,317 | INFO  | Add Product UpgradePlugin 'GamificationNewActionAvailableNotification' [o.e.c.upgrade.UpgradeProductService<main>] 
2026-08-12 13:59:03,317 | INFO  | Add Product UpgradePlugin 'GamificationActionAnnouncedNotification' [o.e.c.upgrade.UpgradeProductService<main>] 
2026-08-12 13:59:03,317 | INFO  | Add Product UpgradePlugin 'GamificationContributionAcceptedNotification' [o.e.c.upgrade.UpgradeProductService<main>] 
2026-08-12 13:59:03,317 | INFO  | Add Product UpgradePlugin 'GamificationContributionRejectedNotification' [o.e.c.upgrade.UpgradeProductService<main>] 
2026-08-12 13:59:03,361 | INFO  | Add Product UpgradePlugin 'ProgramVisibilityUpgradePlugin' [o.e.c.upgrade.UpgradeProductService<main>] 
2026-08-12 13:59:04,838 | WARN  | 'utf8' is currently an alias for the character set UTF8MB3, but will be an alias for UTF8MB4 in a future release. Please consider using UTF8MB4 in order to be unambiguous. [liquibase.executor.jvm.JdbcExecutor<main>] 
2026-08-12 13:59:04,838 | WARN  | 'utf8mb3_general_ci' is a collation of the deprecated character set UTF8MB3. Please consider using UTF8MB4 with an appropriate collation instead. [liquibase.executor.jvm.JdbcExecutor<main>] 
2026-08-12 13:59:08,620 | WARN  | NATIONAL/NCHAR/NVARCHAR implies the character set UTF8MB3, which will be replaced by UTF8MB4 in a future release. Please consider using CHAR(x) CHARACTER SET UTF8MB4 in order to be unambiguous. [liquibase.executor.jvm.JdbcExecutor<main>] 
2026-08-12 13:59:16,016 | WARN  | NATIONAL/NCHAR/NVARCHAR implies the character set UTF8MB3, which will be replaced by UTF8MB4 in a future release. Please consider using CHAR(x) CHARACTER SET UTF8MB4 in order to be unambiguous. [liquibase.executor.jvm.JdbcExecutor<main>] 
2026-08-12 13:59:16,016 | WARN  | NATIONAL/NCHAR/NVARCHAR implies the character set UTF8MB3, which will be replaced by UTF8MB4 in a future release. Please consider using CHAR(x) CHARACTER SET UTF8MB4 in order to be unambiguous. [liquibase.executor.jvm.JdbcExecutor<main>] 
2026-08-12 13:59:16,016 | WARN  | 'utf8' is currently an alias for the character set UTF8MB3, but will be an alias for UTF8MB4 in a future release. Please consider using UTF8MB4 in order to be unambiguous. [liquibase.executor.jvm.JdbcExecutor<main>] 
2026-08-12 13:59:16,016 | WARN  | 'utf8mb3_general_ci' is a collation of the deprecated character set UTF8MB3. Please consider using UTF8MB4 with an appropriate collation instead. [liquibase.executor.jvm.JdbcExecutor<main>] 
2026-08-12 13:59:17,683 | WARN  | NATIONAL/NCHAR/NVARCHAR implies the character set UTF8MB3, which will be replaced by UTF8MB4 in a future release. Please consider using CHAR(x) CHARACTER SET UTF8MB4 in order to be unambiguous. [liquibase.executor.jvm.JdbcExecutor<main>] 
2026-08-12 13:59:17,683 | WARN  | NATIONAL/NCHAR/NVARCHAR implies the character set UTF8MB3, which will be replaced by UTF8MB4 in a future release. Please consider using CHAR(x) CHARACTER SET UTF8MB4 in order to be unambiguous. [liquibase.executor.jvm.JdbcExecutor<main>] 
2026-08-12 13:59:17,683 | WARN  | 'utf8' is currently an alias for the character set UTF8MB3, but will be an alias for UTF8MB4 in a future release. Please consider using UTF8MB4 in order to be unambiguous. [liquibase.executor.jvm.JdbcExecutor<main>] 
2026-08-12 13:59:17,683 | WARN  | 'utf8mb3_general_ci' is a collation of the deprecated character set UTF8MB3. Please consider using UTF8MB4 with an appropriate collation instead. [liquibase.executor.jvm.JdbcExecutor<main>] 
2026-08-12 13:59:32,155 | WARN  | NATIONAL/NCHAR/NVARCHAR implies the character set UTF8MB3, which will be replaced by UTF8MB4 in a future release. Please consider using CHAR(x) CHARACTER SET UTF8MB4 in order to be unambiguous. [liquibase.executor.jvm.JdbcExecutor<main>] 
2026-08-12 13:59:33,748 | WARN  | NATIONAL/NCHAR/NVARCHAR implies the character set UTF8MB3, which will be replaced by UTF8MB4 in a future release. Please consider using CHAR(x) CHARACTER SET UTF8MB4 in order to be unambiguous. [liquibase.executor.jvm.JdbcExecutor<main>] 
2026-08-12 13:59:51,843 | WARN  | NATIONAL/NCHAR/NVARCHAR implies the character set UTF8MB3, which will be replaced by UTF8MB4 in a future release. Please consider using CHAR(x) CHARACTER SET UTF8MB4 in order to be unambiguous. [liquibase.executor.jvm.JdbcExecutor<main>] 
2026-08-12 14:00:02,245 | INFO  | Add Product UpgradePlugin 'ContributeSitePortletsUpgrade' [o.e.c.upgrade.UpgradeProductService<main>] 
2026-08-12 14:00:02,245 | INFO  | Add Product UpgradePlugin 'MyReputationInstanceRemovalPortletsUpgrade' [o.e.c.upgrade.UpgradeProductService<main>] 
2026-08-12 14:00:02,245 | INFO  | Add Product UpgradePlugin 'PopularSpacesInstanceRemovalPortletsUpgrade' [o.e.c.upgrade.UpgradeProductService<main>] 
2026-08-12 14:00:02,245 | INFO  | Add Product UpgradePlugin 'ECMSPortletInstancesRemovalUpgrade' [o.e.c.upgrade.UpgradeProductService<main>] 
2026-08-12 14:00:02,245 | INFO  | Add Product UpgradePlugin 'ECMSPortletInstanceRemovalUpgrade' [o.e.c.upgrade.UpgradeProductService<main>] 
2026-08-12 14:00:02,248 | INFO  | Add Product UpgradePlugin 'ECMSLegacyPagesRemovalUpgradePlugin' [o.e.c.upgrade.UpgradeProductService<main>] 
2026-08-12 14:00:02,249 | INFO  | Add Product UpgradePlugin 'OldDocumentsPortletInstanceRemovalPortletsUpgrade' [o.e.c.upgrade.UpgradeProductService<main>] 
2026-08-12 14:00:02,280 | INFO  | Add Product UpgradePlugin 'CleanDuplicatedEsIndexesUpgrade' [o.e.c.upgrade.UpgradeProductService<main>] 
2026-08-12 14:00:02,280 | INFO  | Add Product UpgradePlugin 'KudosActivityReceiverNotificationPlugin' [o.e.c.upgrade.UpgradeProductService<main>] 
2026-08-12 14:00:02,280 | INFO  | Add Product UpgradePlugin 'AgendaApplicationGlobalLayoutUpgrade' [o.e.c.upgrade.UpgradeProductService<main>] 
2026-08-12 14:00:02,280 | INFO  | Add Product UpgradePlugin 'AgendaApplicationPageUpgrade' [o.e.c.upgrade.UpgradeProductService<main>] 
2026-08-12 14:00:02,280 | INFO  | Add Product UpgradePlugin 'ExoDrivesPageUpgrade' [o.e.c.upgrade.UpgradeProductService<main>] 
2026-08-12 14:00:02,280 | INFO  | Add Product UpgradePlugin 'DocumentsApplicationPageUpgrade' [o.e.c.upgrade.UpgradeProductService<main>] 
2026-08-12 14:00:02,280 | INFO  | Add Product UpgradePlugin 'DocumentsGlobalPagePageUpgrade' [o.e.c.upgrade.UpgradeProductService<main>] 
2026-08-12 14:00:02,280 | INFO  | Add Product UpgradePlugin 'ImportDocumentsNotificationUpgradePluginV1' [o.e.c.upgrade.UpgradeProductService<main>] 
2026-08-12 14:00:02,280 | INFO  | Add Product UpgradePlugin 'OverviewPageLayoutUpgrade' [o.e.c.upgrade.UpgradeProductService<main>] 
2026-08-12 14:00:02,280 | INFO  | Add Product UpgradePlugin 'PublicPagesLayoutUpgrade' [o.e.c.upgrade.UpgradeProductService<main>] 
2026-08-12 14:00:02,280 | INFO  | Add Product UpgradePlugin 'GlobalSitePermissionsUpgrade' [o.e.c.upgrade.UpgradeProductService<main>] 
2026-08-12 14:00:02,280 | INFO  | Add Product UpgradePlugin 'RecognitionSetupApplicationsLayoutUpgrade' [o.e.c.upgrade.UpgradeProductService<main>] 
2026-08-12 14:00:02,280 | INFO  | Add Product UpgradePlugin 'ContentaPagesLayoutUpgrade' [o.e.c.upgrade.UpgradeProductService<main>] 
2026-08-12 14:00:02,280 | INFO  | Add Product UpgradePlugin 'ContentTargetsPagePermissionsUpgradePlugin' [o.e.c.upgrade.UpgradeProductService<main>] 
2026-08-12 14:00:02,280 | INFO  | Add Product UpgradePlugin 'GlobalSiteNavigationUpdate' [o.e.c.upgrade.UpgradeProductService<main>] 
2026-08-12 14:00:02,280 | INFO  | Add Product UpgradePlugin 'ContentEditorPageUpgradePlugin' [o.e.c.upgrade.UpgradeProductService<main>] 
2026-08-12 14:00:02,281 | INFO  | Add Product UpgradePlugin 'BottomAllContainerAdministrationSiteLayoutUpgrade' [o.e.c.upgrade.UpgradeProductService<main>] 
2026-08-12 14:00:02,281 | INFO  | Add Product UpgradePlugin 'sites/contribute/7.0-cleanActionsNavigation' [o.e.c.upgrade.UpgradeProductService<main>] 
2026-08-12 14:00:02,281 | INFO  | Add Product UpgradePlugin 'CMSPortletToContentUpgradePlugin' [o.e.c.upgrade.UpgradeProductService<main>] 
2026-08-12 14:00:02,281 | INFO  | Add Product UpgradePlugin 'RecognitionAdministrationSiteLayoutUpgrade' [o.e.c.upgrade.UpgradeProductService<main>] 
2026-08-12 14:00:02,281 | INFO  | Add Product UpgradePlugin 'ExternalSpacesListRemoval' [o.e.c.upgrade.UpgradeProductService<main>] 
2026-08-12 14:00:02,281 | WARN  | Duplicated upgrade plugin 'ContentEditorPageUpgradePlugin'. [o.e.c.upgrade.UpgradeProductService<main>] 
2026-08-12 14:00:02,281 | INFO  | Add Product UpgradePlugin 'SpaceInfosPortletInstanceRemovalUpgrade' [o.e.c.upgrade.UpgradeProductService<main>] 
2026-08-12 14:00:02,281 | INFO  | Add Product UpgradePlugin 'SpacesOverviewPortletInstanceRemovalUpgrade' [o.e.c.upgrade.UpgradeProductService<main>] 
2026-08-12 14:00:02,284 | INFO  | Add Product UpgradePlugin 'SpaceBannerHomePageUpdateContentId' [o.e.c.upgrade.UpgradeProductService<main>] 
2026-08-12 14:00:02,284 | INFO  | Add Product UpgradePlugin 'SocialPortletToSocialUpgradePlugin' [o.e.c.upgrade.UpgradeProductService<main>] 
2026-08-12 14:00:02,284 | INFO  | Add Product UpgradePlugin 'CommunitySpaceTemplateLayoutUpgrade' [o.e.c.upgrade.UpgradeProductService<main>] 
2026-08-12 14:00:02,284 | INFO  | Add Product UpgradePlugin 'AnnouncementSpaceTemplateLayoutUpgrade' [o.e.c.upgrade.UpgradeProductService<main>] 
2026-08-12 14:00:02,284 | INFO  | Add Product UpgradePlugin 'SitesPropsUpdgrade' [o.e.c.upgrade.UpgradeProductService<main>] 
2026-08-12 14:00:02,284 | INFO  | Add Product UpgradePlugin 'UserSettingsPageSecuritySectionUpgrade' [o.e.c.upgrade.UpgradeProductService<main>] 
2026-08-12 14:00:02,284 | INFO  | Add Product UpgradePlugin 'GlobalSitePermissionUpgrade' [o.e.c.upgrade.UpgradeProductService<main>] 
2026-08-12 14:00:02,284 | INFO  | Add Product UpgradePlugin 'AdministrationPageHomeSettingsUpgrade' [o.e.c.upgrade.UpgradeProductService<main>] 
2026-08-12 14:00:02,284 | INFO  | Add Product UpgradePlugin 'AdministrationSitePortalConfigUpgrade' [o.e.c.upgrade.UpgradeProductService<main>] 
2026-08-12 14:00:02,284 | INFO  | Add Product UpgradePlugin 'PublicSitePortalConfigUpgrade' [o.e.c.upgrade.UpgradeProductService<main>] 
2026-08-12 14:00:02,284 | INFO  | Add Product UpgradePlugin 'PublicSiteTemplatePortalConfigUpgrade' [o.e.c.upgrade.UpgradeProductService<main>] 
2026-08-12 14:00:02,284 | INFO  | Add Product UpgradePlugin 'SpacePublicSiteTemplatePortalConfigUpgrade' [o.e.c.upgrade.UpgradeProductService<main>] 
2026-08-12 14:00:02,284 | INFO  | Add Product UpgradePlugin 'LayoutEditorsPagesUpgrade' [o.e.c.upgrade.UpgradeProductService<main>] 
2026-08-12 14:00:02,284 | INFO  | Add Product UpgradePlugin 'NotesEditorPagesUpgrade-7.0' [o.e.c.upgrade.UpgradeProductService<main>] 
2026-08-12 14:00:02,284 | INFO  | Add Product UpgradePlugin 'GlobalSiteNewsEditorNavigationUpdate' [o.e.c.upgrade.UpgradeProductService<main>] 
2026-08-12 14:00:02,284 | INFO  | Add Product UpgradePlugin 'AdministrationPagesPermissionsUpdate' [o.e.c.upgrade.UpgradeProductService<main>] 
2026-08-12 14:00:02,285 | INFO  | Add Product UpgradePlugin 'AnalyticsPagesUpgrade' [o.e.c.upgrade.UpgradeProductService<main>] 
2026-08-12 14:00:02,285 | INFO  | Add Product UpgradePlugin 'ProfilePageUpgrade' [o.e.c.upgrade.UpgradeProductService<main>] 
2026-08-12 14:00:02,285 | INFO  | Add Product UpgradePlugin 'GlobalSiteAppCenterUserSetupNavigationDelete' [o.e.c.upgrade.UpgradeProductService<main>] 
2026-08-12 14:00:02,285 | INFO  | Add Product UpgradePlugin 'AppCenterUserSetupPortletRemoval' [o.e.c.upgrade.UpgradeProductService<main>] 
2026-08-12 14:00:02,285 | INFO  | Add Product UpgradePlugin 'SettingsPageUpgrade' [o.e.c.upgrade.UpgradeProductService<main>] 
2026-08-12 14:00:02,285 | INFO  | Add Product UpgradePlugin 'MeedsGlobalSiteAnalyticsNavigationUpgradePlugin' [o.e.c.upgrade.UpgradeProductService<main>] 
2026-08-12 14:00:02,285 | INFO  | Add Product UpgradePlugin 'GlobalPageViewerPermissionUpgrade' [o.e.c.upgrade.UpgradeProductService<main>] 
2026-08-12 14:00:02,285 | INFO  | Add Product UpgradePlugin 'CommunitySpaceTemplateContributeLayoutUpgrade' [o.e.c.upgrade.UpgradeProductService<main>] 
2026-08-12 14:00:02,285 | INFO  | Add Product UpgradePlugin 'ContributeSitePropertiesUpgrade-7.1' [o.e.c.upgrade.UpgradeProductService<main>] 
2026-08-12 14:00:02,285 | INFO  | Add Product UpgradePlugin 'NotesEditorPagesUpgrade-7.2' [o.e.c.upgrade.UpgradeProductService<main>] 
2026-08-12 14:00:02,285 | INFO  | Add Product UpgradePlugin 'DwSiteUpgrade' [o.e.c.upgrade.UpgradeProductService<main>] 
2026-08-12 14:00:02,285 | INFO  | Add Product UpgradePlugin 'ExoAdministrationSiteUpgrade' [o.e.c.upgrade.UpgradeProductService<main>] 
2026-08-12 14:00:02,285 | INFO  | Add Product UpgradePlugin 'SitesManagementUpgrade' [o.e.c.upgrade.UpgradeProductService<main>] 
2026-08-12 14:00:02,285 | INFO  | Add Product UpgradePlugin 'OrgChartPageUpgradePlugin' [o.e.c.upgrade.UpgradeProductService<main>] 
2026-08-12 14:00:02,285 | INFO  | Add Product UpgradePlugin 'OOEditorPageLayoutUpgrade3' [o.e.c.upgrade.UpgradeProductService<main>] 
2026-08-12 14:00:02,285 | INFO  | Add Product UpgradePlugin 'RecognitionAdministrationSiteLayoutUpgradePlugin' [o.e.c.upgrade.UpgradeProductService<main>] 
2026-08-12 14:00:02,285 | INFO  | Add Product UpgradePlugin 'eXoSitesPropsUpdgrade' [o.e.c.upgrade.UpgradeProductService<main>] 
2026-08-12 14:00:02,285 | INFO  | Add Product UpgradePlugin 'EmailAdminUpgrade' [o.e.c.upgrade.UpgradeProductService<main>] 
2026-08-12 14:00:02,285 | INFO  | Add Product UpgradePlugin 'MyWorkspaceNavigationUpgrade-7.2-01' [o.e.c.upgrade.UpgradeProductService<main>] 
2026-08-12 14:00:02,285 | INFO  | Add Product UpgradePlugin 'EmailAdminUpgrade-7.2' [o.e.c.upgrade.UpgradeProductService<main>] 
2026-08-12 14:00:02,603 | WARN  | liquibase.statement.core.CreateSequenceStatement is not supported on mysql, but createSequence will still execute [liquibase.changelog.DatabaseChangeLog<main>] 
2026-08-12 14:00:02,652 | WARN  | liquibase.statement.core.CreateSequenceStatement is not supported on mysql, but createSequence will still execute [liquibase.changelog.DatabaseChangeLog<main>] 
2026-08-12 14:00:08,237 | INFO  | Hibernate is in classpath; If applicable, HQL parser will be used. [o.s.d.j.r.query.QueryEnhancerFactory<main>] 
2026-08-12 14:00:09,149 | ERROR | Could not initialize Matrix service, the service is unavailable [io.meeds.chat.service.MatrixService<main>] 
2026-08-12 14:00:09,155 | INFO  | Add Product UpgradePlugin 'MatrixRoomAndAccountsDataInitializer' [o.e.c.upgrade.UpgradeProductService<main>] 
2026-08-12 14:00:09,177 | INFO  | Add Product UpgradePlugin 'MatrixRoomUpdatePermissions' [o.e.c.upgrade.UpgradeProductService<main>] 
2026-08-12 14:00:09,178 | INFO  | Add Product UpgradePlugin 'MatrixRemoveProfileProperty' [o.e.c.upgrade.UpgradeProductService<main>] 
2026-08-12 14:00:09,190 | INFO  | Proceed upgrade on first run = true [o.e.c.upgrade.UpgradeProductService<main>] 
2026-08-12 14:00:09,191 | INFO  | Start transparent upgrade framework [o.e.c.upgrade.UpgradeProductService<main>] 
2026-08-12 14:00:09,382 | INFO  | Proceed upgrade the plugin (async = true): name = HideDefaultFoldersUpgradePlugin from version 0 to 7.2.0 [o.e.c.upgrade.UpgradeProductService<main>] 
2026-08-12 14:00:09,457 | INFO  | Proceed upgrade the plugin (async = true): name = NotificationSettingsUpgradePlugin from version 0 to 7.2.0 [o.e.c.upgrade.UpgradeProductService<main>] 
2026-08-12 14:00:09,641 | INFO  | Proceed upgrade the plugin (async = true): name = NewsArticlesUpgradePlugin from version 0 to 7.2.0 [o.e.c.upgrade.UpgradeProductService<main>] 
2026-08-12 14:00:09,644 | INFO  | Ignore upgrade plugin ContentArticlePropertiesUpgrade from version 0 to 7.2.0 [o.e.c.upgrade.UpgradeProductService<main>] 
2026-08-12 14:00:09,645 | INFO  | Ignore upgrade plugin ContentArticleAttachmentsUpgrade from version 0 to 7.2.0 [o.e.c.upgrade.UpgradeProductService<main>] 
2026-08-12 14:00:09,808 | INFO  | Proceed upgrade the plugin (async = true): name = ArticleImagesPermissionsUpgradePlugin from version 0 to 7.2.0 [o.e.c.upgrade.UpgradeProductService<main>] 
2026-08-12 14:00:10,001 | INFO  | Proceed upgrade the plugin (async = true): name = CleanDuplicatedEsIndexesUpgrade from version 0 to 7.2.0 [o.e.c.upgrade.UpgradeProductService<main>] 
2026-08-12 14:00:10,102 | INFO  | Proceed upgrade the plugin (async = false): name = ImportDocumentsNotificationUpgradePluginV1 from version 0 to 7.2.0-exo [o.e.c.upgrade.UpgradeProductService<main>] 
2026-08-12 14:00:10,284 | INFO  | Upgrade of plugin ImportDocumentsNotificationUpgradePluginV1 completed. [o.e.c.upgrade.UpgradeProductService<main>] 
2026-08-12 14:00:10,418 | INFO  | Proceed upgrade the plugin (async = false): name = ActivityCommentWatchPlugin from version 0 to 7.2.0-exo [o.e.c.upgrade.UpgradeProductService<main>] 
2026-08-12 14:00:10,627 | INFO  | Upgrade of plugin ActivityCommentWatchPlugin completed. [o.e.c.upgrade.UpgradeProductService<main>] 
2026-08-12 14:00:10,736 | INFO  | Proceed upgrade the plugin (async = false): name = GamificationNewActionAvailableNotification from version 0 to 7.2.0-exo [o.e.c.upgrade.UpgradeProductService<main>] 
2026-08-12 14:00:10,835 | INFO  | Upgrade of plugin GamificationNewActionAvailableNotification completed. [o.e.c.upgrade.UpgradeProductService<main>] 
2026-08-12 14:00:10,935 | INFO  | Proceed upgrade the plugin (async = false): name = ProgramVisibilityUpgradePlugin from version 0 to 7.2.0-exo [o.e.c.upgrade.UpgradeProductService<main>] 
2026-08-12 14:00:10,935 | INFO  | Start:: Upgrade Programs Visibility [i.m.g.u.ProgramVisibilityUpgradePlugin<main>] 
2026-08-12 14:00:10,946 | INFO  | End:: Upgrade Programs Visibility: 0 upgraded as Open. [i.m.g.u.ProgramVisibilityUpgradePlugin<main>] 
2026-08-12 14:00:11,102 | INFO  | Upgrade of plugin ProgramVisibilityUpgradePlugin completed. [o.e.c.upgrade.UpgradeProductService<main>] 
2026-08-12 14:00:11,253 | INFO  | Proceed upgrade the plugin (async = false): name = ContributeSitePortletsUpgrade from version 0 to 7.2.0-exo [o.e.c.upgrade.UpgradeProductService<main>] 
2026-08-12 14:00:11,253 | INFO  | Start:: Upgrade Application ContentId ContributeSitePortletsUpgrade [i.m.l.p.u.LayoutApplicationReferenceUpgradePlugin<main>] 
2026-08-12 14:00:11,455 | INFO  | End:: Upgrade Application ContentId ContributeSitePortletsUpgrade in 202 ms [i.m.l.p.u.LayoutApplicationReferenceUpgradePlugin<main>] 
2026-08-12 14:00:11,587 | INFO  | Upgrade of plugin ContributeSitePortletsUpgrade completed. [o.e.c.upgrade.UpgradeProductService<main>] 
2026-08-12 14:00:12,153 | INFO  | Proceed upgrade the plugin (async = false): name = MyReputationInstanceRemovalPortletsUpgrade from version 0 to 7.2.0-exo [o.e.c.upgrade.UpgradeProductService<main>] 
2026-08-12 14:00:12,153 | INFO  | Start:: Upgrade Application ContentId MyReputationInstanceRemovalPortletsUpgrade [i.m.l.p.u.LayoutApplicationReferenceUpgradePlugin<main>] 
2026-08-12 14:00:12,156 | INFO  | End:: Upgrade Application ContentId MyReputationInstanceRemovalPortletsUpgrade in 3 ms [i.m.l.p.u.LayoutApplicationReferenceUpgradePlugin<main>] 
2026-08-12 14:00:12,462 | INFO  | Upgrade of plugin MyReputationInstanceRemovalPortletsUpgrade completed. [o.e.c.upgrade.UpgradeProductService<main>] 
2026-08-12 14:00:12,580 | INFO  | Proceed upgrade the plugin (async = false): name = PopularSpacesInstanceRemovalPortletsUpgrade from version 0 to 7.2.0-exo [o.e.c.upgrade.UpgradeProductService<main>] 
2026-08-12 14:00:12,580 | INFO  | Start:: Upgrade Application ContentId PopularSpacesInstanceRemovalPortletsUpgrade [i.m.l.p.u.LayoutApplicationReferenceUpgradePlugin<main>] 
2026-08-12 14:00:12,585 | INFO  | End:: Upgrade Application ContentId PopularSpacesInstanceRemovalPortletsUpgrade in 5 ms [i.m.l.p.u.LayoutApplicationReferenceUpgradePlugin<main>] 
2026-08-12 14:00:12,822 | INFO  | Upgrade of plugin PopularSpacesInstanceRemovalPortletsUpgrade completed. [o.e.c.upgrade.UpgradeProductService<main>] 
2026-08-12 14:00:13,007 | INFO  | Proceed upgrade the plugin (async = false): name = ECMSPortletInstancesRemovalUpgrade from version 0 to 7.2.0-exo [o.e.c.upgrade.UpgradeProductService<main>] 
2026-08-12 14:00:13,007 | INFO  | Start:: Upgrade Application ContentId ECMSPortletInstancesRemovalUpgrade [i.m.l.p.u.LayoutApplicationReferenceUpgradePlugin<main>] 
2026-08-12 14:00:13,025 | INFO  | End:: Upgrade Application ContentId ECMSPortletInstancesRemovalUpgrade in 18 ms [i.m.l.p.u.LayoutApplicationReferenceUpgradePlugin<main>] 
2026-08-12 14:00:13,282 | INFO  | Upgrade of plugin ECMSPortletInstancesRemovalUpgrade completed. [o.e.c.upgrade.UpgradeProductService<main>] 
2026-08-12 14:00:13,598 | INFO  | Proceed upgrade the plugin (async = false): name = ECMSPortletInstanceRemovalUpgrade from version 0 to 7.2.0-exo [o.e.c.upgrade.UpgradeProductService<main>] 
2026-08-12 14:00:13,598 | INFO  | Start:: Upgrade Application ContentId ECMSPortletInstanceRemovalUpgrade [i.m.l.p.u.LayoutApplicationReferenceUpgradePlugin<main>] 
2026-08-12 14:00:13,606 | INFO  | End:: Upgrade Application ContentId ECMSPortletInstanceRemovalUpgrade in 8 ms [i.m.l.p.u.LayoutApplicationReferenceUpgradePlugin<main>] 
2026-08-12 14:00:13,697 | WARN  | Error getting mapping of analytics : - 		code : 404 - 		message: {"error":{"root_cause":[{"type":"index_not_found_exception","reason":"no such index [analytics_alias]","resource.type":"index_or_alias","resource.id":"analytics_alias","index_uuid":"_na_","index":"analytics_alias"}],"type":"index_not_found_exception","reason":"no such index [analytics_alias]","resource.type":"index_or_alias","resource.id":"analytics_alias","index_uuid":"_na_","index":"analytics_alias"},"status":404} [i.m.a.e.s.ElasticsearchAnalyticsStorage<pool-5-thread-1>] 
2026-08-12 14:00:13,855 | INFO  | Upgrade of plugin ECMSPortletInstanceRemovalUpgrade completed. [o.e.c.upgrade.UpgradeProductService<main>] 
2026-08-12 14:00:13,939 | INFO  | Proceed upgrade the plugin (async = false): name = ExternalSpacesListRemoval from version 0 to 7.2.0-exo [o.e.c.upgrade.UpgradeProductService<main>] 
2026-08-12 14:00:13,939 | INFO  | Start:: Upgrade Application ContentId ExternalSpacesListRemoval [i.m.l.p.u.LayoutApplicationReferenceUpgradePlugin<main>] 
2026-08-12 14:00:13,945 | INFO  | End:: Upgrade Application ContentId ExternalSpacesListRemoval in 6 ms [i.m.l.p.u.LayoutApplicationReferenceUpgradePlugin<main>] 
2026-08-12 14:00:14,031 | INFO  | Upgrade of plugin ExternalSpacesListRemoval completed. [o.e.c.upgrade.UpgradeProductService<main>] 
2026-08-12 14:00:14,166 | INFO  | Proceed upgrade the plugin (async = false): name = SpaceInfosPortletInstanceRemovalUpgrade from version 0 to 7.2.0-exo [o.e.c.upgrade.UpgradeProductService<main>] 
2026-08-12 14:00:14,166 | INFO  | Start:: Upgrade Application ContentId SpaceInfosPortletInstanceRemovalUpgrade [i.m.l.p.u.LayoutApplicationReferenceUpgradePlugin<main>] 
2026-08-12 14:00:14,171 | INFO  | End:: Upgrade Application ContentId SpaceInfosPortletInstanceRemovalUpgrade in 5 ms [i.m.l.p.u.LayoutApplicationReferenceUpgradePlugin<main>] 
2026-08-12 14:00:14,350 | INFO  | Upgrade of plugin SpaceInfosPortletInstanceRemovalUpgrade completed. [o.e.c.upgrade.UpgradeProductService<main>] 
2026-08-12 14:00:14,433 | INFO  | Proceed upgrade the plugin (async = false): name = SpacesOverviewPortletInstanceRemovalUpgrade from version 0 to 7.2.0-exo [o.e.c.upgrade.UpgradeProductService<main>] 
2026-08-12 14:00:14,433 | INFO  | Start:: Upgrade Application ContentId SpacesOverviewPortletInstanceRemovalUpgrade [i.m.l.p.u.LayoutApplicationReferenceUpgradePlugin<main>] 
2026-08-12 14:00:14,436 | INFO  | End:: Upgrade Application ContentId SpacesOverviewPortletInstanceRemovalUpgrade in 3 ms [i.m.l.p.u.LayoutApplicationReferenceUpgradePlugin<main>] 
2026-08-12 14:00:14,583 | INFO  | Upgrade of plugin SpacesOverviewPortletInstanceRemovalUpgrade completed. [o.e.c.upgrade.UpgradeProductService<main>] 
2026-08-12 14:00:14,741 | INFO  | Proceed upgrade the plugin (async = false): name = AppCenterUserSetupPortletRemoval from version 0 to 7.2.0-exo [o.e.c.upgrade.UpgradeProductService<main>] 
2026-08-12 14:00:14,741 | INFO  | Start:: Upgrade Application ContentId AppCenterUserSetupPortletRemoval [i.m.l.p.u.LayoutApplicationReferenceUpgradePlugin<main>] 
2026-08-12 14:00:14,746 | INFO  | End:: Upgrade Application ContentId AppCenterUserSetupPortletRemoval in 5 ms [i.m.l.p.u.LayoutApplicationReferenceUpgradePlugin<main>] 
2026-08-12 14:00:14,992 | INFO  | Upgrade of plugin AppCenterUserSetupPortletRemoval completed. [o.e.c.upgrade.UpgradeProductService<main>] 
2026-08-12 14:00:15,135 | INFO  | Proceed upgrade the plugin (async = false): name = GamificationActionAnnouncedNotification from version 0 to 7.2.0-exo [o.e.c.upgrade.UpgradeProductService<main>] 
2026-08-12 14:00:15,394 | INFO  | Upgrade of plugin GamificationActionAnnouncedNotification completed. [o.e.c.upgrade.UpgradeProductService<main>] 
2026-08-12 14:00:15,587 | INFO  | Proceed upgrade the plugin (async = false): name = KudosActivityReceiverNotificationPlugin from version 0 to 7.2.0-exo [o.e.c.upgrade.UpgradeProductService<main>] 
2026-08-12 14:00:15,829 | INFO  | Upgrade of plugin KudosActivityReceiverNotificationPlugin completed. [o.e.c.upgrade.UpgradeProductService<main>] 
2026-08-12 14:00:16,012 | INFO  | Proceed upgrade the plugin (async = false): name = GamificationContributionAcceptedNotification from version 0 to 7.2.0-exo [o.e.c.upgrade.UpgradeProductService<main>] 
2026-08-12 14:00:16,162 | INFO  | Upgrade of plugin GamificationContributionAcceptedNotification completed. [o.e.c.upgrade.UpgradeProductService<main>] 
2026-08-12 14:00:16,396 | INFO  | Proceed upgrade the plugin (async = false): name = GamificationContributionRejectedNotification from version 0 to 7.2.0-exo [o.e.c.upgrade.UpgradeProductService<main>] 
2026-08-12 14:00:16,513 | INFO  | Upgrade of plugin GamificationContributionRejectedNotification completed. [o.e.c.upgrade.UpgradeProductService<main>] 
2026-08-12 14:00:16,661 | INFO  | Proceed upgrade the plugin (async = true): name = DocumentsProcessesPlugin from version 0 to 7.2.0 [o.e.c.upgrade.UpgradeProductService<main>] 
2026-08-12 14:00:16,903 | INFO  | Proceed upgrade the plugin (async = true): name = AddPublishersPermissionsUpgradePlugin from version 0 to 7.2.0 [o.e.c.upgrade.UpgradeProductService<main>] 
2026-08-12 14:00:17,006 | INFO  | Proceed upgrade the plugin (async = true): name = CalendarPagesUpgradePlugin from version 0 to 7.2.0 [o.e.c.upgrade.UpgradeProductService<main>] 
2026-08-12 14:00:17,124 | INFO  | Proceed upgrade the plugin (async = true): name = CalendarWidgetPagesUpgradePlugin from version 0 to 7.2.0 [o.e.c.upgrade.UpgradeProductService<main>] 
2026-08-12 14:00:17,271 | INFO  | Proceed upgrade the plugin (async = true): name = NotesPagesUpgradePlugin from version 0 to 7.2.0 [o.e.c.upgrade.UpgradeProductService<main>] 
2026-08-12 14:00:17,509 | INFO  | Proceed upgrade the plugin (async = false): name = AddCSSClassToSnapshotHomePage from version 0 to 7.2.0 [o.e.c.upgrade.UpgradeProductService<main>] 
2026-08-12 14:00:17,510 | INFO  | Start upgrade : adding CSS class singlePageApplication to homepage page [o.e.migration.AddCSSClassToPage<main>] 
2026-08-12 14:00:17,729 | INFO  | End upgrade : adding CSS class singlePageApplication to homepage page. It took 219 ms [o.e.migration.AddCSSClassToPage<main>] 
2026-08-12 14:00:17,869 | INFO  | Upgrade of plugin AddCSSClassToSnapshotHomePage completed. [o.e.c.upgrade.UpgradeProductService<main>] 
2026-08-12 14:00:17,953 | INFO  | Proceed upgrade the plugin (async = true): name = WikiPagesNavigationPlugin from version 0 to 7.2.0 [o.e.c.upgrade.UpgradeProductService<main>] 
2026-08-12 14:00:18,028 | INFO  | Proceed upgrade the plugin (async = true): name = WikiPagesNavigationPlugin1 from version 0 to 7.2.0 [o.e.c.upgrade.UpgradeProductService<main>] 
2026-08-12 14:00:18,146 | INFO  | Proceed upgrade the plugin (async = true): name = PortalConfigPermissionNavigationPlugin from version 0 to 7.2.0 [o.e.c.upgrade.UpgradeProductService<main>] 
2026-08-12 14:00:18,449 | INFO  | Proceed upgrade the plugin (async = true): name = DocumentsFavoritsPlugin from version 0 to 7.2.0 [o.e.c.upgrade.UpgradeProductService<main>] 
2026-08-12 14:00:19,602 | INFO  | Proceed upgrade the plugin (async = true): name = RemoveAnyPermissionUpgradePlugin from version 0 to 7.2.0 [o.e.c.upgrade.UpgradeProductService<main>] 
2026-08-12 14:00:19,764 | INFO  | Proceed upgrade the plugin (async = true): name = BrandingAdminPageUpgradePlugin from version 0 to 7.2.0 [o.e.c.upgrade.UpgradeProductService<main>] 
2026-08-12 14:00:19,941 | INFO  | Proceed upgrade the plugin (async = true): name = SocialLegacyPagesUpgradePlugin from version 0 to 7.2.0 [o.e.c.upgrade.UpgradeProductService<main>] 
2026-08-12 14:00:20,116 | INFO  | Proceed upgrade the plugin (async = true): name = ContentPagesUpgradePlugin from version 0 to 7.2.0 [o.e.c.upgrade.UpgradeProductService<main>] 
2026-08-12 14:00:20,266 | INFO  | Proceed upgrade the plugin (async = true): name = ContentPagesProfilesUpgradePlugin from version 0 to 7.2.0 [o.e.c.upgrade.UpgradeProductService<main>] 
2026-08-12 14:00:20,368 | INFO  | Proceed upgrade the plugin (async = true): name = SpaceSettingPermissionUpgradePlugin from version 0 to 7.2.0 [o.e.c.upgrade.UpgradeProductService<main>] 
2026-08-12 14:00:20,493 | INFO  | Proceed upgrade the plugin (async = true): name = ExternalUserUpgradePluginV1 from version 0 to 7.2.0 [o.e.c.upgrade.UpgradeProductService<main>] 
2026-08-12 14:00:20,852 | INFO  | Proceed upgrade the plugin (async = true): name = SpaceNavigationIconMigration from version 0 to 7.2.0 [o.e.c.upgrade.UpgradeProductService<main>] 
2026-08-12 14:00:21,051 | INFO  | Proceed upgrade the plugin (async = true): name = CategoryLinkPermissionsUpgrade124 from version 0 to 7.2.0-exo [o.e.c.upgrade.UpgradeProductService<main>] 
2026-08-12 14:00:21,160 | INFO  | Proceed upgrade the plugin (async = true): name = RemoveProfilePropertyUpgradePlugin from version 0 to 7.2.0-exo [o.e.c.upgrade.UpgradeProductService<main>] 
2026-08-12 14:00:21,163 | INFO  | Ignore upgrade plugin MatrixRoomAndAccountsDataInitializer from version 0 to 7.2.0 [o.e.c.upgrade.UpgradeProductService<main>] 
2026-08-12 14:00:21,164 | INFO  | Ignore upgrade plugin MatrixRoomUpdatePermissions from version 0 to 7.2.0 [o.e.c.upgrade.UpgradeProductService<main>] 
2026-08-12 14:00:21,437 | INFO  | Proceed upgrade the plugin (async = true): name = MatrixRemoveProfileProperty from version 0 to 7.2.0 [o.e.c.upgrade.UpgradeProductService<main>] 
2026-08-12 14:00:21,619 | INFO  | Proceed upgrade the plugin (async = true): name = PortalNavigationIconUpgradePlugin from version 0 to 7.2.0 [o.e.c.upgrade.UpgradeProductService<main>] 
2026-08-12 14:00:21,794 | INFO  | Proceed upgrade the plugin (async = false): name = ECMSLegacyPagesRemovalUpgradePlugin from version 0 to 7.2.0-exo [o.e.c.upgrade.UpgradeProductService<main>] 
2026-08-12 14:00:21,795 | INFO  | Start:: Upgrade Portal Layout ECMSLegacyPagesRemovalUpgradePlugin [i.m.social.upgrade.LayoutUpgradePlugin<main>] 
2026-08-12 14:00:21,798 | INFO  | Process:: Upgrade Portal Layout portal/administration [i.m.social.upgrade.LayoutUpgradePlugin<main>] 
2026-08-12 14:00:21,799 | INFO  | Updating Portal config of site of type 'portal' with name 'administration' [o.e.p.mop.importer.PortalConfigImporter<main>] 
2026-08-12 14:00:21,839 | INFO  | Process:: Upgrade Portal navigation portal/administration [i.m.social.upgrade.LayoutUpgradePlugin<main>] 
2026-08-12 14:00:21,885 | WARN  | Node with uri 'home/applications/documents-settings/cloud-storage' in site 'SiteKey(type=PORTAL, name=administration)' wasn't found [i.m.social.upgrade.LayoutUpgradePlugin<main>] 
2026-08-12 14:00:21,886 | WARN  | Node with uri 'home/applications/documents-settings/documents-editors' in site 'SiteKey(type=PORTAL, name=administration)' wasn't found [i.m.social.upgrade.LayoutUpgradePlugin<main>] 
2026-08-12 14:00:21,886 | WARN  | Node with uri 'home/legacy' in site 'SiteKey(type=PORTAL, name=administration)' wasn't found [i.m.social.upgrade.LayoutUpgradePlugin<main>] 
2026-08-12 14:00:22,079 | INFO  | End:: Upgrade Portal Layout ECMSLegacyPagesRemovalUpgradePlugin in 284 ms [i.m.social.upgrade.LayoutUpgradePlugin<main>] 
2026-08-12 14:00:22,431 | INFO  | Upgrade of plugin ECMSLegacyPagesRemovalUpgradePlugin completed. [o.e.c.upgrade.UpgradeProductService<main>] 
2026-08-12 14:00:22,498 | INFO  | Proceed upgrade the plugin (async = false): name = AgendaApplicationGlobalLayoutUpgrade from version 0 to 7.2.0-exo [o.e.c.upgrade.UpgradeProductService<main>] 
2026-08-12 14:00:22,498 | INFO  | Start:: Upgrade Portal Layout AgendaApplicationGlobalLayoutUpgrade [i.m.social.upgrade.LayoutUpgradePlugin<main>] 
2026-08-12 14:00:22,501 | INFO  | Process:: Upgrade pages (agenda) layout from portal portal/global [i.m.social.upgrade.LayoutUpgradePlugin<main>] 
2026-08-12 14:00:22,758 | INFO  | End:: Upgrade Portal Layout AgendaApplicationGlobalLayoutUpgrade in 260 ms [i.m.social.upgrade.LayoutUpgradePlugin<main>] 
2026-08-12 14:00:22,850 | INFO  | Upgrade of plugin AgendaApplicationGlobalLayoutUpgrade completed. [o.e.c.upgrade.UpgradeProductService<main>] 
2026-08-12 14:00:22,938 | INFO  | Proceed upgrade the plugin (async = false): name = AgendaApplicationPageUpgrade from version 0 to 7.2.0-exo [o.e.c.upgrade.UpgradeProductService<main>] 
2026-08-12 14:00:22,938 | INFO  | Start:: Upgrade Portal Layout AgendaApplicationPageUpgrade [i.m.social.upgrade.LayoutUpgradePlugin<main>] 
2026-08-12 14:00:22,938 | INFO  | Process:: Upgrade Portal navigation portal/global [i.m.social.upgrade.LayoutUpgradePlugin<main>] 
2026-08-12 14:00:23,388 | INFO  | End:: Upgrade Portal Layout AgendaApplicationPageUpgrade in 450 ms [i.m.social.upgrade.LayoutUpgradePlugin<main>] 
2026-08-12 14:00:23,686 | INFO  | Upgrade of plugin AgendaApplicationPageUpgrade completed. [o.e.c.upgrade.UpgradeProductService<main>] 
2026-08-12 14:00:24,081 | INFO  | Proceed upgrade the plugin (async = false): name = OverviewPageLayoutUpgrade from version 0 to 7.2.0-exo [o.e.c.upgrade.UpgradeProductService<main>] 
2026-08-12 14:00:24,081 | INFO  | Start:: Upgrade Portal Layout OverviewPageLayoutUpgrade [i.m.social.upgrade.LayoutUpgradePlugin<main>] 
2026-08-12 14:00:24,085 | INFO  | Process:: Upgrade pages (overview) layout from portal portal/global [i.m.social.upgrade.LayoutUpgradePlugin<main>] 
2026-08-12 14:00:24,441 | INFO  | End:: Upgrade Portal Layout OverviewPageLayoutUpgrade in 360 ms [i.m.social.upgrade.LayoutUpgradePlugin<main>] 
2026-08-12 14:00:24,530 | INFO  | Upgrade of plugin OverviewPageLayoutUpgrade completed. [o.e.c.upgrade.UpgradeProductService<main>] 
2026-08-12 14:00:24,630 | INFO  | Proceed upgrade the plugin (async = false): name = GlobalSitePermissionsUpgrade from version 0 to 7.2.0-exo [o.e.c.upgrade.UpgradeProductService<main>] 
2026-08-12 14:00:24,630 | INFO  | Start:: Upgrade Portal Layout GlobalSitePermissionsUpgrade [i.m.social.upgrade.LayoutUpgradePlugin<main>] 
2026-08-12 14:00:24,632 | INFO  | Process:: Upgrade Portal Layout portal/global [i.m.social.upgrade.LayoutUpgradePlugin<main>] 
2026-08-12 14:00:24,632 | INFO  | Updating Portal config of site of type 'portal' with name 'global' [o.e.p.mop.importer.PortalConfigImporter<main>] 
2026-08-12 14:00:24,722 | INFO  | End:: Upgrade Portal Layout GlobalSitePermissionsUpgrade in 92 ms [i.m.social.upgrade.LayoutUpgradePlugin<main>] 
2026-08-12 14:00:24,939 | INFO  | Upgrade of plugin GlobalSitePermissionsUpgrade completed. [o.e.c.upgrade.UpgradeProductService<main>] 
2026-08-12 14:00:25,123 | INFO  | Proceed upgrade the plugin (async = false): name = RecognitionSetupApplicationsLayoutUpgrade from version 0 to 7.2.0-exo [o.e.c.upgrade.UpgradeProductService<main>] 
2026-08-12 14:00:25,124 | INFO  | Start:: Upgrade Portal Layout RecognitionSetupApplicationsLayoutUpgrade [i.m.social.upgrade.LayoutUpgradePlugin<main>] 
2026-08-12 14:00:25,149 | INFO  | IGNORE:: Pages layout of portal RecognitionSetupApplicationsLayoutUpgrade/portal wasn't found from list administration. The layout upgrade will be ignored [i.m.social.upgrade.LayoutUpgradePlugin<main>] 
2026-08-12 14:00:25,151 | INFO  | End:: Upgrade Portal Layout RecognitionSetupApplicationsLayoutUpgrade in 27 ms [i.m.social.upgrade.LayoutUpgradePlugin<main>] 
2026-08-12 14:00:25,266 | INFO  | Upgrade of plugin RecognitionSetupApplicationsLayoutUpgrade completed. [o.e.c.upgrade.UpgradeProductService<main>] 
2026-08-12 14:00:25,409 | INFO  | Proceed upgrade the plugin (async = false): name = ContentaPagesLayoutUpgrade from version 0 to 7.2.0-exo [o.e.c.upgrade.UpgradeProductService<main>] 
2026-08-12 14:00:25,409 | INFO  | Start:: Upgrade Portal Layout ContentaPagesLayoutUpgrade [i.m.social.upgrade.LayoutUpgradePlugin<main>] 
2026-08-12 14:00:25,423 | INFO  | Process:: Upgrade pages (newsDetail,organizationalchart,newsComposer,analytics-contents) layout from portal portal/global [i.m.social.upgrade.LayoutUpgradePlugin<main>] 
2026-08-12 14:00:25,693 | INFO  | End:: Upgrade Portal Layout ContentaPagesLayoutUpgrade in 284 ms [i.m.social.upgrade.LayoutUpgradePlugin<main>] 
2026-08-12 14:00:25,885 | INFO  | Upgrade of plugin ContentaPagesLayoutUpgrade completed. [o.e.c.upgrade.UpgradeProductService<main>] 
2026-08-12 14:00:26,085 | INFO  | Proceed upgrade the plugin (async = false): name = GlobalSiteNavigationUpdate from version 0 to 7.2.0-exo [o.e.c.upgrade.UpgradeProductService<main>] 
2026-08-12 14:00:26,085 | INFO  | Start:: Upgrade Portal Layout GlobalSiteNavigationUpdate [i.m.social.upgrade.LayoutUpgradePlugin<main>] 
2026-08-12 14:00:26,086 | INFO  | Process:: Upgrade Portal navigation portal/global [i.m.social.upgrade.LayoutUpgradePlugin<main>] 
2026-08-12 14:00:26,570 | INFO  | End:: Upgrade Portal Layout GlobalSiteNavigationUpdate in 485 ms [i.m.social.upgrade.LayoutUpgradePlugin<main>] 
2026-08-12 14:00:26,644 | INFO  | Upgrade of plugin GlobalSiteNavigationUpdate completed. [o.e.c.upgrade.UpgradeProductService<main>] 
2026-08-12 14:00:26,846 | INFO  | Proceed upgrade the plugin (async = false): name = BottomAllContainerAdministrationSiteLayoutUpgrade from version 0 to 7.2.0-exo [o.e.c.upgrade.UpgradeProductService<main>] 
2026-08-12 14:00:26,846 | INFO  | Start:: Upgrade Portal Layout BottomAllContainerAdministrationSiteLayoutUpgrade [i.m.social.upgrade.LayoutUpgradePlugin<main>] 
2026-08-12 14:00:26,848 | INFO  | Process:: Upgrade Portal Layout portal/administration [i.m.social.upgrade.LayoutUpgradePlugin<main>] 
2026-08-12 14:00:26,848 | INFO  | Updating Portal config of site of type 'portal' with name 'administration' [o.e.p.mop.importer.PortalConfigImporter<main>] 
2026-08-12 14:00:27,005 | INFO  | End:: Upgrade Portal Layout BottomAllContainerAdministrationSiteLayoutUpgrade in 159 ms [i.m.social.upgrade.LayoutUpgradePlugin<main>] 
2026-08-12 14:00:27,089 | INFO  | Upgrade of plugin BottomAllContainerAdministrationSiteLayoutUpgrade completed. [o.e.c.upgrade.UpgradeProductService<main>] 
2026-08-12 14:00:27,164 | INFO  | Proceed upgrade the plugin (async = false): name = sites/contribute/7.0-cleanActionsNavigation from version 0 to 7.2.0-exo [o.e.c.upgrade.UpgradeProductService<main>] 
2026-08-12 14:00:27,165 | INFO  | Start:: Upgrade Portal Layout sites/contribute/7.0-cleanActionsNavigation [i.m.social.upgrade.LayoutUpgradePlugin<main>] 
2026-08-12 14:00:27,167 | INFO  | IGNORE:: Portal sites/contribute/7.0-cleanActionsNavigation/portal doesn't exist. The layout upgrade will be ignored [i.m.social.upgrade.LayoutUpgradePlugin<main>] 
2026-08-12 14:00:27,169 | INFO  | End:: Upgrade Portal Layout sites/contribute/7.0-cleanActionsNavigation in 4 ms [i.m.social.upgrade.LayoutUpgradePlugin<main>] 
2026-08-12 14:00:27,273 | INFO  | Upgrade of plugin sites/contribute/7.0-cleanActionsNavigation completed. [o.e.c.upgrade.UpgradeProductService<main>] 
2026-08-12 14:00:27,398 | INFO  | Proceed upgrade the plugin (async = false): name = RecognitionAdministrationSiteLayoutUpgrade from version 0 to 7.2.0-exo [o.e.c.upgrade.UpgradeProductService<main>] 
2026-08-12 14:00:27,398 | INFO  | Start:: Upgrade Portal Layout RecognitionAdministrationSiteLayoutUpgrade [i.m.social.upgrade.LayoutUpgradePlugin<main>] 
2026-08-12 14:00:27,427 | INFO  | Process:: Upgrade Portal Layout portal/administration [i.m.social.upgrade.LayoutUpgradePlugin<main>] 
2026-08-12 14:00:27,427 | INFO  | Updating Portal config of site of type 'portal' with name 'administration' [o.e.p.mop.importer.PortalConfigImporter<main>] 
2026-08-12 14:00:27,569 | INFO  | Process:: Upgrade Portal navigation portal/administration [i.m.social.upgrade.LayoutUpgradePlugin<main>] 
2026-08-12 14:00:27,571 | WARN  | Node with uri 'home/recognition' in site 'SiteKey(type=PORTAL, name=administration)' wasn't found [i.m.social.upgrade.LayoutUpgradePlugin<main>] 
2026-08-12 14:00:27,666 | INFO  | End:: Upgrade Portal Layout RecognitionAdministrationSiteLayoutUpgrade in 268 ms [i.m.social.upgrade.LayoutUpgradePlugin<main>] 
2026-08-12 14:00:27,742 | INFO  | Upgrade of plugin RecognitionAdministrationSiteLayoutUpgrade completed. [o.e.c.upgrade.UpgradeProductService<main>] 
2026-08-12 14:00:27,825 | INFO  | Proceed upgrade the plugin (async = false): name = AdministrationSitePortalConfigUpgrade from version 0 to 7.2.0-exo [o.e.c.upgrade.UpgradeProductService<main>] 
2026-08-12 14:00:27,825 | INFO  | Start:: Upgrade Portal Layout AdministrationSitePortalConfigUpgrade [i.m.social.upgrade.LayoutUpgradePlugin<main>] 
2026-08-12 14:00:27,849 | INFO  | Process:: Upgrade Portal Layout portal/administration [i.m.social.upgrade.LayoutUpgradePlugin<main>] 
2026-08-12 14:00:27,849 | INFO  | Updating Portal config of site of type 'portal' with name 'administration' [o.e.p.mop.importer.PortalConfigImporter<main>] 
2026-08-12 14:00:28,025 | INFO  | End:: Upgrade Portal Layout AdministrationSitePortalConfigUpgrade in 200 ms [i.m.social.upgrade.LayoutUpgradePlugin<main>] 
2026-08-12 14:00:28,084 | INFO  | Upgrade of plugin AdministrationSitePortalConfigUpgrade completed. [o.e.c.upgrade.UpgradeProductService<main>] 
2026-08-12 14:00:28,159 | INFO  | Proceed upgrade the plugin (async = false): name = LayoutEditorsPagesUpgrade from version 0 to 7.2.0-exo [o.e.c.upgrade.UpgradeProductService<main>] 
2026-08-12 14:00:28,159 | INFO  | Start:: Upgrade Portal Layout LayoutEditorsPagesUpgrade [i.m.social.upgrade.LayoutUpgradePlugin<main>] 
2026-08-12 14:00:28,163 | INFO  | Process:: Upgrade pages (site-layout-editor,layout-editor,section-editor,portlet-editor,portlet-viewer,news,terms-and-conditions) layout from portal portal/global [i.m.social.upgrade.LayoutUpgradePlugin<main>] 
2026-08-12 14:00:28,553 | INFO  | End:: Upgrade Portal Layout LayoutEditorsPagesUpgrade in 394 ms [i.m.social.upgrade.LayoutUpgradePlugin<main>] 
2026-08-12 14:00:28,774 | INFO  | Upgrade of plugin LayoutEditorsPagesUpgrade completed. [o.e.c.upgrade.UpgradeProductService<main>] 
2026-08-12 14:00:29,184 | INFO  | Proceed upgrade the plugin (async = false): name = NotesEditorPagesUpgrade-7.0 from version 0 to 7.2.0-exo [o.e.c.upgrade.UpgradeProductService<main>] 
2026-08-12 14:00:29,184 | INFO  | Start:: Upgrade Portal Layout NotesEditorPagesUpgrade-7.0 [i.m.social.upgrade.LayoutUpgradePlugin<main>] 
2026-08-12 14:00:29,189 | INFO  | Process:: Upgrade pages (notes-editor) layout from portal portal/global [i.m.social.upgrade.LayoutUpgradePlugin<main>] 
2026-08-12 14:00:29,422 | INFO  | End:: Upgrade Portal Layout NotesEditorPagesUpgrade-7.0 in 238 ms [i.m.social.upgrade.LayoutUpgradePlugin<main>] 
2026-08-12 14:00:29,522 | INFO  | Upgrade of plugin NotesEditorPagesUpgrade-7.0 completed. [o.e.c.upgrade.UpgradeProductService<main>] 
2026-08-12 14:00:29,649 | INFO  | Proceed upgrade the plugin (async = false): name = GlobalSiteNewsEditorNavigationUpdate from version 0 to 7.2.0-exo [o.e.c.upgrade.UpgradeProductService<main>] 
2026-08-12 14:00:29,649 | INFO  | Start:: Upgrade Portal Layout GlobalSiteNewsEditorNavigationUpdate [i.m.social.upgrade.LayoutUpgradePlugin<main>] 
2026-08-12 14:00:29,649 | INFO  | Process:: Upgrade Portal navigation portal/global [i.m.social.upgrade.LayoutUpgradePlugin<main>] 
2026-08-12 14:00:29,651 | WARN  | Node with uri 'news/editor' in site 'SiteKey(type=PORTAL, name=global)' wasn't found [i.m.social.upgrade.LayoutUpgradePlugin<main>] 
2026-08-12 14:00:29,656 | INFO  | End:: Upgrade Portal Layout GlobalSiteNewsEditorNavigationUpdate in 7 ms [i.m.social.upgrade.LayoutUpgradePlugin<main>] 
2026-08-12 14:00:29,733 | INFO  | Upgrade of plugin GlobalSiteNewsEditorNavigationUpdate completed. [o.e.c.upgrade.UpgradeProductService<main>] 
2026-08-12 14:00:29,833 | INFO  | Proceed upgrade the plugin (async = false): name = AdministrationPagesPermissionsUpdate from version 0 to 7.2.0-exo [o.e.c.upgrade.UpgradeProductService<main>] 
2026-08-12 14:00:29,833 | INFO  | Start:: Upgrade Portal Layout AdministrationPagesPermissionsUpdate [i.m.social.upgrade.LayoutUpgradePlugin<main>] 
2026-08-12 14:00:29,857 | INFO  | Process:: Upgrade pages (pageTemplates,portlets,siteTemplates,sectionTemplates) layout from portal portal/administration [i.m.social.upgrade.LayoutUpgradePlugin<main>] 
2026-08-12 14:00:30,273 | INFO  | End:: Upgrade Portal Layout AdministrationPagesPermissionsUpdate in 440 ms [i.m.social.upgrade.LayoutUpgradePlugin<main>] 
2026-08-12 14:00:30,391 | INFO  | Upgrade of plugin AdministrationPagesPermissionsUpdate completed. [o.e.c.upgrade.UpgradeProductService<main>] 
2026-08-12 14:00:30,550 | INFO  | Proceed upgrade the plugin (async = false): name = GlobalSiteAppCenterUserSetupNavigationDelete from version 0 to 7.2.0-exo [o.e.c.upgrade.UpgradeProductService<main>] 
2026-08-12 14:00:30,550 | INFO  | Start:: Upgrade Portal Layout GlobalSiteAppCenterUserSetupNavigationDelete [i.m.social.upgrade.LayoutUpgradePlugin<main>] 
2026-08-12 14:00:30,550 | INFO  | Process:: Upgrade Portal navigation portal/global [i.m.social.upgrade.LayoutUpgradePlugin<main>] 
2026-08-12 14:00:30,550 | WARN  | Node with uri 'appCenterUserSetup' in site 'SiteKey(type=PORTAL, name=global)' wasn't found [i.m.social.upgrade.LayoutUpgradePlugin<main>] 
2026-08-12 14:00:30,552 | INFO  | End:: Upgrade Portal Layout GlobalSiteAppCenterUserSetupNavigationDelete in 2 ms [i.m.social.upgrade.LayoutUpgradePlugin<main>] 
2026-08-12 14:00:30,650 | INFO  | Upgrade of plugin GlobalSiteAppCenterUserSetupNavigationDelete completed. [o.e.c.upgrade.UpgradeProductService<main>] 
2026-08-12 14:00:30,785 | INFO  | Proceed upgrade the plugin (async = false): name = MeedsGlobalSiteAnalyticsNavigationUpgradePlugin from version 0 to 7.2.0-exo [o.e.c.upgrade.UpgradeProductService<main>] 
2026-08-12 14:00:30,785 | INFO  | Start:: Upgrade Portal Layout MeedsGlobalSiteAnalyticsNavigationUpgradePlugin [i.m.social.upgrade.LayoutUpgradePlugin<main>] 
2026-08-12 14:00:30,785 | INFO  | Process:: Upgrade Portal navigation portal/global [i.m.social.upgrade.LayoutUpgradePlugin<main>] 
2026-08-12 14:00:30,786 | WARN  | Node with uri 'analytics' in site 'SiteKey(type=PORTAL, name=global)' wasn't found [i.m.social.upgrade.LayoutUpgradePlugin<main>] 
2026-08-12 14:00:30,787 | INFO  | End:: Upgrade Portal Layout MeedsGlobalSiteAnalyticsNavigationUpgradePlugin in 2 ms [i.m.social.upgrade.LayoutUpgradePlugin<main>] 
2026-08-12 14:00:30,877 | INFO  | Upgrade of plugin MeedsGlobalSiteAnalyticsNavigationUpgradePlugin completed. [o.e.c.upgrade.UpgradeProductService<main>] 
2026-08-12 14:00:30,969 | INFO  | Proceed upgrade the plugin (async = false): name = DwSiteUpgrade from version 0 to 7.2.0-exo [o.e.c.upgrade.UpgradeProductService<main>] 
2026-08-12 14:00:30,969 | INFO  | Start:: Upgrade Portal Layout DwSiteUpgrade [i.m.social.upgrade.LayoutUpgradePlugin<main>] 
2026-08-12 14:00:30,971 | INFO  | Process:: Upgrade Portal Layout portal/dw [i.m.social.upgrade.LayoutUpgradePlugin<main>] 
2026-08-12 14:00:30,971 | INFO  | Updating Portal config of site of type 'portal' with name 'dw' [o.e.p.mop.importer.PortalConfigImporter<main>] 
2026-08-12 14:00:31,078 | INFO  | End:: Upgrade Portal Layout DwSiteUpgrade in 109 ms [i.m.social.upgrade.LayoutUpgradePlugin<main>] 
2026-08-12 14:00:31,310 | INFO  | Upgrade of plugin DwSiteUpgrade completed. [o.e.c.upgrade.UpgradeProductService<main>] 
2026-08-12 14:00:31,410 | INFO  | Proceed upgrade the plugin (async = false): name = ExoAdministrationSiteUpgrade from version 0 to 7.2.0-exo [o.e.c.upgrade.UpgradeProductService<main>] 
2026-08-12 14:00:31,410 | INFO  | Start:: Upgrade Portal Layout ExoAdministrationSiteUpgrade [i.m.social.upgrade.LayoutUpgradePlugin<main>] 
2026-08-12 14:00:31,412 | INFO  | Process:: Upgrade Portal Layout portal/administration [i.m.social.upgrade.LayoutUpgradePlugin<main>] 
2026-08-12 14:00:31,412 | INFO  | Updating Portal config of site of type 'portal' with name 'administration' [o.e.p.mop.importer.PortalConfigImporter<main>] 
2026-08-12 14:00:31,443 | INFO  | Process:: Upgrade Portal navigation portal/administration [i.m.social.upgrade.LayoutUpgradePlugin<main>] 
2026-08-12 14:00:31,754 | INFO  | End:: Upgrade Portal Layout ExoAdministrationSiteUpgrade in 344 ms [i.m.social.upgrade.LayoutUpgradePlugin<main>] 
2026-08-12 14:00:31,829 | INFO  | Upgrade of plugin ExoAdministrationSiteUpgrade completed. [o.e.c.upgrade.UpgradeProductService<main>] 
2026-08-12 14:00:31,895 | INFO  | Proceed upgrade the plugin (async = false): name = SitesManagementUpgrade from version 0 to 7.2.0-exo [o.e.c.upgrade.UpgradeProductService<main>] 
2026-08-12 14:00:31,895 | INFO  | Start:: Upgrade Portal Layout SitesManagementUpgrade [i.m.social.upgrade.LayoutUpgradePlugin<main>] 
2026-08-12 14:00:31,922 | INFO  | Process:: Upgrade pages (siteManagement) layout from portal portal/administration [i.m.social.upgrade.LayoutUpgradePlugin<main>] 
2026-08-12 14:00:32,112 | INFO  | End:: Upgrade Portal Layout SitesManagementUpgrade in 217 ms [i.m.social.upgrade.LayoutUpgradePlugin<main>] 
2026-08-12 14:00:32,347 | INFO  | Upgrade of plugin SitesManagementUpgrade completed. [o.e.c.upgrade.UpgradeProductService<main>] 
2026-08-12 14:00:32,488 | INFO  | Proceed upgrade the plugin (async = false): name = OrgChartPageUpgradePlugin from version 0 to 7.2.0-exo [o.e.c.upgrade.UpgradeProductService<main>] 
2026-08-12 14:00:32,489 | INFO  | Start:: Upgrade Portal Layout OrgChartPageUpgradePlugin [i.m.social.upgrade.LayoutUpgradePlugin<main>] 
2026-08-12 14:00:32,492 | INFO  | Process:: Upgrade pages (organizationalchart) layout from portal portal/global [i.m.social.upgrade.LayoutUpgradePlugin<main>] 
2026-08-12 14:00:32,531 | INFO  | Process:: Upgrade Portal navigation portal/global [i.m.social.upgrade.LayoutUpgradePlugin<main>] 
2026-08-12 14:00:32,943 | INFO  | End:: Upgrade Portal Layout OrgChartPageUpgradePlugin in 454 ms [i.m.social.upgrade.LayoutUpgradePlugin<main>] 
2026-08-12 14:00:33,023 | INFO  | Upgrade of plugin OrgChartPageUpgradePlugin completed. [o.e.c.upgrade.UpgradeProductService<main>] 
2026-08-12 14:00:33,274 | INFO  | Proceed upgrade the plugin (async = false): name = RecognitionAdministrationSiteLayoutUpgradePlugin from version 0 to 7.2.0-exo [o.e.c.upgrade.UpgradeProductService<main>] 
2026-08-12 14:00:33,274 | INFO  | Start:: Upgrade Portal Layout RecognitionAdministrationSiteLayoutUpgradePlugin [i.m.social.upgrade.LayoutUpgradePlugin<main>] 
2026-08-12 14:00:33,277 | INFO  | Process:: Upgrade Portal Layout portal/administration [i.m.social.upgrade.LayoutUpgradePlugin<main>] 
2026-08-12 14:00:33,277 | INFO  | Updating Portal config of site of type 'portal' with name 'administration' [o.e.p.mop.importer.PortalConfigImporter<main>] 
2026-08-12 14:00:33,319 | INFO  | Process:: Upgrade Portal navigation portal/administration [i.m.social.upgrade.LayoutUpgradePlugin<main>] 
2026-08-12 14:00:33,319 | WARN  | Node with uri 'home/recognition' in site 'SiteKey(type=PORTAL, name=administration)' wasn't found [i.m.social.upgrade.LayoutUpgradePlugin<main>] 
2026-08-12 14:00:33,466 | INFO  | End:: Upgrade Portal Layout RecognitionAdministrationSiteLayoutUpgradePlugin in 192 ms [i.m.social.upgrade.LayoutUpgradePlugin<main>] 
2026-08-12 14:00:33,608 | INFO  | Upgrade of plugin RecognitionAdministrationSiteLayoutUpgradePlugin completed. [o.e.c.upgrade.UpgradeProductService<main>] 
2026-08-12 14:00:33,905 | INFO  | Proceed upgrade the plugin (async = false): name = EmailAdminUpgrade from version 0 to 7.2.0-exo [o.e.c.upgrade.UpgradeProductService<main>] 
2026-08-12 14:00:33,906 | INFO  | Start:: Upgrade Portal Layout EmailAdminUpgrade [i.m.social.upgrade.LayoutUpgradePlugin<main>] 
2026-08-12 14:00:33,934 | INFO  | Process:: Upgrade pages (email-connector) layout from portal portal/administration [i.m.social.upgrade.LayoutUpgradePlugin<main>] 
2026-08-12 14:00:33,949 | INFO  | End:: Upgrade Portal Layout EmailAdminUpgrade in 44 ms [i.m.social.upgrade.LayoutUpgradePlugin<main>] 
2026-08-12 14:00:34,108 | INFO  | Upgrade of plugin EmailAdminUpgrade completed. [o.e.c.upgrade.UpgradeProductService<main>] 
2026-08-12 14:00:34,284 | INFO  | Proceed upgrade the plugin (async = false): name = MyWorkspaceNavigationUpgrade-7.2-01 from version 0 to 7.2.0-exo [o.e.c.upgrade.UpgradeProductService<main>] 
2026-08-12 14:00:34,284 | INFO  | Start:: Upgrade Portal Layout MyWorkspaceNavigationUpgrade-7.2-01 [i.m.social.upgrade.LayoutUpgradePlugin<main>] 
2026-08-12 14:00:34,286 | INFO  | Process:: Upgrade pages (notes) layout from portal portal/myworkspace [i.m.social.upgrade.LayoutUpgradePlugin<main>] 
2026-08-12 14:00:34,302 | INFO  | Process:: Upgrade Portal navigation portal/myworkspace [i.m.social.upgrade.LayoutUpgradePlugin<main>] 
2026-08-12 14:00:34,314 | INFO  | End:: Upgrade Portal Layout MyWorkspaceNavigationUpgrade-7.2-01 in 30 ms [i.m.social.upgrade.LayoutUpgradePlugin<main>] 
2026-08-12 14:00:34,551 | INFO  | Upgrade of plugin MyWorkspaceNavigationUpgrade-7.2-01 completed. [o.e.c.upgrade.UpgradeProductService<main>] 
2026-08-12 14:00:34,651 | INFO  | Proceed upgrade the plugin (async = false): name = EmailAdminUpgrade-7.2 from version 0 to 7.2.0-exo [o.e.c.upgrade.UpgradeProductService<main>] 
2026-08-12 14:00:34,651 | INFO  | Start:: Upgrade Portal Layout EmailAdminUpgrade-7.2 [i.m.social.upgrade.LayoutUpgradePlugin<main>] 
2026-08-12 14:00:34,652 | INFO  | Process:: Upgrade pages (email-connector) layout from portal portal/administration [i.m.social.upgrade.LayoutUpgradePlugin<main>] 
2026-08-12 14:00:34,671 | INFO  | End:: Upgrade Portal Layout EmailAdminUpgrade-7.2 in 20 ms [i.m.social.upgrade.LayoutUpgradePlugin<main>] 
2026-08-12 14:00:34,829 | INFO  | Upgrade of plugin EmailAdminUpgrade-7.2 completed. [o.e.c.upgrade.UpgradeProductService<main>] 
2026-08-12 14:00:35,070 | INFO  | Proceed upgrade the plugin (async = false): name = PublicPagesLayoutUpgrade from version 0 to 7.2.0-exo [o.e.c.upgrade.UpgradeProductService<main>] 
2026-08-12 14:00:35,070 | INFO  | Start:: Upgrade Portal Layout PublicPagesLayoutUpgrade [i.m.social.upgrade.LayoutUpgradePlugin<main>] 
2026-08-12 14:00:35,072 | INFO  | Process:: Upgrade pages (overview,actions) layout from portal portal/public [i.m.social.upgrade.LayoutUpgradePlugin<main>] 
2026-08-12 14:00:36,011 | INFO  | End:: Upgrade Portal Layout PublicPagesLayoutUpgrade in 941 ms [i.m.social.upgrade.LayoutUpgradePlugin<main>] 
2026-08-12 14:00:36,119 | INFO  | Upgrade of plugin PublicPagesLayoutUpgrade completed. [o.e.c.upgrade.UpgradeProductService<main>] 
2026-08-12 14:00:36,281 | INFO  | Proceed upgrade the plugin (async = false): name = CommunitySpaceTemplateLayoutUpgrade from version 0 to 7.2.0-exo [o.e.c.upgrade.UpgradeProductService<main>] 
2026-08-12 14:00:36,281 | INFO  | Start:: Upgrade Portal Layout CommunitySpaceTemplateLayoutUpgrade [i.m.social.upgrade.LayoutUpgradePlugin<main>] 
2026-08-12 14:00:36,283 | INFO  | Process:: Upgrade pages (home,contribute) layout from portal group_template/community [i.m.social.upgrade.LayoutUpgradePlugin<main>] 
2026-08-12 14:00:36,462 | INFO  | Process:: Upgrade Portal navigation group_template/community [i.m.social.upgrade.LayoutUpgradePlugin<main>] 
2026-08-12 14:00:36,734 | INFO  | End:: Upgrade Portal Layout CommunitySpaceTemplateLayoutUpgrade in 453 ms [i.m.social.upgrade.LayoutUpgradePlugin<main>] 
2026-08-12 14:00:36,834 | INFO  | Upgrade of plugin CommunitySpaceTemplateLayoutUpgrade completed. [o.e.c.upgrade.UpgradeProductService<main>] 
2026-08-12 14:00:37,034 | INFO  | Proceed upgrade the plugin (async = false): name = AnnouncementSpaceTemplateLayoutUpgrade from version 0 to 7.2.0-exo [o.e.c.upgrade.UpgradeProductService<main>] 
2026-08-12 14:00:37,034 | INFO  | Start:: Upgrade Portal Layout AnnouncementSpaceTemplateLayoutUpgrade [i.m.social.upgrade.LayoutUpgradePlugin<main>] 
2026-08-12 14:00:37,036 | INFO  | Process:: Upgrade pages (home) layout from portal group_template/announcement [i.m.social.upgrade.LayoutUpgradePlugin<main>] 
2026-08-12 14:00:37,371 | INFO  | End:: Upgrade Portal Layout AnnouncementSpaceTemplateLayoutUpgrade in 337 ms [i.m.social.upgrade.LayoutUpgradePlugin<main>] 
2026-08-12 14:00:37,510 | INFO  | Upgrade of plugin AnnouncementSpaceTemplateLayoutUpgrade completed. [o.e.c.upgrade.UpgradeProductService<main>] 
2026-08-12 14:00:37,744 | INFO  | Proceed upgrade the plugin (async = false): name = SitesPropsUpdgrade from version 0 to 7.2.0-exo [o.e.c.upgrade.UpgradeProductService<main>] 
2026-08-12 14:00:37,744 | INFO  | Start:: Upgrade Portal Layout SitesPropsUpdgrade [i.m.social.upgrade.LayoutUpgradePlugin<main>] 
2026-08-12 14:00:37,744 | INFO  | IGNORE:: Portal SitesPropsUpdgrade/portal doesn't exist. The layout upgrade will be ignored [i.m.social.upgrade.LayoutUpgradePlugin<main>] 
2026-08-12 14:00:37,752 | INFO  | Process:: Upgrade Portal Layout portal/global [i.m.social.upgrade.LayoutUpgradePlugin<main>] 
2026-08-12 14:00:37,752 | INFO  | Updating Portal config of site of type 'portal' with name 'global' [o.e.p.mop.importer.PortalConfigImporter<main>] 
2026-08-12 14:00:37,920 | INFO  | Process:: Upgrade Portal Layout portal/administration [i.m.social.upgrade.LayoutUpgradePlugin<main>] 
2026-08-12 14:00:37,920 | INFO  | Updating Portal config of site of type 'portal' with name 'administration' [o.e.p.mop.importer.PortalConfigImporter<main>] 
2026-08-12 14:00:38,100 | INFO  | Process:: Upgrade Portal Layout portal/public [i.m.social.upgrade.LayoutUpgradePlugin<main>] 
2026-08-12 14:00:38,100 | INFO  | Updating Portal config of site of type 'portal' with name 'public' [o.e.p.mop.importer.PortalConfigImporter<main>] 
2026-08-12 14:00:38,278 | INFO  | End:: Upgrade Portal Layout SitesPropsUpdgrade in 534 ms [i.m.social.upgrade.LayoutUpgradePlugin<main>] 
2026-08-12 14:00:38,346 | INFO  | Upgrade of plugin SitesPropsUpdgrade completed. [o.e.c.upgrade.UpgradeProductService<main>] 
2026-08-12 14:00:38,447 | INFO  | Proceed upgrade the plugin (async = false): name = UserSettingsPageSecuritySectionUpgrade from version 0 to 7.2.0-exo [o.e.c.upgrade.UpgradeProductService<main>] 
2026-08-12 14:00:38,447 | INFO  | Start:: Upgrade Portal Layout UserSettingsPageSecuritySectionUpgrade [i.m.social.upgrade.LayoutUpgradePlugin<main>] 
2026-08-12 14:00:38,469 | INFO  | Process:: Upgrade pages (settings) layout from portal portal/global [i.m.social.upgrade.LayoutUpgradePlugin<main>] 
2026-08-12 14:00:39,016 | INFO  | End:: Upgrade Portal Layout UserSettingsPageSecuritySectionUpgrade in 569 ms [i.m.social.upgrade.LayoutUpgradePlugin<main>] 
2026-08-12 14:00:39,482 | INFO  | Upgrade of plugin UserSettingsPageSecuritySectionUpgrade completed. [o.e.c.upgrade.UpgradeProductService<main>] 
2026-08-12 14:00:39,607 | INFO  | Proceed upgrade the plugin (async = false): name = GlobalSitePermissionUpgrade from version 0 to 7.2.0-exo [o.e.c.upgrade.UpgradeProductService<main>] 
2026-08-12 14:00:39,607 | INFO  | Start:: Upgrade Portal Layout GlobalSitePermissionUpgrade [i.m.social.upgrade.LayoutUpgradePlugin<main>] 
2026-08-12 14:00:39,607 | INFO  | Process:: Upgrade Portal navigation portal/global [i.m.social.upgrade.LayoutUpgradePlugin<main>] 
2026-08-12 14:00:40,091 | INFO  | End:: Upgrade Portal Layout GlobalSitePermissionUpgrade in 484 ms [i.m.social.upgrade.LayoutUpgradePlugin<main>] 
2026-08-12 14:00:40,158 | INFO  | Upgrade of plugin GlobalSitePermissionUpgrade completed. [o.e.c.upgrade.UpgradeProductService<main>] 
2026-08-12 14:00:40,303 | INFO  | Proceed upgrade the plugin (async = false): name = AdministrationPageHomeSettingsUpgrade from version 0 to 7.2.0-exo [o.e.c.upgrade.UpgradeProductService<main>] 
2026-08-12 14:00:40,303 | INFO  | Start:: Upgrade Portal Layout AdministrationPageHomeSettingsUpgrade [i.m.social.upgrade.LayoutUpgradePlugin<main>] 
2026-08-12 14:00:40,345 | INFO  | Process:: Upgrade pages (home) layout from portal portal/administration [i.m.social.upgrade.LayoutUpgradePlugin<main>] 
2026-08-12 14:00:40,510 | INFO  | Process:: Upgrade Portal navigation portal/administration [i.m.social.upgrade.LayoutUpgradePlugin<main>] 
2026-08-12 14:00:40,789 | INFO  | End:: Upgrade Portal Layout AdministrationPageHomeSettingsUpgrade in 486 ms [i.m.social.upgrade.LayoutUpgradePlugin<main>] 
2026-08-12 14:00:40,894 | INFO  | Upgrade of plugin AdministrationPageHomeSettingsUpgrade completed. [o.e.c.upgrade.UpgradeProductService<main>] 
2026-08-12 14:00:40,949 | INFO  | Proceed upgrade the plugin (async = false): name = PublicSitePortalConfigUpgrade from version 0 to 7.2.0-exo [o.e.c.upgrade.UpgradeProductService<main>] 
2026-08-12 14:00:40,950 | INFO  | Start:: Upgrade Portal Layout PublicSitePortalConfigUpgrade [i.m.social.upgrade.LayoutUpgradePlugin<main>] 
2026-08-12 14:00:41,008 | INFO  | Process:: Upgrade Portal Layout portal/public [i.m.social.upgrade.LayoutUpgradePlugin<main>] 
2026-08-12 14:00:41,008 | INFO  | Updating Portal config of site of type 'portal' with name 'public' [o.e.p.mop.importer.PortalConfigImporter<main>] 
2026-08-12 14:00:41,270 | INFO  | End:: Upgrade Portal Layout PublicSitePortalConfigUpgrade in 320 ms [i.m.social.upgrade.LayoutUpgradePlugin<main>] 
2026-08-12 14:00:41,313 | INFO  | Upgrade of plugin PublicSitePortalConfigUpgrade completed. [o.e.c.upgrade.UpgradeProductService<main>] 
2026-08-12 14:00:41,368 | INFO  | Proceed upgrade the plugin (async = false): name = PublicSiteTemplatePortalConfigUpgrade from version 0 to 7.2.0-exo [o.e.c.upgrade.UpgradeProductService<main>] 
2026-08-12 14:00:41,369 | INFO  | Start:: Upgrade Portal Layout PublicSiteTemplatePortalConfigUpgrade [i.m.social.upgrade.LayoutUpgradePlugin<main>] 
2026-08-12 14:00:41,371 | INFO  | Process:: Upgrade Portal Layout portal_template/public [i.m.social.upgrade.LayoutUpgradePlugin<main>] 
2026-08-12 14:00:41,372 | INFO  | Updating Portal config of site of type 'portal_template' with name 'public' [o.e.p.mop.importer.PortalConfigImporter<main>] 
2026-08-12 14:00:41,518 | INFO  | End:: Upgrade Portal Layout PublicSiteTemplatePortalConfigUpgrade in 149 ms [i.m.social.upgrade.LayoutUpgradePlugin<main>] 
2026-08-12 14:00:41,577 | INFO  | Upgrade of plugin PublicSiteTemplatePortalConfigUpgrade completed. [o.e.c.upgrade.UpgradeProductService<main>] 
2026-08-12 14:00:41,636 | INFO  | Proceed upgrade the plugin (async = false): name = SpacePublicSiteTemplatePortalConfigUpgrade from version 0 to 7.2.0-exo [o.e.c.upgrade.UpgradeProductService<main>] 
2026-08-12 14:00:41,636 | INFO  | Start:: Upgrade Portal Layout SpacePublicSiteTemplatePortalConfigUpgrade [i.m.social.upgrade.LayoutUpgradePlugin<main>] 
2026-08-12 14:00:41,639 | INFO  | Process:: Upgrade Portal Layout portal_template/spacePublic [i.m.social.upgrade.LayoutUpgradePlugin<main>] 
2026-08-12 14:00:41,640 | INFO  | Updating Portal config of site of type 'portal_template' with name 'spacePublic' [o.e.p.mop.importer.PortalConfigImporter<main>] 
2026-08-12 14:00:41,796 | INFO  | End:: Upgrade Portal Layout SpacePublicSiteTemplatePortalConfigUpgrade in 160 ms [i.m.social.upgrade.LayoutUpgradePlugin<main>] 
2026-08-12 14:00:41,872 | INFO  | Upgrade of plugin SpacePublicSiteTemplatePortalConfigUpgrade completed. [o.e.c.upgrade.UpgradeProductService<main>] 
2026-08-12 14:00:42,038 | INFO  | Proceed upgrade the plugin (async = false): name = AnalyticsPagesUpgrade from version 0 to 7.2.0-exo [o.e.c.upgrade.UpgradeProductService<main>] 
2026-08-12 14:00:42,038 | INFO  | Start:: Upgrade Portal Layout AnalyticsPagesUpgrade [i.m.social.upgrade.LayoutUpgradePlugin<main>] 
2026-08-12 14:00:42,041 | INFO  | IGNORE:: Pages layout of portal AnalyticsPagesUpgrade/portal wasn't found from list global. The layout upgrade will be ignored [i.m.social.upgrade.LayoutUpgradePlugin<main>] 
2026-08-12 14:00:42,044 | INFO  | End:: Upgrade Portal Layout AnalyticsPagesUpgrade in 6 ms [i.m.social.upgrade.LayoutUpgradePlugin<main>] 
2026-08-12 14:00:42,188 | INFO  | Upgrade of plugin AnalyticsPagesUpgrade completed. [o.e.c.upgrade.UpgradeProductService<main>] 
2026-08-12 14:00:42,473 | INFO  | Proceed upgrade the plugin (async = false): name = GlobalPageViewerPermissionUpgrade from version 0 to 7.2.0-exo [o.e.c.upgrade.UpgradeProductService<main>] 
2026-08-12 14:00:42,473 | INFO  | Start:: Upgrade Portal Layout GlobalPageViewerPermissionUpgrade [i.m.social.upgrade.LayoutUpgradePlugin<main>] 
2026-08-12 14:00:42,476 | INFO  | Process:: Upgrade pages (portlet-viewer) layout from portal portal/global [i.m.social.upgrade.LayoutUpgradePlugin<main>] 
2026-08-12 14:00:42,623 | INFO  | End:: Upgrade Portal Layout GlobalPageViewerPermissionUpgrade in 150 ms [i.m.social.upgrade.LayoutUpgradePlugin<main>] 
2026-08-12 14:00:42,809 | INFO  | Upgrade of plugin GlobalPageViewerPermissionUpgrade completed. [o.e.c.upgrade.UpgradeProductService<main>] 
2026-08-12 14:00:43,023 | INFO  | Proceed upgrade the plugin (async = false): name = CommunitySpaceTemplateContributeLayoutUpgrade from version 0 to 7.2.0-exo [o.e.c.upgrade.UpgradeProductService<main>] 
2026-08-12 14:00:43,023 | INFO  | Start:: Upgrade Portal Layout CommunitySpaceTemplateContributeLayoutUpgrade [i.m.social.upgrade.LayoutUpgradePlugin<main>] 
2026-08-12 14:00:43,026 | INFO  | Process:: Upgrade pages (contribute) layout from portal group_template/community [i.m.social.upgrade.LayoutUpgradePlugin<main>] 
2026-08-12 14:00:43,492 | INFO  | End:: Upgrade Portal Layout CommunitySpaceTemplateContributeLayoutUpgrade in 469 ms [i.m.social.upgrade.LayoutUpgradePlugin<main>] 
2026-08-12 14:00:43,753 | INFO  | Upgrade of plugin CommunitySpaceTemplateContributeLayoutUpgrade completed. [o.e.c.upgrade.UpgradeProductService<main>] 
2026-08-12 14:00:43,930 | INFO  | Proceed upgrade the plugin (async = false): name = ContributeSitePropertiesUpgrade-7.1 from version 0 to 7.2.0-exo [o.e.c.upgrade.UpgradeProductService<main>] 
2026-08-12 14:00:43,930 | INFO  | Start:: Upgrade Portal Layout ContributeSitePropertiesUpgrade-7.1 [i.m.social.upgrade.LayoutUpgradePlugin<main>] 
2026-08-12 14:00:43,930 | INFO  | IGNORE:: Portal ContributeSitePropertiesUpgrade-7.1/portal doesn't exist. The layout upgrade will be ignored [i.m.social.upgrade.LayoutUpgradePlugin<main>] 
2026-08-12 14:00:43,933 | INFO  | End:: Upgrade Portal Layout ContributeSitePropertiesUpgrade-7.1 in 3 ms [i.m.social.upgrade.LayoutUpgradePlugin<main>] 
2026-08-12 14:00:44,219 | INFO  | Upgrade of plugin ContributeSitePropertiesUpgrade-7.1 completed. [o.e.c.upgrade.UpgradeProductService<main>] 
2026-08-12 14:00:44,728 | INFO  | Proceed upgrade the plugin (async = false): name = eXoSitesPropsUpdgrade from version 0 to 7.2.0-exo [o.e.c.upgrade.UpgradeProductService<main>] 
2026-08-12 14:00:44,728 | INFO  | Start:: Upgrade Portal Layout eXoSitesPropsUpdgrade [i.m.social.upgrade.LayoutUpgradePlugin<main>] 
2026-08-12 14:00:44,745 | INFO  | Process:: Upgrade Portal Layout portal/dw [i.m.social.upgrade.LayoutUpgradePlugin<main>] 
2026-08-12 14:00:44,745 | INFO  | Updating Portal config of site of type 'portal' with name 'dw' [o.e.p.mop.importer.PortalConfigImporter<main>] 
2026-08-12 14:00:44,878 | INFO  | End:: Upgrade Portal Layout eXoSitesPropsUpdgrade in 150 ms [i.m.social.upgrade.LayoutUpgradePlugin<main>] 
2026-08-12 14:00:44,956 | INFO  | Upgrade of plugin eXoSitesPropsUpdgrade completed. [o.e.c.upgrade.UpgradeProductService<main>] 
2026-08-12 14:00:45,148 | INFO  | Proceed upgrade the plugin (async = false): name = ExoDrivesPageUpgrade from version 0 to 7.2.0-exo [o.e.c.upgrade.UpgradeProductService<main>] 
2026-08-12 14:00:45,148 | INFO  | Start:: Upgrade Portal Layout ExoDrivesPageUpgrade [i.m.social.upgrade.LayoutUpgradePlugin<main>] 
2026-08-12 14:00:45,151 | INFO  | Process:: Upgrade pages (drives) layout from portal portal/global [i.m.social.upgrade.LayoutUpgradePlugin<main>] 
2026-08-12 14:00:45,450 | INFO  | End:: Upgrade Portal Layout ExoDrivesPageUpgrade in 302 ms [i.m.social.upgrade.LayoutUpgradePlugin<main>] 
2026-08-12 14:00:45,534 | INFO  | Upgrade of plugin ExoDrivesPageUpgrade completed. [o.e.c.upgrade.UpgradeProductService<main>] 
2026-08-12 14:00:45,634 | INFO  | Proceed upgrade the plugin (async = false): name = ContentTargetsPagePermissionsUpgradePlugin from version 0 to 7.2.0-exo [o.e.c.upgrade.UpgradeProductService<main>] 
2026-08-12 14:00:45,635 | INFO  | Start:: Upgrade Portal Layout ContentTargetsPagePermissionsUpgradePlugin [i.m.social.upgrade.LayoutUpgradePlugin<main>] 
2026-08-12 14:00:45,638 | INFO  | Process:: Upgrade pages (newsTargets) layout from portal portal/administration [i.m.social.upgrade.LayoutUpgradePlugin<main>] 
2026-08-12 14:00:45,902 | INFO  | End:: Upgrade Portal Layout ContentTargetsPagePermissionsUpgradePlugin in 267 ms [i.m.social.upgrade.LayoutUpgradePlugin<main>] 
2026-08-12 14:00:45,971 | INFO  | Upgrade of plugin ContentTargetsPagePermissionsUpgradePlugin completed. [o.e.c.upgrade.UpgradeProductService<main>] 
2026-08-12 14:00:46,089 | INFO  | Proceed upgrade the plugin (async = false): name = ProfilePageUpgrade from version 0 to 7.2.0-exo [o.e.c.upgrade.UpgradeProductService<main>] 
2026-08-12 14:00:46,089 | INFO  | Start:: Upgrade Portal Layout ProfilePageUpgrade [i.m.social.upgrade.LayoutUpgradePlugin<main>] 
2026-08-12 14:00:46,094 | INFO  | Process:: Upgrade pages (profile) layout from portal portal/global [i.m.social.upgrade.LayoutUpgradePlugin<main>] 
2026-08-12 14:00:46,324 | INFO  | End:: Upgrade Portal Layout ProfilePageUpgrade in 235 ms [i.m.social.upgrade.LayoutUpgradePlugin<main>] 
2026-08-12 14:00:46,367 | INFO  | Upgrade of plugin ProfilePageUpgrade completed. [o.e.c.upgrade.UpgradeProductService<main>] 
2026-08-12 14:00:46,418 | INFO  | Proceed upgrade the plugin (async = false): name = SettingsPageUpgrade from version 0 to 7.2.0-exo [o.e.c.upgrade.UpgradeProductService<main>] 
2026-08-12 14:00:46,418 | INFO  | Start:: Upgrade Portal Layout SettingsPageUpgrade [i.m.social.upgrade.LayoutUpgradePlugin<main>] 
2026-08-12 14:00:46,421 | INFO  | Process:: Upgrade pages (settings) layout from portal portal/global [i.m.social.upgrade.LayoutUpgradePlugin<main>] 
2026-08-12 14:00:46,618 | INFO  | End:: Upgrade Portal Layout SettingsPageUpgrade in 200 ms [i.m.social.upgrade.LayoutUpgradePlugin<main>] 
2026-08-12 14:00:46,736 | INFO  | Upgrade of plugin SettingsPageUpgrade completed. [o.e.c.upgrade.UpgradeProductService<main>] 
2026-08-12 14:00:46,829 | INFO  | Proceed upgrade the plugin (async = false): name = NotesEditorPagesUpgrade-7.2 from version 0 to 7.2.0-exo [o.e.c.upgrade.UpgradeProductService<main>] 
2026-08-12 14:00:46,829 | INFO  | Start:: Upgrade Portal Layout NotesEditorPagesUpgrade-7.2 [i.m.social.upgrade.LayoutUpgradePlugin<main>] 
2026-08-12 14:00:46,832 | INFO  | Process:: Upgrade pages (notes-editor,newsComposer) layout from portal portal/global [i.m.social.upgrade.LayoutUpgradePlugin<main>] 
2026-08-12 14:00:46,954 | INFO  | End:: Upgrade Portal Layout NotesEditorPagesUpgrade-7.2 in 125 ms [i.m.social.upgrade.LayoutUpgradePlugin<main>] 
2026-08-12 14:00:47,031 | INFO  | Upgrade of plugin NotesEditorPagesUpgrade-7.2 completed. [o.e.c.upgrade.UpgradeProductService<main>] 
2026-08-12 14:00:47,257 | INFO  | Proceed upgrade the plugin (async = false): name = OldDocumentsPortletInstanceRemovalPortletsUpgrade from version 0 to 7.2.0-exo [o.e.c.upgrade.UpgradeProductService<main>] 
2026-08-12 14:00:47,257 | INFO  | Start:: Upgrade Application ContentId OldDocumentsPortletInstanceRemovalPortletsUpgrade [i.m.l.p.u.LayoutApplicationReferenceUpgradePlugin<main>] 
2026-08-12 14:00:47,260 | INFO  | End:: Upgrade Application ContentId OldDocumentsPortletInstanceRemovalPortletsUpgrade in 3 ms [i.m.l.p.u.LayoutApplicationReferenceUpgradePlugin<main>] 
2026-08-12 14:00:47,469 | INFO  | Upgrade of plugin OldDocumentsPortletInstanceRemovalPortletsUpgrade completed. [o.e.c.upgrade.UpgradeProductService<main>] 
2026-08-12 14:00:47,604 | INFO  | Proceed upgrade the plugin (async = false): name = ContentEditorPageUpgradePlugin from version 0 to 7.2.0-exo [o.e.c.upgrade.UpgradeProductService<main>] 
2026-08-12 14:00:47,604 | INFO  | Start:: Upgrade Portal Layout ContentEditorPageUpgradePlugin [i.m.social.upgrade.LayoutUpgradePlugin<main>] 
2026-08-12 14:00:47,607 | INFO  | Process:: Upgrade pages (newsComposer) layout from portal portal/global [i.m.social.upgrade.LayoutUpgradePlugin<main>] 
2026-08-12 14:00:47,780 | INFO  | End:: Upgrade Portal Layout ContentEditorPageUpgradePlugin in 176 ms [i.m.social.upgrade.LayoutUpgradePlugin<main>] 
2026-08-12 14:00:47,831 | INFO  | Upgrade of plugin ContentEditorPageUpgradePlugin completed. [o.e.c.upgrade.UpgradeProductService<main>] 
2026-08-12 14:00:47,892 | INFO  | Proceed upgrade the plugin (async = false): name = OOEditorPageLayoutUpgrade3 from version 0 to 7.2.0-exo [o.e.c.upgrade.UpgradeProductService<main>] 
2026-08-12 14:00:47,892 | INFO  | Start:: Upgrade Portal Layout OOEditorPageLayoutUpgrade3 [i.m.social.upgrade.LayoutUpgradePlugin<main>] 
2026-08-12 14:00:47,894 | INFO  | Process:: Upgrade pages (oeditor) layout from portal portal/global [i.m.social.upgrade.LayoutUpgradePlugin<main>] 
2026-08-12 14:00:48,057 | INFO  | End:: Upgrade Portal Layout OOEditorPageLayoutUpgrade3 in 165 ms [i.m.social.upgrade.LayoutUpgradePlugin<main>] 
2026-08-12 14:00:48,282 | INFO  | Upgrade of plugin OOEditorPageLayoutUpgrade3 completed. [o.e.c.upgrade.UpgradeProductService<main>] 
2026-08-12 14:00:48,426 | INFO  | Proceed upgrade the plugin (async = false): name = DocumentsApplicationPageUpgrade from version 0 to 7.2.0-exo [o.e.c.upgrade.UpgradeProductService<main>] 
2026-08-12 14:00:48,426 | INFO  | Start:: Upgrade Portal Layout DocumentsApplicationPageUpgrade [i.m.social.upgrade.LayoutUpgradePlugin<main>] 
2026-08-12 14:00:48,426 | INFO  | Process:: Upgrade Portal navigation portal/global [i.m.social.upgrade.LayoutUpgradePlugin<main>] 
2026-08-12 14:00:48,712 | INFO  | End:: Upgrade Portal Layout DocumentsApplicationPageUpgrade in 286 ms [i.m.social.upgrade.LayoutUpgradePlugin<main>] 
2026-08-12 14:00:48,810 | INFO  | Upgrade of plugin DocumentsApplicationPageUpgrade completed. [o.e.c.upgrade.UpgradeProductService<main>] 
2026-08-12 14:00:48,927 | INFO  | Proceed upgrade the plugin (async = false): name = DocumentsGlobalPagePageUpgrade from version 0 to 7.2.0-exo [o.e.c.upgrade.UpgradeProductService<main>] 
2026-08-12 14:00:48,927 | INFO  | Start:: Upgrade Portal Layout DocumentsGlobalPagePageUpgrade [i.m.social.upgrade.LayoutUpgradePlugin<main>] 
2026-08-12 14:00:48,928 | INFO  | Process:: Upgrade Portal navigation portal/global [i.m.social.upgrade.LayoutUpgradePlugin<main>] 
2026-08-12 14:00:49,022 | INFO  | End:: Upgrade Portal Layout DocumentsGlobalPagePageUpgrade in 95 ms [i.m.social.upgrade.LayoutUpgradePlugin<main>] 
2026-08-12 14:00:49,064 | INFO  | Upgrade of plugin DocumentsGlobalPagePageUpgrade completed. [o.e.c.upgrade.UpgradeProductService<main>] 
2026-08-12 14:00:49,517 | INFO  | Proceed upgrade the plugin (async = true): name = SpaceBannerHomePageUpdateContentId from version 0 to 7.2.0-exo [o.e.c.upgrade.UpgradeProductService<main>] 
2026-08-12 14:00:49,810 | INFO  | Proceed upgrade the plugin (async = false): name = CMSPortletToContentUpgradePlugin from version 0 to 7.2.0-exo [o.e.c.upgrade.UpgradeProductService<main>] 
2026-08-12 14:00:49,810 | INFO  | Start:: Upgrade Application ContentId CMSPortletToContentUpgradePlugin [i.m.l.p.u.LayoutApplicationReferenceUpgradePlugin<main>] 
2026-08-12 14:00:50,293 | INFO  | | -- UPDATE::Application Reference: 9 items migrated from 'social/Links' to 'content/Links' successfully [i.m.l.p.u.LayoutApplicationReferenceUpgradePlugin<main>] 
2026-08-12 14:00:50,297 | INFO  | End:: Upgrade Application ContentId CMSPortletToContentUpgradePlugin in 487 ms [i.m.l.p.u.LayoutApplicationReferenceUpgradePlugin<main>] 
2026-08-12 14:00:50,670 | INFO  | Upgrade of plugin CMSPortletToContentUpgradePlugin completed. [o.e.c.upgrade.UpgradeProductService<main>] 
2026-08-12 14:00:50,779 | INFO  | Proceed upgrade the plugin (async = false): name = SocialPortletToSocialUpgradePlugin from version 0 to 7.2.0-exo [o.e.c.upgrade.UpgradeProductService<main>] 
2026-08-12 14:00:50,779 | INFO  | Start:: Upgrade Application ContentId SocialPortletToSocialUpgradePlugin [i.m.l.p.u.LayoutApplicationReferenceUpgradePlugin<main>] 
2026-08-12 14:00:51,017 | INFO  | End:: Upgrade Application ContentId SocialPortletToSocialUpgradePlugin in 238 ms [i.m.l.p.u.LayoutApplicationReferenceUpgradePlugin<main>] 
2026-08-12 14:00:51,062 | INFO  | Upgrade of plugin SocialPortletToSocialUpgradePlugin completed. [o.e.c.upgrade.UpgradeProductService<main>] 
2026-08-12 14:00:55,370 | INFO  | Admin wallet created [i.m.w.b.s.EthereumWalletTokenAdminService<ForkJoinPool.commonPool-worker-4>] 
2026-08-12 14:01:00,211 | INFO  | No IDM external store was configured, store type = class org.picketlink.idm.impl.repository.WrapperIdentityStoreRepository [o.e.s.o.i.e.PicketLinkIDMExternalStoreService<main>] 
2026-08-12 14:01:00,376 | INFO  | NodeRepresentationFactory added nt:file org.exoplatform.services.jcr.ext.resource.representation.NtFileNodeRepresentationFactory [e.j.c.ext.NodeRepresentationService<main>] 
2026-08-12 14:01:00,377 | INFO  | NodeRepresentationFactory added nt:resource org.exoplatform.services.jcr.ext.resource.representation.NtResourceNodeRepresentationFactory [e.j.c.ext.NodeRepresentationService<main>] 
2026-08-12 14:01:00,381 | INFO  | Scheduler ExoScheduler_$_NON_CLUSTERED started. [org.quartz.core.QuartzScheduler<main>] 
2026-08-12 14:01:00,388 | INFO  | Start:: Upgrade of portal navigation node icons [o.e.m.PortalNavigationIconMigration<pool-25-thread-1>] 
2026-08-12 14:01:00,388 | INFO  | Start upgrade : Hiding default folders [o.e.j.u.HideDefaultFoldersUpgradePlugin<pool-25-thread-2>] 
2026-08-12 14:01:00,392 | INFO  | === Start initialisation of settings [o.e.p.u.n.NotificationSettingsUpgradePlugin<pool-25-thread-3>] 
2026-08-12 14:01:00,392 | INFO  |   Starting activating Notifications for users [o.e.p.u.n.NotificationSettingsUpgradePlugin<pool-25-thread-3>] 
2026-08-12 14:01:00,392 | INFO  | Start:: Upgrade of space node icons [i.m.s.u.SpaceNavigationIconUpgradePlugin<pool-25-thread-4>] 
2026-08-12 14:01:00,393 | INFO  |   Progression of users Notifications settings initialisation : 0 users [o.e.p.u.n.NotificationSettingsUpgradePlugin<pool-25-thread-3>] 
2026-08-12 14:01:00,396 | INFO  | Start upgrade of news articles [o.e.news.upgrade.jcr.NewsArticlesUpgrade<pool-25-thread-5>] 
2026-08-12 14:01:00,397 | INFO  | End news articles migration successful migration: total=0 succeeded=0 error=0. It tooks 1 ms. [o.e.news.upgrade.jcr.NewsArticlesUpgrade<pool-25-thread-5>] 
2026-08-12 14:01:00,398 | INFO  | Start cleanup of duplicated News ES indexes [i.m.c.n.u.CleanDuplicatedEsIndexesUpgrade<pool-25-thread-7>] 
2026-08-12 14:01:00,399 | INFO  | Start upgrade of pages with application references 'news/NewsDetail' to use application 'content/NewsDetail' [o.exoplatform.migration.PagesMigration<pool-25-thread-8>] 
2026-08-12 14:01:00,406 | INFO  | Start treating GroupSpaceBinding queue [o.e.s.c.b.job.QueueGroupSpaceBindingJob<ExoScheduler_Worker-2>] 
2026-08-12 14:01:00,414 | INFO  | Start Processes documents upgrade [o.e.m.ProcessesDocumentsUpgradePlugin<pool-25-thread-9>] 
2026-08-12 14:01:00,417 | INFO  | Start upgrade of pages with application references 'calendar/CalendarPortlet' to use application 'agenda/Agenda' [o.exoplatform.migration.PagesMigration<pool-25-thread-11>] 
2026-08-12 14:01:00,422 | INFO  | Start upgrade of processes permissions [o.e.m.ProcessesPermissionsMigration<pool-25-thread-12>] 
2026-08-12 14:01:00,427 | INFO  | Start Upgrade of redactional spaces documents [o.e.u.AddPublishersPermissionsUpgradePlugin<pool-25-thread-10>] 
2026-08-12 14:01:00,429 | INFO  | Start upgrade of pages with application references 'calendar/Events' to use application 'agenda/AgendaTimeline' [o.exoplatform.migration.PagesMigration<pool-25-thread-13>] 
2026-08-12 14:01:00,439 | INFO  | Start upgrade of pages with application references 'wiki/WikiPortlet' to use application 'notes/Notes' [o.exoplatform.migration.PagesMigration<pool-25-thread-14>] 
2026-08-12 14:01:00,444 | INFO  | Start upgrade of navigation node with name 'wiki' to use name 'notes' [o.e.migration.NavigationNotesMigration<pool-25-thread-15>] 
2026-08-12 14:01:00,454 | INFO  | Total number of duplicated News ES indexes to be cleaned: 0 [i.m.c.n.u.CleanDuplicatedEsIndexesUpgrade<pool-25-thread-7>] 
2026-08-12 14:01:00,460 | INFO  | Start upgrade of navigation node with name 'WikiPortlet' to use name 'notes' [o.e.migration.NavigationNotesMigration<pool-25-thread-16>] 
2026-08-12 14:01:00,465 | INFO  | Start upgrade of permission for portalConfiguration [o.e.m.PortalConfigPermissionMigration<pool-25-thread-17>] 
2026-08-12 14:01:00,465 | INFO  | 4. Finish booting spring based contexts switch Addons Priority: [social, layout, auth-server, analytics, gamification-portlets, content, task-management, kudos, notes, wallet, agenda, deeds-tenant, documents-portlet, poll, app-center, gamification-crowdin, gamification-evm, gamification-github, gamification-twitter, ide, pwa, webdav, mcp-server, matrix] [i.m.s.k.KernelContainerLifecyclePlugin<main>] 
2026-08-12 14:01:00,466 | INFO  | Continue Spring context 'social' initialization [i.m.s.kernel.PortalApplicationContext<main>] 
2026-08-12 14:01:00,513 | INFO  | No processes permissions to be upgraded. [o.e.m.ProcessesPermissionsMigration<pool-25-thread-12>] 
2026-08-12 14:01:00,516 | INFO  | === couldn't initialize the settings of ChatMentionNotificationPlugin , plugin is not found [o.e.p.u.n.NotificationSettingsUpgradePlugin<pool-25-thread-3>] 
2026-08-12 14:01:00,516 | INFO  | === couldn't initialize the settings of MfaAdminRevocationRequestPlugin , plugin is not found [o.e.p.u.n.NotificationSettingsUpgradePlugin<pool-25-thread-3>] 
2026-08-12 14:01:00,516 | INFO  | === couldn't initialize the settings of EditWikiNotificationPlugin , plugin is not found [o.e.p.u.n.NotificationSettingsUpgradePlugin<pool-25-thread-3>] 
2026-08-12 14:01:00,516 | INFO  | End upgrade of of permission for portalConfiguration. It took 51 ms [o.e.m.PortalConfigPermissionMigration<pool-25-thread-17>] 
2026-08-12 14:01:00,530 | INFO  | End duplicated News ES indexes successful cleanup: total=0 succeeded=0 error=0. It tooks 132 ms. [i.m.c.n.u.CleanDuplicatedEsIndexesUpgrade<pool-25-thread-7>] 
2026-08-12 14:01:00,566 | INFO  | Total number of folders: 0 [o.e.j.u.HideDefaultFoldersUpgradePlugin<pool-25-thread-2>] 
2026-08-12 14:01:00,566 | INFO  | End hiding of 0/0 folders. It took 178 ms [o.e.j.u.HideDefaultFoldersUpgradePlugin<pool-25-thread-2>] 
2026-08-12 14:01:00,592 | INFO  | No GroupSpaceBindingQueue or UserBindingsQueue to process [o.e.s.c.b.job.QueueGroupSpaceBindingJob<ExoScheduler_Worker-2>] 
2026-08-12 14:01:00,593 | INFO  | End treating GroupSpaceBinding queue [o.e.s.c.b.job.QueueGroupSpaceBindingJob<ExoScheduler_Worker-2>] 
2026-08-12 14:01:00,618 | INFO  | Upgrade of plugin NewsArticlesUpgradePlugin completed. [o.e.c.upgrade.UpgradeProductService<pool-25-thread-5>] 
2026-08-12 14:01:00,675 | INFO  | End upgrade of '0' pages with application references 'calendar/Events' to use application 'agenda/AgendaTimeline'. It took 246 ms [o.exoplatform.migration.PagesMigration<pool-25-thread-13>] 
2026-08-12 14:01:00,677 | INFO  | End upgrade of '0' pages with application references 'news/NewsDetail' to use application 'content/NewsDetail'. It took 278 ms [o.exoplatform.migration.PagesMigration<pool-25-thread-8>] 
2026-08-12 14:01:00,678 | INFO  | End upgrade of '0' pages with application references 'wiki/WikiPortlet' to use application 'notes/Notes'. It took 239 ms [o.exoplatform.migration.PagesMigration<pool-25-thread-14>] 
2026-08-12 14:01:00,680 | INFO  | End upgrade of '0' pages with application references 'calendar/CalendarPortlet' to use application 'agenda/Agenda'. It took 263 ms [o.exoplatform.migration.PagesMigration<pool-25-thread-11>] 
2026-08-12 14:01:00,680 | INFO  | End:: Upgrade of '0' space node icons. It tooks 288 ms [i.m.s.u.SpaceNavigationIconUpgradePlugin<pool-25-thread-4>] 
2026-08-12 14:01:00,683 | INFO  | End:: Upgrade of '1' node icons. It tooks 295 ms [o.e.m.PortalNavigationIconMigration<pool-25-thread-1>] 
2026-08-12 14:01:00,757 | INFO  | Start upgrade of pages with application references 'news/NewsListView' to use application 'content/NewsListView' [o.exoplatform.migration.PagesMigration<pool-25-thread-8>] 
2026-08-12 14:01:00,761 | INFO  | End upgrade of '0' pages with application references 'news/NewsListView' to use application 'content/NewsListView'. It took 362 ms [o.exoplatform.migration.PagesMigration<pool-25-thread-8>] 
2026-08-12 14:01:00,763 | INFO  | Start upgrade of pages with application references 'news/NewsComposer' to use application 'content/NewsComposer' [o.exoplatform.migration.PagesMigration<pool-25-thread-8>] 
2026-08-12 14:01:00,767 | INFO  | End upgrade of '0' pages with application references 'news/NewsComposer' to use application 'content/NewsComposer'. It took 368 ms [o.exoplatform.migration.PagesMigration<pool-25-thread-8>] 
2026-08-12 14:01:00,769 | INFO  | Start upgrade of pages with application references 'news/newsPublishTargetsManagement' to use application 'content/newsPublishTargetsManagement' [o.exoplatform.migration.PagesMigration<pool-25-thread-8>] 
2026-08-12 14:01:00,771 | INFO  | Upgrade of plugin ArticleImagesPermissionsUpgradePlugin completed. [o.e.c.upgrade.UpgradeProductService<pool-25-thread-6>] 
2026-08-12 14:01:00,773 | INFO  | End upgrade of '0' pages with application references 'news/newsPublishTargetsManagement' to use application 'content/newsPublishTargetsManagement'. It took 374 ms [o.exoplatform.migration.PagesMigration<pool-25-thread-8>] 
2026-08-12 14:01:00,775 | INFO  | Processes documents upgrade Select query executed in 361 ms, 0 elements to check [o.e.m.ProcessesDocumentsUpgradePlugin<pool-25-thread-9>] 
2026-08-12 14:01:00,779 | INFO  | 0 documents converted. Start step 2 to update attachment table [o.e.m.ProcessesDocumentsUpgradePlugin<pool-25-thread-9>] 
2026-08-12 14:01:00,780 | INFO  | End Processes documents upgrade, execution time=366ms, 0 elements processed, 0 converted [o.e.m.ProcessesDocumentsUpgradePlugin<pool-25-thread-9>] 
2026-08-12 14:01:00,778 | INFO  | [] [o.e.migration.NavigationNotesMigration<pool-25-thread-16>] 
2026-08-12 14:01:00,783 | INFO  | End upgrade of '0' navigation node with name 'WikiPortlet' to use name 'notes'. It took 323 ms [o.e.migration.NavigationNotesMigration<pool-25-thread-16>] 
2026-08-12 14:01:00,794 | INFO  | [] [o.e.migration.NavigationNotesMigration<pool-25-thread-15>] 
2026-08-12 14:01:00,795 | INFO  | End upgrade of '0' navigation node with name 'wiki' to use name 'notes'. It took 351 ms [o.e.migration.NavigationNotesMigration<pool-25-thread-15>] 
2026-08-12 14:01:00,931 | INFO  | Upgrade of plugin DocumentsFavoritsPlugin completed. [o.e.c.upgrade.UpgradeProductService<pool-25-thread-12>] 
2026-08-12 14:01:01,047 | INFO  | Upgrade of plugin PortalNavigationIconUpgradePlugin completed. [o.e.c.upgrade.UpgradeProductService<pool-25-thread-1>] 
2026-08-12 14:01:01,048 | INFO  | Upgrade of plugin AddPublishersPermissionsUpgradePlugin completed. [o.e.c.upgrade.UpgradeProductService<pool-25-thread-10>] 
2026-08-12 14:01:01,047 | INFO  | Upgrade of plugin PortalConfigPermissionNavigationPlugin completed. [o.e.c.upgrade.UpgradeProductService<pool-25-thread-17>] 
2026-08-12 14:01:01,048 | INFO  | Upgrade of plugin SpaceNavigationIconMigration completed. [o.e.c.upgrade.UpgradeProductService<pool-25-thread-4>] 
2026-08-12 14:01:01,049 | INFO  | Upgrade of plugin HideDefaultFoldersUpgradePlugin completed. [o.e.c.upgrade.UpgradeProductService<pool-25-thread-2>] 
2026-08-12 14:01:01,048 | INFO  | Upgrade of plugin CleanDuplicatedEsIndexesUpgrade completed. [o.e.c.upgrade.UpgradeProductService<pool-25-thread-7>] 
2026-08-12 14:01:01,262 | INFO  | Upgrade of plugin DocumentsProcessesPlugin completed. [o.e.c.upgrade.UpgradeProductService<pool-25-thread-9>] 
2026-08-12 14:01:01,263 | INFO  | Upgrade of plugin WikiPagesNavigationPlugin1 completed. [o.e.c.upgrade.UpgradeProductService<pool-25-thread-16>] 
2026-08-12 14:01:01,262 | INFO  | Upgrade of plugin ContentPagesUpgradePlugin completed. [o.e.c.upgrade.UpgradeProductService<pool-25-thread-8>] 
2026-08-12 14:01:01,263 | INFO  | Upgrade of plugin WikiPagesNavigationPlugin completed. [o.e.c.upgrade.UpgradeProductService<pool-25-thread-15>] 
2026-08-12 14:01:01,263 | INFO  | Upgrade of plugin CalendarPagesUpgradePlugin completed. [o.e.c.upgrade.UpgradeProductService<pool-25-thread-11>] 
2026-08-12 14:01:01,263 | INFO  | Upgrade of plugin CalendarWidgetPagesUpgradePlugin completed. [o.e.c.upgrade.UpgradeProductService<pool-25-thread-13>] 
2026-08-12 14:01:01,264 | INFO  | Upgrade of plugin NotesPagesUpgradePlugin completed. [o.e.c.upgrade.UpgradeProductService<pool-25-thread-14>] 
2026-08-12 14:01:01,885 | INFO  | ES document generated for file with id=f63e71bdac1400056aeab7e75dbf9002 path="/exo:services/ManageDriveServiceImpl/ManageDriveServiceImpl_DeletedDriveNames" [o.e.s.w.s.c.FileindexingConnector<ExoScheduler_Worker-5>] 
2026-08-12 14:01:02,104 | INFO  | Run 2 startup Tasks in asynchronous threads [i.m.s.common.ContainerStartupTaskService<main>] 
2026-08-12 14:01:02,216 | INFO  | Run startup Tasks in dedicated threads [i.m.s.common.ContainerStartupTaskService<virtual-207>] 
2026-08-12 14:01:02,218 | INFO  | Startup Asynchronous Task with chain id default [i.m.s.common.ContainerStartupTaskService<virtual-207>] 
2026-08-12 14:01:02,220 | INFO  | Importing Space Templates [i.m.s.s.t.s.i.SpaceTemplateImportService<virtual-210>] 
2026-08-12 14:01:02,252 | INFO  | Importing categories with version 1, force reimport = true [i.m.s.c.injection.CategoryImportService<ForkJoinPool.commonPool-worker-4>] 
2026-08-12 14:01:02,738 | INFO  | Importing Space Template announcement [i.m.s.s.t.s.i.SpaceTemplateImportService<virtual-210>] 
2026-08-12 14:01:02,769 | INFO  | Obtaining singleton bean 'transactionManager' in thread "" while other thread holds singleton lock for other beans [elasticsearchMappingContext, elasticsearchEntityMapper, elasticsearchOperations] [o.s.b.f.s.DefaultListableBeanFactory<virtual-210>] 
2026-08-12 14:01:02,769 | INFO  | Obtaining singleton bean 'org.springframework.boot.autoconfigure.orm.jpa.HibernateJpaConfiguration' in thread "" while other thread holds singleton lock for other beans [elasticsearchMappingContext, elasticsearchEntityMapper, elasticsearchOperations] [o.s.b.f.s.DefaultListableBeanFactory<virtual-210>] 
2026-08-12 14:01:02,770 | INFO  | Obtaining singleton bean 'spring.jpa-org.springframework.boot.autoconfigure.orm.jpa.JpaProperties' in thread "" while other thread holds singleton lock for other beans [elasticsearchMappingContext, elasticsearchEntityMapper, elasticsearchOperations] [o.s.b.f.s.DefaultListableBeanFactory<virtual-210>] 
2026-08-12 14:01:02,774 | INFO  | Obtaining singleton bean 'spring.jpa.hibernate-org.springframework.boot.autoconfigure.orm.jpa.HibernateProperties' in thread "" while other thread holds singleton lock for other beans [elasticsearchMappingContext, elasticsearchEntityMapper, elasticsearchOperations] [o.s.b.f.s.DefaultListableBeanFactory<virtual-210>] 
2026-08-12 14:01:02,778 | INFO  | Obtaining singleton bean 'hikariPoolDataSourceMetadataProvider' in thread "" while other thread holds singleton lock for other beans [elasticsearchMappingContext, elasticsearchEntityMapper, elasticsearchOperations] [o.s.b.f.s.DefaultListableBeanFactory<virtual-210>] 
2026-08-12 14:01:02,778 | INFO  | Obtaining singleton bean 'org.springframework.boot.autoconfigure.jdbc.metadata.DataSourcePoolMetadataProvidersConfiguration$HikariPoolDataSourceMetadataProviderConfiguration' in thread "" while other thread holds singleton lock for other beans [elasticsearchMappingContext, elasticsearchEntityMapper, elasticsearchOperations] [o.s.b.f.s.DefaultListableBeanFactory<virtual-210>] 
2026-08-12 14:01:02,779 | INFO  | Obtaining singleton bean 'tomcatPoolDataSourceMetadataProvider' in thread "" while other thread holds singleton lock for other beans [elasticsearchMappingContext, elasticsearchEntityMapper, elasticsearchOperations] [o.s.b.f.s.DefaultListableBeanFactory<virtual-210>] 
2026-08-12 14:01:02,779 | INFO  | Obtaining singleton bean 'org.springframework.boot.autoconfigure.jdbc.metadata.DataSourcePoolMetadataProvidersConfiguration$TomcatDataSourcePoolMetadataProviderConfiguration' in thread "" while other thread holds singleton lock for other beans [elasticsearchMappingContext, elasticsearchEntityMapper, elasticsearchOperations] [o.s.b.f.s.DefaultListableBeanFactory<virtual-210>] 
2026-08-12 14:01:02,783 | INFO  | Obtaining singleton bean 'platformTransactionManagerCustomizers' in thread "" while other thread holds singleton lock for other beans [elasticsearchMappingContext, elasticsearchEntityMapper, elasticsearchOperations] [o.s.b.f.s.DefaultListableBeanFactory<virtual-210>] 
2026-08-12 14:01:02,784 | INFO  | Obtaining singleton bean 'org.springframework.boot.autoconfigure.transaction.TransactionManagerCustomizationAutoConfiguration' in thread "" while other thread holds singleton lock for other beans [elasticsearchMappingContext, elasticsearchEntityMapper, elasticsearchOperations] [o.s.b.f.s.DefaultListableBeanFactory<virtual-210>] 
2026-08-12 14:01:02,786 | INFO  | Obtaining singleton bean 'transactionExecutionListeners' in thread "" while other thread holds singleton lock for other beans [elasticsearchMappingContext, elasticsearchEntityMapper, elasticsearchOperations] [o.s.b.f.s.DefaultListableBeanFactory<virtual-210>] 
2026-08-12 14:01:02,788 | INFO  | Obtaining singleton bean 'spring.transaction-org.springframework.boot.autoconfigure.transaction.TransactionProperties' in thread "" while other thread holds singleton lock for other beans [elasticsearchMappingContext, elasticsearchEntityMapper, elasticsearchOperations] [o.s.b.f.s.DefaultListableBeanFactory<virtual-210>] 
2026-08-12 14:01:03,536 | INFO  | Analytics Indices rollover process start [i.m.a.e.s.ElasticsearchAnalyticsStorage<ForkJoinPool.commonPool-worker-5>] 
2026-08-12 14:01:03,543 | INFO  | New analytics index analytics_2026-08-06 created. [i.m.a.e.s.ElasticsearchAnalyticsStorage<Analytics-ingestor-1>] 
2026-08-12 14:01:03,544 | INFO  | Analytics Indices rollover process finished successfully. [i.m.a.e.s.ElasticsearchAnalyticsStorage<ForkJoinPool.commonPool-worker-5>] 
2026-08-12 14:01:03,757 | INFO  | Importing Space Template announcement title translations [i.m.s.s.t.s.i.SpaceTemplateImportService<virtual-210>] 
2026-08-12 14:01:03,759 | INFO  | Importing Space Template announcement description translations [i.m.s.s.t.s.i.SpaceTemplateImportService<virtual-210>] 
2026-08-12 14:01:03,759 | INFO  | Importing Space Template announcement illustration [i.m.s.s.t.s.i.SpaceTemplateImportService<virtual-210>] 
2026-08-12 14:01:05,474 | INFO  | Importing category statusCategory [i.m.s.c.injection.CategoryImportService<ForkJoinPool.commonPool-worker-4>] 
2026-08-12 14:01:06,402 | INFO  | Time to treat user=root : 5986ms [o.e.p.u.n.NotificationSettingsUpgradePlugin<pool-25-thread-3>] 
2026-08-12 14:01:06,402 | INFO  |   Progression of users Notifications settings initialisation : 1 users [o.e.p.u.n.NotificationSettingsUpgradePlugin<pool-25-thread-3>] 
2026-08-12 14:01:06,403 | INFO  |   Users Notifications settings initialised in 6010 ms [o.e.p.u.n.NotificationSettingsUpgradePlugin<pool-25-thread-3>] 
2026-08-12 14:01:06,404 | INFO  | === 1 users with modified notifications settings have been found and processed successfully [o.e.p.u.n.NotificationSettingsUpgradePlugin<pool-25-thread-3>] 
2026-08-12 14:01:06,405 | INFO  | === End initialisation of Notifications settings [o.e.p.u.n.NotificationSettingsUpgradePlugin<pool-25-thread-3>] 
2026-08-12 14:01:06,469 | INFO  | Create ES Mapping for field 'identityId' with type 'keyword' [i.m.a.e.s.ElasticsearchAnalyticsStorage<Analytics-ingestor-1>] 
2026-08-12 14:01:06,625 | INFO  | Importing Space Template announcement finished successfully [i.m.s.s.t.s.i.SpaceTemplateImportService<virtual-210>] 
2026-08-12 14:01:06,752 | INFO  | Upgrade of plugin NotificationSettingsUpgradePlugin completed. [o.e.c.upgrade.UpgradeProductService<pool-25-thread-3>] 
2026-08-12 14:01:06,752 | INFO  | Importing Space Template circle [i.m.s.s.t.s.i.SpaceTemplateImportService<virtual-210>] 
2026-08-12 14:01:06,754 | INFO  | Importing category draftCategory [i.m.s.c.injection.CategoryImportService<ForkJoinPool.commonPool-worker-4>] 
2026-08-12 14:01:07,152 | INFO  | Importing Space Template circle title translations [i.m.s.s.t.s.i.SpaceTemplateImportService<virtual-210>] 
2026-08-12 14:01:07,153 | INFO  | Importing Space Template circle description translations [i.m.s.s.t.s.i.SpaceTemplateImportService<virtual-210>] 
2026-08-12 14:01:07,153 | INFO  | Importing Space Template circle illustration [i.m.s.s.t.s.i.SpaceTemplateImportService<virtual-210>] 
2026-08-12 14:01:07,297 | INFO  | Importing category draftCategory title translations [i.m.s.c.injection.CategoryImportService<ForkJoinPool.commonPool-worker-4>] 
2026-08-12 14:01:07,333 | INFO  | Global AuthenticationManager configured with AuthenticationProvider bean with name portalAuthenticationManager [o.s.s.c.a.a.c.InitializeAuthenticationProviderBeanManagerConfigurer$InitializeAuthenticationProviderManagerConfigurer<main>] 
2026-08-12 14:01:07,774 | INFO  | Importing category draftCategory finished successfully [i.m.s.c.injection.CategoryImportService<ForkJoinPool.commonPool-worker-4>] 
2026-08-12 14:01:07,777 | INFO  | Importing category publishedCategory [i.m.s.c.injection.CategoryImportService<ForkJoinPool.commonPool-worker-4>] 
2026-08-12 14:01:08,643 | INFO  | Importing category publishedCategory title translations [i.m.s.c.injection.CategoryImportService<ForkJoinPool.commonPool-worker-4>] 
2026-08-12 14:01:08,794 | INFO  | Importing Space Template circle finished successfully [i.m.s.s.t.s.i.SpaceTemplateImportService<virtual-210>] 
2026-08-12 14:01:08,798 | INFO  | Importing Space Template community [i.m.s.s.t.s.i.SpaceTemplateImportService<virtual-210>] 
2026-08-12 14:01:08,926 | INFO  | Importing category publishedCategory finished successfully [i.m.s.c.injection.CategoryImportService<ForkJoinPool.commonPool-worker-4>] 
2026-08-12 14:01:08,930 | INFO  | Importing category archiveCategory [i.m.s.c.injection.CategoryImportService<ForkJoinPool.commonPool-worker-4>] 
2026-08-12 14:01:08,935 | INFO  | Create ES Mapping for field 'walletAddress' with type 'keyword' [i.m.a.e.s.ElasticsearchAnalyticsStorage<Analytics-ingestor-1>] 
2026-08-12 14:01:09,069 | INFO  | Importing Space Template community title translations [i.m.s.s.t.s.i.SpaceTemplateImportService<virtual-210>] 
2026-08-12 14:01:09,070 | INFO  | Importing Space Template community description translations [i.m.s.s.t.s.i.SpaceTemplateImportService<virtual-210>] 
2026-08-12 14:01:09,070 | INFO  | Importing Space Template community illustration [i.m.s.s.t.s.i.SpaceTemplateImportService<virtual-210>] 
2026-08-12 14:01:09,906 | INFO  | Importing category archiveCategory title translations [i.m.s.c.injection.CategoryImportService<ForkJoinPool.commonPool-worker-4>] 
2026-08-12 14:01:10,399 | INFO  | Importing category archiveCategory finished successfully [i.m.s.c.injection.CategoryImportService<ForkJoinPool.commonPool-worker-4>] 
2026-08-12 14:01:10,399 | INFO  | Importing category statusCategory title translations [i.m.s.c.injection.CategoryImportService<ForkJoinPool.commonPool-worker-4>] 
2026-08-12 14:01:10,767 | INFO  | Importing category statusCategory finished successfully [i.m.s.c.injection.CategoryImportService<ForkJoinPool.commonPool-worker-4>] 
2026-08-12 14:01:10,772 | INFO  | Importing category companyResourcesCategory [i.m.s.c.injection.CategoryImportService<ForkJoinPool.commonPool-worker-4>] 
2026-08-12 14:01:10,903 | INFO  | Importing Space Template community finished successfully [i.m.s.s.t.s.i.SpaceTemplateImportService<virtual-210>] 
2026-08-12 14:01:10,912 | INFO  | Importing Space Template project [i.m.s.s.t.s.i.SpaceTemplateImportService<virtual-210>] 
2026-08-12 14:01:11,492 | INFO  | create_doc_pipeline;;file_alias;201;{"_index":"file_v4","_id":"f63e71bdac1400056aeab7e75dbf9002","_version":1,"result":"created","_shards":{"total":2,"successful":1,"failed":0},"_seq_no":0,"_primary_term":1};9580;{} [org.exoplatform.es.audittrail<ExoScheduler_Worker-5>] 
2026-08-12 14:01:11,498 | INFO  | ES document generated for file with id=f644d573ac1400056617af9afa3a7c20 path="/exo:services/ScriptServiceImpl/ScriptServiceImpl_EditedConfiguredScripts" [o.e.s.w.s.c.FileindexingConnector<ExoScheduler_Worker-5>] 
2026-08-12 14:01:11,536 | INFO  | Importing Space Template project title translations [i.m.s.s.t.s.i.SpaceTemplateImportService<virtual-210>] 
2026-08-12 14:01:11,537 | INFO  | Importing Space Template project description translations [i.m.s.s.t.s.i.SpaceTemplateImportService<virtual-210>] 
2026-08-12 14:01:11,537 | INFO  | Importing Space Template project illustration [i.m.s.s.t.s.i.SpaceTemplateImportService<virtual-210>] 
2026-08-12 14:01:11,613 | INFO  | Importing category internalUpdatesCategory [i.m.s.c.injection.CategoryImportService<ForkJoinPool.commonPool-worker-4>] 
2026-08-12 14:01:12,516 | INFO  | Importing category internalUpdatesCategory title translations [i.m.s.c.injection.CategoryImportService<ForkJoinPool.commonPool-worker-4>] 
2026-08-12 14:01:12,523 | INFO  | Create ES Mapping for field 'user_social_id' with type 'keyword' [i.m.a.e.s.ElasticsearchAnalyticsStorage<Analytics-ingestor-1>] 
2026-08-12 14:01:12,893 | INFO  | Importing category internalUpdatesCategory finished successfully [i.m.s.c.injection.CategoryImportService<ForkJoinPool.commonPool-worker-4>] 
2026-08-12 14:01:12,898 | INFO  | Importing category humanResourcesCategory [i.m.s.c.injection.CategoryImportService<ForkJoinPool.commonPool-worker-4>] 
2026-08-12 14:01:13,066 | INFO  | Importing Space Template project finished successfully [i.m.s.s.t.s.i.SpaceTemplateImportService<virtual-210>] 
2026-08-12 14:01:13,066 | INFO  | Importing Space Templates finished successfully [i.m.s.s.t.s.i.SpaceTemplateImportService<virtual-210>] 
2026-08-12 14:01:13,068 | INFO  | Processing Post Space Templates import [i.m.s.s.t.s.i.SpaceTemplateImportService<virtual-210>] 
2026-08-12 14:01:13,072 | INFO  | Processing Post Space Templates import finished [i.m.s.s.t.s.i.SpaceTemplateImportService<virtual-210>] 
2026-08-12 14:01:13,204 | INFO  | create_doc_pipeline;;file_alias;201;{"_index":"file_v4","_id":"f644d573ac1400056617af9afa3a7c20","_version":1,"result":"created","_shards":{"total":2,"successful":1,"failed":0},"_seq_no":0,"_primary_term":1};947;{} [org.exoplatform.es.audittrail<ExoScheduler_Worker-5>] 
2026-08-12 14:01:13,240 | INFO  | Asynchronous Task with chain id default finished within 11022ms [i.m.s.common.ContainerStartupTaskService<virtual-207>] 
2026-08-12 14:01:13,240 | INFO  | Startup Asynchronous Task with chain id default [i.m.s.common.ContainerStartupTaskService<virtual-207>] 
2026-08-12 14:01:13,259 | INFO  | Importing Default Navigation Configuration [i.m.s.n.s.NavigationConfigurationImportService<virtual-233>] 
2026-08-12 14:01:13,489 | INFO  | Importing category humanResourcesCategory title translations [i.m.s.c.injection.CategoryImportService<ForkJoinPool.commonPool-worker-4>] 
2026-08-12 14:01:14,108 | INFO  | Importing category humanResourcesCategory finished successfully [i.m.s.c.injection.CategoryImportService<ForkJoinPool.commonPool-worker-4>] 
2026-08-12 14:01:14,110 | INFO  | Importing category financeAndAccountingCategory [i.m.s.c.injection.CategoryImportService<ForkJoinPool.commonPool-worker-4>] 
2026-08-12 14:01:15,437 | INFO  | Importing category financeAndAccountingCategory title translations [i.m.s.c.injection.CategoryImportService<ForkJoinPool.commonPool-worker-4>] 
2026-08-12 14:01:15,771 | INFO  | Importing category financeAndAccountingCategory finished successfully [i.m.s.c.injection.CategoryImportService<ForkJoinPool.commonPool-worker-4>] 
2026-08-12 14:01:15,775 | INFO  | Importing category marketingCategory [i.m.s.c.injection.CategoryImportService<ForkJoinPool.commonPool-worker-4>] 
2026-08-12 14:01:16,625 | INFO  | Importing category marketingCategory title translations [i.m.s.c.injection.CategoryImportService<ForkJoinPool.commonPool-worker-4>] 
2026-08-12 14:01:16,729 | INFO  | Spring context 'social' initialized in 16263ms [i.m.s.kernel.PortalApplicationContext<main>] 
2026-08-12 14:01:16,729 | INFO  | Continue Spring context 'layout' initialization [i.m.s.kernel.PortalApplicationContext<main>] 
2026-08-12 14:01:16,857 | INFO  | Importing category marketingCategory finished successfully [i.m.s.c.injection.CategoryImportService<ForkJoinPool.commonPool-worker-4>] 
2026-08-12 14:01:16,865 | INFO  | Importing category iTCategory [i.m.s.c.injection.CategoryImportService<ForkJoinPool.commonPool-worker-4>] 
2026-08-12 14:01:16,962 | INFO  | Importing Page Templates [i.m.l.s.i.PageTemplateImportService<ForkJoinPool.commonPool-worker-5>] 
2026-08-12 14:01:16,991 | INFO  | Importing Section Templates with version 1, force reimport = true [i.m.l.s.i.SectionTemplateImportService<ForkJoinPool.commonPool-worker-6>] 
2026-08-12 14:01:17,013 | INFO  | Importing Page Template columns [i.m.l.s.i.PageTemplateImportService<ForkJoinPool.commonPool-worker-5>] 
2026-08-12 14:01:17,325 | INFO  | Navigation Configuration imported successfully in 4066ms [i.m.s.n.s.NavigationConfigurationImportService<virtual-233>] 
2026-08-12 14:01:17,326 | INFO  | Asynchronous Task with chain id default finished within 4086ms [i.m.s.common.ContainerStartupTaskService<virtual-207>] 
2026-08-12 14:01:17,328 | INFO  | Startup Tasks finished within 15112ms [i.m.s.common.ContainerStartupTaskService<virtual-207>] 
2026-08-12 14:01:17,446 | INFO  | Importing Page Template columns title translations [i.m.l.s.i.PageTemplateImportService<ForkJoinPool.commonPool-worker-5>] 
2026-08-12 14:01:17,448 | INFO  | Importing Page Template columns description translations [i.m.l.s.i.PageTemplateImportService<ForkJoinPool.commonPool-worker-5>] 
2026-08-12 14:01:17,451 | INFO  | Importing Page Template columns illustration [i.m.l.s.i.PageTemplateImportService<ForkJoinPool.commonPool-worker-5>] 
2026-08-12 14:01:17,453 | INFO  | profile document generated for identity id=1 remote_id=root duration_ms=4247 [o.e.s.c.j.s.ProfileIndexingServiceConnector<ExoScheduler_Worker-5>] 
2026-08-12 14:01:17,514 | INFO  | Importing category iTCategory title translations [i.m.s.c.injection.CategoryImportService<ForkJoinPool.commonPool-worker-4>] 
2026-08-12 14:01:17,816 | INFO  | Importing category iTCategory finished successfully [i.m.s.c.injection.CategoryImportService<ForkJoinPool.commonPool-worker-4>] 
2026-08-12 14:01:17,821 | INFO  | Importing category salesAndBusinessCategory [i.m.s.c.injection.CategoryImportService<ForkJoinPool.commonPool-worker-4>] 
2026-08-12 14:01:18,664 | INFO  | Importing category salesAndBusinessCategory title translations [i.m.s.c.injection.CategoryImportService<ForkJoinPool.commonPool-worker-4>] 
2026-08-12 14:01:18,812 | INFO  | Importing Page Template columns finished successfully [i.m.l.s.i.PageTemplateImportService<ForkJoinPool.commonPool-worker-5>] 
2026-08-12 14:01:18,816 | INFO  | Importing Page Template grid [i.m.l.s.i.PageTemplateImportService<ForkJoinPool.commonPool-worker-5>] 
2026-08-12 14:01:18,963 | INFO  | Importing category salesAndBusinessCategory finished successfully [i.m.s.c.injection.CategoryImportService<ForkJoinPool.commonPool-worker-4>] 
2026-08-12 14:01:18,964 | INFO  | Importing category companyResourcesCategory title translations [i.m.s.c.injection.CategoryImportService<ForkJoinPool.commonPool-worker-4>] 
2026-08-12 14:01:19,632 | INFO  | Importing category companyResourcesCategory finished successfully [i.m.s.c.injection.CategoryImportService<ForkJoinPool.commonPool-worker-4>] 
2026-08-12 14:01:19,638 | INFO  | Importing category projectsAndInitiativesCategory [i.m.s.c.injection.CategoryImportService<ForkJoinPool.commonPool-worker-4>] 
2026-08-12 14:01:19,817 | WARN  | 'utf8' is currently an alias for the character set UTF8MB3, but will be an alias for UTF8MB4 in a future release. Please consider using UTF8MB4 in order to be unambiguous. [liquibase.executor.jvm.JdbcExecutor<main>] 
2026-08-12 14:01:19,818 | WARN  | 'utf8mb3_general_ci' is a collation of the deprecated character set UTF8MB3. Please consider using UTF8MB4 with an appropriate collation instead. [liquibase.executor.jvm.JdbcExecutor<main>] 
2026-08-12 14:01:20,345 | INFO  | Importing Page Template grid title translations [i.m.l.s.i.PageTemplateImportService<ForkJoinPool.commonPool-worker-5>] 
2026-08-12 14:01:20,345 | INFO  | Importing Page Template grid description translations [i.m.l.s.i.PageTemplateImportService<ForkJoinPool.commonPool-worker-5>] 
2026-08-12 14:01:20,345 | INFO  | Importing Page Template grid illustration [i.m.l.s.i.PageTemplateImportService<ForkJoinPool.commonPool-worker-5>] 
2026-08-12 14:01:21,075 | INFO  | Importing category productCategory [i.m.s.c.injection.CategoryImportService<ForkJoinPool.commonPool-worker-4>] 
2026-08-12 14:01:21,699 | INFO  | Category document generated for id=2 [i.m.s.c.s.e.CategoryIndexingConnector<ExoScheduler_Worker-7>] 
2026-08-12 14:01:21,703 | INFO  | Category document generated for id=4 [i.m.s.c.s.e.CategoryIndexingConnector<ExoScheduler_Worker-7>] 
2026-08-12 14:01:21,706 | INFO  | Category document generated for id=5 [i.m.s.c.s.e.CategoryIndexingConnector<ExoScheduler_Worker-7>] 
2026-08-12 14:01:21,710 | INFO  | Category document generated for id=7 [i.m.s.c.s.e.CategoryIndexingConnector<ExoScheduler_Worker-7>] 
2026-08-12 14:01:21,714 | INFO  | Category document generated for id=8 [i.m.s.c.s.e.CategoryIndexingConnector<ExoScheduler_Worker-7>] 
2026-08-12 14:01:21,718 | INFO  | Category document generated for id=10 [i.m.s.c.s.e.CategoryIndexingConnector<ExoScheduler_Worker-7>] 
2026-08-12 14:01:21,721 | INFO  | Category document generated for id=11 [i.m.s.c.s.e.CategoryIndexingConnector<ExoScheduler_Worker-7>] 
2026-08-12 14:01:21,724 | INFO  | Category document generated for id=13 [i.m.s.c.s.e.CategoryIndexingConnector<ExoScheduler_Worker-7>] 
2026-08-12 14:01:21,729 | INFO  | Category document generated for id=14 [i.m.s.c.s.e.CategoryIndexingConnector<ExoScheduler_Worker-7>] 
2026-08-12 14:01:21,732 | INFO  | Category document generated for id=15 [i.m.s.c.s.e.CategoryIndexingConnector<ExoScheduler_Worker-7>] 
2026-08-12 14:01:21,734 | INFO  | Category document generated for id=16 [i.m.s.c.s.e.CategoryIndexingConnector<ExoScheduler_Worker-7>] 
2026-08-12 14:01:21,737 | INFO  | Category document generated for id=19 [i.m.s.c.s.e.CategoryIndexingConnector<ExoScheduler_Worker-7>] 
2026-08-12 14:01:21,740 | INFO  | Category document generated for id=20 [i.m.s.c.s.e.CategoryIndexingConnector<ExoScheduler_Worker-7>] 
2026-08-12 14:01:21,928 | INFO  | Importing Section Templates finished successfully. [i.m.l.s.i.SectionTemplateImportService<ForkJoinPool.commonPool-worker-6>] 
2026-08-12 14:01:21,929 | INFO  | Processing Post Section Templates import [i.m.l.s.i.SectionTemplateImportService<ForkJoinPool.commonPool-worker-6>] 
2026-08-12 14:01:21,933 | INFO  | Processing Post Section Templates import finished [i.m.l.s.i.SectionTemplateImportService<ForkJoinPool.commonPool-worker-6>] 
2026-08-12 14:01:22,737 | INFO  | Importing Page Template grid finished successfully [i.m.l.s.i.PageTemplateImportService<ForkJoinPool.commonPool-worker-5>] 
2026-08-12 14:01:22,737 | INFO  | Importing category productCategory title translations [i.m.s.c.injection.CategoryImportService<ForkJoinPool.commonPool-worker-4>] 
2026-08-12 14:01:22,740 | INFO  | Importing Page Template analytics [i.m.l.s.i.PageTemplateImportService<ForkJoinPool.commonPool-worker-5>] 
2026-08-12 14:01:22,742 | INFO  | Importing Portlet instances with version 5, force reimport = true [i.m.l.s.i.PortletInstanceImportService<ForkJoinPool.commonPool-worker-6>] 
2026-08-12 14:01:23,595 | INFO  | Importing Page Template analytics title translations [i.m.l.s.i.PageTemplateImportService<ForkJoinPool.commonPool-worker-5>] 
2026-08-12 14:01:23,595 | INFO  | Importing Page Template analytics description translations [i.m.l.s.i.PageTemplateImportService<ForkJoinPool.commonPool-worker-5>] 
2026-08-12 14:01:23,595 | INFO  | Importing Page Template analytics illustration [i.m.l.s.i.PageTemplateImportService<ForkJoinPool.commonPool-worker-5>] 
2026-08-12 14:01:23,598 | INFO  | Importing category productCategory finished successfully [i.m.s.c.injection.CategoryImportService<ForkJoinPool.commonPool-worker-4>] 
2026-08-12 14:01:23,601 | INFO  | Importing category innovationCategory [i.m.s.c.injection.CategoryImportService<ForkJoinPool.commonPool-worker-4>] 
2026-08-12 14:01:24,797 | INFO  | Importing category innovationCategory title translations [i.m.s.c.injection.CategoryImportService<ForkJoinPool.commonPool-worker-4>] 
2026-08-12 14:01:25,421 | INFO  | Importing category innovationCategory finished successfully [i.m.s.c.injection.CategoryImportService<ForkJoinPool.commonPool-worker-4>] 
2026-08-12 14:01:25,426 | INFO  | Importing category sustainabilityProgramsCategory [i.m.s.c.injection.CategoryImportService<ForkJoinPool.commonPool-worker-4>] 
2026-08-12 14:01:26,006 | INFO  | Importing Page Template analytics finished successfully [i.m.l.s.i.PageTemplateImportService<ForkJoinPool.commonPool-worker-5>] 
2026-08-12 14:01:26,011 | INFO  | Importing Page Template spaceMembers [i.m.l.s.i.PageTemplateImportService<ForkJoinPool.commonPool-worker-5>] 
2026-08-12 14:01:26,386 | WARN  | NATIONAL/NCHAR/NVARCHAR implies the character set UTF8MB3, which will be replaced by UTF8MB4 in a future release. Please consider using CHAR(x) CHARACTER SET UTF8MB4 in order to be unambiguous. [liquibase.executor.jvm.JdbcExecutor<main>] 
2026-08-12 14:01:26,435 | INFO  | Importing Page Template spaceMembers title translations [i.m.l.s.i.PageTemplateImportService<ForkJoinPool.commonPool-worker-5>] 
2026-08-12 14:01:26,435 | INFO  | Importing Page Template spaceMembers description translations [i.m.l.s.i.PageTemplateImportService<ForkJoinPool.commonPool-worker-5>] 
2026-08-12 14:01:26,435 | INFO  | Importing Page Template spaceMembers illustration [i.m.l.s.i.PageTemplateImportService<ForkJoinPool.commonPool-worker-5>] 
2026-08-12 14:01:26,601 | INFO  | Importing category sustainabilityProgramsCategory title translations [i.m.s.c.injection.CategoryImportService<ForkJoinPool.commonPool-worker-4>] 
2026-08-12 14:01:26,694 | INFO  | Category document generated for id=23 [i.m.s.c.s.e.CategoryIndexingConnector<ExoScheduler_Worker-8>] 
2026-08-12 14:01:26,698 | INFO  | Category document generated for id=24 [i.m.s.c.s.e.CategoryIndexingConnector<ExoScheduler_Worker-8>] 
2026-08-12 14:01:26,701 | INFO  | Category document generated for id=26 [i.m.s.c.s.e.CategoryIndexingConnector<ExoScheduler_Worker-8>] 
2026-08-12 14:01:26,797 | INFO  | Importing category sustainabilityProgramsCategory finished successfully [i.m.s.c.injection.CategoryImportService<ForkJoinPool.commonPool-worker-4>] 
2026-08-12 14:01:26,798 | INFO  | Importing category projectsAndInitiativesCategory title translations [i.m.s.c.injection.CategoryImportService<ForkJoinPool.commonPool-worker-4>] 
2026-08-12 14:01:27,078 | INFO  | Importing category projectsAndInitiativesCategory finished successfully [i.m.s.c.injection.CategoryImportService<ForkJoinPool.commonPool-worker-4>] 
2026-08-12 14:01:27,089 | INFO  | Importing category knowledgeSharingCategory [i.m.s.c.injection.CategoryImportService<ForkJoinPool.commonPool-worker-4>] 
2026-08-12 14:01:27,663 | INFO  | Importing Page Template spaceMembers finished successfully [i.m.l.s.i.PageTemplateImportService<ForkJoinPool.commonPool-worker-5>] 
2026-08-12 14:01:27,672 | INFO  | Importing Page Template spaceContribute [i.m.l.s.i.PageTemplateImportService<ForkJoinPool.commonPool-worker-5>] 
2026-08-12 14:01:28,123 | INFO  | Importing category bestPracticesCategory [i.m.s.c.injection.CategoryImportService<ForkJoinPool.commonPool-worker-4>] 
2026-08-12 14:01:28,406 | INFO  | Importing Page Template spaceContribute title translations [i.m.l.s.i.PageTemplateImportService<ForkJoinPool.commonPool-worker-5>] 
2026-08-12 14:01:28,406 | INFO  | Importing Page Template spaceContribute description translations [i.m.l.s.i.PageTemplateImportService<ForkJoinPool.commonPool-worker-5>] 
2026-08-12 14:01:28,407 | INFO  | Importing Page Template spaceContribute illustration [i.m.l.s.i.PageTemplateImportService<ForkJoinPool.commonPool-worker-5>] 
2026-08-12 14:01:29,400 | INFO  | Importing category bestPracticesCategory title translations [i.m.s.c.injection.CategoryImportService<ForkJoinPool.commonPool-worker-4>] 
2026-08-12 14:01:29,667 | INFO  | Importing category bestPracticesCategory finished successfully [i.m.s.c.injection.CategoryImportService<ForkJoinPool.commonPool-worker-4>] 
2026-08-12 14:01:29,667 | INFO  | Importing Page Template spaceContribute finished successfully [i.m.l.s.i.PageTemplateImportService<ForkJoinPool.commonPool-worker-5>] 
2026-08-12 14:01:29,673 | INFO  | Importing Page Template spaceNotes [i.m.l.s.i.PageTemplateImportService<ForkJoinPool.commonPool-worker-5>] 
2026-08-12 14:01:29,673 | INFO  | Importing category howToGuidesCategory [i.m.s.c.injection.CategoryImportService<ForkJoinPool.commonPool-worker-4>] 
2026-08-12 14:01:29,941 | INFO  | Importing Page Template spaceNotes title translations [i.m.l.s.i.PageTemplateImportService<ForkJoinPool.commonPool-worker-5>] 
2026-08-12 14:01:29,946 | INFO  | Importing Page Template spaceNotes description translations [i.m.l.s.i.PageTemplateImportService<ForkJoinPool.commonPool-worker-5>] 
2026-08-12 14:01:29,947 | INFO  | Importing Page Template spaceNotes illustration [i.m.l.s.i.PageTemplateImportService<ForkJoinPool.commonPool-worker-5>] 
2026-08-12 14:01:30,053 | INFO  | Importing category howToGuidesCategory title translations [i.m.s.c.injection.CategoryImportService<ForkJoinPool.commonPool-worker-4>] 
2026-08-12 14:01:30,742 | INFO  | Importing category howToGuidesCategory finished successfully [i.m.s.c.injection.CategoryImportService<ForkJoinPool.commonPool-worker-4>] 
2026-08-12 14:01:30,749 | INFO  | Importing category industryNewsCategory [i.m.s.c.injection.CategoryImportService<ForkJoinPool.commonPool-worker-4>] 
2026-08-12 14:01:30,892 | INFO  | Global AuthenticationManager configured with AuthenticationProvider bean with name portalAuthenticationManager [o.s.s.c.a.a.c.InitializeAuthenticationProviderBeanManagerConfigurer$InitializeAuthenticationProviderManagerConfigurer<main>] 
2026-08-12 14:01:31,281 | INFO  | Importing category industryNewsCategory title translations [i.m.s.c.injection.CategoryImportService<ForkJoinPool.commonPool-worker-4>] 
2026-08-12 14:01:31,350 | INFO  | Spring context 'layout' initialized in 14621ms [i.m.s.kernel.PortalApplicationContext<main>] 
2026-08-12 14:01:31,350 | INFO  | Continue Spring context 'auth-server' initialization [i.m.s.kernel.PortalApplicationContext<main>] 
2026-08-12 14:01:31,365 | INFO  | Importing Page Template spaceNotes finished successfully [i.m.l.s.i.PageTemplateImportService<ForkJoinPool.commonPool-worker-5>] 
2026-08-12 14:01:31,372 | INFO  | Importing Page Template spaceTasks [i.m.l.s.i.PageTemplateImportService<ForkJoinPool.commonPool-worker-5>] 
2026-08-12 14:01:31,617 | INFO  | Importing category industryNewsCategory finished successfully [i.m.s.c.injection.CategoryImportService<ForkJoinPool.commonPool-worker-4>] 
2026-08-12 14:01:31,617 | INFO  | Importing category knowledgeSharingCategory title translations [i.m.s.c.injection.CategoryImportService<ForkJoinPool.commonPool-worker-4>] 
2026-08-12 14:01:31,685 | INFO  | Importing Page Template spaceTasks title translations [i.m.l.s.i.PageTemplateImportService<ForkJoinPool.commonPool-worker-5>] 
2026-08-12 14:01:31,686 | INFO  | Importing Page Template spaceTasks description translations [i.m.l.s.i.PageTemplateImportService<ForkJoinPool.commonPool-worker-5>] 
2026-08-12 14:01:31,686 | INFO  | Importing Page Template spaceTasks illustration [i.m.l.s.i.PageTemplateImportService<ForkJoinPool.commonPool-worker-5>] 
2026-08-12 14:01:31,697 | INFO  | Category document generated for id=28 [i.m.s.c.s.e.CategoryIndexingConnector<ExoScheduler_Worker-9>] 
2026-08-12 14:01:31,703 | INFO  | Category document generated for id=29 [i.m.s.c.s.e.CategoryIndexingConnector<ExoScheduler_Worker-9>] 
2026-08-12 14:01:31,705 | INFO  | Category document generated for id=31 [i.m.s.c.s.e.CategoryIndexingConnector<ExoScheduler_Worker-9>] 
2026-08-12 14:01:31,711 | INFO  | Category document generated for id=33 [i.m.s.c.s.e.CategoryIndexingConnector<ExoScheduler_Worker-9>] 
2026-08-12 14:01:31,965 | INFO  | Importing category knowledgeSharingCategory finished successfully [i.m.s.c.injection.CategoryImportService<ForkJoinPool.commonPool-worker-4>] 
2026-08-12 14:01:31,965 | INFO  | Importing categories finished successfully. [i.m.s.c.injection.CategoryImportService<ForkJoinPool.commonPool-worker-4>] 
2026-08-12 14:01:31,965 | INFO  | Processing Post categories import [i.m.s.c.injection.CategoryImportService<ForkJoinPool.commonPool-worker-4>] 
2026-08-12 14:01:31,966 | INFO  | Processing Post categories import finished [i.m.s.c.injection.CategoryImportService<ForkJoinPool.commonPool-worker-4>] 
2026-08-12 14:01:32,148 | INFO  | Importing Site Templates with version 1, force reimport = true [i.m.l.s.i.SiteTemplateImportService<ForkJoinPool.commonPool-worker-4>] 
2026-08-12 14:01:32,981 | INFO  | Importing Page Template spaceTasks finished successfully [i.m.l.s.i.PageTemplateImportService<ForkJoinPool.commonPool-worker-5>] 
2026-08-12 14:01:32,987 | INFO  | Importing Page Template spaceSettings [i.m.l.s.i.PageTemplateImportService<ForkJoinPool.commonPool-worker-5>] 
2026-08-12 14:01:33,281 | INFO  | Importing Page Template spaceSettings title translations [i.m.l.s.i.PageTemplateImportService<ForkJoinPool.commonPool-worker-5>] 
2026-08-12 14:01:33,284 | INFO  | Importing Page Template spaceSettings description translations [i.m.l.s.i.PageTemplateImportService<ForkJoinPool.commonPool-worker-5>] 
2026-08-12 14:01:33,285 | INFO  | Importing Page Template spaceSettings illustration [i.m.l.s.i.PageTemplateImportService<ForkJoinPool.commonPool-worker-5>] 
2026-08-12 14:01:34,690 | INFO  | Importing Page Template spaceSettings finished successfully [i.m.l.s.i.PageTemplateImportService<ForkJoinPool.commonPool-worker-5>] 
2026-08-12 14:01:34,698 | INFO  | Importing Page Template spaceDocuments [i.m.l.s.i.PageTemplateImportService<ForkJoinPool.commonPool-worker-5>] 
2026-08-12 14:01:35,842 | INFO  | Importing Page Template spaceDocuments title translations [i.m.l.s.i.PageTemplateImportService<ForkJoinPool.commonPool-worker-5>] 
2026-08-12 14:01:35,842 | INFO  | Importing Page Template spaceDocuments description translations [i.m.l.s.i.PageTemplateImportService<ForkJoinPool.commonPool-worker-5>] 
2026-08-12 14:01:35,842 | INFO  | Importing Page Template spaceDocuments illustration [i.m.l.s.i.PageTemplateImportService<ForkJoinPool.commonPool-worker-5>] 
2026-08-12 14:01:37,558 | INFO  | Importing Page Template spaceDocuments finished successfully [i.m.l.s.i.PageTemplateImportService<ForkJoinPool.commonPool-worker-5>] 
2026-08-12 14:01:37,562 | INFO  | Importing Page Template spacePrograms [i.m.l.s.i.PageTemplateImportService<ForkJoinPool.commonPool-worker-5>] 
2026-08-12 14:01:37,780 | INFO  | Importing Page Template spacePrograms title translations [i.m.l.s.i.PageTemplateImportService<ForkJoinPool.commonPool-worker-5>] 
2026-08-12 14:01:37,783 | INFO  | Importing Page Template spacePrograms description translations [i.m.l.s.i.PageTemplateImportService<ForkJoinPool.commonPool-worker-5>] 
2026-08-12 14:01:37,783 | INFO  | Importing Page Template spacePrograms illustration [i.m.l.s.i.PageTemplateImportService<ForkJoinPool.commonPool-worker-5>] 
2026-08-12 14:01:38,884 | INFO  | Importing Page Template spacePrograms finished successfully [i.m.l.s.i.PageTemplateImportService<ForkJoinPool.commonPool-worker-5>] 
2026-08-12 14:01:38,888 | INFO  | Importing Page Template spaceAgenda [i.m.l.s.i.PageTemplateImportService<ForkJoinPool.commonPool-worker-5>] 
2026-08-12 14:01:39,344 | INFO  | Importing Page Template spaceAgenda title translations [i.m.l.s.i.PageTemplateImportService<ForkJoinPool.commonPool-worker-5>] 
2026-08-12 14:01:39,344 | INFO  | Importing Page Template spaceAgenda description translations [i.m.l.s.i.PageTemplateImportService<ForkJoinPool.commonPool-worker-5>] 
2026-08-12 14:01:39,345 | INFO  | Importing Page Template spaceAgenda illustration [i.m.l.s.i.PageTemplateImportService<ForkJoinPool.commonPool-worker-5>] 
2026-08-12 14:01:41,056 | INFO  | Importing Page Template spaceAgenda finished successfully [i.m.l.s.i.PageTemplateImportService<ForkJoinPool.commonPool-worker-5>] 
2026-08-12 14:01:41,057 | INFO  | Importing Page Templates finished successfully [i.m.l.s.i.PageTemplateImportService<ForkJoinPool.commonPool-worker-5>] 
2026-08-12 14:01:41,058 | INFO  | Processing Post Page Templates import [i.m.l.s.i.PageTemplateImportService<ForkJoinPool.commonPool-worker-5>] 
2026-08-12 14:01:42,233 | INFO  | Processing Post Page Templates import finished [i.m.l.s.i.PageTemplateImportService<ForkJoinPool.commonPool-worker-5>] 
2026-08-12 14:01:44,189 | INFO  | Importing Site Templates finished successfully. [i.m.l.s.i.SiteTemplateImportService<ForkJoinPool.commonPool-worker-4>] 
2026-08-12 14:01:44,190 | INFO  | Processing Post Site Templates import [i.m.l.s.i.SiteTemplateImportService<ForkJoinPool.commonPool-worker-4>] 
2026-08-12 14:01:45,022 | INFO  | Processing Post Site Templates import finished [i.m.l.s.i.SiteTemplateImportService<ForkJoinPool.commonPool-worker-4>] 
2026-08-12 14:02:03,501 | INFO  | Found 5 AuthenticationProvider beans, with names [OAuthRefreshTokenPublicAuthenticationProvider, OAuthCimdAuthenticationProvider, OAuthPortalAuthenticationProvider, portalAuthenticationManager, oauthAuthenticationProvider]. Global Authentication Manager will not be configured with AuthenticationProviders. Consider publishing a single AuthenticationProvider bean, or wiring your Providers directly using the DSL. [o.s.s.c.a.a.c.InitializeAuthenticationProviderBeanManagerConfigurer$InitializeAuthenticationProviderManagerConfigurer<main>] 
2026-08-12 14:02:04,699 | ERROR | Duplicate entry '579645-sectionTemplate:1-0' for key 'SOC_METADATAS.UC_SOC_METADATA_01' [o.h.engine.jdbc.spi.SqlExceptionHelper<pool-28-thread-13>] 
2026-08-12 14:02:04,700 | ERROR | Duplicate entry '579645-sectionTemplate:1-0' for key 'SOC_METADATAS.UC_SOC_METADATA_01' [o.h.engine.jdbc.spi.SqlExceptionHelper<pool-28-thread-7>] 
2026-08-12 14:02:04,700 | ERROR | Duplicate entry '579645-sectionTemplate:1-0' for key 'SOC_METADATAS.UC_SOC_METADATA_01' [o.h.engine.jdbc.spi.SqlExceptionHelper<pool-28-thread-11>] 
2026-08-12 14:02:04,700 | ERROR | Duplicate entry '579645-sectionTemplate:1-0' for key 'SOC_METADATAS.UC_SOC_METADATA_01' [o.h.engine.jdbc.spi.SqlExceptionHelper<pool-28-thread-38>] 
2026-08-12 14:02:04,700 | ERROR | Duplicate entry '579645-sectionTemplate:1-0' for key 'SOC_METADATAS.UC_SOC_METADATA_01' [o.h.engine.jdbc.spi.SqlExceptionHelper<pool-28-thread-5>] 
2026-08-12 14:02:04,701 | ERROR | Duplicate entry '579645-sectionTemplate:1-0' for key 'SOC_METADATAS.UC_SOC_METADATA_01' [o.h.engine.jdbc.spi.SqlExceptionHelper<pool-28-thread-14>] 
2026-08-12 14:02:04,701 | ERROR | Duplicate entry '579645-sectionTemplate:1-0' for key 'SOC_METADATAS.UC_SOC_METADATA_01' [o.h.engine.jdbc.spi.SqlExceptionHelper<pool-28-thread-16>] 
2026-08-12 14:02:04,701 | ERROR | Duplicate entry '579645-sectionTemplate:1-0' for key 'SOC_METADATAS.UC_SOC_METADATA_01' [o.h.engine.jdbc.spi.SqlExceptionHelper<pool-28-thread-10>] 
2026-08-12 14:02:04,701 | ERROR | Duplicate entry '579645-sectionTemplate:1-0' for key 'SOC_METADATAS.UC_SOC_METADATA_01' [o.h.engine.jdbc.spi.SqlExceptionHelper<pool-28-thread-29>] 
2026-08-12 14:02:04,702 | ERROR | Duplicate entry '579645-sectionTemplate:1-0' for key 'SOC_METADATAS.UC_SOC_METADATA_01' [o.h.engine.jdbc.spi.SqlExceptionHelper<pool-28-thread-9>] 
2026-08-12 14:02:04,703 | ERROR | Duplicate entry '579645-sectionTemplate:1-0' for key 'SOC_METADATAS.UC_SOC_METADATA_01' [o.h.engine.jdbc.spi.SqlExceptionHelper<pool-28-thread-36>] 
2026-08-12 14:02:04,704 | ERROR | Duplicate entry '579645-sectionTemplate:1-0' for key 'SOC_METADATAS.UC_SOC_METADATA_01' [o.h.engine.jdbc.spi.SqlExceptionHelper<pool-28-thread-4>] 
2026-08-12 14:02:04,706 | ERROR | Duplicate entry '579645-sectionTemplate:1-0' for key 'SOC_METADATAS.UC_SOC_METADATA_01' [o.h.engine.jdbc.spi.SqlExceptionHelper<pool-28-thread-15>] 
2026-08-12 14:02:04,706 | ERROR | Duplicate entry '579645-sectionTemplate:1-0' for key 'SOC_METADATAS.UC_SOC_METADATA_01' [o.h.engine.jdbc.spi.SqlExceptionHelper<pool-28-thread-8>] 
2026-08-12 14:02:04,706 | ERROR | Duplicate entry '579645-sectionTemplate:1-0' for key 'SOC_METADATAS.UC_SOC_METADATA_01' [o.h.engine.jdbc.spi.SqlExceptionHelper<pool-28-thread-3>] 
2026-08-12 14:02:04,704 | ERROR | Duplicate entry '579645-sectionTemplate:1-0' for key 'SOC_METADATAS.UC_SOC_METADATA_01' [o.h.engine.jdbc.spi.SqlExceptionHelper<pool-28-thread-17>] 
2026-08-12 14:02:04,707 | ERROR | Duplicate entry '579645-sectionTemplate:1-0' for key 'SOC_METADATAS.UC_SOC_METADATA_01' [o.h.engine.jdbc.spi.SqlExceptionHelper<pool-28-thread-2>] 
2026-08-12 14:02:04,705 | ERROR | Duplicate entry '579645-sectionTemplate:1-0' for key 'SOC_METADATAS.UC_SOC_METADATA_01' [o.h.engine.jdbc.spi.SqlExceptionHelper<pool-28-thread-12>] 
2026-08-12 14:02:04,706 | ERROR | Duplicate entry '579645-sectionTemplate:1-0' for key 'SOC_METADATAS.UC_SOC_METADATA_01' [o.h.engine.jdbc.spi.SqlExceptionHelper<pool-28-thread-6>] 
2026-08-12 14:02:04,739 | ERROR | Duplicate entry '579645-sectionTemplate:1-0' for key 'SOC_METADATAS.UC_SOC_METADATA_01' [o.h.engine.jdbc.spi.SqlExceptionHelper<pool-28-thread-34>] 
2026-08-12 14:02:04,765 | ERROR | Duplicate entry '579645-sectionTemplate:1-0' for key 'SOC_METADATAS.UC_SOC_METADATA_01' [o.h.engine.jdbc.spi.SqlExceptionHelper<pool-28-thread-37>] 
2026-08-12 14:02:04,768 | ERROR | Duplicate entry '579645-sectionTemplate:1-0' for key 'SOC_METADATAS.UC_SOC_METADATA_01' [o.h.engine.jdbc.spi.SqlExceptionHelper<pool-28-thread-35>] 
2026-08-12 14:02:04,770 | ERROR | Duplicate entry '579645-sectionTemplate:1-0' for key 'SOC_METADATAS.UC_SOC_METADATA_01' [o.h.engine.jdbc.spi.SqlExceptionHelper<pool-28-thread-33>] 
2026-08-12 14:02:04,789 | ERROR | Duplicate entry '579645-sectionTemplate:1-0' for key 'SOC_METADATAS.UC_SOC_METADATA_01' [o.h.engine.jdbc.spi.SqlExceptionHelper<pool-28-thread-27>] 
2026-08-12 14:02:04,807 | ERROR | Duplicate entry '579645-sectionTemplate:1-0' for key 'SOC_METADATAS.UC_SOC_METADATA_01' [o.h.engine.jdbc.spi.SqlExceptionHelper<pool-28-thread-26>] 
2026-08-12 14:02:04,812 | ERROR | Duplicate entry '579645-sectionTemplate:1-0' for key 'SOC_METADATAS.UC_SOC_METADATA_01' [o.h.engine.jdbc.spi.SqlExceptionHelper<pool-28-thread-28>] 
2026-08-12 14:02:04,815 | ERROR | Duplicate entry '579645-sectionTemplate:1-0' for key 'SOC_METADATAS.UC_SOC_METADATA_01' [o.h.engine.jdbc.spi.SqlExceptionHelper<pool-28-thread-24>] 
2026-08-12 14:02:04,822 | ERROR | Duplicate entry '579645-sectionTemplate:1-0' for key 'SOC_METADATAS.UC_SOC_METADATA_01' [o.h.engine.jdbc.spi.SqlExceptionHelper<pool-28-thread-23>] 
2026-08-12 14:02:04,824 | ERROR | Duplicate entry '579645-sectionTemplate:1-0' for key 'SOC_METADATAS.UC_SOC_METADATA_01' [o.h.engine.jdbc.spi.SqlExceptionHelper<pool-28-thread-19>] 
2026-08-12 14:02:04,826 | ERROR | Duplicate entry '579645-sectionTemplate:1-0' for key 'SOC_METADATAS.UC_SOC_METADATA_01' [o.h.engine.jdbc.spi.SqlExceptionHelper<pool-28-thread-25>] 
2026-08-12 14:02:04,828 | ERROR | Duplicate entry '579645-sectionTemplate:1-0' for key 'SOC_METADATAS.UC_SOC_METADATA_01' [o.h.engine.jdbc.spi.SqlExceptionHelper<pool-28-thread-32>] 
2026-08-12 14:02:04,831 | ERROR | Duplicate entry '579645-sectionTemplate:1-0' for key 'SOC_METADATAS.UC_SOC_METADATA_01' [o.h.engine.jdbc.spi.SqlExceptionHelper<pool-28-thread-20>] 
2026-08-12 14:02:04,832 | ERROR | Duplicate entry '579645-sectionTemplate:1-0' for key 'SOC_METADATAS.UC_SOC_METADATA_01' [o.h.engine.jdbc.spi.SqlExceptionHelper<pool-28-thread-22>] 
2026-08-12 14:02:04,833 | ERROR | Duplicate entry '579645-sectionTemplate:1-0' for key 'SOC_METADATAS.UC_SOC_METADATA_01' [o.h.engine.jdbc.spi.SqlExceptionHelper<pool-28-thread-21>] 
2026-08-12 14:02:04,834 | ERROR | Duplicate entry '579645-sectionTemplate:1-0' for key 'SOC_METADATAS.UC_SOC_METADATA_01' [o.h.engine.jdbc.spi.SqlExceptionHelper<pool-28-thread-18>] 
2026-08-12 14:02:04,836 | ERROR | Duplicate entry '579645-sectionTemplate:1-0' for key 'SOC_METADATAS.UC_SOC_METADATA_01' [o.h.engine.jdbc.spi.SqlExceptionHelper<pool-28-thread-30>] 
2026-08-12 14:02:04,841 | ERROR | Duplicate entry '579645-sectionTemplate:1-0' for key 'SOC_METADATAS.UC_SOC_METADATA_01' [o.h.engine.jdbc.spi.SqlExceptionHelper<pool-28-thread-31>] 
2026-08-12 14:02:05,155 | INFO  | Spring context 'auth-server' initialized in 33805ms [i.m.s.kernel.PortalApplicationContext<main>] 
2026-08-12 14:02:05,155 | INFO  | Continue Spring context 'analytics' initialization [i.m.s.kernel.PortalApplicationContext<main>] 
2026-08-12 14:02:05,329 | INFO  | HikariPool-1 - Starting... [com.zaxxer.hikari.HikariDataSource<main>] 
2026-08-12 14:02:05,462 | ERROR | Duplicate entry '579645-spaceTemplate:1-0' for key 'SOC_METADATAS.UC_SOC_METADATA_01' [o.h.engine.jdbc.spi.SqlExceptionHelper<pool-28-thread-70>] 
2026-08-12 14:02:05,465 | ERROR | Duplicate entry '579645-spaceTemplate:1-0' for key 'SOC_METADATAS.UC_SOC_METADATA_01' [o.h.engine.jdbc.spi.SqlExceptionHelper<pool-28-thread-46>] 
2026-08-12 14:02:05,462 | ERROR | Duplicate entry '579645-spaceTemplate:1-0' for key 'SOC_METADATAS.UC_SOC_METADATA_01' [o.h.engine.jdbc.spi.SqlExceptionHelper<pool-28-thread-63>] 
2026-08-12 14:02:05,462 | ERROR | Duplicate entry '579645-spaceTemplate:1-0' for key 'SOC_METADATAS.UC_SOC_METADATA_01' [o.h.engine.jdbc.spi.SqlExceptionHelper<pool-28-thread-62>] 
2026-08-12 14:02:05,463 | ERROR | Duplicate entry '579645-spaceTemplate:1-0' for key 'SOC_METADATAS.UC_SOC_METADATA_01' [o.h.engine.jdbc.spi.SqlExceptionHelper<pool-28-thread-75>] 
2026-08-12 14:02:05,463 | ERROR | Duplicate entry '579645-spaceTemplate:1-0' for key 'SOC_METADATAS.UC_SOC_METADATA_01' [o.h.engine.jdbc.spi.SqlExceptionHelper<pool-28-thread-58>] 
2026-08-12 14:02:05,463 | ERROR | Duplicate entry '579645-spaceTemplate:1-0' for key 'SOC_METADATAS.UC_SOC_METADATA_01' [o.h.engine.jdbc.spi.SqlExceptionHelper<pool-28-thread-60>] 
2026-08-12 14:02:05,463 | ERROR | Duplicate entry '579645-spaceTemplate:1-0' for key 'SOC_METADATAS.UC_SOC_METADATA_01' [o.h.engine.jdbc.spi.SqlExceptionHelper<pool-28-thread-64>] 
2026-08-12 14:02:05,464 | ERROR | Duplicate entry '579645-spaceTemplate:1-0' for key 'SOC_METADATAS.UC_SOC_METADATA_01' [o.h.engine.jdbc.spi.SqlExceptionHelper<pool-28-thread-67>] 
2026-08-12 14:02:05,464 | ERROR | Duplicate entry '579645-spaceTemplate:1-0' for key 'SOC_METADATAS.UC_SOC_METADATA_01' [o.h.engine.jdbc.spi.SqlExceptionHelper<pool-28-thread-61>] 
2026-08-12 14:02:05,464 | ERROR | Duplicate entry '579645-spaceTemplate:1-0' for key 'SOC_METADATAS.UC_SOC_METADATA_01' [o.h.engine.jdbc.spi.SqlExceptionHelper<pool-28-thread-71>] 
2026-08-12 14:02:05,464 | ERROR | Duplicate entry '579645-spaceTemplate:1-0' for key 'SOC_METADATAS.UC_SOC_METADATA_01' [o.h.engine.jdbc.spi.SqlExceptionHelper<pool-28-thread-74>] 
2026-08-12 14:02:05,464 | ERROR | Duplicate entry '579645-spaceTemplate:1-0' for key 'SOC_METADATAS.UC_SOC_METADATA_01' [o.h.engine.jdbc.spi.SqlExceptionHelper<pool-28-thread-66>] 
2026-08-12 14:02:05,464 | ERROR | Duplicate entry '579645-spaceTemplate:1-0' for key 'SOC_METADATAS.UC_SOC_METADATA_01' [o.h.engine.jdbc.spi.SqlExceptionHelper<pool-28-thread-59>] 
2026-08-12 14:02:05,464 | ERROR | Duplicate entry '579645-spaceTemplate:1-0' for key 'SOC_METADATAS.UC_SOC_METADATA_01' [o.h.engine.jdbc.spi.SqlExceptionHelper<pool-28-thread-72>] 
2026-08-12 14:02:05,464 | ERROR | Duplicate entry '579645-spaceTemplate:1-0' for key 'SOC_METADATAS.UC_SOC_METADATA_01' [o.h.engine.jdbc.spi.SqlExceptionHelper<pool-28-thread-73>] 
2026-08-12 14:02:05,465 | ERROR | Duplicate entry '579645-spaceTemplate:1-0' for key 'SOC_METADATAS.UC_SOC_METADATA_01' [o.h.engine.jdbc.spi.SqlExceptionHelper<pool-28-thread-65>] 
2026-08-12 14:02:05,475 | ERROR | Duplicate entry '579645-spaceTemplate:1-0' for key 'SOC_METADATAS.UC_SOC_METADATA_01' [o.h.engine.jdbc.spi.SqlExceptionHelper<pool-28-thread-48>] 
2026-08-12 14:02:05,475 | ERROR | Duplicate entry '579645-spaceTemplate:1-0' for key 'SOC_METADATAS.UC_SOC_METADATA_01' [o.h.engine.jdbc.spi.SqlExceptionHelper<pool-28-thread-69>] 
2026-08-12 14:02:05,476 | ERROR | Duplicate entry '579645-spaceTemplate:1-0' for key 'SOC_METADATAS.UC_SOC_METADATA_01' [o.h.engine.jdbc.spi.SqlExceptionHelper<pool-28-thread-39>] 
2026-08-12 14:02:05,606 | ERROR | Duplicate entry '579645-spaceTemplate:1-0' for key 'SOC_METADATAS.UC_SOC_METADATA_01' [o.h.engine.jdbc.spi.SqlExceptionHelper<pool-28-thread-47>] 
2026-08-12 14:02:05,657 | ERROR | Duplicate entry '579645-spaceTemplate:1-0' for key 'SOC_METADATAS.UC_SOC_METADATA_01' [o.h.engine.jdbc.spi.SqlExceptionHelper<pool-28-thread-53>] 
2026-08-12 14:02:05,661 | ERROR | Duplicate entry '579645-spaceTemplate:1-0' for key 'SOC_METADATAS.UC_SOC_METADATA_01' [o.h.engine.jdbc.spi.SqlExceptionHelper<pool-28-thread-1>] 
2026-08-12 14:02:05,661 | ERROR | Duplicate entry '579645-spaceTemplate:1-0' for key 'SOC_METADATAS.UC_SOC_METADATA_01' [o.h.engine.jdbc.spi.SqlExceptionHelper<pool-28-thread-42>] 
2026-08-12 14:02:05,662 | ERROR | Duplicate entry '579645-spaceTemplate:1-0' for key 'SOC_METADATAS.UC_SOC_METADATA_01' [o.h.engine.jdbc.spi.SqlExceptionHelper<pool-28-thread-41>] 
2026-08-12 14:02:05,663 | ERROR | Duplicate entry '579645-spaceTemplate:1-0' for key 'SOC_METADATAS.UC_SOC_METADATA_01' [o.h.engine.jdbc.spi.SqlExceptionHelper<pool-28-thread-56>] 
2026-08-12 14:02:05,665 | ERROR | Duplicate entry '579645-spaceTemplate:1-0' for key 'SOC_METADATAS.UC_SOC_METADATA_01' [o.h.engine.jdbc.spi.SqlExceptionHelper<pool-28-thread-51>] 
2026-08-12 14:02:05,666 | ERROR | Duplicate entry '579645-spaceTemplate:1-0' for key 'SOC_METADATAS.UC_SOC_METADATA_01' [o.h.engine.jdbc.spi.SqlExceptionHelper<pool-28-thread-43>] 
2026-08-12 14:02:05,666 | ERROR | Duplicate entry '579645-spaceTemplate:1-0' for key 'SOC_METADATAS.UC_SOC_METADATA_01' [o.h.engine.jdbc.spi.SqlExceptionHelper<pool-28-thread-49>] 
2026-08-12 14:02:05,668 | ERROR | Duplicate entry '579645-spaceTemplate:1-0' for key 'SOC_METADATAS.UC_SOC_METADATA_01' [o.h.engine.jdbc.spi.SqlExceptionHelper<pool-28-thread-52>] 
2026-08-12 14:02:05,673 | ERROR | Duplicate entry '579645-spaceTemplate:1-0' for key 'SOC_METADATAS.UC_SOC_METADATA_01' [o.h.engine.jdbc.spi.SqlExceptionHelper<pool-28-thread-40>] 
2026-08-12 14:02:05,686 | ERROR | Duplicate entry '579645-spaceTemplate:1-0' for key 'SOC_METADATAS.UC_SOC_METADATA_01' [o.h.engine.jdbc.spi.SqlExceptionHelper<pool-28-thread-55>] 
2026-08-12 14:02:05,688 | ERROR | Duplicate entry '579645-spaceTemplate:1-0' for key 'SOC_METADATAS.UC_SOC_METADATA_01' [o.h.engine.jdbc.spi.SqlExceptionHelper<pool-28-thread-44>] 
2026-08-12 14:02:05,690 | ERROR | Duplicate entry '579645-spaceTemplate:1-0' for key 'SOC_METADATAS.UC_SOC_METADATA_01' [o.h.engine.jdbc.spi.SqlExceptionHelper<pool-28-thread-45>] 
2026-08-12 14:02:05,694 | ERROR | Duplicate entry '579645-spaceTemplate:1-0' for key 'SOC_METADATAS.UC_SOC_METADATA_01' [o.h.engine.jdbc.spi.SqlExceptionHelper<pool-28-thread-50>] 
2026-08-12 14:02:05,695 | ERROR | Duplicate entry '579645-spaceTemplate:1-0' for key 'SOC_METADATAS.UC_SOC_METADATA_01' [o.h.engine.jdbc.spi.SqlExceptionHelper<pool-28-thread-54>] 
2026-08-12 14:02:05,698 | ERROR | Duplicate entry '579645-spaceTemplate:1-0' for key 'SOC_METADATAS.UC_SOC_METADATA_01' [o.h.engine.jdbc.spi.SqlExceptionHelper<pool-28-thread-57>] 
2026-08-12 14:02:06,963 | INFO  | HikariPool-1 - Driver does not support get/set network timeout for connections. (feature not supported) [com.zaxxer.hikari.pool.PoolBase<main>] 
2026-08-12 14:02:06,965 | INFO  | HikariPool-1 - Added connection org.hsqldb.jdbc.JDBCConnection@26d07972 [com.zaxxer.hikari.pool.HikariPool<main>] 
2026-08-12 14:02:06,968 | INFO  | HikariPool-1 - Start completed. [com.zaxxer.hikari.HikariDataSource<main>] 
2026-08-12 14:02:07,264 | INFO  | No LoadTimeWeaver setup: ignoring JPA class transformer [o.s.o.j.p.SpringPersistenceUnitInfo<main>] 
2026-08-12 14:02:07,492 | INFO  | Initialized JPA EntityManagerFactory for persistence unit 'default' [o.s.o.j.LocalContainerEntityManagerFactoryBean<main>] 
2026-08-12 14:02:07,944 | INFO  | Global AuthenticationManager configured with AuthenticationProvider bean with name portalAuthenticationManager [o.s.s.c.a.a.c.InitializeAuthenticationProviderBeanManagerConfigurer$InitializeAuthenticationProviderManagerConfigurer<main>] 
2026-08-12 14:02:08,609 | INFO  | Spring context 'analytics' initialized in 3454ms [i.m.s.kernel.PortalApplicationContext<main>] 
2026-08-12 14:02:08,609 | INFO  | Continue Spring context 'gamification-portlets' initialization [i.m.s.kernel.PortalApplicationContext<main>] 
2026-08-12 14:02:08,735 | INFO  | Importing Default Programs [i.m.g.s.injection.ProgramImportService<ForkJoinPool.commonPool-worker-4>] 
2026-08-12 14:02:09,013 | INFO  | Global AuthenticationManager configured with AuthenticationProvider bean with name portalAuthenticationManager [o.s.s.c.a.a.c.InitializeAuthenticationProviderBeanManagerConfigurer$InitializeAuthenticationProviderManagerConfigurer<main>] 
2026-08-12 14:02:09,370 | INFO  | Spring context 'gamification-portlets' initialized in 761ms [i.m.s.kernel.PortalApplicationContext<main>] 
2026-08-12 14:02:09,370 | INFO  | Continue Spring context 'content' initialization [i.m.s.kernel.PortalApplicationContext<main>] 
2026-08-12 14:02:12,661 | WARN  | NATIONAL/NCHAR/NVARCHAR implies the character set UTF8MB3, which will be replaced by UTF8MB4 in a future release. Please consider using CHAR(x) CHARACTER SET UTF8MB4 in order to be unambiguous. [liquibase.executor.jvm.JdbcExecutor<main>] 
2026-08-12 14:02:12,661 | WARN  | NATIONAL/NCHAR/NVARCHAR implies the character set UTF8MB3, which will be replaced by UTF8MB4 in a future release. Please consider using CHAR(x) CHARACTER SET UTF8MB4 in order to be unambiguous. [liquibase.executor.jvm.JdbcExecutor<main>] 
2026-08-12 14:02:12,661 | WARN  | NATIONAL/NCHAR/NVARCHAR implies the character set UTF8MB3, which will be replaced by UTF8MB4 in a future release. Please consider using CHAR(x) CHARACTER SET UTF8MB4 in order to be unambiguous. [liquibase.executor.jvm.JdbcExecutor<main>] 
2026-08-12 14:02:12,661 | WARN  | 'utf8' is currently an alias for the character set UTF8MB3, but will be an alias for UTF8MB4 in a future release. Please consider using UTF8MB4 in order to be unambiguous. [liquibase.executor.jvm.JdbcExecutor<main>] 
2026-08-12 14:02:12,661 | WARN  | 'utf8mb3_unicode_ci' is a collation of the deprecated character set UTF8MB3. Please consider using UTF8MB4 with an appropriate collation instead. [liquibase.executor.jvm.JdbcExecutor<main>] 
2026-08-12 14:02:15,714 | WARN  | NATIONAL/NCHAR/NVARCHAR implies the character set UTF8MB3, which will be replaced by UTF8MB4 in a future release. Please consider using CHAR(x) CHARACTER SET UTF8MB4 in order to be unambiguous. [liquibase.executor.jvm.JdbcExecutor<main>] 
2026-08-12 14:02:15,714 | WARN  | 'utf8' is currently an alias for the character set UTF8MB3, but will be an alias for UTF8MB4 in a future release. Please consider using UTF8MB4 in order to be unambiguous. [liquibase.executor.jvm.JdbcExecutor<main>] 
2026-08-12 14:02:15,714 | WARN  | 'utf8mb3_unicode_ci' is a collation of the deprecated character set UTF8MB3. Please consider using UTF8MB4 with an appropriate collation instead. [liquibase.executor.jvm.JdbcExecutor<main>] 
2026-08-12 14:02:16,974 | INFO  | Create ES Mapping for field 'programTitle' with type 'keyword' [i.m.a.e.s.ElasticsearchAnalyticsStorage<Analytics-ingestor-1>] 
2026-08-12 14:02:19,647 | INFO  | Create ES Mapping for field 'programType' with type 'keyword' [i.m.a.e.s.ElasticsearchAnalyticsStorage<Analytics-ingestor-1>] 
2026-08-12 14:02:20,870 | INFO  | Create ES Mapping for field 'programAvatarFileId' with type 'keyword' [i.m.a.e.s.ElasticsearchAnalyticsStorage<Analytics-ingestor-1>] 
2026-08-12 14:02:22,630 | INFO  | Create ES Mapping for field 'programCoverFileId' with type 'keyword' [i.m.a.e.s.ElasticsearchAnalyticsStorage<Analytics-ingestor-1>] 
2026-08-12 14:02:22,960 | WARN  | NATIONAL/NCHAR/NVARCHAR implies the character set UTF8MB3, which will be replaced by UTF8MB4 in a future release. Please consider using CHAR(x) CHARACTER SET UTF8MB4 in order to be unambiguous. [liquibase.executor.jvm.JdbcExecutor<main>] 
2026-08-12 14:02:23,985 | INFO  | Create ES Mapping for field 'programId' with type 'keyword' [i.m.a.e.s.ElasticsearchAnalyticsStorage<Analytics-ingestor-1>] 
2026-08-12 14:02:25,184 | INFO  | Create ES Mapping for field 'programBudget' with type 'long' [i.m.a.e.s.ElasticsearchAnalyticsStorage<Analytics-ingestor-1>] 
2026-08-12 14:02:25,932 | INFO  | Create ES Mapping for field 'gamificationEventType' with type 'keyword' [i.m.a.e.s.ElasticsearchAnalyticsStorage<Analytics-ingestor-1>] 
2026-08-12 14:02:27,791 | INFO  | Create ES Mapping for field 'gamificationEventTrigger' with type 'keyword' [i.m.a.e.s.ElasticsearchAnalyticsStorage<Analytics-ingestor-1>] 
2026-08-12 14:02:29,463 | INFO  | Create ES Mapping for field 'gamificationEventTitle' with type 'keyword' [i.m.a.e.s.ElasticsearchAnalyticsStorage<Analytics-ingestor-1>] 
2026-08-12 14:02:30,571 | INFO  | Create ES Mapping for field 'ruleDescription' with type 'keyword' [i.m.a.e.s.ElasticsearchAnalyticsStorage<Analytics-ingestor-1>] 
2026-08-12 14:02:32,503 | INFO  | Create ES Mapping for field 'ruleBudget' with type 'keyword' [i.m.a.e.s.ElasticsearchAnalyticsStorage<Analytics-ingestor-1>] 
2026-08-12 14:02:34,225 | INFO  | Create ES Mapping for field 'ruleTitle' with type 'keyword' [i.m.a.e.s.ElasticsearchAnalyticsStorage<Analytics-ingestor-1>] 
2026-08-12 14:02:35,967 | INFO  | Create ES Mapping for field 'ruleType' with type 'keyword' [i.m.a.e.s.ElasticsearchAnalyticsStorage<Analytics-ingestor-1>] 
2026-08-12 14:02:38,484 | INFO  | Create ES Mapping for field 'ruleActivityId' with type 'keyword' [i.m.a.e.s.ElasticsearchAnalyticsStorage<Analytics-ingestor-1>] 
2026-08-12 14:02:39,568 | INFO  | Create ES Mapping for field 'ruleId' with type 'keyword' [i.m.a.e.s.ElasticsearchAnalyticsStorage<Analytics-ingestor-1>] 
2026-08-12 14:02:41,072 | INFO  | Create ES Mapping for field 'gamificationEventId' with type 'keyword' [i.m.a.e.s.ElasticsearchAnalyticsStorage<Analytics-ingestor-1>] 
2026-08-12 14:02:41,488 | INFO  | Global AuthenticationManager configured with AuthenticationProvider bean with name portalAuthenticationManager [o.s.s.c.a.a.c.InitializeAuthenticationProviderBeanManagerConfigurer$InitializeAuthenticationProviderManagerConfigurer<main>] 
2026-08-12 14:02:41,557 | ERROR | Duplicate entry '579645-sectionTemplate:2-0' for key 'SOC_METADATAS.UC_SOC_METADATA_01' [o.h.engine.jdbc.spi.SqlExceptionHelper<pool-28-thread-92>] 
2026-08-12 14:02:41,557 | ERROR | Duplicate entry '579645-sectionTemplate:2-0' for key 'SOC_METADATAS.UC_SOC_METADATA_01' [o.h.engine.jdbc.spi.SqlExceptionHelper<pool-28-thread-96>] 
2026-08-12 14:02:41,558 | ERROR | Duplicate entry '579645-sectionTemplate:2-0' for key 'SOC_METADATAS.UC_SOC_METADATA_01' [o.h.engine.jdbc.spi.SqlExceptionHelper<pool-28-thread-91>] 
2026-08-12 14:02:41,558 | ERROR | Duplicate entry '579645-sectionTemplate:2-0' for key 'SOC_METADATAS.UC_SOC_METADATA_01' [o.h.engine.jdbc.spi.SqlExceptionHelper<pool-28-thread-110>] 
2026-08-12 14:02:41,562 | ERROR | Duplicate entry '579645-sectionTemplate:2-0' for key 'SOC_METADATAS.UC_SOC_METADATA_01' [o.h.engine.jdbc.spi.SqlExceptionHelper<pool-28-thread-99>] 
2026-08-12 14:02:41,559 | ERROR | Duplicate entry '579645-sectionTemplate:2-0' for key 'SOC_METADATAS.UC_SOC_METADATA_01' [o.h.engine.jdbc.spi.SqlExceptionHelper<pool-28-thread-103>] 
2026-08-12 14:02:41,559 | ERROR | Duplicate entry '579645-sectionTemplate:2-0' for key 'SOC_METADATAS.UC_SOC_METADATA_01' [o.h.engine.jdbc.spi.SqlExceptionHelper<pool-28-thread-100>] 
2026-08-12 14:02:41,565 | ERROR | Duplicate entry '579645-sectionTemplate:2-0' for key 'SOC_METADATAS.UC_SOC_METADATA_01' [o.h.engine.jdbc.spi.SqlExceptionHelper<pool-28-thread-107>] 
2026-08-12 14:02:41,560 | ERROR | Duplicate entry '579645-sectionTemplate:2-0' for key 'SOC_METADATAS.UC_SOC_METADATA_01' [o.h.engine.jdbc.spi.SqlExceptionHelper<pool-28-thread-102>] 
2026-08-12 14:02:41,560 | ERROR | Duplicate entry '579645-sectionTemplate:2-0' for key 'SOC_METADATAS.UC_SOC_METADATA_01' [o.h.engine.jdbc.spi.SqlExceptionHelper<pool-28-thread-95>] 
2026-08-12 14:02:41,560 | ERROR | Duplicate entry '579645-sectionTemplate:2-0' for key 'SOC_METADATAS.UC_SOC_METADATA_01' [o.h.engine.jdbc.spi.SqlExceptionHelper<pool-28-thread-90>] 
2026-08-12 14:02:41,560 | ERROR | Duplicate entry '579645-sectionTemplate:2-0' for key 'SOC_METADATAS.UC_SOC_METADATA_01' [o.h.engine.jdbc.spi.SqlExceptionHelper<pool-28-thread-89>] 
2026-08-12 14:02:41,561 | ERROR | Duplicate entry '579645-sectionTemplate:2-0' for key 'SOC_METADATAS.UC_SOC_METADATA_01' [o.h.engine.jdbc.spi.SqlExceptionHelper<pool-28-thread-98>] 
2026-08-12 14:02:41,563 | ERROR | Duplicate entry '579645-sectionTemplate:2-0' for key 'SOC_METADATAS.UC_SOC_METADATA_01' [o.h.engine.jdbc.spi.SqlExceptionHelper<pool-28-thread-108>] 
2026-08-12 14:02:41,561 | ERROR | Duplicate entry '579645-sectionTemplate:2-0' for key 'SOC_METADATAS.UC_SOC_METADATA_01' [o.h.engine.jdbc.spi.SqlExceptionHelper<pool-28-thread-105>] 
2026-08-12 14:02:41,564 | ERROR | Duplicate entry '579645-sectionTemplate:2-0' for key 'SOC_METADATAS.UC_SOC_METADATA_01' [o.h.engine.jdbc.spi.SqlExceptionHelper<pool-28-thread-112>] 
2026-08-12 14:02:41,564 | ERROR | Duplicate entry '579645-sectionTemplate:2-0' for key 'SOC_METADATAS.UC_SOC_METADATA_01' [o.h.engine.jdbc.spi.SqlExceptionHelper<pool-28-thread-93>] 
2026-08-12 14:02:41,564 | ERROR | Duplicate entry '579645-sectionTemplate:2-0' for key 'SOC_METADATAS.UC_SOC_METADATA_01' [o.h.engine.jdbc.spi.SqlExceptionHelper<pool-28-thread-97>] 
2026-08-12 14:02:41,575 | ERROR | Duplicate entry '579645-sectionTemplate:2-0' for key 'SOC_METADATAS.UC_SOC_METADATA_01' [o.h.engine.jdbc.spi.SqlExceptionHelper<pool-28-thread-104>] 
2026-08-12 14:02:41,577 | ERROR | Duplicate entry '579645-sectionTemplate:2-0' for key 'SOC_METADATAS.UC_SOC_METADATA_01' [o.h.engine.jdbc.spi.SqlExceptionHelper<pool-28-thread-109>] 
2026-08-12 14:02:41,578 | ERROR | Duplicate entry '579645-sectionTemplate:2-0' for key 'SOC_METADATAS.UC_SOC_METADATA_01' [o.h.engine.jdbc.spi.SqlExceptionHelper<pool-28-thread-106>] 
2026-08-12 14:02:41,592 | ERROR | Duplicate entry '579645-sectionTemplate:2-0' for key 'SOC_METADATAS.UC_SOC_METADATA_01' [o.h.engine.jdbc.spi.SqlExceptionHelper<pool-28-thread-86>] 
2026-08-12 14:02:41,606 | ERROR | Duplicate entry '579645-sectionTemplate:2-0' for key 'SOC_METADATAS.UC_SOC_METADATA_01' [o.h.engine.jdbc.spi.SqlExceptionHelper<pool-28-thread-94>] 
2026-08-12 14:02:41,611 | ERROR | Duplicate entry '579645-sectionTemplate:2-0' for key 'SOC_METADATAS.UC_SOC_METADATA_01' [o.h.engine.jdbc.spi.SqlExceptionHelper<pool-28-thread-78>] 
2026-08-12 14:02:41,618 | ERROR | Duplicate entry '579645-sectionTemplate:2-0' for key 'SOC_METADATAS.UC_SOC_METADATA_01' [o.h.engine.jdbc.spi.SqlExceptionHelper<pool-28-thread-101>] 
2026-08-12 14:02:41,633 | ERROR | Duplicate entry '579645-sectionTemplate:2-0' for key 'SOC_METADATAS.UC_SOC_METADATA_01' [o.h.engine.jdbc.spi.SqlExceptionHelper<pool-28-thread-87>] 
2026-08-12 14:02:41,636 | ERROR | Duplicate entry '579645-sectionTemplate:2-0' for key 'SOC_METADATAS.UC_SOC_METADATA_01' [o.h.engine.jdbc.spi.SqlExceptionHelper<pool-28-thread-88>] 
2026-08-12 14:02:42,008 | INFO  | Spring context 'content' initialized in 32638ms [i.m.s.kernel.PortalApplicationContext<main>] 
2026-08-12 14:02:42,008 | INFO  | Continue Spring context 'task-management' initialization [i.m.s.kernel.PortalApplicationContext<main>] 
2026-08-12 14:02:42,233 | INFO  | Global AuthenticationManager configured with AuthenticationProvider bean with name portalAuthenticationManager [o.s.s.c.a.a.c.InitializeAuthenticationProviderBeanManagerConfigurer$InitializeAuthenticationProviderManagerConfigurer<main>] 
2026-08-12 14:02:42,573 | INFO  | Spring context 'task-management' initialized in 565ms [i.m.s.kernel.PortalApplicationContext<main>] 
2026-08-12 14:02:42,573 | INFO  | Continue Spring context 'kudos' initialization [i.m.s.kernel.PortalApplicationContext<main>] 
2026-08-12 14:02:44,364 | ERROR | Duplicate entry '579645-spaceTemplate:2-0' for key 'SOC_METADATAS.UC_SOC_METADATA_01' [o.h.engine.jdbc.spi.SqlExceptionHelper<pool-28-thread-138>] 
2026-08-12 14:02:44,364 | ERROR | Duplicate entry '579645-spaceTemplate:2-0' for key 'SOC_METADATAS.UC_SOC_METADATA_01' [o.h.engine.jdbc.spi.SqlExceptionHelper<pool-28-thread-84>] 
2026-08-12 14:02:44,364 | ERROR | Duplicate entry '579645-spaceTemplate:2-0' for key 'SOC_METADATAS.UC_SOC_METADATA_01' [o.h.engine.jdbc.spi.SqlExceptionHelper<pool-28-thread-68>] 
2026-08-12 14:02:44,364 | ERROR | Duplicate entry '579645-spaceTemplate:2-0' for key 'SOC_METADATAS.UC_SOC_METADATA_01' [o.h.engine.jdbc.spi.SqlExceptionHelper<pool-28-thread-81>] 
2026-08-12 14:02:44,366 | ERROR | Duplicate entry '579645-spaceTemplate:2-0' for key 'SOC_METADATAS.UC_SOC_METADATA_01' [o.h.engine.jdbc.spi.SqlExceptionHelper<pool-28-thread-80>] 
2026-08-12 14:02:44,367 | ERROR | Duplicate entry '579645-spaceTemplate:2-0' for key 'SOC_METADATAS.UC_SOC_METADATA_01' [o.h.engine.jdbc.spi.SqlExceptionHelper<pool-28-thread-135>] 
2026-08-12 14:02:44,368 | ERROR | Duplicate entry '579645-spaceTemplate:2-0' for key 'SOC_METADATAS.UC_SOC_METADATA_01' [o.h.engine.jdbc.spi.SqlExceptionHelper<pool-28-thread-114>] 
2026-08-12 14:02:44,369 | ERROR | Duplicate entry '579645-spaceTemplate:2-0' for key 'SOC_METADATAS.UC_SOC_METADATA_01' [o.h.engine.jdbc.spi.SqlExceptionHelper<pool-28-thread-121>] 
2026-08-12 14:02:44,370 | ERROR | Duplicate entry '579645-spaceTemplate:2-0' for key 'SOC_METADATAS.UC_SOC_METADATA_01' [o.h.engine.jdbc.spi.SqlExceptionHelper<pool-28-thread-139>] 
2026-08-12 14:02:44,371 | ERROR | Duplicate entry '579645-spaceTemplate:2-0' for key 'SOC_METADATAS.UC_SOC_METADATA_01' [o.h.engine.jdbc.spi.SqlExceptionHelper<pool-28-thread-116>] 
2026-08-12 14:02:44,370 | ERROR | Duplicate entry '579645-spaceTemplate:2-0' for key 'SOC_METADATAS.UC_SOC_METADATA_01' [o.h.engine.jdbc.spi.SqlExceptionHelper<pool-28-thread-85>] 
2026-08-12 14:02:44,370 | ERROR | Duplicate entry '579645-spaceTemplate:2-0' for key 'SOC_METADATAS.UC_SOC_METADATA_01' [o.h.engine.jdbc.spi.SqlExceptionHelper<pool-28-thread-83>] 
2026-08-12 14:02:44,372 | ERROR | Duplicate entry '579645-spaceTemplate:2-0' for key 'SOC_METADATAS.UC_SOC_METADATA_01' [o.h.engine.jdbc.spi.SqlExceptionHelper<pool-28-thread-82>] 
2026-08-12 14:02:44,370 | ERROR | Duplicate entry '579645-spaceTemplate:2-0' for key 'SOC_METADATAS.UC_SOC_METADATA_01' [o.h.engine.jdbc.spi.SqlExceptionHelper<pool-28-thread-136>] 
2026-08-12 14:02:44,370 | ERROR | Duplicate entry '579645-spaceTemplate:2-0' for key 'SOC_METADATAS.UC_SOC_METADATA_01' [o.h.engine.jdbc.spi.SqlExceptionHelper<pool-28-thread-137>] 
2026-08-12 14:02:44,372 | ERROR | Duplicate entry '579645-spaceTemplate:2-0' for key 'SOC_METADATAS.UC_SOC_METADATA_01' [o.h.engine.jdbc.spi.SqlExceptionHelper<pool-28-thread-79>] 
2026-08-12 14:02:44,374 | ERROR | Duplicate entry '579645-spaceTemplate:2-0' for key 'SOC_METADATAS.UC_SOC_METADATA_01' [o.h.engine.jdbc.spi.SqlExceptionHelper<pool-28-thread-117>] 
2026-08-12 14:02:44,375 | ERROR | Duplicate entry '579645-spaceTemplate:2-0' for key 'SOC_METADATAS.UC_SOC_METADATA_01' [o.h.engine.jdbc.spi.SqlExceptionHelper<pool-28-thread-118>] 
2026-08-12 14:02:44,377 | ERROR | Duplicate entry '579645-spaceTemplate:2-0' for key 'SOC_METADATAS.UC_SOC_METADATA_01' [o.h.engine.jdbc.spi.SqlExceptionHelper<pool-28-thread-120>] 
2026-08-12 14:02:44,496 | ERROR | Duplicate entry '579645-spaceTemplate:2-0' for key 'SOC_METADATAS.UC_SOC_METADATA_01' [o.h.engine.jdbc.spi.SqlExceptionHelper<pool-28-thread-115>] 
2026-08-12 14:02:44,502 | ERROR | Duplicate entry '579645-spaceTemplate:2-0' for key 'SOC_METADATAS.UC_SOC_METADATA_01' [o.h.engine.jdbc.spi.SqlExceptionHelper<pool-28-thread-111>] 
2026-08-12 14:02:44,506 | ERROR | Duplicate entry '579645-spaceTemplate:2-0' for key 'SOC_METADATAS.UC_SOC_METADATA_01' [o.h.engine.jdbc.spi.SqlExceptionHelper<pool-28-thread-127>] 
2026-08-12 14:02:44,516 | ERROR | Duplicate entry '579645-spaceTemplate:2-0' for key 'SOC_METADATAS.UC_SOC_METADATA_01' [o.h.engine.jdbc.spi.SqlExceptionHelper<pool-28-thread-128>] 
2026-08-12 14:02:44,517 | ERROR | Duplicate entry '579645-spaceTemplate:2-0' for key 'SOC_METADATAS.UC_SOC_METADATA_01' [o.h.engine.jdbc.spi.SqlExceptionHelper<pool-28-thread-125>] 
2026-08-12 14:02:44,519 | ERROR | Duplicate entry '579645-spaceTemplate:2-0' for key 'SOC_METADATAS.UC_SOC_METADATA_01' [o.h.engine.jdbc.spi.SqlExceptionHelper<pool-28-thread-131>] 
2026-08-12 14:02:44,521 | ERROR | Duplicate entry '579645-spaceTemplate:2-0' for key 'SOC_METADATAS.UC_SOC_METADATA_01' [o.h.engine.jdbc.spi.SqlExceptionHelper<pool-28-thread-132>] 
2026-08-12 14:02:44,521 | ERROR | Duplicate entry '579645-spaceTemplate:2-0' for key 'SOC_METADATAS.UC_SOC_METADATA_01' [o.h.engine.jdbc.spi.SqlExceptionHelper<pool-28-thread-119>] 
2026-08-12 14:02:44,522 | ERROR | Duplicate entry '579645-spaceTemplate:2-0' for key 'SOC_METADATAS.UC_SOC_METADATA_01' [o.h.engine.jdbc.spi.SqlExceptionHelper<pool-28-thread-134>] 
2026-08-12 14:02:44,523 | ERROR | Duplicate entry '579645-spaceTemplate:2-0' for key 'SOC_METADATAS.UC_SOC_METADATA_01' [o.h.engine.jdbc.spi.SqlExceptionHelper<pool-28-thread-126>] 
2026-08-12 14:02:44,525 | ERROR | Duplicate entry '579645-spaceTemplate:2-0' for key 'SOC_METADATAS.UC_SOC_METADATA_01' [o.h.engine.jdbc.spi.SqlExceptionHelper<pool-28-thread-113>] 
2026-08-12 14:02:44,525 | ERROR | Duplicate entry '579645-spaceTemplate:2-0' for key 'SOC_METADATAS.UC_SOC_METADATA_01' [o.h.engine.jdbc.spi.SqlExceptionHelper<pool-28-thread-122>] 
2026-08-12 14:02:44,529 | ERROR | Duplicate entry '579645-spaceTemplate:2-0' for key 'SOC_METADATAS.UC_SOC_METADATA_01' [o.h.engine.jdbc.spi.SqlExceptionHelper<pool-28-thread-76>] 
2026-08-12 14:02:44,529 | ERROR | Duplicate entry '579645-spaceTemplate:2-0' for key 'SOC_METADATAS.UC_SOC_METADATA_01' [o.h.engine.jdbc.spi.SqlExceptionHelper<pool-28-thread-124>] 
2026-08-12 14:02:44,534 | ERROR | Duplicate entry '579645-spaceTemplate:2-0' for key 'SOC_METADATAS.UC_SOC_METADATA_01' [o.h.engine.jdbc.spi.SqlExceptionHelper<pool-28-thread-129>] 
2026-08-12 14:02:44,539 | ERROR | Duplicate entry '579645-spaceTemplate:2-0' for key 'SOC_METADATAS.UC_SOC_METADATA_01' [o.h.engine.jdbc.spi.SqlExceptionHelper<pool-28-thread-133>] 
2026-08-12 14:02:44,542 | ERROR | Duplicate entry '579645-spaceTemplate:2-0' for key 'SOC_METADATAS.UC_SOC_METADATA_01' [o.h.engine.jdbc.spi.SqlExceptionHelper<pool-28-thread-130>] 
2026-08-12 14:02:44,549 | ERROR | Duplicate entry '579645-spaceTemplate:2-0' for key 'SOC_METADATAS.UC_SOC_METADATA_01' [o.h.engine.jdbc.spi.SqlExceptionHelper<pool-28-thread-123>] 
2026-08-12 14:02:44,704 | WARN  | 'utf8' is currently an alias for the character set UTF8MB3, but will be an alias for UTF8MB4 in a future release. Please consider using UTF8MB4 in order to be unambiguous. [liquibase.executor.jvm.JdbcExecutor<main>] 
2026-08-12 14:02:44,704 | WARN  | 'utf8mb3_general_ci' is a collation of the deprecated character set UTF8MB3. Please consider using UTF8MB4 with an appropriate collation instead. [liquibase.executor.jvm.JdbcExecutor<main>] 
2026-08-12 14:02:46,343 | INFO  | Importing Default Programs finished successfully. [i.m.g.s.injection.ProgramImportService<ForkJoinPool.commonPool-worker-4>] 
2026-08-12 14:03:04,271 | ERROR | Duplicate entry '579645-program:1-0' for key 'SOC_METADATAS.UC_SOC_METADATA_01' [o.h.engine.jdbc.spi.SqlExceptionHelper<pool-28-thread-170>] 
2026-08-12 14:03:04,271 | ERROR | Duplicate entry '579645-program:1-0' for key 'SOC_METADATAS.UC_SOC_METADATA_01' [o.h.engine.jdbc.spi.SqlExceptionHelper<pool-28-thread-172>] 
2026-08-12 14:03:04,271 | ERROR | Duplicate entry '579645-program:1-0' for key 'SOC_METADATAS.UC_SOC_METADATA_01' [o.h.engine.jdbc.spi.SqlExceptionHelper<pool-28-thread-174>] 
2026-08-12 14:03:04,272 | ERROR | Duplicate entry '579645-program:1-0' for key 'SOC_METADATAS.UC_SOC_METADATA_01' [o.h.engine.jdbc.spi.SqlExceptionHelper<pool-28-thread-163>] 
2026-08-12 14:03:04,272 | ERROR | Duplicate entry '579645-program:1-0' for key 'SOC_METADATAS.UC_SOC_METADATA_01' [o.h.engine.jdbc.spi.SqlExceptionHelper<pool-28-thread-164>] 
2026-08-12 14:03:04,273 | ERROR | Duplicate entry '579645-program:1-0' for key 'SOC_METADATAS.UC_SOC_METADATA_01' [o.h.engine.jdbc.spi.SqlExceptionHelper<pool-28-thread-168>] 
2026-08-12 14:03:04,273 | ERROR | Duplicate entry '579645-program:1-0' for key 'SOC_METADATAS.UC_SOC_METADATA_01' [o.h.engine.jdbc.spi.SqlExceptionHelper<pool-28-thread-160>] 
2026-08-12 14:03:04,273 | ERROR | Duplicate entry '579645-program:1-0' for key 'SOC_METADATAS.UC_SOC_METADATA_01' [o.h.engine.jdbc.spi.SqlExceptionHelper<pool-28-thread-173>] 
2026-08-12 14:03:04,274 | ERROR | Duplicate entry '579645-program:1-0' for key 'SOC_METADATAS.UC_SOC_METADATA_01' [o.h.engine.jdbc.spi.SqlExceptionHelper<pool-28-thread-175>] 
2026-08-12 14:03:04,274 | ERROR | Duplicate entry '579645-program:1-0' for key 'SOC_METADATAS.UC_SOC_METADATA_01' [o.h.engine.jdbc.spi.SqlExceptionHelper<pool-28-thread-166>] 
2026-08-12 14:03:04,274 | ERROR | Duplicate entry '579645-program:1-0' for key 'SOC_METADATAS.UC_SOC_METADATA_01' [o.h.engine.jdbc.spi.SqlExceptionHelper<pool-28-thread-165>] 
2026-08-12 14:03:04,275 | ERROR | Duplicate entry '579645-program:1-0' for key 'SOC_METADATAS.UC_SOC_METADATA_01' [o.h.engine.jdbc.spi.SqlExceptionHelper<pool-28-thread-169>] 
2026-08-12 14:03:04,274 | ERROR | Duplicate entry '579645-program:1-0' for key 'SOC_METADATAS.UC_SOC_METADATA_01' [o.h.engine.jdbc.spi.SqlExceptionHelper<pool-28-thread-159>] 
2026-08-12 14:03:04,275 | ERROR | Duplicate entry '579645-program:1-0' for key 'SOC_METADATAS.UC_SOC_METADATA_01' [o.h.engine.jdbc.spi.SqlExceptionHelper<pool-28-thread-176>] 
2026-08-12 14:03:04,275 | ERROR | Duplicate entry '579645-program:1-0' for key 'SOC_METADATAS.UC_SOC_METADATA_01' [o.h.engine.jdbc.spi.SqlExceptionHelper<pool-28-thread-167>] 
2026-08-12 14:03:04,275 | ERROR | Duplicate entry '579645-program:1-0' for key 'SOC_METADATAS.UC_SOC_METADATA_01' [o.h.engine.jdbc.spi.SqlExceptionHelper<pool-28-thread-161>] 
2026-08-12 14:03:04,277 | ERROR | Duplicate entry '579645-program:1-0' for key 'SOC_METADATAS.UC_SOC_METADATA_01' [o.h.engine.jdbc.spi.SqlExceptionHelper<pool-28-thread-162>] 
2026-08-12 14:03:06,377 | INFO  | Global AuthenticationManager configured with AuthenticationProvider bean with name portalAuthenticationManager [o.s.s.c.a.a.c.InitializeAuthenticationProviderBeanManagerConfigurer$InitializeAuthenticationProviderManagerConfigurer<main>] 
2026-08-12 14:03:06,721 | INFO  | Spring context 'kudos' initialized in 24148ms [i.m.s.kernel.PortalApplicationContext<main>] 
2026-08-12 14:03:06,721 | INFO  | Continue Spring context 'notes' initialization [i.m.s.kernel.PortalApplicationContext<main>] 
2026-08-12 14:03:07,081 | INFO  | Global AuthenticationManager configured with AuthenticationProvider bean with name portalAuthenticationManager [o.s.s.c.a.a.c.InitializeAuthenticationProviderBeanManagerConfigurer$InitializeAuthenticationProviderManagerConfigurer<main>] 
2026-08-12 14:03:07,607 | INFO  | Spring context 'notes' initialized in 886ms [i.m.s.kernel.PortalApplicationContext<main>] 
2026-08-12 14:03:07,607 | INFO  | Continue Spring context 'wallet' initialization [i.m.s.kernel.PortalApplicationContext<main>] 
2026-08-12 14:03:08,259 | INFO  | Global AuthenticationManager configured with AuthenticationProvider bean with name portalAuthenticationManager [o.s.s.c.a.a.c.InitializeAuthenticationProviderBeanManagerConfigurer$InitializeAuthenticationProviderManagerConfigurer<main>] 
2026-08-12 14:03:08,667 | INFO  | Spring context 'wallet' initialized in 1060ms [i.m.s.kernel.PortalApplicationContext<main>] 
2026-08-12 14:03:08,667 | INFO  | Continue Spring context 'agenda' initialization [i.m.s.kernel.PortalApplicationContext<main>] 
2026-08-12 14:03:08,958 | INFO  | Global AuthenticationManager configured with AuthenticationProvider bean with name portalAuthenticationManager [o.s.s.c.a.a.c.InitializeAuthenticationProviderBeanManagerConfigurer$InitializeAuthenticationProviderManagerConfigurer<main>] 
2026-08-12 14:03:09,232 | INFO  | Spring context 'agenda' initialized in 565ms [i.m.s.kernel.PortalApplicationContext<main>] 
2026-08-12 14:03:09,232 | INFO  | Continue Spring context 'deeds-tenant' initialization [i.m.s.kernel.PortalApplicationContext<main>] 
2026-08-12 14:03:09,630 | INFO  | Global AuthenticationManager configured with AuthenticationProvider bean with name portalAuthenticationManager [o.s.s.c.a.a.c.InitializeAuthenticationProviderBeanManagerConfigurer$InitializeAuthenticationProviderManagerConfigurer<main>] 
2026-08-12 14:03:10,042 | INFO  | Spring context 'deeds-tenant' initialized in 810ms [i.m.s.kernel.PortalApplicationContext<main>] 
2026-08-12 14:03:10,042 | INFO  | Continue Spring context 'documents-portlet' initialization [i.m.s.kernel.PortalApplicationContext<main>] 
2026-08-12 14:03:10,342 | INFO  | Global AuthenticationManager configured with AuthenticationProvider bean with name portalAuthenticationManager [o.s.s.c.a.a.c.InitializeAuthenticationProviderBeanManagerConfigurer$InitializeAuthenticationProviderManagerConfigurer<main>] 
2026-08-12 14:03:10,791 | INFO  | Spring context 'documents-portlet' initialized in 749ms [i.m.s.kernel.PortalApplicationContext<main>] 
2026-08-12 14:03:10,791 | INFO  | Continue Spring context 'poll' initialization [i.m.s.kernel.PortalApplicationContext<main>] 
2026-08-12 14:03:10,809 | INFO  | Autowired annotation is not supported on static fields: private static int io.meeds.poll.activity.processor.PollActivityProcessor.processorPriority [o.s.b.f.a.AutowiredAnnotationBeanPostProcessor<main>] 
2026-08-12 14:03:13,296 | WARN  | NATIONAL/NCHAR/NVARCHAR implies the character set UTF8MB3, which will be replaced by UTF8MB4 in a future release. Please consider using CHAR(x) CHARACTER SET UTF8MB4 in order to be unambiguous. [liquibase.executor.jvm.JdbcExecutor<main>] 
2026-08-12 14:03:13,296 | WARN  | 'utf8' is currently an alias for the character set UTF8MB3, but will be an alias for UTF8MB4 in a future release. Please consider using UTF8MB4 in order to be unambiguous. [liquibase.executor.jvm.JdbcExecutor<main>] 
2026-08-12 14:03:13,296 | WARN  | 'utf8mb3_general_ci' is a collation of the deprecated character set UTF8MB3. Please consider using UTF8MB4 with an appropriate collation instead. [liquibase.executor.jvm.JdbcExecutor<main>] 
2026-08-12 14:03:13,881 | ERROR | Duplicate entry '579645-pageTemplate:1-0' for key 'SOC_METADATAS.UC_SOC_METADATA_01' [o.h.engine.jdbc.spi.SqlExceptionHelper<pool-28-thread-147>] 
2026-08-12 14:03:13,882 | ERROR | Duplicate entry '579645-pageTemplate:1-0' for key 'SOC_METADATAS.UC_SOC_METADATA_01' [o.h.engine.jdbc.spi.SqlExceptionHelper<pool-28-thread-188>] 
2026-08-12 14:03:13,882 | ERROR | Duplicate entry '579645-pageTemplate:1-0' for key 'SOC_METADATAS.UC_SOC_METADATA_01' [o.h.engine.jdbc.spi.SqlExceptionHelper<pool-28-thread-191>] 
2026-08-12 14:03:13,882 | ERROR | Duplicate entry '579645-pageTemplate:1-0' for key 'SOC_METADATAS.UC_SOC_METADATA_01' [o.h.engine.jdbc.spi.SqlExceptionHelper<pool-28-thread-178>] 
2026-08-12 14:03:13,882 | ERROR | Duplicate entry '579645-pageTemplate:1-0' for key 'SOC_METADATAS.UC_SOC_METADATA_01' [o.h.engine.jdbc.spi.SqlExceptionHelper<pool-28-thread-185>] 
2026-08-12 14:03:13,882 | ERROR | Duplicate entry '579645-pageTemplate:1-0' for key 'SOC_METADATAS.UC_SOC_METADATA_01' [o.h.engine.jdbc.spi.SqlExceptionHelper<pool-28-thread-158>] 
2026-08-12 14:03:13,882 | ERROR | Duplicate entry '579645-pageTemplate:1-0' for key 'SOC_METADATAS.UC_SOC_METADATA_01' [o.h.engine.jdbc.spi.SqlExceptionHelper<pool-28-thread-183>] 
2026-08-12 14:03:13,882 | ERROR | Duplicate entry '579645-pageTemplate:1-0' for key 'SOC_METADATAS.UC_SOC_METADATA_01' [o.h.engine.jdbc.spi.SqlExceptionHelper<pool-28-thread-182>] 
2026-08-12 14:03:13,881 | ERROR | Duplicate entry '579645-pageTemplate:1-0' for key 'SOC_METADATAS.UC_SOC_METADATA_01' [o.h.engine.jdbc.spi.SqlExceptionHelper<pool-28-thread-184>] 
2026-08-12 14:03:13,883 | ERROR | Duplicate entry '579645-pageTemplate:1-0' for key 'SOC_METADATAS.UC_SOC_METADATA_01' [o.h.engine.jdbc.spi.SqlExceptionHelper<pool-28-thread-77>] 
2026-08-12 14:03:13,883 | ERROR | Duplicate entry '579645-pageTemplate:1-0' for key 'SOC_METADATAS.UC_SOC_METADATA_01' [o.h.engine.jdbc.spi.SqlExceptionHelper<pool-28-thread-180>] 
2026-08-12 14:03:13,882 | ERROR | Duplicate entry '579645-pageTemplate:1-0' for key 'SOC_METADATAS.UC_SOC_METADATA_01' [o.h.engine.jdbc.spi.SqlExceptionHelper<pool-28-thread-155>] 
2026-08-12 14:03:13,883 | ERROR | Duplicate entry '579645-pageTemplate:1-0' for key 'SOC_METADATAS.UC_SOC_METADATA_01' [o.h.engine.jdbc.spi.SqlExceptionHelper<pool-28-thread-150>] 
2026-08-12 14:03:13,884 | ERROR | Duplicate entry '579645-pageTemplate:1-0' for key 'SOC_METADATAS.UC_SOC_METADATA_01' [o.h.engine.jdbc.spi.SqlExceptionHelper<pool-28-thread-146>] 
2026-08-12 14:03:13,883 | ERROR | Duplicate entry '579645-pageTemplate:1-0' for key 'SOC_METADATAS.UC_SOC_METADATA_01' [o.h.engine.jdbc.spi.SqlExceptionHelper<pool-28-thread-151>] 
2026-08-12 14:03:13,883 | ERROR | Duplicate entry '579645-pageTemplate:1-0' for key 'SOC_METADATAS.UC_SOC_METADATA_01' [o.h.engine.jdbc.spi.SqlExceptionHelper<pool-28-thread-189>] 
2026-08-12 14:03:13,887 | ERROR | Duplicate entry '579645-pageTemplate:1-0' for key 'SOC_METADATAS.UC_SOC_METADATA_01' [o.h.engine.jdbc.spi.SqlExceptionHelper<pool-28-thread-154>] 
2026-08-12 14:03:13,887 | ERROR | Duplicate entry '579645-pageTemplate:1-0' for key 'SOC_METADATAS.UC_SOC_METADATA_01' [o.h.engine.jdbc.spi.SqlExceptionHelper<pool-28-thread-190>] 
2026-08-12 14:03:13,889 | ERROR | Duplicate entry '579645-pageTemplate:1-0' for key 'SOC_METADATAS.UC_SOC_METADATA_01' [o.h.engine.jdbc.spi.SqlExceptionHelper<pool-28-thread-186>] 
2026-08-12 14:03:13,996 | ERROR | Duplicate entry '579645-pageTemplate:1-0' for key 'SOC_METADATAS.UC_SOC_METADATA_01' [o.h.engine.jdbc.spi.SqlExceptionHelper<pool-28-thread-187>] 
2026-08-12 14:03:13,996 | ERROR | Duplicate entry '579645-pageTemplate:1-0' for key 'SOC_METADATAS.UC_SOC_METADATA_01' [o.h.engine.jdbc.spi.SqlExceptionHelper<pool-28-thread-156>] 
2026-08-12 14:03:13,999 | ERROR | Duplicate entry '579645-pageTemplate:1-0' for key 'SOC_METADATAS.UC_SOC_METADATA_01' [o.h.engine.jdbc.spi.SqlExceptionHelper<pool-28-thread-177>] 
2026-08-12 14:03:14,001 | ERROR | Duplicate entry '579645-pageTemplate:1-0' for key 'SOC_METADATAS.UC_SOC_METADATA_01' [o.h.engine.jdbc.spi.SqlExceptionHelper<pool-28-thread-140>] 
2026-08-12 14:03:14,022 | ERROR | Duplicate entry '579645-pageTemplate:1-0' for key 'SOC_METADATAS.UC_SOC_METADATA_01' [o.h.engine.jdbc.spi.SqlExceptionHelper<pool-28-thread-181>] 
2026-08-12 14:03:14,023 | ERROR | Duplicate entry '579645-pageTemplate:1-0' for key 'SOC_METADATAS.UC_SOC_METADATA_01' [o.h.engine.jdbc.spi.SqlExceptionHelper<pool-28-thread-192>] 
2026-08-12 14:03:14,024 | ERROR | Duplicate entry '579645-pageTemplate:1-0' for key 'SOC_METADATAS.UC_SOC_METADATA_01' [o.h.engine.jdbc.spi.SqlExceptionHelper<pool-28-thread-145>] 
2026-08-12 14:03:14,029 | ERROR | Duplicate entry '579645-pageTemplate:1-0' for key 'SOC_METADATAS.UC_SOC_METADATA_01' [o.h.engine.jdbc.spi.SqlExceptionHelper<pool-28-thread-148>] 
2026-08-12 14:03:14,030 | ERROR | Duplicate entry '579645-pageTemplate:1-0' for key 'SOC_METADATAS.UC_SOC_METADATA_01' [o.h.engine.jdbc.spi.SqlExceptionHelper<pool-28-thread-149>] 
2026-08-12 14:03:14,031 | ERROR | Duplicate entry '579645-pageTemplate:1-0' for key 'SOC_METADATAS.UC_SOC_METADATA_01' [o.h.engine.jdbc.spi.SqlExceptionHelper<pool-28-thread-157>] 
2026-08-12 14:03:14,036 | ERROR | Duplicate entry '579645-pageTemplate:1-0' for key 'SOC_METADATAS.UC_SOC_METADATA_01' [o.h.engine.jdbc.spi.SqlExceptionHelper<pool-28-thread-152>] 
2026-08-12 14:03:14,040 | ERROR | Duplicate entry '579645-pageTemplate:1-0' for key 'SOC_METADATAS.UC_SOC_METADATA_01' [o.h.engine.jdbc.spi.SqlExceptionHelper<pool-28-thread-142>] 
2026-08-12 14:03:14,042 | ERROR | Duplicate entry '579645-pageTemplate:1-0' for key 'SOC_METADATAS.UC_SOC_METADATA_01' [o.h.engine.jdbc.spi.SqlExceptionHelper<pool-28-thread-141>] 
2026-08-12 14:03:14,047 | ERROR | Duplicate entry '579645-pageTemplate:1-0' for key 'SOC_METADATAS.UC_SOC_METADATA_01' [o.h.engine.jdbc.spi.SqlExceptionHelper<pool-28-thread-144>] 
2026-08-12 14:03:14,736 | WARN  | NATIONAL/NCHAR/NVARCHAR implies the character set UTF8MB3, which will be replaced by UTF8MB4 in a future release. Please consider using CHAR(x) CHARACTER SET UTF8MB4 in order to be unambiguous. [liquibase.executor.jvm.JdbcExecutor<main>] 
2026-08-12 14:03:14,736 | WARN  | 'utf8' is currently an alias for the character set UTF8MB3, but will be an alias for UTF8MB4 in a future release. Please consider using UTF8MB4 in order to be unambiguous. [liquibase.executor.jvm.JdbcExecutor<main>] 
2026-08-12 14:03:14,736 | WARN  | 'utf8mb3_general_ci' is a collation of the deprecated character set UTF8MB3. Please consider using UTF8MB4 with an appropriate collation instead. [liquibase.executor.jvm.JdbcExecutor<main>] 
2026-08-12 14:03:14,974 | ERROR | Duplicate entry '579645-spaceTemplate:3-0' for key 'SOC_METADATAS.UC_SOC_METADATA_01' [o.h.engine.jdbc.spi.SqlExceptionHelper<pool-28-thread-207>] 
2026-08-12 14:03:14,975 | ERROR | Duplicate entry '579645-spaceTemplate:3-0' for key 'SOC_METADATAS.UC_SOC_METADATA_01' [o.h.engine.jdbc.spi.SqlExceptionHelper<pool-28-thread-193>] 
2026-08-12 14:03:14,975 | ERROR | Duplicate entry '579645-spaceTemplate:3-0' for key 'SOC_METADATAS.UC_SOC_METADATA_01' [o.h.engine.jdbc.spi.SqlExceptionHelper<pool-28-thread-179>] 
2026-08-12 14:03:14,976 | ERROR | Duplicate entry '579645-spaceTemplate:3-0' for key 'SOC_METADATAS.UC_SOC_METADATA_01' [o.h.engine.jdbc.spi.SqlExceptionHelper<pool-28-thread-201>] 
2026-08-12 14:03:14,975 | ERROR | Duplicate entry '579645-spaceTemplate:3-0' for key 'SOC_METADATAS.UC_SOC_METADATA_01' [o.h.engine.jdbc.spi.SqlExceptionHelper<pool-28-thread-199>] 
2026-08-12 14:03:14,977 | ERROR | Duplicate entry '579645-spaceTemplate:3-0' for key 'SOC_METADATAS.UC_SOC_METADATA_01' [o.h.engine.jdbc.spi.SqlExceptionHelper<pool-28-thread-204>] 
2026-08-12 14:03:14,978 | ERROR | Duplicate entry '579645-spaceTemplate:3-0' for key 'SOC_METADATAS.UC_SOC_METADATA_01' [o.h.engine.jdbc.spi.SqlExceptionHelper<pool-28-thread-200>] 
2026-08-12 14:03:14,979 | ERROR | Duplicate entry '579645-spaceTemplate:3-0' for key 'SOC_METADATAS.UC_SOC_METADATA_01' [o.h.engine.jdbc.spi.SqlExceptionHelper<pool-28-thread-203>] 
2026-08-12 14:03:14,979 | ERROR | Duplicate entry '579645-spaceTemplate:3-0' for key 'SOC_METADATAS.UC_SOC_METADATA_01' [o.h.engine.jdbc.spi.SqlExceptionHelper<pool-28-thread-195>] 
2026-08-12 14:03:14,979 | ERROR | Duplicate entry '579645-spaceTemplate:3-0' for key 'SOC_METADATAS.UC_SOC_METADATA_01' [o.h.engine.jdbc.spi.SqlExceptionHelper<pool-28-thread-210>] 
2026-08-12 14:03:14,979 | ERROR | Duplicate entry '579645-spaceTemplate:3-0' for key 'SOC_METADATAS.UC_SOC_METADATA_01' [o.h.engine.jdbc.spi.SqlExceptionHelper<pool-28-thread-211>] 
2026-08-12 14:03:14,980 | ERROR | Duplicate entry '579645-spaceTemplate:3-0' for key 'SOC_METADATAS.UC_SOC_METADATA_01' [o.h.engine.jdbc.spi.SqlExceptionHelper<pool-28-thread-171>] 
2026-08-12 14:03:14,980 | ERROR | Duplicate entry '579645-spaceTemplate:3-0' for key 'SOC_METADATAS.UC_SOC_METADATA_01' [o.h.engine.jdbc.spi.SqlExceptionHelper<pool-28-thread-197>] 
2026-08-12 14:03:14,980 | ERROR | Duplicate entry '579645-spaceTemplate:3-0' for key 'SOC_METADATAS.UC_SOC_METADATA_01' [o.h.engine.jdbc.spi.SqlExceptionHelper<pool-28-thread-224>] 
2026-08-12 14:03:14,980 | ERROR | Duplicate entry '579645-spaceTemplate:3-0' for key 'SOC_METADATAS.UC_SOC_METADATA_01' [o.h.engine.jdbc.spi.SqlExceptionHelper<pool-28-thread-194>] 
2026-08-12 14:03:14,981 | ERROR | Duplicate entry '579645-spaceTemplate:3-0' for key 'SOC_METADATAS.UC_SOC_METADATA_01' [o.h.engine.jdbc.spi.SqlExceptionHelper<pool-28-thread-219>] 
2026-08-12 14:03:14,980 | ERROR | Duplicate entry '579645-spaceTemplate:3-0' for key 'SOC_METADATAS.UC_SOC_METADATA_01' [o.h.engine.jdbc.spi.SqlExceptionHelper<pool-28-thread-223>] 
2026-08-12 14:03:14,981 | ERROR | Duplicate entry '579645-spaceTemplate:3-0' for key 'SOC_METADATAS.UC_SOC_METADATA_01' [o.h.engine.jdbc.spi.SqlExceptionHelper<pool-28-thread-202>] 
2026-08-12 14:03:14,982 | ERROR | Duplicate entry '579645-spaceTemplate:3-0' for key 'SOC_METADATAS.UC_SOC_METADATA_01' [o.h.engine.jdbc.spi.SqlExceptionHelper<pool-28-thread-213>] 
2026-08-12 14:03:15,011 | ERROR | Duplicate entry '579645-spaceTemplate:3-0' for key 'SOC_METADATAS.UC_SOC_METADATA_01' [o.h.engine.jdbc.spi.SqlExceptionHelper<pool-28-thread-220>] 
2026-08-12 14:03:15,012 | ERROR | Duplicate entry '579645-spaceTemplate:3-0' for key 'SOC_METADATAS.UC_SOC_METADATA_01' [o.h.engine.jdbc.spi.SqlExceptionHelper<pool-28-thread-218>] 
2026-08-12 14:03:15,014 | ERROR | Duplicate entry '579645-spaceTemplate:3-0' for key 'SOC_METADATAS.UC_SOC_METADATA_01' [o.h.engine.jdbc.spi.SqlExceptionHelper<pool-28-thread-216>] 
2026-08-12 14:03:15,015 | ERROR | Duplicate entry '579645-spaceTemplate:3-0' for key 'SOC_METADATAS.UC_SOC_METADATA_01' [o.h.engine.jdbc.spi.SqlExceptionHelper<pool-28-thread-217>] 
2026-08-12 14:03:15,039 | ERROR | Duplicate entry '579645-spaceTemplate:3-0' for key 'SOC_METADATAS.UC_SOC_METADATA_01' [o.h.engine.jdbc.spi.SqlExceptionHelper<pool-28-thread-198>] 
2026-08-12 14:03:15,040 | ERROR | Duplicate entry '579645-spaceTemplate:3-0' for key 'SOC_METADATAS.UC_SOC_METADATA_01' [o.h.engine.jdbc.spi.SqlExceptionHelper<pool-28-thread-225>] 
2026-08-12 14:03:15,042 | ERROR | Duplicate entry '579645-spaceTemplate:3-0' for key 'SOC_METADATAS.UC_SOC_METADATA_01' [o.h.engine.jdbc.spi.SqlExceptionHelper<pool-28-thread-214>] 
2026-08-12 14:03:15,044 | ERROR | Duplicate entry '579645-spaceTemplate:3-0' for key 'SOC_METADATAS.UC_SOC_METADATA_01' [o.h.engine.jdbc.spi.SqlExceptionHelper<pool-28-thread-226>] 
2026-08-12 14:03:15,045 | ERROR | Duplicate entry '579645-spaceTemplate:3-0' for key 'SOC_METADATAS.UC_SOC_METADATA_01' [o.h.engine.jdbc.spi.SqlExceptionHelper<pool-28-thread-212>] 
2026-08-12 14:03:19,592 | WARN  | 'utf8' is currently an alias for the character set UTF8MB3, but will be an alias for UTF8MB4 in a future release. Please consider using UTF8MB4 in order to be unambiguous. [liquibase.executor.jvm.JdbcExecutor<main>] 
2026-08-12 14:03:19,592 | WARN  | 'utf8mb3_general_ci' is a collation of the deprecated character set UTF8MB3. Please consider using UTF8MB4 with an appropriate collation instead. [liquibase.executor.jvm.JdbcExecutor<main>] 
2026-08-12 14:03:21,610 | INFO  | Global AuthenticationManager configured with AuthenticationProvider bean with name portalAuthenticationManager [o.s.s.c.a.a.c.InitializeAuthenticationProviderBeanManagerConfigurer$InitializeAuthenticationProviderManagerConfigurer<main>] 
2026-08-12 14:03:21,916 | INFO  | Spring context 'poll' initialized in 11125ms [i.m.s.kernel.PortalApplicationContext<main>] 
2026-08-12 14:03:21,916 | INFO  | Continue Spring context 'app-center' initialization [i.m.s.kernel.PortalApplicationContext<main>] 
2026-08-12 14:03:22,092 | WARN  | Due to mysql SQL limitations, modifyDataType will lose primary key/autoincrement/not null/comment settings explicitly redefined in the change. Use <sql> or <modifySql> to re-specify all configuration if this is the case [liquibase.changelog.DatabaseChangeLog<main>] 
2026-08-12 14:03:22,128 | WARN  | Due to mysql SQL limitations, modifyDataType will lose primary key/autoincrement/not null/comment settings explicitly redefined in the change. Use <sql> or <modifySql> to re-specify all configuration if this is the case [liquibase.changelog.DatabaseChangeLog<main>] 
2026-08-12 14:03:24,394 | WARN  | 'utf8' is currently an alias for the character set UTF8MB3, but will be an alias for UTF8MB4 in a future release. Please consider using UTF8MB4 in order to be unambiguous. [liquibase.executor.jvm.JdbcExecutor<main>] 
2026-08-12 14:03:24,394 | WARN  | 'utf8mb3_general_ci' is a collation of the deprecated character set UTF8MB3. Please consider using UTF8MB4 with an appropriate collation instead. [liquibase.executor.jvm.JdbcExecutor<main>] 
2026-08-12 14:03:25,448 | WARN  | 'utf8' is currently an alias for the character set UTF8MB3, but will be an alias for UTF8MB4 in a future release. Please consider using UTF8MB4 in order to be unambiguous. [liquibase.executor.jvm.JdbcExecutor<main>] 
2026-08-12 14:03:25,448 | WARN  | 'utf8mb3_general_ci' is a collation of the deprecated character set UTF8MB3. Please consider using UTF8MB4 with an appropriate collation instead. [liquibase.executor.jvm.JdbcExecutor<main>] 
2026-08-12 14:03:34,228 | ERROR | Duplicate entry '579645-program:2-0' for key 'SOC_METADATAS.UC_SOC_METADATA_01' [o.h.engine.jdbc.spi.SqlExceptionHelper<pool-28-thread-248>] 
2026-08-12 14:03:34,229 | ERROR | Duplicate entry '579645-program:2-0' for key 'SOC_METADATAS.UC_SOC_METADATA_01' [o.h.engine.jdbc.spi.SqlExceptionHelper<pool-28-thread-254>] 
2026-08-12 14:03:34,229 | ERROR | Duplicate entry '579645-program:2-0' for key 'SOC_METADATAS.UC_SOC_METADATA_01' [o.h.engine.jdbc.spi.SqlExceptionHelper<pool-28-thread-244>] 
2026-08-12 14:03:34,229 | ERROR | Duplicate entry '579645-program:2-0' for key 'SOC_METADATAS.UC_SOC_METADATA_01' [o.h.engine.jdbc.spi.SqlExceptionHelper<pool-28-thread-234>] 
2026-08-12 14:03:34,229 | ERROR | Duplicate entry '579645-program:2-0' for key 'SOC_METADATAS.UC_SOC_METADATA_01' [o.h.engine.jdbc.spi.SqlExceptionHelper<pool-28-thread-243>] 
2026-08-12 14:03:34,229 | ERROR | Duplicate entry '579645-program:2-0' for key 'SOC_METADATAS.UC_SOC_METADATA_01' [o.h.engine.jdbc.spi.SqlExceptionHelper<pool-28-thread-232>] 
2026-08-12 14:03:34,229 | ERROR | Duplicate entry '579645-program:2-0' for key 'SOC_METADATAS.UC_SOC_METADATA_01' [o.h.engine.jdbc.spi.SqlExceptionHelper<pool-28-thread-251>] 
2026-08-12 14:03:34,228 | ERROR | Duplicate entry '579645-program:2-0' for key 'SOC_METADATAS.UC_SOC_METADATA_01' [o.h.engine.jdbc.spi.SqlExceptionHelper<pool-28-thread-245>] 
2026-08-12 14:03:34,230 | ERROR | Duplicate entry '579645-program:2-0' for key 'SOC_METADATAS.UC_SOC_METADATA_01' [o.h.engine.jdbc.spi.SqlExceptionHelper<pool-28-thread-196>] 
2026-08-12 14:03:34,230 | ERROR | Duplicate entry '579645-program:2-0' for key 'SOC_METADATAS.UC_SOC_METADATA_01' [o.h.engine.jdbc.spi.SqlExceptionHelper<pool-28-thread-237>] 
2026-08-12 14:03:34,231 | ERROR | Duplicate entry '579645-program:2-0' for key 'SOC_METADATAS.UC_SOC_METADATA_01' [o.h.engine.jdbc.spi.SqlExceptionHelper<pool-28-thread-253>] 
2026-08-12 14:03:34,231 | ERROR | Duplicate entry '579645-program:2-0' for key 'SOC_METADATAS.UC_SOC_METADATA_01' [o.h.engine.jdbc.spi.SqlExceptionHelper<pool-28-thread-242>] 
2026-08-12 14:03:34,231 | ERROR | Duplicate entry '579645-program:2-0' for key 'SOC_METADATAS.UC_SOC_METADATA_01' [o.h.engine.jdbc.spi.SqlExceptionHelper<pool-28-thread-247>] 
2026-08-12 14:03:34,231 | ERROR | Duplicate entry '579645-program:2-0' for key 'SOC_METADATAS.UC_SOC_METADATA_01' [o.h.engine.jdbc.spi.SqlExceptionHelper<pool-28-thread-239>] 
2026-08-12 14:03:34,232 | ERROR | Duplicate entry '579645-program:2-0' for key 'SOC_METADATAS.UC_SOC_METADATA_01' [o.h.engine.jdbc.spi.SqlExceptionHelper<pool-28-thread-252>] 
2026-08-12 14:03:34,231 | ERROR | Duplicate entry '579645-program:2-0' for key 'SOC_METADATAS.UC_SOC_METADATA_01' [o.h.engine.jdbc.spi.SqlExceptionHelper<pool-28-thread-249>] 
2026-08-12 14:03:34,231 | ERROR | Duplicate entry '579645-program:2-0' for key 'SOC_METADATAS.UC_SOC_METADATA_01' [o.h.engine.jdbc.spi.SqlExceptionHelper<pool-28-thread-246>] 
2026-08-12 14:03:34,234 | ERROR | Duplicate entry '579645-program:2-0' for key 'SOC_METADATAS.UC_SOC_METADATA_01' [o.h.engine.jdbc.spi.SqlExceptionHelper<pool-28-thread-238>] 
2026-08-12 14:03:34,235 | ERROR | Duplicate entry '579645-program:2-0' for key 'SOC_METADATAS.UC_SOC_METADATA_01' [o.h.engine.jdbc.spi.SqlExceptionHelper<pool-28-thread-222>] 
2026-08-12 14:03:34,328 | ERROR | Duplicate entry '579645-program:2-0' for key 'SOC_METADATAS.UC_SOC_METADATA_01' [o.h.engine.jdbc.spi.SqlExceptionHelper<pool-28-thread-240>] 
2026-08-12 14:03:34,334 | ERROR | Duplicate entry '579645-program:2-0' for key 'SOC_METADATAS.UC_SOC_METADATA_01' [o.h.engine.jdbc.spi.SqlExceptionHelper<pool-28-thread-236>] 
2026-08-12 14:03:37,155 | INFO  | Importing Portlet instances finished successfully. [i.m.l.s.i.PortletInstanceImportService<ForkJoinPool.commonPool-worker-6>] 
2026-08-12 14:03:37,155 | INFO  | Processing Post Portlet instances import [i.m.l.s.i.PortletInstanceImportService<ForkJoinPool.commonPool-worker-6>] 
2026-08-12 14:03:37,155 | INFO  | Processing Post Portlet instances import finished [i.m.l.s.i.PortletInstanceImportService<ForkJoinPool.commonPool-worker-6>] 
2026-08-12 14:03:49,104 | ERROR | Duplicate entry '579645-pageTemplate:2-0' for key 'SOC_METADATAS.UC_SOC_METADATA_01' [o.h.engine.jdbc.spi.SqlExceptionHelper<pool-28-thread-275>] 
2026-08-12 14:03:49,104 | ERROR | Duplicate entry '579645-pageTemplate:2-0' for key 'SOC_METADATAS.UC_SOC_METADATA_01' [o.h.engine.jdbc.spi.SqlExceptionHelper<pool-28-thread-261>] 
2026-08-12 14:03:49,105 | ERROR | Duplicate entry '579645-pageTemplate:2-0' for key 'SOC_METADATAS.UC_SOC_METADATA_01' [o.h.engine.jdbc.spi.SqlExceptionHelper<pool-28-thread-268>] 
2026-08-12 14:03:49,105 | ERROR | Duplicate entry '579645-pageTemplate:2-0' for key 'SOC_METADATAS.UC_SOC_METADATA_01' [o.h.engine.jdbc.spi.SqlExceptionHelper<pool-28-thread-264>] 
2026-08-12 14:03:49,105 | ERROR | Duplicate entry '579645-pageTemplate:2-0' for key 'SOC_METADATAS.UC_SOC_METADATA_01' [o.h.engine.jdbc.spi.SqlExceptionHelper<pool-28-thread-262>] 
2026-08-12 14:03:49,106 | ERROR | Duplicate entry '579645-pageTemplate:2-0' for key 'SOC_METADATAS.UC_SOC_METADATA_01' [o.h.engine.jdbc.spi.SqlExceptionHelper<pool-28-thread-271>] 
2026-08-12 14:03:49,106 | ERROR | Duplicate entry '579645-pageTemplate:2-0' for key 'SOC_METADATAS.UC_SOC_METADATA_01' [o.h.engine.jdbc.spi.SqlExceptionHelper<pool-28-thread-272>] 
2026-08-12 14:03:49,106 | ERROR | Duplicate entry '579645-pageTemplate:2-0' for key 'SOC_METADATAS.UC_SOC_METADATA_01' [o.h.engine.jdbc.spi.SqlExceptionHelper<pool-28-thread-274>] 
2026-08-12 14:03:49,106 | ERROR | Duplicate entry '579645-pageTemplate:2-0' for key 'SOC_METADATAS.UC_SOC_METADATA_01' [o.h.engine.jdbc.spi.SqlExceptionHelper<pool-28-thread-233>] 
2026-08-12 14:03:49,107 | ERROR | Duplicate entry '579645-pageTemplate:2-0' for key 'SOC_METADATAS.UC_SOC_METADATA_01' [o.h.engine.jdbc.spi.SqlExceptionHelper<pool-28-thread-228>] 
2026-08-12 14:03:49,104 | ERROR | Duplicate entry '579645-pageTemplate:2-0' for key 'SOC_METADATAS.UC_SOC_METADATA_01' [o.h.engine.jdbc.spi.SqlExceptionHelper<pool-28-thread-143>] 
2026-08-12 14:03:49,108 | ERROR | Duplicate entry '579645-pageTemplate:2-0' for key 'SOC_METADATAS.UC_SOC_METADATA_01' [o.h.engine.jdbc.spi.SqlExceptionHelper<pool-28-thread-266>] 
2026-08-12 14:03:49,109 | ERROR | Duplicate entry '579645-pageTemplate:2-0' for key 'SOC_METADATAS.UC_SOC_METADATA_01' [o.h.engine.jdbc.spi.SqlExceptionHelper<pool-28-thread-265>] 
2026-08-12 14:03:49,109 | ERROR | Duplicate entry '579645-pageTemplate:2-0' for key 'SOC_METADATAS.UC_SOC_METADATA_01' [o.h.engine.jdbc.spi.SqlExceptionHelper<pool-28-thread-269>] 
2026-08-12 14:03:49,104 | ERROR | Duplicate entry '579645-pageTemplate:2-0' for key 'SOC_METADATAS.UC_SOC_METADATA_01' [o.h.engine.jdbc.spi.SqlExceptionHelper<pool-28-thread-273>] 
2026-08-12 14:03:49,106 | ERROR | Duplicate entry '579645-pageTemplate:2-0' for key 'SOC_METADATAS.UC_SOC_METADATA_01' [o.h.engine.jdbc.spi.SqlExceptionHelper<pool-28-thread-230>] 
2026-08-12 14:03:49,108 | ERROR | Duplicate entry '579645-pageTemplate:2-0' for key 'SOC_METADATAS.UC_SOC_METADATA_01' [o.h.engine.jdbc.spi.SqlExceptionHelper<pool-28-thread-227>] 
2026-08-12 14:03:49,111 | ERROR | Duplicate entry '579645-pageTemplate:2-0' for key 'SOC_METADATAS.UC_SOC_METADATA_01' [o.h.engine.jdbc.spi.SqlExceptionHelper<pool-28-thread-153>] 
2026-08-12 14:03:49,111 | ERROR | Duplicate entry '579645-pageTemplate:2-0' for key 'SOC_METADATAS.UC_SOC_METADATA_01' [o.h.engine.jdbc.spi.SqlExceptionHelper<pool-28-thread-231>] 
2026-08-12 14:03:49,181 | ERROR | Duplicate entry '579645-pageTemplate:2-0' for key 'SOC_METADATAS.UC_SOC_METADATA_01' [o.h.engine.jdbc.spi.SqlExceptionHelper<pool-28-thread-270>] 
2026-08-12 14:03:49,306 | ERROR | Duplicate entry '579645-pageTemplate:2-0' for key 'SOC_METADATAS.UC_SOC_METADATA_01' [o.h.engine.jdbc.spi.SqlExceptionHelper<pool-28-thread-208>] 
2026-08-12 14:03:49,310 | ERROR | Duplicate entry '579645-pageTemplate:2-0' for key 'SOC_METADATAS.UC_SOC_METADATA_01' [o.h.engine.jdbc.spi.SqlExceptionHelper<pool-28-thread-260>] 
2026-08-12 14:03:49,311 | ERROR | Duplicate entry '579645-pageTemplate:2-0' for key 'SOC_METADATAS.UC_SOC_METADATA_01' [o.h.engine.jdbc.spi.SqlExceptionHelper<pool-28-thread-258>] 
2026-08-12 14:03:49,311 | ERROR | Duplicate entry '579645-pageTemplate:2-0' for key 'SOC_METADATAS.UC_SOC_METADATA_01' [o.h.engine.jdbc.spi.SqlExceptionHelper<pool-28-thread-229>] 
2026-08-12 14:03:49,311 | ERROR | Duplicate entry '579645-pageTemplate:2-0' for key 'SOC_METADATAS.UC_SOC_METADATA_01' [o.h.engine.jdbc.spi.SqlExceptionHelper<pool-28-thread-209>] 
2026-08-12 14:03:49,313 | ERROR | Duplicate entry '579645-pageTemplate:2-0' for key 'SOC_METADATAS.UC_SOC_METADATA_01' [o.h.engine.jdbc.spi.SqlExceptionHelper<pool-28-thread-267>] 
2026-08-12 14:03:49,313 | ERROR | Duplicate entry '579645-pageTemplate:2-0' for key 'SOC_METADATAS.UC_SOC_METADATA_01' [o.h.engine.jdbc.spi.SqlExceptionHelper<pool-28-thread-257>] 
2026-08-12 14:03:49,314 | ERROR | Duplicate entry '579645-pageTemplate:2-0' for key 'SOC_METADATAS.UC_SOC_METADATA_01' [o.h.engine.jdbc.spi.SqlExceptionHelper<pool-28-thread-263>] 
2026-08-12 14:03:49,314 | ERROR | Duplicate entry '579645-pageTemplate:2-0' for key 'SOC_METADATAS.UC_SOC_METADATA_01' [o.h.engine.jdbc.spi.SqlExceptionHelper<pool-28-thread-206>] 
2026-08-12 14:03:49,314 | ERROR | Duplicate entry '579645-pageTemplate:2-0' for key 'SOC_METADATAS.UC_SOC_METADATA_01' [o.h.engine.jdbc.spi.SqlExceptionHelper<pool-28-thread-256>] 
2026-08-12 14:03:49,314 | ERROR | Duplicate entry '579645-pageTemplate:2-0' for key 'SOC_METADATAS.UC_SOC_METADATA_01' [o.h.engine.jdbc.spi.SqlExceptionHelper<pool-28-thread-221>] 
2026-08-12 14:03:49,315 | ERROR | Duplicate entry '579645-pageTemplate:2-0' for key 'SOC_METADATAS.UC_SOC_METADATA_01' [o.h.engine.jdbc.spi.SqlExceptionHelper<pool-28-thread-215>] 
2026-08-12 14:03:49,318 | ERROR | Duplicate entry '579645-pageTemplate:2-0' for key 'SOC_METADATAS.UC_SOC_METADATA_01' [o.h.engine.jdbc.spi.SqlExceptionHelper<pool-28-thread-255>] 
2026-08-12 14:03:49,322 | ERROR | Duplicate entry '579645-pageTemplate:2-0' for key 'SOC_METADATAS.UC_SOC_METADATA_01' [o.h.engine.jdbc.spi.SqlExceptionHelper<pool-28-thread-235>] 
2026-08-12 14:03:49,323 | ERROR | Duplicate entry '579645-pageTemplate:2-0' for key 'SOC_METADATAS.UC_SOC_METADATA_01' [o.h.engine.jdbc.spi.SqlExceptionHelper<pool-28-thread-259>] 
2026-08-12 14:03:49,324 | ERROR | Duplicate entry '579645-pageTemplate:2-0' for key 'SOC_METADATAS.UC_SOC_METADATA_01' [o.h.engine.jdbc.spi.SqlExceptionHelper<pool-28-thread-250>] 
2026-08-12 14:03:49,325 | ERROR | Duplicate entry '579645-pageTemplate:2-0' for key 'SOC_METADATAS.UC_SOC_METADATA_01' [o.h.engine.jdbc.spi.SqlExceptionHelper<pool-28-thread-205>] 
2026-08-12 14:03:50,499 | ERROR | Duplicate entry '579645-spaceTemplate:4-0' for key 'SOC_METADATAS.UC_SOC_METADATA_01' [o.h.engine.jdbc.spi.SqlExceptionHelper<pool-28-thread-306>] 
2026-08-12 14:03:50,499 | ERROR | Duplicate entry '579645-spaceTemplate:4-0' for key 'SOC_METADATAS.UC_SOC_METADATA_01' [o.h.engine.jdbc.spi.SqlExceptionHelper<pool-28-thread-310>] 
2026-08-12 14:03:50,499 | ERROR | Duplicate entry '579645-spaceTemplate:4-0' for key 'SOC_METADATAS.UC_SOC_METADATA_01' [o.h.engine.jdbc.spi.SqlExceptionHelper<pool-28-thread-301>] 
2026-08-12 14:03:50,499 | ERROR | Duplicate entry '579645-spaceTemplate:4-0' for key 'SOC_METADATAS.UC_SOC_METADATA_01' [o.h.engine.jdbc.spi.SqlExceptionHelper<pool-28-thread-283>] 
2026-08-12 14:03:50,500 | ERROR | Duplicate entry '579645-spaceTemplate:4-0' for key 'SOC_METADATAS.UC_SOC_METADATA_01' [o.h.engine.jdbc.spi.SqlExceptionHelper<pool-28-thread-281>] 
2026-08-12 14:03:50,500 | ERROR | Duplicate entry '579645-spaceTemplate:4-0' for key 'SOC_METADATAS.UC_SOC_METADATA_01' [o.h.engine.jdbc.spi.SqlExceptionHelper<pool-28-thread-312>] 
2026-08-12 14:03:50,500 | ERROR | Duplicate entry '579645-spaceTemplate:4-0' for key 'SOC_METADATAS.UC_SOC_METADATA_01' [o.h.engine.jdbc.spi.SqlExceptionHelper<pool-28-thread-308>] 
2026-08-12 14:03:50,499 | ERROR | Duplicate entry '579645-spaceTemplate:4-0' for key 'SOC_METADATAS.UC_SOC_METADATA_01' [o.h.engine.jdbc.spi.SqlExceptionHelper<pool-28-thread-298>] 
2026-08-12 14:03:50,501 | ERROR | Duplicate entry '579645-spaceTemplate:4-0' for key 'SOC_METADATAS.UC_SOC_METADATA_01' [o.h.engine.jdbc.spi.SqlExceptionHelper<pool-28-thread-305>] 
2026-08-12 14:03:50,501 | ERROR | Duplicate entry '579645-spaceTemplate:4-0' for key 'SOC_METADATAS.UC_SOC_METADATA_01' [o.h.engine.jdbc.spi.SqlExceptionHelper<pool-28-thread-307>] 
2026-08-12 14:03:50,500 | ERROR | Duplicate entry '579645-spaceTemplate:4-0' for key 'SOC_METADATAS.UC_SOC_METADATA_01' [o.h.engine.jdbc.spi.SqlExceptionHelper<pool-28-thread-297>] 
2026-08-12 14:03:50,500 | ERROR | Duplicate entry '579645-spaceTemplate:4-0' for key 'SOC_METADATAS.UC_SOC_METADATA_01' [o.h.engine.jdbc.spi.SqlExceptionHelper<pool-28-thread-295>] 
2026-08-12 14:03:50,499 | ERROR | Duplicate entry '579645-spaceTemplate:4-0' for key 'SOC_METADATAS.UC_SOC_METADATA_01' [o.h.engine.jdbc.spi.SqlExceptionHelper<pool-28-thread-309>] 
2026-08-12 14:03:50,500 | ERROR | Duplicate entry '579645-spaceTemplate:4-0' for key 'SOC_METADATAS.UC_SOC_METADATA_01' [o.h.engine.jdbc.spi.SqlExceptionHelper<pool-28-thread-311>] 
2026-08-12 14:03:50,500 | ERROR | Duplicate entry '579645-spaceTemplate:4-0' for key 'SOC_METADATAS.UC_SOC_METADATA_01' [o.h.engine.jdbc.spi.SqlExceptionHelper<pool-28-thread-303>] 
2026-08-12 14:03:50,500 | ERROR | Duplicate entry '579645-spaceTemplate:4-0' for key 'SOC_METADATAS.UC_SOC_METADATA_01' [o.h.engine.jdbc.spi.SqlExceptionHelper<pool-28-thread-299>] 
2026-08-12 14:03:50,502 | ERROR | Duplicate entry '579645-spaceTemplate:4-0' for key 'SOC_METADATAS.UC_SOC_METADATA_01' [o.h.engine.jdbc.spi.SqlExceptionHelper<pool-28-thread-302>] 
2026-08-12 14:03:50,503 | ERROR | Duplicate entry '579645-spaceTemplate:4-0' for key 'SOC_METADATAS.UC_SOC_METADATA_01' [o.h.engine.jdbc.spi.SqlExceptionHelper<pool-28-thread-290>] 
2026-08-12 14:03:50,642 | ERROR | Duplicate entry '579645-spaceTemplate:4-0' for key 'SOC_METADATAS.UC_SOC_METADATA_01' [o.h.engine.jdbc.spi.SqlExceptionHelper<pool-28-thread-294>] 
2026-08-12 14:03:50,643 | ERROR | Duplicate entry '579645-spaceTemplate:4-0' for key 'SOC_METADATAS.UC_SOC_METADATA_01' [o.h.engine.jdbc.spi.SqlExceptionHelper<pool-28-thread-289>] 
2026-08-12 14:03:50,645 | ERROR | Duplicate entry '579645-spaceTemplate:4-0' for key 'SOC_METADATAS.UC_SOC_METADATA_01' [o.h.engine.jdbc.spi.SqlExceptionHelper<pool-28-thread-241>] 
2026-08-12 14:03:50,646 | ERROR | Duplicate entry '579645-spaceTemplate:4-0' for key 'SOC_METADATAS.UC_SOC_METADATA_01' [o.h.engine.jdbc.spi.SqlExceptionHelper<pool-28-thread-284>] 
2026-08-12 14:03:50,647 | ERROR | Duplicate entry '579645-spaceTemplate:4-0' for key 'SOC_METADATAS.UC_SOC_METADATA_01' [o.h.engine.jdbc.spi.SqlExceptionHelper<pool-28-thread-279>] 
2026-08-12 14:03:50,648 | ERROR | Duplicate entry '579645-spaceTemplate:4-0' for key 'SOC_METADATAS.UC_SOC_METADATA_01' [o.h.engine.jdbc.spi.SqlExceptionHelper<pool-28-thread-280>] 
2026-08-12 14:03:50,648 | ERROR | Duplicate entry '579645-spaceTemplate:4-0' for key 'SOC_METADATAS.UC_SOC_METADATA_01' [o.h.engine.jdbc.spi.SqlExceptionHelper<pool-28-thread-277>] 
2026-08-12 14:03:50,648 | ERROR | Duplicate entry '579645-spaceTemplate:4-0' for key 'SOC_METADATAS.UC_SOC_METADATA_01' [o.h.engine.jdbc.spi.SqlExceptionHelper<pool-28-thread-288>] 
2026-08-12 14:03:50,648 | ERROR | Duplicate entry '579645-spaceTemplate:4-0' for key 'SOC_METADATAS.UC_SOC_METADATA_01' [o.h.engine.jdbc.spi.SqlExceptionHelper<pool-28-thread-291>] 
2026-08-12 14:03:50,651 | ERROR | Duplicate entry '579645-spaceTemplate:4-0' for key 'SOC_METADATAS.UC_SOC_METADATA_01' [o.h.engine.jdbc.spi.SqlExceptionHelper<pool-28-thread-293>] 
2026-08-12 14:03:50,651 | ERROR | Duplicate entry '579645-spaceTemplate:4-0' for key 'SOC_METADATAS.UC_SOC_METADATA_01' [o.h.engine.jdbc.spi.SqlExceptionHelper<pool-28-thread-304>] 
2026-08-12 14:03:50,651 | ERROR | Duplicate entry '579645-spaceTemplate:4-0' for key 'SOC_METADATAS.UC_SOC_METADATA_01' [o.h.engine.jdbc.spi.SqlExceptionHelper<pool-28-thread-287>] 
2026-08-12 14:03:50,652 | ERROR | Duplicate entry '579645-spaceTemplate:4-0' for key 'SOC_METADATAS.UC_SOC_METADATA_01' [o.h.engine.jdbc.spi.SqlExceptionHelper<pool-28-thread-296>] 
2026-08-12 14:03:50,655 | ERROR | Duplicate entry '579645-spaceTemplate:4-0' for key 'SOC_METADATAS.UC_SOC_METADATA_01' [o.h.engine.jdbc.spi.SqlExceptionHelper<pool-28-thread-292>] 
2026-08-12 14:03:50,655 | ERROR | Duplicate entry '579645-spaceTemplate:4-0' for key 'SOC_METADATAS.UC_SOC_METADATA_01' [o.h.engine.jdbc.spi.SqlExceptionHelper<pool-28-thread-278>] 
2026-08-12 14:03:50,658 | ERROR | Duplicate entry '579645-spaceTemplate:4-0' for key 'SOC_METADATAS.UC_SOC_METADATA_01' [o.h.engine.jdbc.spi.SqlExceptionHelper<pool-28-thread-276>] 
2026-08-12 14:03:50,659 | ERROR | Duplicate entry '579645-spaceTemplate:4-0' for key 'SOC_METADATAS.UC_SOC_METADATA_01' [o.h.engine.jdbc.spi.SqlExceptionHelper<pool-28-thread-282>] 
2026-08-12 14:03:50,662 | ERROR | Duplicate entry '579645-spaceTemplate:4-0' for key 'SOC_METADATAS.UC_SOC_METADATA_01' [o.h.engine.jdbc.spi.SqlExceptionHelper<pool-28-thread-286>] 
2026-08-12 14:03:50,677 | ERROR | Duplicate entry '579645-spaceTemplate:4-0' for key 'SOC_METADATAS.UC_SOC_METADATA_01' [o.h.engine.jdbc.spi.SqlExceptionHelper<pool-28-thread-285>] 
2026-08-12 14:04:16,491 | INFO  | Create ES Mapping for field 'count' with type 'long' [i.m.a.e.s.ElasticsearchAnalyticsStorage<Analytics-ingestor-1>] 
2026-08-12 14:04:18,353 | INFO  | Create ES Mapping for field 'countType' with type 'keyword' [i.m.a.e.s.ElasticsearchAnalyticsStorage<Analytics-ingestor-1>] 
2026-08-12 14:04:26,103 | ERROR | Duplicate entry '579645-pageTemplate:3-0' for key 'SOC_METADATAS.UC_SOC_METADATA_01' [o.h.engine.jdbc.spi.SqlExceptionHelper<pool-28-thread-347>] 
2026-08-12 14:04:26,104 | ERROR | Duplicate entry '579645-pageTemplate:3-0' for key 'SOC_METADATAS.UC_SOC_METADATA_01' [o.h.engine.jdbc.spi.SqlExceptionHelper<pool-28-thread-327>] 
2026-08-12 14:04:26,104 | ERROR | Duplicate entry '579645-pageTemplate:3-0' for key 'SOC_METADATAS.UC_SOC_METADATA_01' [o.h.engine.jdbc.spi.SqlExceptionHelper<pool-28-thread-342>] 
2026-08-12 14:04:26,104 | ERROR | Duplicate entry '579645-pageTemplate:3-0' for key 'SOC_METADATAS.UC_SOC_METADATA_01' [o.h.engine.jdbc.spi.SqlExceptionHelper<pool-28-thread-345>] 
2026-08-12 14:04:26,105 | ERROR | Duplicate entry '579645-pageTemplate:3-0' for key 'SOC_METADATAS.UC_SOC_METADATA_01' [o.h.engine.jdbc.spi.SqlExceptionHelper<pool-28-thread-349>] 
2026-08-12 14:04:26,105 | ERROR | Duplicate entry '579645-pageTemplate:3-0' for key 'SOC_METADATAS.UC_SOC_METADATA_01' [o.h.engine.jdbc.spi.SqlExceptionHelper<pool-28-thread-334>] 
2026-08-12 14:04:26,105 | ERROR | Duplicate entry '579645-pageTemplate:3-0' for key 'SOC_METADATAS.UC_SOC_METADATA_01' [o.h.engine.jdbc.spi.SqlExceptionHelper<pool-28-thread-340>] 
2026-08-12 14:04:26,106 | ERROR | Duplicate entry '579645-pageTemplate:3-0' for key 'SOC_METADATAS.UC_SOC_METADATA_01' [o.h.engine.jdbc.spi.SqlExceptionHelper<pool-28-thread-339>] 
2026-08-12 14:04:26,106 | ERROR | Duplicate entry '579645-pageTemplate:3-0' for key 'SOC_METADATAS.UC_SOC_METADATA_01' [o.h.engine.jdbc.spi.SqlExceptionHelper<pool-28-thread-337>] 
2026-08-12 14:04:26,106 | ERROR | Duplicate entry '579645-pageTemplate:3-0' for key 'SOC_METADATAS.UC_SOC_METADATA_01' [o.h.engine.jdbc.spi.SqlExceptionHelper<pool-28-thread-338>] 
2026-08-12 14:04:26,107 | ERROR | Duplicate entry '579645-pageTemplate:3-0' for key 'SOC_METADATAS.UC_SOC_METADATA_01' [o.h.engine.jdbc.spi.SqlExceptionHelper<pool-28-thread-341>] 
2026-08-12 14:04:26,107 | ERROR | Duplicate entry '579645-pageTemplate:3-0' for key 'SOC_METADATAS.UC_SOC_METADATA_01' [o.h.engine.jdbc.spi.SqlExceptionHelper<pool-28-thread-331>] 
2026-08-12 14:04:26,108 | ERROR | Duplicate entry '579645-pageTemplate:3-0' for key 'SOC_METADATAS.UC_SOC_METADATA_01' [o.h.engine.jdbc.spi.SqlExceptionHelper<pool-28-thread-315>] 
2026-08-12 14:04:26,108 | ERROR | Duplicate entry '579645-pageTemplate:3-0' for key 'SOC_METADATAS.UC_SOC_METADATA_01' [o.h.engine.jdbc.spi.SqlExceptionHelper<pool-28-thread-333>] 
2026-08-12 14:04:26,108 | ERROR | Duplicate entry '579645-pageTemplate:3-0' for key 'SOC_METADATAS.UC_SOC_METADATA_01' [o.h.engine.jdbc.spi.SqlExceptionHelper<pool-28-thread-329>] 
2026-08-12 14:04:26,108 | ERROR | Duplicate entry '579645-pageTemplate:3-0' for key 'SOC_METADATAS.UC_SOC_METADATA_01' [o.h.engine.jdbc.spi.SqlExceptionHelper<pool-28-thread-332>] 
2026-08-12 14:04:26,109 | ERROR | Duplicate entry '579645-pageTemplate:3-0' for key 'SOC_METADATAS.UC_SOC_METADATA_01' [o.h.engine.jdbc.spi.SqlExceptionHelper<pool-28-thread-336>] 
2026-08-12 14:04:26,109 | ERROR | Duplicate entry '579645-pageTemplate:3-0' for key 'SOC_METADATAS.UC_SOC_METADATA_01' [o.h.engine.jdbc.spi.SqlExceptionHelper<pool-28-thread-348>] 
2026-08-12 14:04:26,110 | ERROR | Duplicate entry '579645-pageTemplate:3-0' for key 'SOC_METADATAS.UC_SOC_METADATA_01' [o.h.engine.jdbc.spi.SqlExceptionHelper<pool-28-thread-343>] 
2026-08-12 14:04:26,110 | ERROR | Duplicate entry '579645-pageTemplate:3-0' for key 'SOC_METADATAS.UC_SOC_METADATA_01' [o.h.engine.jdbc.spi.SqlExceptionHelper<pool-28-thread-346>] 
2026-08-12 14:04:26,203 | ERROR | Duplicate entry '579645-pageTemplate:3-0' for key 'SOC_METADATAS.UC_SOC_METADATA_01' [o.h.engine.jdbc.spi.SqlExceptionHelper<pool-28-thread-344>] 
2026-08-12 14:04:26,207 | ERROR | Duplicate entry '579645-pageTemplate:3-0' for key 'SOC_METADATAS.UC_SOC_METADATA_01' [o.h.engine.jdbc.spi.SqlExceptionHelper<pool-28-thread-330>] 
2026-08-12 14:04:26,371 | INFO  | Create system application 'Add a task' [i.m.a.s.ApplicationCenterInjectService<ForkJoinPool.commonPool-worker-6>] 
2026-08-12 14:04:26,372 | INFO  | Obtaining singleton bean 'transactionManager' in thread "ForkJoinPool.commonPool-worker-6" while other thread holds singleton lock for other beans [authenticationManagerBuilder, authenticationEventPublisher] [o.s.b.f.s.DefaultListableBeanFactory<ForkJoinPool.commonPool-worker-6>] 
2026-08-12 14:04:26,373 | INFO  | Obtaining singleton bean 'org.springframework.boot.autoconfigure.orm.jpa.HibernateJpaConfiguration' in thread "ForkJoinPool.commonPool-worker-6" while other thread holds singleton lock for other beans [authenticationManagerBuilder, authenticationEventPublisher] [o.s.b.f.s.DefaultListableBeanFactory<ForkJoinPool.commonPool-worker-6>] 
2026-08-12 14:04:26,373 | INFO  | Obtaining singleton bean 'spring.jpa-org.springframework.boot.autoconfigure.orm.jpa.JpaProperties' in thread "ForkJoinPool.commonPool-worker-6" while other thread holds singleton lock for other beans [authenticationManagerBuilder, authenticationEventPublisher] [o.s.b.f.s.DefaultListableBeanFactory<ForkJoinPool.commonPool-worker-6>] 
2026-08-12 14:04:26,380 | INFO  | Obtaining singleton bean 'spring.jpa.hibernate-org.springframework.boot.autoconfigure.orm.jpa.HibernateProperties' in thread "ForkJoinPool.commonPool-worker-6" while other thread holds singleton lock for other beans [org.springframework.security.config.annotation.web.configuration.WebSecurityConfiguration] [o.s.b.f.s.DefaultListableBeanFactory<ForkJoinPool.commonPool-worker-6>] 
2026-08-12 14:04:26,384 | INFO  | Obtaining singleton bean 'hikariPoolDataSourceMetadataProvider' in thread "ForkJoinPool.commonPool-worker-6" while other thread holds singleton lock for other beans [org.springframework.boot.autoconfigure.web.servlet.WebMvcAutoConfiguration$EnableWebMvcConfiguration, mvcHandlerMappingIntrospector, spring.web-org.springframework.boot.autoconfigure.web.WebProperties, org.springframework.security.config.annotation.web.configuration.WebSecurityConfiguration, mvcHandlerMappingIntrospectorRequestTransformer] [o.s.b.f.s.DefaultListableBeanFactory<ForkJoinPool.commonPool-worker-6>] 
2026-08-12 14:04:26,384 | INFO  | Obtaining singleton bean 'org.springframework.boot.autoconfigure.jdbc.metadata.DataSourcePoolMetadataProvidersConfiguration$HikariPoolDataSourceMetadataProviderConfiguration' in thread "ForkJoinPool.commonPool-worker-6" while other thread holds singleton lock for other beans [org.springframework.boot.autoconfigure.web.servlet.WebMvcAutoConfiguration$EnableWebMvcConfiguration, mvcHandlerMappingIntrospector, spring.web-org.springframework.boot.autoconfigure.web.WebProperties, org.springframework.security.config.annotation.web.configuration.WebSecurityConfiguration, mvcHandlerMappingIntrospectorRequestTransformer] [o.s.b.f.s.DefaultListableBeanFactory<ForkJoinPool.commonPool-worker-6>] 
2026-08-12 14:04:26,385 | INFO  | Obtaining singleton bean 'tomcatPoolDataSourceMetadataProvider' in thread "ForkJoinPool.commonPool-worker-6" while other thread holds singleton lock for other beans [org.springframework.boot.autoconfigure.web.servlet.WebMvcAutoConfiguration$EnableWebMvcConfiguration, mvcHandlerMappingIntrospector, spring.web-org.springframework.boot.autoconfigure.web.WebProperties, org.springframework.security.config.annotation.web.configuration.WebSecurityConfiguration, mvcHandlerMappingIntrospectorRequestTransformer] [o.s.b.f.s.DefaultListableBeanFactory<ForkJoinPool.commonPool-worker-6>] 
2026-08-12 14:04:26,385 | INFO  | Obtaining singleton bean 'org.springframework.boot.autoconfigure.jdbc.metadata.DataSourcePoolMetadataProvidersConfiguration$TomcatDataSourcePoolMetadataProviderConfiguration' in thread "ForkJoinPool.commonPool-worker-6" while other thread holds singleton lock for other beans [org.springframework.boot.autoconfigure.web.servlet.WebMvcAutoConfiguration$EnableWebMvcConfiguration, mvcHandlerMappingIntrospector, spring.web-org.springframework.boot.autoconfigure.web.WebProperties, org.springframework.security.config.annotation.web.configuration.WebSecurityConfiguration, mvcHandlerMappingIntrospectorRequestTransformer] [o.s.b.f.s.DefaultListableBeanFactory<ForkJoinPool.commonPool-worker-6>] 
2026-08-12 14:04:26,391 | INFO  | Obtaining singleton bean 'platformTransactionManagerCustomizers' in thread "ForkJoinPool.commonPool-worker-6" while other thread holds singleton lock for other beans [org.springframework.security.config.annotation.web.configuration.WebMvcSecurityConfiguration, org.springframework.boot.autoconfigure.web.servlet.WebMvcAutoConfiguration$EnableWebMvcConfiguration, mvcHandlerMappingIntrospector, org.springframework.security.config.annotation.web.configuration.WebSecurityConfiguration, mvcHandlerMappingIntrospectorRequestTransformer] [o.s.b.f.s.DefaultListableBeanFactory<ForkJoinPool.commonPool-worker-6>] 
2026-08-12 14:04:26,391 | INFO  | Obtaining singleton bean 'org.springframework.boot.autoconfigure.transaction.TransactionManagerCustomizationAutoConfiguration' in thread "ForkJoinPool.commonPool-worker-6" while other thread holds singleton lock for other beans [org.springframework.security.config.annotation.web.configuration.WebMvcSecurityConfiguration, org.springframework.boot.autoconfigure.web.servlet.WebMvcAutoConfiguration$EnableWebMvcConfiguration, mvcHandlerMappingIntrospector, org.springframework.security.config.annotation.web.configuration.WebSecurityConfiguration, mvcHandlerMappingIntrospectorRequestTransformer] [o.s.b.f.s.DefaultListableBeanFactory<ForkJoinPool.commonPool-worker-6>] 
2026-08-12 14:04:26,392 | INFO  | Obtaining singleton bean 'transactionExecutionListeners' in thread "ForkJoinPool.commonPool-worker-6" while other thread holds singleton lock for other beans [org.springframework.boot.autoconfigure.web.servlet.WebMvcAutoConfiguration$EnableWebMvcConfiguration, mvcHandlerMappingIntrospector, org.springframework.security.config.annotation.web.configuration.OAuth2ClientConfiguration$OAuth2ClientWebMvcSecurityConfiguration, org.springframework.security.config.annotation.web.configuration.WebSecurityConfiguration, mvcHandlerMappingIntrospectorRequestTransformer] [o.s.b.f.s.DefaultListableBeanFactory<ForkJoinPool.commonPool-worker-6>] 
2026-08-12 14:04:26,393 | INFO  | Obtaining singleton bean 'spring.transaction-org.springframework.boot.autoconfigure.transaction.TransactionProperties' in thread "ForkJoinPool.commonPool-worker-6" while other thread holds singleton lock for other beans [org.springframework.boot.autoconfigure.web.servlet.WebMvcAutoConfiguration$EnableWebMvcConfiguration, org.springframework.boot.autoconfigure.web.servlet.WebMvcAutoConfiguration$WebMvcAutoConfigurationAdapter, mvcHandlerMappingIntrospector, org.springframework.security.config.annotation.web.configuration.WebSecurityConfiguration, mvcHandlerMappingIntrospectorRequestTransformer] [o.s.b.f.s.DefaultListableBeanFactory<ForkJoinPool.commonPool-worker-6>] 
2026-08-12 14:04:26,544 | INFO  | Global AuthenticationManager configured with AuthenticationProvider bean with name portalAuthenticationManager [o.s.s.c.a.a.c.InitializeAuthenticationProviderBeanManagerConfigurer$InitializeAuthenticationProviderManagerConfigurer<main>] 
2026-08-12 14:04:26,884 | ERROR | Duplicate entry '579645-rule:1-0' for key 'SOC_METADATAS.UC_SOC_METADATA_01' [o.h.engine.jdbc.spi.SqlExceptionHelper<pool-28-thread-323>] 
2026-08-12 14:04:26,886 | ERROR | Duplicate entry '579645-rule:1-0' for key 'SOC_METADATAS.UC_SOC_METADATA_01' [o.h.engine.jdbc.spi.SqlExceptionHelper<pool-28-thread-363>] 
2026-08-12 14:04:26,890 | ERROR | Duplicate entry '579645-rule:1-0' for key 'SOC_METADATAS.UC_SOC_METADATA_01' [o.h.engine.jdbc.spi.SqlExceptionHelper<pool-28-thread-325>] 
2026-08-12 14:04:26,890 | ERROR | Duplicate entry '579645-rule:1-0' for key 'SOC_METADATAS.UC_SOC_METADATA_01' [o.h.engine.jdbc.spi.SqlExceptionHelper<pool-28-thread-366>] 
2026-08-12 14:04:26,890 | ERROR | Duplicate entry '579645-rule:1-0' for key 'SOC_METADATAS.UC_SOC_METADATA_01' [o.h.engine.jdbc.spi.SqlExceptionHelper<pool-28-thread-370>] 
2026-08-12 14:04:26,891 | ERROR | Duplicate entry '579645-rule:1-0' for key 'SOC_METADATAS.UC_SOC_METADATA_01' [o.h.engine.jdbc.spi.SqlExceptionHelper<pool-28-thread-321>] 
2026-08-12 14:04:26,891 | ERROR | Duplicate entry '579645-rule:1-0' for key 'SOC_METADATAS.UC_SOC_METADATA_01' [o.h.engine.jdbc.spi.SqlExceptionHelper<pool-28-thread-313>] 
2026-08-12 14:04:26,892 | ERROR | Duplicate entry '579645-rule:1-0' for key 'SOC_METADATAS.UC_SOC_METADATA_01' [o.h.engine.jdbc.spi.SqlExceptionHelper<pool-28-thread-318>] 
2026-08-12 14:04:26,892 | ERROR | Duplicate entry '579645-rule:1-0' for key 'SOC_METADATAS.UC_SOC_METADATA_01' [o.h.engine.jdbc.spi.SqlExceptionHelper<pool-28-thread-317>] 
2026-08-12 14:04:26,894 | ERROR | Duplicate entry '579645-rule:1-0' for key 'SOC_METADATAS.UC_SOC_METADATA_01' [o.h.engine.jdbc.spi.SqlExceptionHelper<pool-28-thread-365>] 
2026-08-12 14:04:26,896 | ERROR | Duplicate entry '579645-rule:1-0' for key 'SOC_METADATAS.UC_SOC_METADATA_01' [o.h.engine.jdbc.spi.SqlExceptionHelper<pool-28-thread-326>] 
2026-08-12 14:04:26,897 | ERROR | Duplicate entry '579645-rule:1-0' for key 'SOC_METADATAS.UC_SOC_METADATA_01' [o.h.engine.jdbc.spi.SqlExceptionHelper<pool-28-thread-319>] 
2026-08-12 14:04:26,897 | ERROR | Duplicate entry '579645-rule:1-0' for key 'SOC_METADATAS.UC_SOC_METADATA_01' [o.h.engine.jdbc.spi.SqlExceptionHelper<pool-28-thread-322>] 
2026-08-12 14:04:26,897 | ERROR | Duplicate entry '579645-rule:1-0' for key 'SOC_METADATAS.UC_SOC_METADATA_01' [o.h.engine.jdbc.spi.SqlExceptionHelper<pool-28-thread-368>] 
2026-08-12 14:04:26,899 | ERROR | Duplicate entry '579645-rule:1-0' for key 'SOC_METADATAS.UC_SOC_METADATA_01' [o.h.engine.jdbc.spi.SqlExceptionHelper<pool-28-thread-369>] 
2026-08-12 14:04:26,900 | ERROR | Duplicate entry '579645-rule:1-0' for key 'SOC_METADATAS.UC_SOC_METADATA_01' [o.h.engine.jdbc.spi.SqlExceptionHelper<pool-28-thread-371>] 
2026-08-12 14:04:26,901 | ERROR | Duplicate entry '579645-rule:1-0' for key 'SOC_METADATAS.UC_SOC_METADATA_01' [o.h.engine.jdbc.spi.SqlExceptionHelper<pool-28-thread-328>] 
2026-08-12 14:04:26,903 | ERROR | Duplicate entry '579645-rule:1-0' for key 'SOC_METADATAS.UC_SOC_METADATA_01' [o.h.engine.jdbc.spi.SqlExceptionHelper<pool-28-thread-314>] 
2026-08-12 14:04:26,905 | ERROR | Duplicate entry '579645-rule:1-0' for key 'SOC_METADATAS.UC_SOC_METADATA_01' [o.h.engine.jdbc.spi.SqlExceptionHelper<pool-28-thread-316>] 
2026-08-12 14:04:26,905 | ERROR | Duplicate entry '579645-rule:1-0' for key 'SOC_METADATAS.UC_SOC_METADATA_01' [o.h.engine.jdbc.spi.SqlExceptionHelper<pool-28-thread-320>] 
2026-08-12 14:04:26,907 | ERROR | Duplicate entry '579645-rule:1-0' for key 'SOC_METADATAS.UC_SOC_METADATA_01' [o.h.engine.jdbc.spi.SqlExceptionHelper<pool-28-thread-364>] 
2026-08-12 14:04:26,930 | ERROR | Duplicate entry '579645-rule:1-0' for key 'SOC_METADATAS.UC_SOC_METADATA_01' [o.h.engine.jdbc.spi.SqlExceptionHelper<pool-28-thread-367>] 
2026-08-12 14:04:26,941 | ERROR | Duplicate entry '579645-rule:1-0' for key 'SOC_METADATAS.UC_SOC_METADATA_01' [o.h.engine.jdbc.spi.SqlExceptionHelper<pool-28-thread-324>] 
2026-08-12 14:04:27,004 | INFO  | Spring context 'app-center' initialized in 65088ms [i.m.s.kernel.PortalApplicationContext<main>] 
2026-08-12 14:04:27,005 | INFO  | Continue Spring context 'gamification-crowdin' initialization [i.m.s.kernel.PortalApplicationContext<main>] 
2026-08-12 14:04:27,490 | INFO  | Create system application 'Contributions Review' [i.m.a.s.ApplicationCenterInjectService<ForkJoinPool.commonPool-worker-6>] 
2026-08-12 14:04:28,788 | INFO  | Create system application 'Add a post' [i.m.a.s.ApplicationCenterInjectService<ForkJoinPool.commonPool-worker-6>] 
2026-08-12 14:04:29,523 | INFO  | Create system application 'List Spaces' [i.m.a.s.ApplicationCenterInjectService<ForkJoinPool.commonPool-worker-6>] 
2026-08-12 14:04:30,164 | WARN  | NATIONAL/NCHAR/NVARCHAR implies the character set UTF8MB3, which will be replaced by UTF8MB4 in a future release. Please consider using CHAR(x) CHARACTER SET UTF8MB4 in order to be unambiguous. [liquibase.executor.jvm.JdbcExecutor<main>] 
2026-08-12 14:04:30,164 | WARN  | NATIONAL/NCHAR/NVARCHAR implies the character set UTF8MB3, which will be replaced by UTF8MB4 in a future release. Please consider using CHAR(x) CHARACTER SET UTF8MB4 in order to be unambiguous. [liquibase.executor.jvm.JdbcExecutor<main>] 
2026-08-12 14:04:30,164 | WARN  | NATIONAL/NCHAR/NVARCHAR implies the character set UTF8MB3, which will be replaced by UTF8MB4 in a future release. Please consider using CHAR(x) CHARACTER SET UTF8MB4 in order to be unambiguous. [liquibase.executor.jvm.JdbcExecutor<main>] 
2026-08-12 14:04:30,164 | WARN  | NATIONAL/NCHAR/NVARCHAR implies the character set UTF8MB3, which will be replaced by UTF8MB4 in a future release. Please consider using CHAR(x) CHARACTER SET UTF8MB4 in order to be unambiguous. [liquibase.executor.jvm.JdbcExecutor<main>] 
2026-08-12 14:04:30,663 | INFO  | Create system application 'List favorites' [i.m.a.s.ApplicationCenterInjectService<ForkJoinPool.commonPool-worker-6>] 
2026-08-12 14:04:31,172 | INFO  | Global AuthenticationManager configured with AuthenticationProvider bean with name portalAuthenticationManager [o.s.s.c.a.a.c.InitializeAuthenticationProviderBeanManagerConfigurer$InitializeAuthenticationProviderManagerConfigurer<main>] 
2026-08-12 14:04:31,348 | INFO  | Create system application 'Give a Kudos' [i.m.a.s.ApplicationCenterInjectService<ForkJoinPool.commonPool-worker-6>] 
2026-08-12 14:04:31,593 | INFO  | Spring context 'gamification-crowdin' initialized in 4588ms [i.m.s.kernel.PortalApplicationContext<main>] 
2026-08-12 14:04:31,593 | INFO  | Continue Spring context 'gamification-evm' initialization [i.m.s.kernel.PortalApplicationContext<main>] 
2026-08-12 14:04:31,910 | WARN  | Due to mysql SQL limitations, modifyDataType will lose primary key/autoincrement/not null/comment settings explicitly redefined in the change. Use <sql> or <modifySql> to re-specify all configuration if this is the case [liquibase.changelog.DatabaseChangeLog<main>] 
2026-08-12 14:04:31,958 | WARN  | Due to mysql SQL limitations, modifyDataType will lose primary key/autoincrement/not null/comment settings explicitly redefined in the change. Use <sql> or <modifySql> to re-specify all configuration if this is the case [liquibase.changelog.DatabaseChangeLog<main>] 
2026-08-12 14:04:34,217 | WARN  | NATIONAL/NCHAR/NVARCHAR implies the character set UTF8MB3, which will be replaced by UTF8MB4 in a future release. Please consider using CHAR(x) CHARACTER SET UTF8MB4 in order to be unambiguous. [liquibase.executor.jvm.JdbcExecutor<main>] 
2026-08-12 14:04:34,217 | WARN  | NATIONAL/NCHAR/NVARCHAR implies the character set UTF8MB3, which will be replaced by UTF8MB4 in a future release. Please consider using CHAR(x) CHARACTER SET UTF8MB4 in order to be unambiguous. [liquibase.executor.jvm.JdbcExecutor<main>] 
2026-08-12 14:04:34,217 | WARN  | NATIONAL/NCHAR/NVARCHAR implies the character set UTF8MB3, which will be replaced by UTF8MB4 in a future release. Please consider using CHAR(x) CHARACTER SET UTF8MB4 in order to be unambiguous. [liquibase.executor.jvm.JdbcExecutor<main>] 
2026-08-12 14:04:34,217 | WARN  | NATIONAL/NCHAR/NVARCHAR implies the character set UTF8MB3, which will be replaced by UTF8MB4 in a future release. Please consider using CHAR(x) CHARACTER SET UTF8MB4 in order to be unambiguous. [liquibase.executor.jvm.JdbcExecutor<main>] 
2026-08-12 14:04:52,876 | WARN  | NATIONAL/NCHAR/NVARCHAR implies the character set UTF8MB3, which will be replaced by UTF8MB4 in a future release. Please consider using CHAR(x) CHARACTER SET UTF8MB4 in order to be unambiguous. [liquibase.executor.jvm.JdbcExecutor<main>] 
2026-08-12 14:04:56,742 | ERROR | Duplicate entry '579645-pageTemplate:4-0' for key 'SOC_METADATAS.UC_SOC_METADATA_01' [o.h.engine.jdbc.spi.SqlExceptionHelper<pool-28-thread-377>] 
2026-08-12 14:04:56,743 | ERROR | Duplicate entry '579645-pageTemplate:4-0' for key 'SOC_METADATAS.UC_SOC_METADATA_01' [o.h.engine.jdbc.spi.SqlExceptionHelper<pool-28-thread-357>] 
2026-08-12 14:04:56,743 | ERROR | Duplicate entry '579645-pageTemplate:4-0' for key 'SOC_METADATAS.UC_SOC_METADATA_01' [o.h.engine.jdbc.spi.SqlExceptionHelper<pool-28-thread-379>] 
2026-08-12 14:04:56,743 | ERROR | Duplicate entry '579645-pageTemplate:4-0' for key 'SOC_METADATAS.UC_SOC_METADATA_01' [o.h.engine.jdbc.spi.SqlExceptionHelper<pool-28-thread-351>] 
2026-08-12 14:04:56,743 | ERROR | Duplicate entry '579645-pageTemplate:4-0' for key 'SOC_METADATAS.UC_SOC_METADATA_01' [o.h.engine.jdbc.spi.SqlExceptionHelper<pool-28-thread-352>] 
2026-08-12 14:04:56,743 | ERROR | Duplicate entry '579645-pageTemplate:4-0' for key 'SOC_METADATAS.UC_SOC_METADATA_01' [o.h.engine.jdbc.spi.SqlExceptionHelper<pool-28-thread-375>] 
2026-08-12 14:04:56,744 | ERROR | Duplicate entry '579645-pageTemplate:4-0' for key 'SOC_METADATAS.UC_SOC_METADATA_01' [o.h.engine.jdbc.spi.SqlExceptionHelper<pool-28-thread-391>] 
2026-08-12 14:04:56,744 | ERROR | Duplicate entry '579645-pageTemplate:4-0' for key 'SOC_METADATAS.UC_SOC_METADATA_01' [o.h.engine.jdbc.spi.SqlExceptionHelper<pool-28-thread-335>] 
2026-08-12 14:04:56,744 | ERROR | Duplicate entry '579645-pageTemplate:4-0' for key 'SOC_METADATAS.UC_SOC_METADATA_01' [o.h.engine.jdbc.spi.SqlExceptionHelper<pool-28-thread-388>] 
2026-08-12 14:04:56,742 | ERROR | Duplicate entry '579645-pageTemplate:4-0' for key 'SOC_METADATAS.UC_SOC_METADATA_01' [o.h.engine.jdbc.spi.SqlExceptionHelper<pool-28-thread-374>] 
2026-08-12 14:04:56,745 | ERROR | Duplicate entry '579645-pageTemplate:4-0' for key 'SOC_METADATAS.UC_SOC_METADATA_01' [o.h.engine.jdbc.spi.SqlExceptionHelper<pool-28-thread-387>] 
2026-08-12 14:04:56,743 | ERROR | Duplicate entry '579645-pageTemplate:4-0' for key 'SOC_METADATAS.UC_SOC_METADATA_01' [o.h.engine.jdbc.spi.SqlExceptionHelper<pool-28-thread-384>] 
2026-08-12 14:04:56,743 | ERROR | Duplicate entry '579645-pageTemplate:4-0' for key 'SOC_METADATAS.UC_SOC_METADATA_01' [o.h.engine.jdbc.spi.SqlExceptionHelper<pool-28-thread-386>] 
2026-08-12 14:04:56,745 | ERROR | Duplicate entry '579645-pageTemplate:4-0' for key 'SOC_METADATAS.UC_SOC_METADATA_01' [o.h.engine.jdbc.spi.SqlExceptionHelper<pool-28-thread-354>] 
2026-08-12 14:04:56,746 | ERROR | Duplicate entry '579645-pageTemplate:4-0' for key 'SOC_METADATAS.UC_SOC_METADATA_01' [o.h.engine.jdbc.spi.SqlExceptionHelper<pool-28-thread-356>] 
2026-08-12 14:04:56,747 | ERROR | Duplicate entry '579645-pageTemplate:4-0' for key 'SOC_METADATAS.UC_SOC_METADATA_01' [o.h.engine.jdbc.spi.SqlExceptionHelper<pool-28-thread-361>] 
2026-08-12 14:04:56,747 | ERROR | Duplicate entry '579645-pageTemplate:4-0' for key 'SOC_METADATAS.UC_SOC_METADATA_01' [o.h.engine.jdbc.spi.SqlExceptionHelper<pool-28-thread-383>] 
2026-08-12 14:04:56,747 | ERROR | Duplicate entry '579645-pageTemplate:4-0' for key 'SOC_METADATAS.UC_SOC_METADATA_01' [o.h.engine.jdbc.spi.SqlExceptionHelper<pool-28-thread-381>] 
2026-08-12 14:04:56,749 | ERROR | Duplicate entry '579645-pageTemplate:4-0' for key 'SOC_METADATAS.UC_SOC_METADATA_01' [o.h.engine.jdbc.spi.SqlExceptionHelper<pool-28-thread-382>] 
2026-08-12 14:04:56,796 | ERROR | Duplicate entry '579645-pageTemplate:4-0' for key 'SOC_METADATAS.UC_SOC_METADATA_01' [o.h.engine.jdbc.spi.SqlExceptionHelper<pool-28-thread-378>] 
2026-08-12 14:04:56,797 | ERROR | Duplicate entry '579645-pageTemplate:4-0' for key 'SOC_METADATAS.UC_SOC_METADATA_01' [o.h.engine.jdbc.spi.SqlExceptionHelper<pool-28-thread-392>] 
2026-08-12 14:04:56,797 | ERROR | Duplicate entry '579645-pageTemplate:4-0' for key 'SOC_METADATAS.UC_SOC_METADATA_01' [o.h.engine.jdbc.spi.SqlExceptionHelper<pool-28-thread-394>] 
2026-08-12 14:04:56,798 | ERROR | Duplicate entry '579645-pageTemplate:4-0' for key 'SOC_METADATAS.UC_SOC_METADATA_01' [o.h.engine.jdbc.spi.SqlExceptionHelper<pool-28-thread-385>] 
2026-08-12 14:04:56,799 | ERROR | Duplicate entry '579645-pageTemplate:4-0' for key 'SOC_METADATAS.UC_SOC_METADATA_01' [o.h.engine.jdbc.spi.SqlExceptionHelper<pool-28-thread-393>] 
2026-08-12 14:04:56,819 | ERROR | Duplicate entry '579645-pageTemplate:4-0' for key 'SOC_METADATAS.UC_SOC_METADATA_01' [o.h.engine.jdbc.spi.SqlExceptionHelper<pool-28-thread-389>] 
2026-08-12 14:05:00,001 | INFO  | Start treating GroupSpaceBinding queue [o.e.s.c.b.job.QueueGroupSpaceBindingJob<ExoScheduler_Worker-15>] 
2026-08-12 14:05:00,004 | INFO  | No GroupSpaceBindingQueue or UserBindingsQueue to process [o.e.s.c.b.job.QueueGroupSpaceBindingJob<ExoScheduler_Worker-15>] 
2026-08-12 14:05:00,004 | INFO  | End treating GroupSpaceBinding queue [o.e.s.c.b.job.QueueGroupSpaceBindingJob<ExoScheduler_Worker-15>] 
2026-08-12 14:05:02,504 | INFO  | Global AuthenticationManager configured with AuthenticationProvider bean with name portalAuthenticationManager [o.s.s.c.a.a.c.InitializeAuthenticationProviderBeanManagerConfigurer$InitializeAuthenticationProviderManagerConfigurer<main>] 
2026-08-12 14:05:02,879 | INFO  | Spring context 'gamification-evm' initialized in 31286ms [i.m.s.kernel.PortalApplicationContext<main>] 
2026-08-12 14:05:02,879 | INFO  | Continue Spring context 'gamification-github' initialization [i.m.s.kernel.PortalApplicationContext<main>] 
2026-08-12 14:05:03,141 | INFO  | Global AuthenticationManager configured with AuthenticationProvider bean with name portalAuthenticationManager [o.s.s.c.a.a.c.InitializeAuthenticationProviderBeanManagerConfigurer$InitializeAuthenticationProviderManagerConfigurer<main>] 
2026-08-12 14:05:03,458 | INFO  | Spring context 'gamification-github' initialized in 579ms [i.m.s.kernel.PortalApplicationContext<main>] 
2026-08-12 14:05:03,459 | INFO  | Continue Spring context 'gamification-twitter' initialization [i.m.s.kernel.PortalApplicationContext<main>] 
2026-08-12 14:05:05,761 | WARN  | NATIONAL/NCHAR/NVARCHAR implies the character set UTF8MB3, which will be replaced by UTF8MB4 in a future release. Please consider using CHAR(x) CHARACTER SET UTF8MB4 in order to be unambiguous. [liquibase.executor.jvm.JdbcExecutor<main>] 
2026-08-12 14:05:05,761 | WARN  | NATIONAL/NCHAR/NVARCHAR implies the character set UTF8MB3, which will be replaced by UTF8MB4 in a future release. Please consider using CHAR(x) CHARACTER SET UTF8MB4 in order to be unambiguous. [liquibase.executor.jvm.JdbcExecutor<main>] 
2026-08-12 14:05:11,200 | WARN  | NATIONAL/NCHAR/NVARCHAR implies the character set UTF8MB3, which will be replaced by UTF8MB4 in a future release. Please consider using CHAR(x) CHARACTER SET UTF8MB4 in order to be unambiguous. [liquibase.executor.jvm.JdbcExecutor<main>] 
2026-08-12 14:05:12,856 | WARN  | NATIONAL/NCHAR/NVARCHAR implies the character set UTF8MB3, which will be replaced by UTF8MB4 in a future release. Please consider using CHAR(x) CHARACTER SET UTF8MB4 in order to be unambiguous. [liquibase.executor.jvm.JdbcExecutor<main>] 
2026-08-12 14:05:14,413 | WARN  | NATIONAL/NCHAR/NVARCHAR implies the character set UTF8MB3, which will be replaced by UTF8MB4 in a future release. Please consider using CHAR(x) CHARACTER SET UTF8MB4 in order to be unambiguous. [liquibase.executor.jvm.JdbcExecutor<main>] 
2026-08-12 14:05:15,239 | INFO  | Global AuthenticationManager configured with AuthenticationProvider bean with name portalAuthenticationManager [o.s.s.c.a.a.c.InitializeAuthenticationProviderBeanManagerConfigurer$InitializeAuthenticationProviderManagerConfigurer<main>] 
2026-08-12 14:05:15,762 | INFO  | Spring context 'gamification-twitter' initialized in 12303ms [i.m.s.kernel.PortalApplicationContext<main>] 
2026-08-12 14:05:15,762 | INFO  | Continue Spring context 'ide' initialization [i.m.s.kernel.PortalApplicationContext<main>] 
2026-08-12 14:05:16,038 | INFO  | Global AuthenticationManager configured with AuthenticationProvider bean with name portalAuthenticationManager [o.s.s.c.a.a.c.InitializeAuthenticationProviderBeanManagerConfigurer$InitializeAuthenticationProviderManagerConfigurer<main>] 
2026-08-12 14:05:16,394 | INFO  | Spring context 'ide' initialized in 632ms [i.m.s.kernel.PortalApplicationContext<main>] 
2026-08-12 14:05:16,394 | INFO  | Continue Spring context 'pwa' initialization [i.m.s.kernel.PortalApplicationContext<main>] 
2026-08-12 14:05:19,183 | INFO  | PWA Manifest Thumbnail cleared [i.m.pwa.upgrade.PwaManifestImageUpgrade<main>] 
2026-08-12 14:05:19,378 | INFO  | Global AuthenticationManager configured with AuthenticationProvider bean with name portalAuthenticationManager [o.s.s.c.a.a.c.InitializeAuthenticationProviderBeanManagerConfigurer$InitializeAuthenticationProviderManagerConfigurer<main>] 
2026-08-12 14:05:19,689 | INFO  | Spring context 'pwa' initialized in 3295ms [i.m.s.kernel.PortalApplicationContext<main>] 
2026-08-12 14:05:19,690 | INFO  | Continue Spring context 'webdav' initialization [i.m.s.kernel.PortalApplicationContext<main>] 
2026-08-12 14:05:19,728 | INFO  | HikariPool-2 - Starting... [com.zaxxer.hikari.HikariDataSource<main>] 
2026-08-12 14:05:19,769 | INFO  | HikariPool-2 - Driver does not support get/set network timeout for connections. (feature not supported) [com.zaxxer.hikari.pool.PoolBase<main>] 
2026-08-12 14:05:19,770 | INFO  | HikariPool-2 - Added connection org.hsqldb.jdbc.JDBCConnection@3ee100f7 [com.zaxxer.hikari.pool.HikariPool<main>] 
2026-08-12 14:05:19,770 | INFO  | HikariPool-2 - Start completed. [com.zaxxer.hikari.HikariDataSource<main>] 
2026-08-12 14:05:19,805 | INFO  | No LoadTimeWeaver setup: ignoring JPA class transformer [o.s.o.j.p.SpringPersistenceUnitInfo<main>] 
2026-08-12 14:05:19,870 | INFO  | Initialized JPA EntityManagerFactory for persistence unit 'default' [o.s.o.j.LocalContainerEntityManagerFactoryBean<main>] 
2026-08-12 14:05:20,139 | INFO  | Global AuthenticationManager configured with AuthenticationProvider bean with name authenticationManager [o.s.s.c.a.a.c.InitializeAuthenticationProviderBeanManagerConfigurer$InitializeAuthenticationProviderManagerConfigurer<main>] 
2026-08-12 14:05:20,484 | INFO  | Spring context 'webdav' initialized in 794ms [i.m.s.kernel.PortalApplicationContext<main>] 
2026-08-12 14:05:20,484 | INFO  | Continue Spring context 'mcp-server' initialization [i.m.s.kernel.PortalApplicationContext<main>] 
2026-08-12 14:05:21,995 | ERROR | Duplicate entry '579645-rule:2-0' for key 'SOC_METADATAS.UC_SOC_METADATA_01' [o.h.engine.jdbc.spi.SqlExceptionHelper<pool-28-thread-408>] 
2026-08-12 14:05:21,995 | ERROR | Duplicate entry '579645-rule:2-0' for key 'SOC_METADATAS.UC_SOC_METADATA_01' [o.h.engine.jdbc.spi.SqlExceptionHelper<pool-28-thread-416>] 
2026-08-12 14:05:21,995 | ERROR | Duplicate entry '579645-rule:2-0' for key 'SOC_METADATAS.UC_SOC_METADATA_01' [o.h.engine.jdbc.spi.SqlExceptionHelper<pool-28-thread-409>] 
2026-08-12 14:05:21,996 | ERROR | Duplicate entry '579645-rule:2-0' for key 'SOC_METADATAS.UC_SOC_METADATA_01' [o.h.engine.jdbc.spi.SqlExceptionHelper<pool-28-thread-402>] 
2026-08-12 14:05:21,996 | ERROR | Duplicate entry '579645-rule:2-0' for key 'SOC_METADATAS.UC_SOC_METADATA_01' [o.h.engine.jdbc.spi.SqlExceptionHelper<pool-28-thread-410>] 
2026-08-12 14:05:21,996 | ERROR | Duplicate entry '579645-rule:2-0' for key 'SOC_METADATAS.UC_SOC_METADATA_01' [o.h.engine.jdbc.spi.SqlExceptionHelper<pool-28-thread-414>] 
2026-08-12 14:05:21,996 | ERROR | Duplicate entry '579645-rule:2-0' for key 'SOC_METADATAS.UC_SOC_METADATA_01' [o.h.engine.jdbc.spi.SqlExceptionHelper<pool-28-thread-407>] 
2026-08-12 14:05:21,996 | ERROR | Duplicate entry '579645-rule:2-0' for key 'SOC_METADATAS.UC_SOC_METADATA_01' [o.h.engine.jdbc.spi.SqlExceptionHelper<pool-28-thread-372>] 
2026-08-12 14:05:21,997 | ERROR | Duplicate entry '579645-rule:2-0' for key 'SOC_METADATAS.UC_SOC_METADATA_01' [o.h.engine.jdbc.spi.SqlExceptionHelper<pool-28-thread-419>] 
2026-08-12 14:05:21,997 | ERROR | Duplicate entry '579645-rule:2-0' for key 'SOC_METADATAS.UC_SOC_METADATA_01' [o.h.engine.jdbc.spi.SqlExceptionHelper<pool-28-thread-401>] 
2026-08-12 14:05:21,997 | ERROR | Duplicate entry '579645-rule:2-0' for key 'SOC_METADATAS.UC_SOC_METADATA_01' [o.h.engine.jdbc.spi.SqlExceptionHelper<pool-28-thread-411>] 
2026-08-12 14:05:21,997 | ERROR | Duplicate entry '579645-rule:2-0' for key 'SOC_METADATAS.UC_SOC_METADATA_01' [o.h.engine.jdbc.spi.SqlExceptionHelper<pool-28-thread-359>] 
2026-08-12 14:05:21,998 | ERROR | Duplicate entry '579645-rule:2-0' for key 'SOC_METADATAS.UC_SOC_METADATA_01' [o.h.engine.jdbc.spi.SqlExceptionHelper<pool-28-thread-412>] 
2026-08-12 14:05:21,998 | ERROR | Duplicate entry '579645-rule:2-0' for key 'SOC_METADATAS.UC_SOC_METADATA_01' [o.h.engine.jdbc.spi.SqlExceptionHelper<pool-28-thread-300>] 
2026-08-12 14:05:21,998 | ERROR | Duplicate entry '579645-rule:2-0' for key 'SOC_METADATAS.UC_SOC_METADATA_01' [o.h.engine.jdbc.spi.SqlExceptionHelper<pool-28-thread-417>] 
2026-08-12 14:05:21,998 | ERROR | Duplicate entry '579645-rule:2-0' for key 'SOC_METADATAS.UC_SOC_METADATA_01' [o.h.engine.jdbc.spi.SqlExceptionHelper<pool-28-thread-415>] 
2026-08-12 14:05:21,999 | ERROR | Duplicate entry '579645-rule:2-0' for key 'SOC_METADATAS.UC_SOC_METADATA_01' [o.h.engine.jdbc.spi.SqlExceptionHelper<pool-28-thread-418>] 
2026-08-12 14:05:21,999 | ERROR | Duplicate entry '579645-rule:2-0' for key 'SOC_METADATAS.UC_SOC_METADATA_01' [o.h.engine.jdbc.spi.SqlExceptionHelper<pool-28-thread-353>] 
2026-08-12 14:05:22,000 | ERROR | Duplicate entry '579645-rule:2-0' for key 'SOC_METADATAS.UC_SOC_METADATA_01' [o.h.engine.jdbc.spi.SqlExceptionHelper<pool-28-thread-405>] 
2026-08-12 14:05:22,000 | ERROR | Duplicate entry '579645-rule:2-0' for key 'SOC_METADATAS.UC_SOC_METADATA_01' [o.h.engine.jdbc.spi.SqlExceptionHelper<pool-28-thread-403>] 
2026-08-12 14:05:22,058 | ERROR | Duplicate entry '579645-rule:2-0' for key 'SOC_METADATAS.UC_SOC_METADATA_01' [o.h.engine.jdbc.spi.SqlExceptionHelper<pool-28-thread-362>] 
2026-08-12 14:05:22,065 | ERROR | Duplicate entry '579645-rule:2-0' for key 'SOC_METADATAS.UC_SOC_METADATA_01' [o.h.engine.jdbc.spi.SqlExceptionHelper<pool-28-thread-399>] 
2026-08-12 14:05:22,067 | ERROR | Duplicate entry '579645-rule:2-0' for key 'SOC_METADATAS.UC_SOC_METADATA_01' [o.h.engine.jdbc.spi.SqlExceptionHelper<pool-28-thread-355>] 
2026-08-12 14:05:22,067 | ERROR | Duplicate entry '579645-rule:2-0' for key 'SOC_METADATAS.UC_SOC_METADATA_01' [o.h.engine.jdbc.spi.SqlExceptionHelper<pool-28-thread-360>] 
2026-08-12 14:05:22,071 | ERROR | Duplicate entry '579645-rule:2-0' for key 'SOC_METADATAS.UC_SOC_METADATA_01' [o.h.engine.jdbc.spi.SqlExceptionHelper<pool-28-thread-400>] 
2026-08-12 14:05:22,071 | ERROR | Duplicate entry '579645-rule:2-0' for key 'SOC_METADATAS.UC_SOC_METADATA_01' [o.h.engine.jdbc.spi.SqlExceptionHelper<pool-28-thread-396>] 
2026-08-12 14:05:22,073 | ERROR | Duplicate entry '579645-rule:2-0' for key 'SOC_METADATAS.UC_SOC_METADATA_01' [o.h.engine.jdbc.spi.SqlExceptionHelper<pool-28-thread-395>] 
2026-08-12 14:05:22,078 | ERROR | Duplicate entry '579645-rule:2-0' for key 'SOC_METADATAS.UC_SOC_METADATA_01' [o.h.engine.jdbc.spi.SqlExceptionHelper<pool-28-thread-413>] 
2026-08-12 14:05:22,078 | ERROR | Duplicate entry '579645-rule:2-0' for key 'SOC_METADATAS.UC_SOC_METADATA_01' [o.h.engine.jdbc.spi.SqlExceptionHelper<pool-28-thread-398>] 
2026-08-12 14:05:22,082 | ERROR | Duplicate entry '579645-rule:2-0' for key 'SOC_METADATAS.UC_SOC_METADATA_01' [o.h.engine.jdbc.spi.SqlExceptionHelper<pool-28-thread-404>] 
2026-08-12 14:05:22,084 | ERROR | Duplicate entry '579645-rule:2-0' for key 'SOC_METADATAS.UC_SOC_METADATA_01' [o.h.engine.jdbc.spi.SqlExceptionHelper<pool-28-thread-358>] 
2026-08-12 14:05:22,086 | ERROR | Duplicate entry '579645-rule:2-0' for key 'SOC_METADATAS.UC_SOC_METADATA_01' [o.h.engine.jdbc.spi.SqlExceptionHelper<pool-28-thread-373>] 
2026-08-12 14:05:22,088 | ERROR | Duplicate entry '579645-rule:2-0' for key 'SOC_METADATAS.UC_SOC_METADATA_01' [o.h.engine.jdbc.spi.SqlExceptionHelper<pool-28-thread-397>] 
2026-08-12 14:05:22,091 | ERROR | Duplicate entry '579645-rule:2-0' for key 'SOC_METADATAS.UC_SOC_METADATA_01' [o.h.engine.jdbc.spi.SqlExceptionHelper<pool-28-thread-406>] 
2026-08-12 14:05:22,092 | ERROR | Duplicate entry '579645-rule:2-0' for key 'SOC_METADATAS.UC_SOC_METADATA_01' [o.h.engine.jdbc.spi.SqlExceptionHelper<pool-28-thread-380>] 
2026-08-12 14:05:22,278 | INFO  | Local Server HTTP URL: http://127.0.0.1:8080 [i.m.m.s.service.ServerAddressInfoService<main>] 
2026-08-12 14:05:23,217 | INFO  | Retrieved ToolCallbacks: 76 [i.m.m.s.s.McpToolCallbackProviderService<main>] 
2026-08-12 14:05:23,526 | INFO  | Enable tools capabilities, notification: true [o.s.a.m.s.c.a.McpServerAutoConfiguration<main>] 
2026-08-12 14:05:23,528 | INFO  | Registered tools: 76 [o.s.a.m.s.c.a.McpServerAutoConfiguration<main>] 
2026-08-12 14:05:23,971 | INFO  | Retrieved ToolCallbacks: 76 [i.m.m.s.s.McpToolCallbackProviderService<main>] 
2026-08-12 14:05:24,553 | INFO  | Spring context 'mcp-server' initialized in 4069ms [i.m.s.kernel.PortalApplicationContext<main>] 
2026-08-12 14:05:24,553 | INFO  | Continue Spring context 'matrix' initialization [i.m.s.kernel.PortalApplicationContext<main>] 
2026-08-12 14:05:24,872 | INFO  | Global AuthenticationManager configured with AuthenticationProvider bean with name portalAuthenticationManager [o.s.s.c.a.a.c.InitializeAuthenticationProviderBeanManagerConfigurer$InitializeAuthenticationProviderManagerConfigurer<main>] 
2026-08-12 14:05:25,281 | INFO  | Spring context 'matrix' initialized in 728ms [i.m.s.kernel.PortalApplicationContext<main>] 
2026-08-12 14:05:25,283 | INFO  | START:: spaces anonymously accessible documents [o.e.u.RemoveAnyPermissionUpgradePlugin<pool-25-thread-18>] 
2026-08-12 14:05:25,283 | INFO  | Start upgrade of pages with application references 'exoadmin/Branding' to use application 'social/Branding' [o.exoplatform.migration.PagesMigration<pool-25-thread-19>] 
2026-08-12 14:05:25,285 | INFO  | End upgrade of '0' pages with application references 'exoadmin/Branding' to use application 'social/Branding'. It took 2 ms [o.exoplatform.migration.PagesMigration<pool-25-thread-19>] 
2026-08-12 14:05:25,286 | INFO  | Start upgrade of pages with application references 'Branding' to use application 'social/Branding' [o.exoplatform.migration.PagesMigration<pool-25-thread-19>] 
2026-08-12 14:05:25,286 | INFO  | Start upgrade of pages with application references 'unified-search/UnifiedsearchPortlet' to use application 'legacy-social/Blank' [o.exoplatform.migration.PagesMigration<pool-25-thread-20>] 
2026-08-12 14:05:25,287 | INFO  | Start upgrade of pages with profiles 'news' to use profiles 'content' [o.e.m.PortalPagesProfilesMigration<pool-25-thread-21>] 
2026-08-12 14:05:25,288 | INFO  | Start upgrade process to add external info in gatein user profile [o.e.m.UserSetExternalInGateinPortal<pool-25-thread-23>] 
2026-08-12 14:05:25,289 | INFO  | End upgrade of '0' pages with application references 'Branding' to use application 'social/Branding'. It took 6 ms [o.exoplatform.migration.PagesMigration<pool-25-thread-19>] 
2026-08-12 14:05:25,290 | INFO  | Start:: Upgrade Categories link permissions [i.m.s.c.p.CategoryLinkPermissionsUpgradePlugin<pool-25-thread-24>] 
2026-08-12 14:05:25,292 | INFO  | Start Upgrade:: Remove profile properties [i.m.s.u.RemoveProfilePropertyUpgradePlugin<pool-25-thread-25>] 
2026-08-12 14:05:25,293 | INFO  | End upgrade of '0' pages with profiles 'news' to use profiles 'content'. It took 6 ms [o.e.m.PortalPagesProfilesMigration<pool-25-thread-21>] 
2026-08-12 14:05:25,293 | INFO  | End upgrade of '0' pages with application references 'unified-search/UnifiedsearchPortlet' to use application 'legacy-social/Blank'. It took 7 ms [o.exoplatform.migration.PagesMigration<pool-25-thread-20>] 
2026-08-12 14:05:25,290 | INFO  | Start:: Upgrade of 'settings' page of spaces to be accessible to managers only [i.m.s.u.SpaceSettingPermissionUpgradePlugin<pool-25-thread-22>] 
2026-08-12 14:05:25,298 | INFO  | Start upgrade of pages with application references 'unified-search/QuicksearchPortlet' to use application 'legacy-social/Blank' [o.exoplatform.migration.PagesMigration<pool-25-thread-20>] 
2026-08-12 14:05:25,300 | INFO  | Number of users to update : 0 [o.e.m.UserSetExternalInGateinPortal<pool-25-thread-23>] 
2026-08-12 14:05:25,292 | INFO  | Start:: Remove the profile property MatrixId [i.m.c.u.RemoveProfilePropertyUpgradePlugin<pool-25-thread-26>] 
2026-08-12 14:05:25,294 | INFO  | Start:: Update Space Home Page banner content id [i.m.l.p.u.SpaceBannerHomePageUpgradePlugin<pool-25-thread-27>] 
2026-08-12 14:05:25,302 | INFO  | End upgrade of '0' pages with application references 'unified-search/QuicksearchPortlet' to use application 'legacy-social/Blank'. It took 15 ms [o.exoplatform.migration.PagesMigration<pool-25-thread-20>] 
2026-08-12 14:05:25,297 | INFO  | Profile property phones.work does not exist, nothing to remove. [i.m.s.u.RemoveProfilePropertyUpgradePlugin<pool-25-thread-25>] 
2026-08-12 14:05:25,306 | INFO  | Start upgrade of pages with application references 'NotificationSettingsPortlet' to use application 'social/UserSettingNotifications' [o.exoplatform.migration.PagesMigration<pool-25-thread-20>] 
2026-08-12 14:05:25,306 | INFO  | Profile property phones.home does not exist, nothing to remove. [i.m.s.u.RemoveProfilePropertyUpgradePlugin<pool-25-thread-25>] 
2026-08-12 14:05:25,309 | INFO  | End upgrade of '0' pages with application references 'NotificationSettingsPortlet' to use application 'social/UserSettingNotifications'. It took 23 ms [o.exoplatform.migration.PagesMigration<pool-25-thread-20>] 
2026-08-12 14:05:25,308 | INFO  | End:: Upgrade Categories link permissions: 0 successes. [i.m.s.c.p.CategoryLinkPermissionsUpgradePlugin<pool-25-thread-24>] 
2026-08-12 14:05:25,311 | INFO  | Start upgrade of pages with application references 'social-juzu/NotificationSettingsPortlet' to use application 'social/UserSettingNotifications' [o.exoplatform.migration.PagesMigration<pool-25-thread-20>] 
2026-08-12 14:05:25,311 | INFO  | Profile property phones.other does not exist, nothing to remove. [i.m.s.u.RemoveProfilePropertyUpgradePlugin<pool-25-thread-25>] 
2026-08-12 14:05:25,317 | INFO  | End upgrade of '0' pages with application references 'social-juzu/NotificationSettingsPortlet' to use application 'social/UserSettingNotifications'. It took 31 ms [o.exoplatform.migration.PagesMigration<pool-25-thread-20>] 
2026-08-12 14:05:25,317 | INFO  | Profile property ims.facebook does not exist, nothing to remove. [i.m.s.u.RemoveProfilePropertyUpgradePlugin<pool-25-thread-25>] 
2026-08-12 14:05:25,318 | INFO  | Start upgrade of pages with application references 'ConnectionsPortlet' to use application 'social/PeopleList' [o.exoplatform.migration.PagesMigration<pool-25-thread-20>] 
2026-08-12 14:05:25,319 | INFO  | Profile property ims.msn does not exist, nothing to remove. [i.m.s.u.RemoveProfilePropertyUpgradePlugin<pool-25-thread-25>] 
2026-08-12 14:05:25,320 | INFO  | Profile property ims.jitsi does not exist, nothing to remove. [i.m.s.u.RemoveProfilePropertyUpgradePlugin<pool-25-thread-25>] 
2026-08-12 14:05:25,320 | INFO  | End upgrade of '0' pages with application references 'ConnectionsPortlet' to use application 'social/PeopleList'. It took 34 ms [o.exoplatform.migration.PagesMigration<pool-25-thread-20>] 
2026-08-12 14:05:25,321 | INFO  | Start upgrade of pages with application references 'SocialUserToolBarGroupPortlet' to use application 'legacy-social/Blank' [o.exoplatform.migration.PagesMigration<pool-25-thread-20>] 
2026-08-12 14:05:25,323 | INFO  | End upgrade of '0' pages with application references 'SocialUserToolBarGroupPortlet' to use application 'legacy-social/Blank'. It took 37 ms [o.exoplatform.migration.PagesMigration<pool-25-thread-20>] 
2026-08-12 14:05:25,323 | INFO  | Profile property ims.skype does not exist, nothing to remove. [i.m.s.u.RemoveProfilePropertyUpgradePlugin<pool-25-thread-25>] 
2026-08-12 14:05:25,323 | INFO  | Profile property ims.other does not exist, nothing to remove. [i.m.s.u.RemoveProfilePropertyUpgradePlugin<pool-25-thread-25>] 
2026-08-12 14:05:25,324 | INFO  | Profile property phones does not exist, nothing to remove. [i.m.s.u.RemoveProfilePropertyUpgradePlugin<pool-25-thread-25>] 
2026-08-12 14:05:25,324 | INFO  | Start upgrade of pages with application references 'social/ConnectionsPortlet' to use application 'social/PeopleList' [o.exoplatform.migration.PagesMigration<pool-25-thread-20>] 
2026-08-12 14:05:25,325 | INFO  | Profile property ims does not exist, nothing to remove. [i.m.s.u.RemoveProfilePropertyUpgradePlugin<pool-25-thread-25>] 
2026-08-12 14:05:25,325 | INFO  | End Upgrade:: 0 profile properties removed. It took 34 ms [i.m.s.u.RemoveProfilePropertyUpgradePlugin<pool-25-thread-25>] 
2026-08-12 14:05:25,327 | INFO  | Start:: Upgrade Application ContentId SpaceBannerHomePageUpdateContentId [i.m.l.p.u.LayoutApplicationReferenceUpgradePlugin<pool-25-thread-27>] 
2026-08-12 14:05:25,328 | INFO  | End upgrade of '0' pages with application references 'social/ConnectionsPortlet' to use application 'social/PeopleList'. It took 42 ms [o.exoplatform.migration.PagesMigration<pool-25-thread-20>] 
2026-08-12 14:05:25,331 | INFO  | Start upgrade of pages with application references 'social/SocialDemoHomePagePortlet' to use application 'legacy-social/Blank' [o.exoplatform.migration.PagesMigration<pool-25-thread-20>] 
2026-08-12 14:05:25,335 | INFO  | End upgrade of '0' pages with application references 'social/SocialDemoHomePagePortlet' to use application 'legacy-social/Blank'. It took 49 ms [o.exoplatform.migration.PagesMigration<pool-25-thread-20>] 
2026-08-12 14:05:25,338 | INFO  | Start upgrade of pages with application references 'social/SocialUserToolBarGroupPortlet' to use application 'legacy-social/Blank' [o.exoplatform.migration.PagesMigration<pool-25-thread-20>] 
2026-08-12 14:05:25,343 | INFO  | End upgrade of '0' pages with application references 'social/SocialUserToolBarGroupPortlet' to use application 'legacy-social/Blank'. It took 57 ms [o.exoplatform.migration.PagesMigration<pool-25-thread-20>] 
2026-08-12 14:05:25,344 | INFO  | Start upgrade of pages with application references 'unified-search/SearchAdministrationPortlet' to use application 'legacy-social/Blank' [o.exoplatform.migration.PagesMigration<pool-25-thread-20>] 
2026-08-12 14:05:25,346 | INFO  | End upgrade of '0' pages with application references 'unified-search/SearchAdministrationPortlet' to use application 'legacy-social/Blank'. It took 60 ms [o.exoplatform.migration.PagesMigration<pool-25-thread-20>] 
2026-08-12 14:05:25,347 | INFO  | Start upgrade of pages with application references 'social/SpacesToolbarPortlet' to use application 'legacy-social/Blank' [o.exoplatform.migration.PagesMigration<pool-25-thread-20>] 
2026-08-12 14:05:25,349 | INFO  | End upgrade of '0' pages with application references 'social/SpacesToolbarPortlet' to use application 'legacy-social/Blank'. It took 63 ms [o.exoplatform.migration.PagesMigration<pool-25-thread-20>] 
2026-08-12 14:05:25,350 | INFO  | Start upgrade of pages with application references 'social/HomeSpacePortlet' to use application 'legacy-social/Blank' [o.exoplatform.migration.PagesMigration<pool-25-thread-20>] 
2026-08-12 14:05:25,351 | INFO  | End:: Upgrade Application ContentId SpaceBannerHomePageUpdateContentId in 24 ms [i.m.l.p.u.LayoutApplicationReferenceUpgradePlugin<pool-25-thread-27>] 
2026-08-12 14:05:25,352 | INFO  | End:: Update Space Home Page banner content id in 58 ms [i.m.l.p.u.SpaceBannerHomePageUpgradePlugin<pool-25-thread-27>] 
2026-08-12 14:05:25,353 | INFO  | End upgrade of '0' pages with application references 'social/HomeSpacePortlet' to use application 'legacy-social/Blank'. It took 67 ms [o.exoplatform.migration.PagesMigration<pool-25-thread-20>] 
2026-08-12 14:05:25,354 | INFO  | Start upgrade of pages with application references 'UnifiedsearchPortlet' to use application 'legacy-social/Blank' [o.exoplatform.migration.PagesMigration<pool-25-thread-20>] 
2026-08-12 14:05:25,355 | INFO  | End upgrade of '0' pages with application references 'UnifiedsearchPortlet' to use application 'legacy-social/Blank'. It took 69 ms [o.exoplatform.migration.PagesMigration<pool-25-thread-20>] 
2026-08-12 14:05:25,356 | INFO  | Start upgrade of pages with application references 'social/EditUserProfilePortlet' to use application 'legacy-social/Blank' [o.exoplatform.migration.PagesMigration<pool-25-thread-20>] 
2026-08-12 14:05:25,358 | INFO  | End upgrade of '0' pages with application references 'social/EditUserProfilePortlet' to use application 'legacy-social/Blank'. It took 72 ms [o.exoplatform.migration.PagesMigration<pool-25-thread-20>] 
2026-08-12 14:05:25,359 | INFO  | Start upgrade of pages with application references 'SocialDemoHomePagePortlet' to use application 'legacy-social/Blank' [o.exoplatform.migration.PagesMigration<pool-25-thread-20>] 
2026-08-12 14:05:25,361 | INFO  | End upgrade of '0' pages with application references 'SocialDemoHomePagePortlet' to use application 'legacy-social/Blank'. It took 75 ms [o.exoplatform.migration.PagesMigration<pool-25-thread-20>] 
2026-08-12 14:05:25,361 | INFO  | Start upgrade of pages with application references 'UserProfilePortlet' to use application 'legacy-social/Blank' [o.exoplatform.migration.PagesMigration<pool-25-thread-20>] 
2026-08-12 14:05:25,363 | INFO  | End upgrade of '0' pages with application references 'UserProfilePortlet' to use application 'legacy-social/Blank'. It took 77 ms [o.exoplatform.migration.PagesMigration<pool-25-thread-20>] 
2026-08-12 14:05:25,364 | INFO  | Start upgrade of pages with application references 'InvitationSpacesPortlet' to use application 'social/SpacesList' [o.exoplatform.migration.PagesMigration<pool-25-thread-20>] 
2026-08-12 14:05:25,365 | INFO  | End upgrade of '0' pages with application references 'InvitationSpacesPortlet' to use application 'social/SpacesList'. It took 79 ms [o.exoplatform.migration.PagesMigration<pool-25-thread-20>] 
2026-08-12 14:05:25,366 | INFO  | Start upgrade of pages with application references 'social/UIUserNavigationPortlet' to use application 'legacy-social/Blank' [o.exoplatform.migration.PagesMigration<pool-25-thread-20>] 
2026-08-12 14:05:25,367 | INFO  | End upgrade of '0' pages with application references 'social/UIUserNavigationPortlet' to use application 'legacy-social/Blank'. It took 81 ms [o.exoplatform.migration.PagesMigration<pool-25-thread-20>] 
2026-08-12 14:05:25,368 | INFO  | Start upgrade of pages with application references 'ConnectionsNavigationPortlet' to use application 'social/PeopleList' [o.exoplatform.migration.PagesMigration<pool-25-thread-20>] 
2026-08-12 14:05:25,369 | INFO  | End upgrade of '0' pages with application references 'ConnectionsNavigationPortlet' to use application 'social/PeopleList'. It took 83 ms [o.exoplatform.migration.PagesMigration<pool-25-thread-20>] 
2026-08-12 14:05:25,370 | INFO  | Start upgrade of pages with application references 'PeoplePortlet' to use application 'social/PeopleList' [o.exoplatform.migration.PagesMigration<pool-25-thread-20>] 
2026-08-12 14:05:25,372 | INFO  | End upgrade of '0' pages with application references 'PeoplePortlet' to use application 'social/PeopleList'. It took 86 ms [o.exoplatform.migration.PagesMigration<pool-25-thread-20>] 
2026-08-12 14:05:25,372 | INFO  | Start upgrade of pages with application references 'social/PeoplePortlet' to use application 'social/PeopleList' [o.exoplatform.migration.PagesMigration<pool-25-thread-20>] 
2026-08-12 14:05:25,374 | INFO  | End upgrade of '0' pages with application references 'social/PeoplePortlet' to use application 'social/PeopleList'. It took 88 ms [o.exoplatform.migration.PagesMigration<pool-25-thread-20>] 
2026-08-12 14:05:25,374 | INFO  | Start upgrade of pages with application references 'MySpacesPortlet' to use application 'social/SpacesList' [o.exoplatform.migration.PagesMigration<pool-25-thread-20>] 
2026-08-12 14:05:25,376 | INFO  | End upgrade of '0' pages with application references 'MySpacesPortlet' to use application 'social/SpacesList'. It took 90 ms [o.exoplatform.migration.PagesMigration<pool-25-thread-20>] 
2026-08-12 14:05:25,377 | INFO  | Start upgrade of pages with application references 'MyConnectionsNavigationPortlet' to use application 'legacy-social/Blank' [o.exoplatform.migration.PagesMigration<pool-25-thread-20>] 
2026-08-12 14:05:25,378 | INFO  | End upgrade of '0' pages with application references 'MyConnectionsNavigationPortlet' to use application 'legacy-social/Blank'. It took 92 ms [o.exoplatform.migration.PagesMigration<pool-25-thread-20>] 
2026-08-12 14:05:25,379 | INFO  | Start upgrade of pages with application references 'social/SocialNavigationPortlet' to use application 'legacy-social/Blank' [o.exoplatform.migration.PagesMigration<pool-25-thread-20>] 
2026-08-12 14:05:25,380 | INFO  | End upgrade of '0' pages with application references 'social/SocialNavigationPortlet' to use application 'legacy-social/Blank'. It took 94 ms [o.exoplatform.migration.PagesMigration<pool-25-thread-20>] 
2026-08-12 14:05:25,381 | INFO  | Start upgrade of pages with application references 'ProfileNavigationPortlet' to use application 'legacy-social/Blank' [o.exoplatform.migration.PagesMigration<pool-25-thread-20>] 
2026-08-12 14:05:25,383 | INFO  | End upgrade of '0' pages with application references 'ProfileNavigationPortlet' to use application 'legacy-social/Blank'. It took 97 ms [o.exoplatform.migration.PagesMigration<pool-25-thread-20>] 
2026-08-12 14:05:25,383 | INFO  | Start upgrade of pages with application references 'social/SocialFooterPortlet' to use application 'legacy-social/Blank' [o.exoplatform.migration.PagesMigration<pool-25-thread-20>] 
2026-08-12 14:05:25,385 | INFO  | End upgrade of '0' pages with application references 'social/SocialFooterPortlet' to use application 'legacy-social/Blank'. It took 99 ms [o.exoplatform.migration.PagesMigration<pool-25-thread-20>] 
2026-08-12 14:05:25,385 | INFO  | Start upgrade of pages with application references 'social/ConnectionsNavigationPortlet' to use application 'social/PeopleList' [o.exoplatform.migration.PagesMigration<pool-25-thread-20>] 
2026-08-12 14:05:25,387 | INFO  | End upgrade of '0' pages with application references 'social/ConnectionsNavigationPortlet' to use application 'social/PeopleList'. It took 101 ms [o.exoplatform.migration.PagesMigration<pool-25-thread-20>] 
2026-08-12 14:05:25,388 | INFO  | Start upgrade of pages with application references 'social/StatusProfilePortlet' to use application 'legacy-social/Blank' [o.exoplatform.migration.PagesMigration<pool-25-thread-20>] 
2026-08-12 14:05:25,389 | INFO  | End upgrade of '0' pages with application references 'social/StatusProfilePortlet' to use application 'legacy-social/Blank'. It took 103 ms [o.exoplatform.migration.PagesMigration<pool-25-thread-20>] 
2026-08-12 14:05:25,390 | INFO  | Start upgrade of pages with application references 'QuicksearchPortlet' to use application 'legacy-social/Blank' [o.exoplatform.migration.PagesMigration<pool-25-thread-20>] 
2026-08-12 14:05:25,391 | INFO  | End upgrade of '0' pages with application references 'QuicksearchPortlet' to use application 'legacy-social/Blank'. It took 105 ms [o.exoplatform.migration.PagesMigration<pool-25-thread-20>] 
2026-08-12 14:05:25,392 | INFO  | Start upgrade of pages with application references 'social/SocialLogoPortlet' to use application 'legacy-social/Blank' [o.exoplatform.migration.PagesMigration<pool-25-thread-20>] 
2026-08-12 14:05:25,394 | INFO  | End upgrade of '0' pages with application references 'social/SocialLogoPortlet' to use application 'legacy-social/Blank'. It took 108 ms [o.exoplatform.migration.PagesMigration<pool-25-thread-20>] 
2026-08-12 14:05:25,395 | INFO  | Start upgrade of pages with application references 'ExperienceProfilePortlet' to use application 'legacy-social/Blank' [o.exoplatform.migration.PagesMigration<pool-25-thread-20>] 
2026-08-12 14:05:25,397 | INFO  | End upgrade of '0' pages with application references 'ExperienceProfilePortlet' to use application 'legacy-social/Blank'. It took 111 ms [o.exoplatform.migration.PagesMigration<pool-25-thread-20>] 
2026-08-12 14:05:25,397 | INFO  | Start upgrade of pages with application references 'InvitationsPortlet' to use application 'social/PeopleList' [o.exoplatform.migration.PagesMigration<pool-25-thread-20>] 
2026-08-12 14:05:25,399 | INFO  | End upgrade of '0' pages with application references 'InvitationsPortlet' to use application 'social/PeopleList'. It took 112 ms [o.exoplatform.migration.PagesMigration<pool-25-thread-20>] 
2026-08-12 14:05:25,399 | INFO  | Start upgrade of pages with application references 'Invitations' to use application 'legacy-social/Blank' [o.exoplatform.migration.PagesMigration<pool-25-thread-20>] 
2026-08-12 14:05:25,402 | INFO  | End upgrade of '0' pages with application references 'Invitations' to use application 'legacy-social/Blank'. It took 116 ms [o.exoplatform.migration.PagesMigration<pool-25-thread-20>] 
2026-08-12 14:05:25,403 | INFO  | Start upgrade of pages with application references 'ActionProfilePortlet' to use application 'legacy-social/Blank' [o.exoplatform.migration.PagesMigration<pool-25-thread-20>] 
2026-08-12 14:05:25,406 | INFO  | End upgrade of '0' pages with application references 'ActionProfilePortlet' to use application 'legacy-social/Blank'. It took 120 ms [o.exoplatform.migration.PagesMigration<pool-25-thread-20>] 
2026-08-12 14:05:25,407 | INFO  | Start upgrade of pages with application references 'social/RecentActivitiesPortlet' to use application 'legacy-social/Blank' [o.exoplatform.migration.PagesMigration<pool-25-thread-20>] 
2026-08-12 14:05:25,409 | INFO  | End upgrade of '0' pages with application references 'social/RecentActivitiesPortlet' to use application 'legacy-social/Blank'. It took 123 ms [o.exoplatform.migration.PagesMigration<pool-25-thread-20>] 
2026-08-12 14:05:25,410 | INFO  | Start upgrade of pages with application references 'social/ProfileNavigationPortlet' to use application 'legacy-social/Blank' [o.exoplatform.migration.PagesMigration<pool-25-thread-20>] 
2026-08-12 14:05:25,412 | INFO  | End upgrade of '0' pages with application references 'social/ProfileNavigationPortlet' to use application 'legacy-social/Blank'. It took 126 ms [o.exoplatform.migration.PagesMigration<pool-25-thread-20>] 
2026-08-12 14:05:25,413 | INFO  | Start upgrade of pages with application references 'social-juzu/Invitations' to use application 'legacy-social/Blank' [o.exoplatform.migration.PagesMigration<pool-25-thread-20>] 
2026-08-12 14:05:25,415 | INFO  | End upgrade of '0' pages with application references 'social-juzu/Invitations' to use application 'legacy-social/Blank'. It took 129 ms [o.exoplatform.migration.PagesMigration<pool-25-thread-20>] 
2026-08-12 14:05:25,416 | INFO  | Start upgrade of pages with application references 'social/RequestsPortlet' to use application 'social/PeopleList' [o.exoplatform.migration.PagesMigration<pool-25-thread-20>] 
2026-08-12 14:05:25,418 | INFO  | End upgrade of '0' pages with application references 'social/RequestsPortlet' to use application 'social/PeopleList'. It took 132 ms [o.exoplatform.migration.PagesMigration<pool-25-thread-20>] 
2026-08-12 14:05:25,420 | INFO  | Start upgrade of pages with application references 'social/UISpaceNavigationPortlet' to use application 'legacy-social/Blank' [o.exoplatform.migration.PagesMigration<pool-25-thread-20>] 
2026-08-12 14:05:25,422 | INFO  | End upgrade of '0' pages with application references 'social/UISpaceNavigationPortlet' to use application 'legacy-social/Blank'. It took 136 ms [o.exoplatform.migration.PagesMigration<pool-25-thread-20>] 
2026-08-12 14:05:25,424 | INFO  | Start upgrade of pages with application references 'social/ExperienceProfilePortlet' to use application 'legacy-social/Blank' [o.exoplatform.migration.PagesMigration<pool-25-thread-20>] 
2026-08-12 14:05:25,426 | INFO  | End upgrade of '0' pages with application references 'social/ExperienceProfilePortlet' to use application 'legacy-social/Blank'. It took 140 ms [o.exoplatform.migration.PagesMigration<pool-25-thread-20>] 
2026-08-12 14:05:25,427 | INFO  | Start upgrade of pages with application references 'ProfilePortlet' to use application 'legacy-social/Blank' [o.exoplatform.migration.PagesMigration<pool-25-thread-20>] 
2026-08-12 14:05:25,430 | INFO  | End upgrade of '0' pages with application references 'ProfilePortlet' to use application 'legacy-social/Blank'. It took 144 ms [o.exoplatform.migration.PagesMigration<pool-25-thread-20>] 
2026-08-12 14:05:25,431 | INFO  | Start upgrade of pages with application references 'social/InvitationsPortlet' to use application 'social/PeopleList' [o.exoplatform.migration.PagesMigration<pool-25-thread-20>] 
2026-08-12 14:05:25,433 | INFO  | End upgrade of '0' pages with application references 'social/InvitationsPortlet' to use application 'social/PeopleList'. It took 147 ms [o.exoplatform.migration.PagesMigration<pool-25-thread-20>] 
2026-08-12 14:05:25,434 | INFO  | Start upgrade of pages with application references 'social/SocialBannerPortlet' to use application 'legacy-social/Blank' [o.exoplatform.migration.PagesMigration<pool-25-thread-20>] 
2026-08-12 14:05:25,436 | INFO  | End upgrade of '0' pages with application references 'social/SocialBannerPortlet' to use application 'legacy-social/Blank'. It took 150 ms [o.exoplatform.migration.PagesMigration<pool-25-thread-20>] 
2026-08-12 14:05:25,437 | INFO  | Start upgrade of pages with application references 'social/UserProfileToolBarPortlet' to use application 'legacy-social/Blank' [o.exoplatform.migration.PagesMigration<pool-25-thread-20>] 
2026-08-12 14:05:25,439 | INFO  | End:: Upgrade of 0 space pages finished successfully. It tooks 149 ms [i.m.s.u.SpaceSettingPermissionUpgradePlugin<pool-25-thread-22>] 
2026-08-12 14:05:25,439 | INFO  | End upgrade of '0' pages with application references 'social/UserProfileToolBarPortlet' to use application 'legacy-social/Blank'. It took 153 ms [o.exoplatform.migration.PagesMigration<pool-25-thread-20>] 
2026-08-12 14:05:25,440 | INFO  | Start upgrade of pages with application references 'SearchAdministrationPortlet' to use application 'legacy-social/Blank' [o.exoplatform.migration.PagesMigration<pool-25-thread-20>] 
2026-08-12 14:05:25,443 | INFO  | End upgrade of '0' pages with application references 'SearchAdministrationPortlet' to use application 'legacy-social/Blank'. It took 157 ms [o.exoplatform.migration.PagesMigration<pool-25-thread-20>] 
2026-08-12 14:05:25,443 | INFO  | Start upgrade of pages with application references 'social/ProfilePortlet' to use application 'legacy-social/Blank' [o.exoplatform.migration.PagesMigration<pool-25-thread-20>] 
2026-08-12 14:05:25,441 | INFO  | PROGRESS:: anonymously accessible documents migration: Total: 0, Processed: 0, Errors: 0 within 157 ms [o.e.u.RemoveAnyPermissionUpgradePlugin<pool-25-thread-18>] 
2026-08-12 14:05:25,445 | INFO  | End upgrade of '0' pages with application references 'social/ProfilePortlet' to use application 'legacy-social/Blank'. It took 159 ms [o.exoplatform.migration.PagesMigration<pool-25-thread-20>] 
2026-08-12 14:05:25,446 | INFO  | Start upgrade of pages with application references 'social/MySpacesPortlet' to use application 'social/SpacesList' [o.exoplatform.migration.PagesMigration<pool-25-thread-20>] 
2026-08-12 14:05:25,447 | INFO  | End upgrade of '0' pages with application references 'social/MySpacesPortlet' to use application 'social/SpacesList'. It took 161 ms [o.exoplatform.migration.PagesMigration<pool-25-thread-20>] 
2026-08-12 14:05:25,448 | INFO  | Start upgrade of pages with application references 'social/SocialExtensionLogoPortlet' to use application 'legacy-social/Blank' [o.exoplatform.migration.PagesMigration<pool-25-thread-20>] 
2026-08-12 14:05:25,449 | INFO  | End upgrade of '0' pages with application references 'social/SocialExtensionLogoPortlet' to use application 'legacy-social/Blank'. It took 163 ms [o.exoplatform.migration.PagesMigration<pool-25-thread-20>] 
2026-08-12 14:05:25,450 | INFO  | Start upgrade of pages with application references 'social/SocialExtensionHomePagePortlet' to use application 'legacy-social/Blank' [o.exoplatform.migration.PagesMigration<pool-25-thread-20>] 
2026-08-12 14:05:25,451 | INFO  | End upgrade of '0' pages with application references 'social/SocialExtensionHomePagePortlet' to use application 'legacy-social/Blank'. It took 165 ms [o.exoplatform.migration.PagesMigration<pool-25-thread-20>] 
2026-08-12 14:05:25,452 | INFO  | Start upgrade of pages with application references 'social/MyConnectionsNavigationPortlet' to use application 'legacy-social/Blank' [o.exoplatform.migration.PagesMigration<pool-25-thread-20>] 
2026-08-12 14:05:25,454 | INFO  | End upgrade of '0' pages with application references 'social/MyConnectionsNavigationPortlet' to use application 'legacy-social/Blank'. It took 167 ms [o.exoplatform.migration.PagesMigration<pool-25-thread-20>] 
2026-08-12 14:05:25,454 | INFO  | Start upgrade of pages with application references 'HomeSpacePortlet' to use application 'legacy-social/Blank' [o.exoplatform.migration.PagesMigration<pool-25-thread-20>] 
2026-08-12 14:05:25,456 | INFO  | END:: spaces anonymously accessible documents migration: Total: 0, Processed: 0, Errors: 0 within 172 ms [o.e.u.RemoveAnyPermissionUpgradePlugin<pool-25-thread-18>] 
2026-08-12 14:05:25,457 | INFO  | End upgrade of '0' pages with application references 'HomeSpacePortlet' to use application 'legacy-social/Blank'. It took 171 ms [o.exoplatform.migration.PagesMigration<pool-25-thread-20>] 
2026-08-12 14:05:25,458 | INFO  | Start upgrade of pages with application references 'MiniConnectionsPortlet' to use application 'legacy-social/Blank' [o.exoplatform.migration.PagesMigration<pool-25-thread-20>] 
2026-08-12 14:05:25,460 | INFO  | End upgrade of '0' pages with application references 'MiniConnectionsPortlet' to use application 'legacy-social/Blank'. It took 173 ms [o.exoplatform.migration.PagesMigration<pool-25-thread-20>] 
2026-08-12 14:05:25,460 | INFO  | Start upgrade of pages with application references 'social/UserProfilePortlet' to use application 'legacy-social/Blank' [o.exoplatform.migration.PagesMigration<pool-25-thread-20>] 
2026-08-12 14:05:25,462 | INFO  | End upgrade of '0' pages with application references 'social/UserProfilePortlet' to use application 'legacy-social/Blank'. It took 176 ms [o.exoplatform.migration.PagesMigration<pool-25-thread-20>] 
2026-08-12 14:05:25,463 | INFO  | Start upgrade of pages with application references 'SocialNavigationPortlet' to use application 'legacy-social/Blank' [o.exoplatform.migration.PagesMigration<pool-25-thread-20>] 
2026-08-12 14:05:25,464 | INFO  | End upgrade of '0' pages with application references 'SocialNavigationPortlet' to use application 'legacy-social/Blank'. It took 178 ms [o.exoplatform.migration.PagesMigration<pool-25-thread-20>] 
2026-08-12 14:05:25,466 | INFO  | Start upgrade of pages with application references 'EditUserProfilePortlet' to use application 'legacy-social/Blank' [o.exoplatform.migration.PagesMigration<pool-25-thread-20>] 
2026-08-12 14:05:25,468 | INFO  | End upgrade of '0' pages with application references 'EditUserProfilePortlet' to use application 'legacy-social/Blank'. It took 182 ms [o.exoplatform.migration.PagesMigration<pool-25-thread-20>] 
2026-08-12 14:05:25,468 | INFO  | Start upgrade of pages with application references 'SuggestionsPeopleSpace' to use application 'legacy-social/Blank' [o.exoplatform.migration.PagesMigration<pool-25-thread-20>] 
2026-08-12 14:05:25,470 | INFO  | End upgrade of '0' pages with application references 'SuggestionsPeopleSpace' to use application 'legacy-social/Blank'. It took 184 ms [o.exoplatform.migration.PagesMigration<pool-25-thread-20>] 
2026-08-12 14:05:25,471 | INFO  | Start upgrade of pages with application references 'SocialBannerPortlet' to use application 'legacy-social/Blank' [o.exoplatform.migration.PagesMigration<pool-25-thread-20>] 
2026-08-12 14:05:25,473 | INFO  | End upgrade of '0' pages with application references 'SocialBannerPortlet' to use application 'legacy-social/Blank'. It took 187 ms [o.exoplatform.migration.PagesMigration<pool-25-thread-20>] 
2026-08-12 14:05:25,473 | INFO  | Start upgrade of pages with application references 'StatusProfilePortlet' to use application 'legacy-social/Blank' [o.exoplatform.migration.PagesMigration<pool-25-thread-20>] 
2026-08-12 14:05:25,475 | INFO  | End upgrade of '0' pages with application references 'StatusProfilePortlet' to use application 'legacy-social/Blank'. It took 189 ms [o.exoplatform.migration.PagesMigration<pool-25-thread-20>] 
2026-08-12 14:05:25,476 | INFO  | Start upgrade of pages with application references 'AllSpacesPortlet' to use application 'social/SpacesList' [o.exoplatform.migration.PagesMigration<pool-25-thread-20>] 
2026-08-12 14:05:25,478 | INFO  | End upgrade of '0' pages with application references 'AllSpacesPortlet' to use application 'social/SpacesList'. It took 192 ms [o.exoplatform.migration.PagesMigration<pool-25-thread-20>] 
2026-08-12 14:05:25,478 | INFO  | Start upgrade of pages with application references 'social-juzu/SuggestionsPeopleSpace' to use application 'legacy-social/Blank' [o.exoplatform.migration.PagesMigration<pool-25-thread-20>] 
2026-08-12 14:05:25,480 | INFO  | End upgrade of '0' pages with application references 'social-juzu/SuggestionsPeopleSpace' to use application 'legacy-social/Blank'. It took 194 ms [o.exoplatform.migration.PagesMigration<pool-25-thread-20>] 
2026-08-12 14:05:25,481 | INFO  | Start upgrade of pages with application references 'AllPeoplePortlet' to use application 'social/PeopleList' [o.exoplatform.migration.PagesMigration<pool-25-thread-20>] 
2026-08-12 14:05:25,483 | INFO  | End upgrade of '0' pages with application references 'AllPeoplePortlet' to use application 'social/PeopleList'. It took 197 ms [o.exoplatform.migration.PagesMigration<pool-25-thread-20>] 
2026-08-12 14:05:25,484 | INFO  | Start upgrade of pages with application references 'UserProfileToolBarPortlet' to use application 'legacy-social/Blank' [o.exoplatform.migration.PagesMigration<pool-25-thread-20>] 
2026-08-12 14:05:25,485 | INFO  | End upgrade of '0' pages with application references 'UserProfileToolBarPortlet' to use application 'legacy-social/Blank'. It took 199 ms [o.exoplatform.migration.PagesMigration<pool-25-thread-20>] 
2026-08-12 14:05:25,486 | INFO  | Start upgrade of pages with application references 'social/MiniConnectionsPortlet' to use application 'legacy-social/Blank' [o.exoplatform.migration.PagesMigration<pool-25-thread-20>] 
2026-08-12 14:05:25,488 | INFO  | End upgrade of '0' pages with application references 'social/MiniConnectionsPortlet' to use application 'legacy-social/Blank'. It took 202 ms [o.exoplatform.migration.PagesMigration<pool-25-thread-20>] 
2026-08-12 14:05:25,489 | INFO  | Start upgrade of pages with application references 'social/AllSpacesPortlet' to use application 'social/SpacesList' [o.exoplatform.migration.PagesMigration<pool-25-thread-20>] 
2026-08-12 14:05:25,490 | INFO  | End upgrade of '0' pages with application references 'social/AllSpacesPortlet' to use application 'social/SpacesList'. It took 204 ms [o.exoplatform.migration.PagesMigration<pool-25-thread-20>] 
2026-08-12 14:05:25,491 | INFO  | Start upgrade of pages with application references 'social/ActionProfilePortlet' to use application 'legacy-social/Blank' [o.exoplatform.migration.PagesMigration<pool-25-thread-20>] 
2026-08-12 14:05:25,493 | INFO  | End upgrade of '0' pages with application references 'social/ActionProfilePortlet' to use application 'legacy-social/Blank'. It took 207 ms [o.exoplatform.migration.PagesMigration<pool-25-thread-20>] 
2026-08-12 14:05:25,493 | INFO  | Start upgrade of pages with application references 'social/AllPeoplePortlet' to use application 'social/PeopleList' [o.exoplatform.migration.PagesMigration<pool-25-thread-20>] 
2026-08-12 14:05:25,495 | INFO  | End upgrade of '0' pages with application references 'social/AllPeoplePortlet' to use application 'social/PeopleList'. It took 209 ms [o.exoplatform.migration.PagesMigration<pool-25-thread-20>] 
2026-08-12 14:05:25,496 | INFO  | Start upgrade of pages with application references 'SocialFooterPortlet' to use application 'legacy-social/Blank' [o.exoplatform.migration.PagesMigration<pool-25-thread-20>] 
2026-08-12 14:05:25,497 | INFO  | End upgrade of '0' pages with application references 'SocialFooterPortlet' to use application 'legacy-social/Blank'. It took 211 ms [o.exoplatform.migration.PagesMigration<pool-25-thread-20>] 
2026-08-12 14:05:25,498 | INFO  | Start upgrade of pages with application references 'UISpaceNavigationPortlet' to use application 'legacy-social/Blank' [o.exoplatform.migration.PagesMigration<pool-25-thread-20>] 
2026-08-12 14:05:25,500 | INFO  | End upgrade of '0' pages with application references 'UISpaceNavigationPortlet' to use application 'legacy-social/Blank'. It took 214 ms [o.exoplatform.migration.PagesMigration<pool-25-thread-20>] 
2026-08-12 14:05:25,500 | INFO  | Start upgrade of pages with application references 'social/InvitationSpacesPortlet' to use application 'social/SpacesList' [o.exoplatform.migration.PagesMigration<pool-25-thread-20>] 
2026-08-12 14:05:25,501 | INFO  | End upgrade of '0' pages with application references 'social/InvitationSpacesPortlet' to use application 'social/SpacesList'. It took 215 ms [o.exoplatform.migration.PagesMigration<pool-25-thread-20>] 
2026-08-12 14:05:25,502 | INFO  | Start upgrade of pages with application references 'UIUserNavigationPortlet' to use application 'legacy-social/Blank' [o.exoplatform.migration.PagesMigration<pool-25-thread-20>] 
2026-08-12 14:05:25,504 | INFO  | End upgrade of '0' pages with application references 'UIUserNavigationPortlet' to use application 'legacy-social/Blank'. It took 218 ms [o.exoplatform.migration.PagesMigration<pool-25-thread-20>] 
2026-08-12 14:05:25,505 | INFO  | Start upgrade of pages with application references 'SocialExtensionHomePagePortlet' to use application 'legacy-social/Blank' [o.exoplatform.migration.PagesMigration<pool-25-thread-20>] 
2026-08-12 14:05:25,506 | INFO  | End upgrade of '0' pages with application references 'SocialExtensionHomePagePortlet' to use application 'legacy-social/Blank'. It took 220 ms [o.exoplatform.migration.PagesMigration<pool-25-thread-20>] 
2026-08-12 14:05:25,507 | INFO  | Start upgrade of pages with application references 'RecentActivitiesPortlet' to use application 'legacy-social/Blank' [o.exoplatform.migration.PagesMigration<pool-25-thread-20>] 
2026-08-12 14:05:25,508 | INFO  | End upgrade of '0' pages with application references 'RecentActivitiesPortlet' to use application 'legacy-social/Blank'. It took 222 ms [o.exoplatform.migration.PagesMigration<pool-25-thread-20>] 
2026-08-12 14:05:25,509 | INFO  | Start upgrade of pages with application references 'SpacesToolbarPortlet' to use application 'legacy-social/Blank' [o.exoplatform.migration.PagesMigration<pool-25-thread-20>] 
2026-08-12 14:05:25,511 | INFO  | End upgrade of '0' pages with application references 'SpacesToolbarPortlet' to use application 'legacy-social/Blank'. It took 225 ms [o.exoplatform.migration.PagesMigration<pool-25-thread-20>] 
2026-08-12 14:05:25,513 | INFO  | Start upgrade of pages with application references 'SocialExtensionLogoPortlet' to use application 'legacy-social/Blank' [o.exoplatform.migration.PagesMigration<pool-25-thread-20>] 
2026-08-12 14:05:25,515 | INFO  | End upgrade of '0' pages with application references 'SocialExtensionLogoPortlet' to use application 'legacy-social/Blank'. It took 229 ms [o.exoplatform.migration.PagesMigration<pool-25-thread-20>] 
2026-08-12 14:05:25,516 | INFO  | Start upgrade of pages with application references 'RequestsPortlet' to use application 'social/PeopleList' [o.exoplatform.migration.PagesMigration<pool-25-thread-20>] 
2026-08-12 14:05:25,519 | INFO  | End upgrade of '0' pages with application references 'RequestsPortlet' to use application 'social/PeopleList'. It took 233 ms [o.exoplatform.migration.PagesMigration<pool-25-thread-20>] 
2026-08-12 14:05:25,520 | INFO  | Start upgrade of pages with application references 'SocialLogoPortlet' to use application 'legacy-social/Blank' [o.exoplatform.migration.PagesMigration<pool-25-thread-20>] 
2026-08-12 14:05:25,522 | INFO  | End upgrade of '0' pages with application references 'SocialLogoPortlet' to use application 'legacy-social/Blank'. It took 236 ms [o.exoplatform.migration.PagesMigration<pool-25-thread-20>] 
2026-08-12 14:05:26,117 | INFO  | Cometd configured with type null [org.cometd.server.CometDServlet<main>] 
2026-08-12 14:05:26,505 | INFO  | Upgrade of plugin RemoveProfilePropertyUpgradePlugin completed. [o.e.c.upgrade.UpgradeProductService<pool-25-thread-25>] 
2026-08-12 14:05:26,505 | INFO  | Upgrade of plugin SpaceSettingPermissionUpgradePlugin completed. [o.e.c.upgrade.UpgradeProductService<pool-25-thread-22>] 
2026-08-12 14:05:26,505 | INFO  | Upgrade of plugin CategoryLinkPermissionsUpgrade124 completed. [o.e.c.upgrade.UpgradeProductService<pool-25-thread-24>] 
2026-08-12 14:05:26,506 | INFO  | Upgrade of plugin ExternalUserUpgradePluginV1 completed. [o.e.c.upgrade.UpgradeProductService<pool-25-thread-23>] 
2026-08-12 14:05:26,506 | INFO  | Upgrade of plugin ContentPagesProfilesUpgradePlugin completed. [o.e.c.upgrade.UpgradeProductService<pool-25-thread-21>] 
2026-08-12 14:05:26,506 | INFO  | Upgrade of plugin SpaceBannerHomePageUpdateContentId completed. [o.e.c.upgrade.UpgradeProductService<pool-25-thread-27>] 
2026-08-12 14:05:26,507 | INFO  | Upgrade of plugin SocialLegacyPagesUpgradePlugin completed. [o.e.c.upgrade.UpgradeProductService<pool-25-thread-20>] 
2026-08-12 14:05:26,507 | INFO  | Upgrade of plugin BrandingAdminPageUpgradePlugin completed. [o.e.c.upgrade.UpgradeProductService<pool-25-thread-19>] 
2026-08-12 14:05:26,507 | INFO  | Upgrade of plugin MatrixRemoveProfileProperty completed. [o.e.c.upgrade.UpgradeProductService<pool-25-thread-26>] 
2026-08-12 14:05:26,508 | INFO  | Upgrade of plugin RemoveAnyPermissionUpgradePlugin completed. [o.e.c.upgrade.UpgradeProductService<pool-25-thread-18>] 
2026-08-12 14:05:27,435 | INFO  | Create ES Mapping for field 'oauthClientId' with type 'keyword' [i.m.a.e.s.ElasticsearchAnalyticsStorage<Analytics-ingestor-1>] 
2026-08-12 14:05:27,560 | INFO  | The WebAppController has been successfully initialized for the portal 'portal' [o.g.portal.application.PortalController<main>] 
2026-08-12 14:05:27,560 | INFO  | Proceed on resources caching initialization [o.e.p.a.ResourceInitContainerLifecyclePlugin<main>] 
2026-08-12 14:05:27,560 | INFO  | Start caching Javascript data [o.e.w.a.j.JavascriptConfigService<main>] 
2026-08-12 14:05:27,562 | INFO  | Start caching CSS data [portal.SkinService<main>] 
2026-08-12 14:05:27,705 | INFO  | The portal container 'portal' has been created successfully [exo.kernel.container.RootContainer<main>] 
2026-08-12 14:05:27,716 | INFO  | Starting ProtocolHandler ["http-nio-0.0.0.0-8080"] [o.apache.coyote.http11.Http11NioProtocol<main>] 
2026-08-12 14:05:28,249 | INFO  | Server startup in [1426083] milliseconds [org.apache.catalina.startup.Catalina<main>] 
2026-08-12 14:05:29,225 | ERROR | Duplicate entry '579645-pageTemplate:5-0' for key 'SOC_METADATAS.UC_SOC_METADATA_01' [o.h.engine.jdbc.spi.SqlExceptionHelper<pool-28-thread-421>] 
2026-08-12 14:05:29,225 | ERROR | Duplicate entry '579645-pageTemplate:5-0' for key 'SOC_METADATAS.UC_SOC_METADATA_01' [o.h.engine.jdbc.spi.SqlExceptionHelper<pool-28-thread-437>] 
2026-08-12 14:05:29,226 | ERROR | Duplicate entry '579645-pageTemplate:5-0' for key 'SOC_METADATAS.UC_SOC_METADATA_01' [o.h.engine.jdbc.spi.SqlExceptionHelper<pool-28-thread-432>] 
2026-08-12 14:05:29,226 | ERROR | Duplicate entry '579645-pageTemplate:5-0' for key 'SOC_METADATAS.UC_SOC_METADATA_01' [o.h.engine.jdbc.spi.SqlExceptionHelper<pool-28-thread-430>] 
2026-08-12 14:05:29,226 | ERROR | Duplicate entry '579645-pageTemplate:5-0' for key 'SOC_METADATAS.UC_SOC_METADATA_01' [o.h.engine.jdbc.spi.SqlExceptionHelper<pool-28-thread-428>] 
2026-08-12 14:05:29,226 | ERROR | Duplicate entry '579645-pageTemplate:5-0' for key 'SOC_METADATAS.UC_SOC_METADATA_01' [o.h.engine.jdbc.spi.SqlExceptionHelper<pool-28-thread-435>] 
2026-08-12 14:05:29,227 | ERROR | Duplicate entry '579645-pageTemplate:5-0' for key 'SOC_METADATAS.UC_SOC_METADATA_01' [o.h.engine.jdbc.spi.SqlExceptionHelper<pool-28-thread-427>] 
2026-08-12 14:05:29,227 | ERROR | Duplicate entry '579645-pageTemplate:5-0' for key 'SOC_METADATAS.UC_SOC_METADATA_01' [o.h.engine.jdbc.spi.SqlExceptionHelper<pool-28-thread-425>] 
2026-08-12 14:05:29,227 | ERROR | Duplicate entry '579645-pageTemplate:5-0' for key 'SOC_METADATAS.UC_SOC_METADATA_01' [o.h.engine.jdbc.spi.SqlExceptionHelper<pool-28-thread-390>] 
2026-08-12 14:05:29,225 | ERROR | Duplicate entry '579645-pageTemplate:5-0' for key 'SOC_METADATAS.UC_SOC_METADATA_01' [o.h.engine.jdbc.spi.SqlExceptionHelper<pool-28-thread-440>] 
2026-08-12 14:05:29,225 | ERROR | Duplicate entry '579645-pageTemplate:5-0' for key 'SOC_METADATAS.UC_SOC_METADATA_01' [o.h.engine.jdbc.spi.SqlExceptionHelper<pool-28-thread-454>] 
2026-08-12 14:05:29,225 | ERROR | Duplicate entry '579645-pageTemplate:5-0' for key 'SOC_METADATAS.UC_SOC_METADATA_01' [o.h.engine.jdbc.spi.SqlExceptionHelper<pool-28-thread-438>] 
2026-08-12 14:05:29,226 | ERROR | Duplicate entry '579645-pageTemplate:5-0' for key 'SOC_METADATAS.UC_SOC_METADATA_01' [o.h.engine.jdbc.spi.SqlExceptionHelper<pool-28-thread-436>] 
2026-08-12 14:05:29,226 | ERROR | Duplicate entry '579645-pageTemplate:5-0' for key 'SOC_METADATAS.UC_SOC_METADATA_01' [o.h.engine.jdbc.spi.SqlExceptionHelper<pool-28-thread-450>] 
2026-08-12 14:05:29,226 | ERROR | Duplicate entry '579645-pageTemplate:5-0' for key 'SOC_METADATAS.UC_SOC_METADATA_01' [o.h.engine.jdbc.spi.SqlExceptionHelper<pool-28-thread-433>] 
2026-08-12 14:05:29,226 | ERROR | Duplicate entry '579645-pageTemplate:5-0' for key 'SOC_METADATAS.UC_SOC_METADATA_01' [o.h.engine.jdbc.spi.SqlExceptionHelper<pool-28-thread-452>] 
2026-08-12 14:05:29,226 | ERROR | Duplicate entry '579645-pageTemplate:5-0' for key 'SOC_METADATAS.UC_SOC_METADATA_01' [o.h.engine.jdbc.spi.SqlExceptionHelper<pool-28-thread-443>] 
2026-08-12 14:05:29,230 | ERROR | Duplicate entry '579645-pageTemplate:5-0' for key 'SOC_METADATAS.UC_SOC_METADATA_01' [o.h.engine.jdbc.spi.SqlExceptionHelper<pool-28-thread-448>] 
2026-08-12 14:05:29,232 | ERROR | Duplicate entry '579645-pageTemplate:5-0' for key 'SOC_METADATAS.UC_SOC_METADATA_01' [o.h.engine.jdbc.spi.SqlExceptionHelper<pool-28-thread-422>] 
2026-08-12 14:05:29,234 | ERROR | Duplicate entry '579645-pageTemplate:5-0' for key 'SOC_METADATAS.UC_SOC_METADATA_01' [o.h.engine.jdbc.spi.SqlExceptionHelper<pool-28-thread-439>] 
2026-08-12 14:05:29,280 | INFO  | End caching CSS data within 1718ms [portal.SkinService<pool-38-thread-1>] 
2026-08-12 14:05:29,347 | ERROR | Duplicate entry '579645-pageTemplate:5-0' for key 'SOC_METADATAS.UC_SOC_METADATA_01' [o.h.engine.jdbc.spi.SqlExceptionHelper<pool-28-thread-424>] 
2026-08-12 14:05:29,347 | ERROR | Duplicate entry '579645-pageTemplate:5-0' for key 'SOC_METADATAS.UC_SOC_METADATA_01' [o.h.engine.jdbc.spi.SqlExceptionHelper<pool-28-thread-434>] 
2026-08-12 14:05:29,353 | ERROR | Duplicate entry '579645-pageTemplate:5-0' for key 'SOC_METADATAS.UC_SOC_METADATA_01' [o.h.engine.jdbc.spi.SqlExceptionHelper<pool-28-thread-449>] 
2026-08-12 14:05:29,353 | ERROR | Duplicate entry '579645-pageTemplate:5-0' for key 'SOC_METADATAS.UC_SOC_METADATA_01' [o.h.engine.jdbc.spi.SqlExceptionHelper<pool-28-thread-431>] 
2026-08-12 14:05:29,355 | ERROR | Duplicate entry '579645-pageTemplate:5-0' for key 'SOC_METADATAS.UC_SOC_METADATA_01' [o.h.engine.jdbc.spi.SqlExceptionHelper<pool-28-thread-442>] 
2026-08-12 14:05:29,359 | ERROR | Duplicate entry '579645-pageTemplate:5-0' for key 'SOC_METADATAS.UC_SOC_METADATA_01' [o.h.engine.jdbc.spi.SqlExceptionHelper<pool-28-thread-451>] 
2026-08-12 14:05:29,363 | ERROR | Duplicate entry '579645-pageTemplate:5-0' for key 'SOC_METADATAS.UC_SOC_METADATA_01' [o.h.engine.jdbc.spi.SqlExceptionHelper<pool-28-thread-429>] 
2026-08-12 14:05:29,370 | ERROR | Duplicate entry '579645-pageTemplate:5-0' for key 'SOC_METADATAS.UC_SOC_METADATA_01' [o.h.engine.jdbc.spi.SqlExceptionHelper<pool-28-thread-350>] 
2026-08-12 14:05:29,373 | ERROR | Duplicate entry '579645-pageTemplate:5-0' for key 'SOC_METADATAS.UC_SOC_METADATA_01' [o.h.engine.jdbc.spi.SqlExceptionHelper<pool-28-thread-444>] 
2026-08-12 14:05:29,375 | ERROR | Duplicate entry '579645-pageTemplate:5-0' for key 'SOC_METADATAS.UC_SOC_METADATA_01' [o.h.engine.jdbc.spi.SqlExceptionHelper<pool-28-thread-447>] 
2026-08-12 14:05:29,377 | ERROR | Duplicate entry '579645-pageTemplate:5-0' for key 'SOC_METADATAS.UC_SOC_METADATA_01' [o.h.engine.jdbc.spi.SqlExceptionHelper<pool-28-thread-445>] 
2026-08-12 14:05:29,378 | ERROR | Duplicate entry '579645-pageTemplate:5-0' for key 'SOC_METADATAS.UC_SOC_METADATA_01' [o.h.engine.jdbc.spi.SqlExceptionHelper<pool-28-thread-453>] 
2026-08-12 14:05:29,379 | ERROR | Duplicate entry '579645-pageTemplate:5-0' for key 'SOC_METADATAS.UC_SOC_METADATA_01' [o.h.engine.jdbc.spi.SqlExceptionHelper<pool-28-thread-426>] 
2026-08-12 14:05:29,380 | ERROR | Duplicate entry '579645-pageTemplate:5-0' for key 'SOC_METADATAS.UC_SOC_METADATA_01' [o.h.engine.jdbc.spi.SqlExceptionHelper<pool-28-thread-423>] 
2026-08-12 14:05:29,382 | ERROR | Duplicate entry '579645-pageTemplate:5-0' for key 'SOC_METADATAS.UC_SOC_METADATA_01' [o.h.engine.jdbc.spi.SqlExceptionHelper<pool-28-thread-376>] 
2026-08-12 14:05:29,385 | ERROR | Duplicate entry '579645-pageTemplate:5-0' for key 'SOC_METADATAS.UC_SOC_METADATA_01' [o.h.engine.jdbc.spi.SqlExceptionHelper<pool-28-thread-441>] 
2026-08-12 14:05:29,386 | ERROR | Duplicate entry '579645-pageTemplate:5-0' for key 'SOC_METADATAS.UC_SOC_METADATA_01' [o.h.engine.jdbc.spi.SqlExceptionHelper<pool-28-thread-420>] 
2026-08-12 14:05:29,801 | INFO  | Create ES Mapping for field 'oauthClientName' with type 'keyword' [i.m.a.e.s.ElasticsearchAnalyticsStorage<Analytics-ingestor-1>] 
2026-08-12 14:05:32,658 | INFO  | Create ES Mapping for field 'oauthClientGrantTypes' with type 'keyword' [i.m.a.e.s.ElasticsearchAnalyticsStorage<Analytics-ingestor-1>] 
2026-08-12 14:05:34,127 | INFO  | Create ES Mapping for field 'oauthClientScopes' with type 'keyword' [i.m.a.e.s.ElasticsearchAnalyticsStorage<Analytics-ingestor-1>] 
2026-08-12 14:05:35,617 | INFO  | Create ES Mapping for field 'oauthClientAuthMethod' with type 'keyword' [i.m.a.e.s.ElasticsearchAnalyticsStorage<Analytics-ingestor-1>] 
2026-08-12 14:05:35,784 | WARN  | GROUP/contentLinkGRP.js:6:613: WARNING - [JSC_UNREACHABLE_CODE] unreachable code
 [o.g.p.controller.resource.ScriptLoader<pool-37-thread-1>] 
2026-08-12 14:05:35,785 | WARN  | 0 error(s), 1 warning(s) [o.g.p.controller.resource.ScriptLoader<pool-37-thread-1>] 
2026-08-12 14:06:03,838 | ERROR | Duplicate entry '579645-pageTemplate:6-0' for key 'SOC_METADATAS.UC_SOC_METADATA_01' [o.h.engine.jdbc.spi.SqlExceptionHelper<pool-28-thread-488>] 
2026-08-12 14:06:03,876 | ERROR | Duplicate entry '579645-pageTemplate:6-0' for key 'SOC_METADATAS.UC_SOC_METADATA_01' [o.h.engine.jdbc.spi.SqlExceptionHelper<pool-28-thread-491>] 
2026-08-12 14:06:03,838 | ERROR | Duplicate entry '579645-pageTemplate:6-0' for key 'SOC_METADATAS.UC_SOC_METADATA_01' [o.h.engine.jdbc.spi.SqlExceptionHelper<pool-28-thread-471>] 
2026-08-12 14:06:03,877 | ERROR | Duplicate entry '579645-pageTemplate:6-0' for key 'SOC_METADATAS.UC_SOC_METADATA_01' [o.h.engine.jdbc.spi.SqlExceptionHelper<pool-28-thread-481>] 
2026-08-12 14:06:03,876 | ERROR | Duplicate entry '579645-pageTemplate:6-0' for key 'SOC_METADATAS.UC_SOC_METADATA_01' [o.h.engine.jdbc.spi.SqlExceptionHelper<pool-28-thread-486>] 
2026-08-12 14:06:03,877 | ERROR | Duplicate entry '579645-pageTemplate:6-0' for key 'SOC_METADATAS.UC_SOC_METADATA_01' [o.h.engine.jdbc.spi.SqlExceptionHelper<pool-28-thread-484>] 
2026-08-12 14:06:03,876 | ERROR | Duplicate entry '579645-pageTemplate:6-0' for key 'SOC_METADATAS.UC_SOC_METADATA_01' [o.h.engine.jdbc.spi.SqlExceptionHelper<pool-28-thread-477>] 
2026-08-12 14:06:03,877 | ERROR | Duplicate entry '579645-pageTemplate:6-0' for key 'SOC_METADATAS.UC_SOC_METADATA_01' [o.h.engine.jdbc.spi.SqlExceptionHelper<pool-28-thread-475>] 
2026-08-12 14:06:03,877 | ERROR | Duplicate entry '579645-pageTemplate:6-0' for key 'SOC_METADATAS.UC_SOC_METADATA_01' [o.h.engine.jdbc.spi.SqlExceptionHelper<pool-28-thread-489>] 
2026-08-12 14:06:03,877 | ERROR | Duplicate entry '579645-pageTemplate:6-0' for key 'SOC_METADATAS.UC_SOC_METADATA_01' [o.h.engine.jdbc.spi.SqlExceptionHelper<pool-28-thread-478>] 
2026-08-12 14:06:03,877 | ERROR | Duplicate entry '579645-pageTemplate:6-0' for key 'SOC_METADATAS.UC_SOC_METADATA_01' [o.h.engine.jdbc.spi.SqlExceptionHelper<pool-28-thread-480>] 
2026-08-12 14:06:03,877 | ERROR | Duplicate entry '579645-pageTemplate:6-0' for key 'SOC_METADATAS.UC_SOC_METADATA_01' [o.h.engine.jdbc.spi.SqlExceptionHelper<pool-28-thread-485>] 
2026-08-12 14:06:03,877 | ERROR | Duplicate entry '579645-pageTemplate:6-0' for key 'SOC_METADATAS.UC_SOC_METADATA_01' [o.h.engine.jdbc.spi.SqlExceptionHelper<pool-28-thread-483>] 
2026-08-12 14:06:03,878 | ERROR | Duplicate entry '579645-pageTemplate:6-0' for key 'SOC_METADATAS.UC_SOC_METADATA_01' [o.h.engine.jdbc.spi.SqlExceptionHelper<pool-28-thread-476>] 
2026-08-12 14:06:03,879 | ERROR | Duplicate entry '579645-pageTemplate:6-0' for key 'SOC_METADATAS.UC_SOC_METADATA_01' [o.h.engine.jdbc.spi.SqlExceptionHelper<pool-28-thread-487>] 
2026-08-12 14:06:03,879 | ERROR | Duplicate entry '579645-pageTemplate:6-0' for key 'SOC_METADATAS.UC_SOC_METADATA_01' [o.h.engine.jdbc.spi.SqlExceptionHelper<pool-28-thread-482>] 
2026-08-12 14:06:03,879 | ERROR | Duplicate entry '579645-pageTemplate:6-0' for key 'SOC_METADATAS.UC_SOC_METADATA_01' [o.h.engine.jdbc.spi.SqlExceptionHelper<pool-28-thread-479>] 
2026-08-12 14:06:03,912 | ERROR | Duplicate entry '579645-pageTemplate:6-0' for key 'SOC_METADATAS.UC_SOC_METADATA_01' [o.h.engine.jdbc.spi.SqlExceptionHelper<pool-28-thread-467>] 
2026-08-12 14:06:03,917 | ERROR | Duplicate entry '579645-pageTemplate:6-0' for key 'SOC_METADATAS.UC_SOC_METADATA_01' [o.h.engine.jdbc.spi.SqlExceptionHelper<pool-28-thread-474>] 
2026-08-12 14:06:03,924 | ERROR | Duplicate entry '579645-pageTemplate:6-0' for key 'SOC_METADATAS.UC_SOC_METADATA_01' [o.h.engine.jdbc.spi.SqlExceptionHelper<pool-28-thread-472>] 
2026-08-12 14:06:03,942 | ERROR | Duplicate entry '579645-pageTemplate:6-0' for key 'SOC_METADATAS.UC_SOC_METADATA_01' [o.h.engine.jdbc.spi.SqlExceptionHelper<pool-28-thread-473>] 
2026-08-12 14:06:03,943 | ERROR | Duplicate entry '579645-pageTemplate:6-0' for key 'SOC_METADATAS.UC_SOC_METADATA_01' [o.h.engine.jdbc.spi.SqlExceptionHelper<pool-28-thread-468>] 
2026-08-12 14:06:03,949 | ERROR | Duplicate entry '579645-pageTemplate:6-0' for key 'SOC_METADATAS.UC_SOC_METADATA_01' [o.h.engine.jdbc.spi.SqlExceptionHelper<pool-28-thread-470>] 
2026-08-12 14:06:03,955 | ERROR | Duplicate entry '579645-pageTemplate:6-0' for key 'SOC_METADATAS.UC_SOC_METADATA_01' [o.h.engine.jdbc.spi.SqlExceptionHelper<pool-28-thread-469>] 
